"target_id","logFC","AveExpr","t","P.Value","adj.P.Val","B","target_id.1","ens_gene","ext_gene","gene_label","significant"
"ENSSSCT00000067378.2",2.01666165298358,5.28304862927675,15.4790661331999,1.03782329211741e-17,1.6918595308098e-13,30.2889960291095,"ENSSSCT00000067378.2","ENSSSCG00000012042","ATP5PO","ATP5PO","Significant"
"ENSSSCT00000042132.2",-2.59005704356169,5.32788698073912,-14.6642367984846,5.80757672916938e-17,5.83251112318847e-13,28.5492465098365,"ENSSSCT00000042132.2","ENSSSCG00000025667","FBXO2","FBXO2","Significant"
"ENSSSCT00000003699.5",-1.35688757912158,4.95322846313835,-14.5365460228069,7.65417739750134e-17,5.83251112318847e-13,28.2731812526584,"ENSSSCT00000003699.5","ENSSSCG00000003332","SDF4","SDF4","Significant"
"ENSSSCT00000025011.4",-1.35879671039242,5.31093886917372,-14.4595050786715,9.04907946796513e-17,5.83251112318847e-13,28.0813610284085,"ENSSSCT00000025011.4","ENSSSCG00000021229","MAT2B","MAT2B","Significant"
"ENSSSCT00000037564.3",-1.45719878557045,5.77559237554733,-14.3812520159565,1.07333660713811e-16,5.83251112318847e-13,27.8797922865417,"ENSSSCT00000037564.3","ENSSSCG00000016708","SKAP2","SKAP2","Significant"
"ENSSSCT00000078065.2",-1.24656125631164,5.09494900588181,-13.9626070632798,2.70532221088985e-16,1.26006179091218e-12,27.0029976396254,"ENSSSCT00000078065.2","ENSSSCG00000007932",NA,"ENSSSCG00000007932","Significant"
"ENSSSCT00000068317.2",-1.52380988752186,2.65492558453273,-13.5002622386207,7.68055554133823e-16,2.26819613518405e-12,25.9272413025515,"ENSSSCT00000068317.2","ENSSSCG00000000406","PTGES3","PTGES3","Significant"
"ENSSSCT00000035161.3",-1.15243951464282,7.65728918651104,-13.4637863231704,8.3481639130808e-16,2.26819613518405e-12,25.6807228531501,"ENSSSCT00000035161.3","ENSSSCG00000012625","PGRMC1","PGRMC1","Significant"
"ENSSSCT00000044550.2",-1.48506419032877,7.25210001895675,-13.3425914690065,1.10239750962807e-15,2.76481295414719e-12,25.423811918747,"ENSSSCT00000044550.2","ENSSSCG00000037030","RPL15","RPL15","Significant"
"ENSSSCT00000102918.1",-1.77555175394997,4.9603189723026,-13.227784079574,1.43680751275955e-15,3.34611943900088e-12,25.3563979238864,"ENSSSCT00000102918.1","ENSSSCG00000033169","RPS15","RPS15","Significant"
"ENSSSCT00000063010.2",-1.66513555637001,5.64378017336948,-13.1677082923662,1.65147079765399e-15,3.58963692578072e-12,25.1373498125774,"ENSSSCT00000063010.2","ENSSSCG00000040494","RPL3","RPL3","Significant"
"ENSSSCT00000078638.1",11.4566889305446,0.745549611901838,16.0466293289409,3.25241502565771e-18,1.06041739496544e-13,24.9479947567912,"ENSSSCT00000078638.1","ENSSSCG00000032312","RAB11A","RAB11A","Significant"
"ENSSSCT00000041141.3",-1.29860656413973,5.74694785187235,-12.9650759110108,2.64965652094977e-15,5.39639299804724e-12,24.6400760744474,"ENSSSCT00000041141.3","ENSSSCG00000002704","KARS1","KARS1","Significant"
"ENSSSCT00000061801.2",-1.46829155432363,5.98001914810646,-12.5619106114742,6.8860719532844e-15,1.12256744982442e-11,23.6603622071433,"ENSSSCT00000061801.2","ENSSSCG00000029521","CD82","CD82","Significant"
"ENSSSCT00000004298.4",-1.03259009912009,4.84422804857668,-12.4553104585772,8.8932009071895e-15,1.38073296370479e-11,23.5112524686362,"ENSSSCT00000004298.4","ENSSSCG00000003885","CMPK1","CMPK1","Significant"
"ENSSSCT00000077864.1",-1.13868381975376,6.99614937660304,-11.9966331011609,2.71587960527367e-14,3.56927298432386e-11,22.1949531069255,"ENSSSCT00000077864.1","ENSSSCG00000006083","LAPTM4B","LAPTM4B","Significant"
"ENSSSCT00000055234.3",-1.92504348943683,5.00405987490335,-11.7126975771764,5.49183432287985e-14,6.39484879511338e-11,21.6876689468652,"ENSSSCT00000055234.3","ENSSSCG00000028485","YBX1","YBX1","Significant"
"ENSSSCT00000097889.1",-2.36145798588649,2.97050118046215,-11.5519295432986,8.21898764028503e-14,8.12035978860161e-11,21.3997681744456,"ENSSSCT00000097889.1","ENSSSCG00000017915","VMO1","VMO1","Significant"
"ENSSSCT00000106961.1",-9.31886324943823,-0.462463220724436,-12.8871973050492,3.18169106245262e-15,5.4597818631687e-12,21.1395278702361,"ENSSSCT00000106961.1","ENSSSCG00000003419","MAD2L2","MAD2L2","Significant"
"ENSSSCT00000009153.3",1.12176892470406,5.94886580062485,11.5201356077833,8.90460786166044e-14,8.29502384918791e-11,21.0935822757136,"ENSSSCT00000009153.3","ENSSSCG00000008359","RAB1A","RAB1A","Significant"
"ENSSSCT00000018711.6",-1.51087140768213,3.62596284311947,-11.2299514714335,1.86115901852212e-13,1.4111913637185e-10,20.5929921983192,"ENSSSCT00000018711.6","ENSSSCG00000017186","RNF157","RNF157","Significant"
"ENSSSCT00000102279.1",-1.0716828784173,3.79077664904014,-11.2048319912535,1.9848065576547e-13,1.43189237033491e-10,20.5142265578274,"ENSSSCT00000102279.1","ENSSSCG00000039494","NDUFC2","NDUFC2","Significant"
"ENSSSCT00000012712.5",1.05412845879264,6.34292152644893,11.2935478030434,1.5820367448562e-13,1.2580664885193e-10,20.4705387353523,"ENSSSCT00000012712.5","ENSSSCG00000011615","RAB7A","RAB7A","Significant"
"ENSSSCT00000101945.1",-1.29239052402631,4.24016225490297,-11.1979322783092,2.02021374786548e-13,1.43189237033491e-10,20.4475894010315,"ENSSSCT00000101945.1","ENSSSCG00000033500","SNRPD2","SNRPD2","Significant"
"ENSSSCT00000038103.2",-1.38507479006146,3.63667125129393,-11.1332660492972,2.3850499888444e-13,1.53216278268076e-10,20.3494012742887,"ENSSSCT00000038103.2","ENSSSCG00000038359",NA,"ENSSSCG00000038359","Significant"
"ENSSSCT00000005518.5",-1.49151445912185,8.37859723433814,-11.2969381833243,1.56841463440318e-13,1.2580664885193e-10,20.3439085425958,"ENSSSCT00000005518.5","ENSSSCG00000038507","RPS29","RPS29","Significant"
"ENSSSCT00000008438.5",-1.93083460844273,4.34103792146408,-11.1523342006487,2.27097864110082e-13,1.53216278268076e-10,20.3168211318393,"ENSSSCT00000008438.5","ENSSSCG00000007695",NA,"ENSSSCG00000007695","Significant"
"ENSSSCT00000091460.2",-1.26543705887771,3.6503041872793,-11.1205464923756,2.46437453882956e-13,1.53216278268076e-10,20.3144708140811,"ENSSSCT00000091460.2","ENSSSCG00000037142",NA,"ENSSSCG00000037142","Significant"
"ENSSSCT00000073797.1",-1.03668974691746,4.52721417949692,-11.1178296180087,2.48166381803614e-13,1.53216278268076e-10,20.1983532332734,"ENSSSCT00000073797.1","ENSSSCG00000002734","MARVELD3","MARVELD3","Significant"
"ENSSSCT00000083966.2",-1.16803942987212,7.84484071327881,-11.2192770172811,1.91271369143288e-13,1.41732084535176e-10,20.1727851492369,"ENSSSCT00000083966.2","ENSSSCG00000035997","RPL10","RPL10","Significant"
"ENSSSCT00000076495.2",-1.58424117179869,6.14906371372293,-11.151447886528,2.27615550992468e-13,1.53216278268076e-10,20.1248890356187,"ENSSSCT00000076495.2","ENSSSCG00000033326","RPL37","RPL37","Significant"
"ENSSSCT00000063742.3",1.26859233299419,4.05371168418229,11.0149727161882,3.23589051193666e-13,1.84321186935975e-10,20.0117299245439,"ENSSSCT00000063742.3","ENSSSCG00000031170",NA,"ENSSSCG00000031170","Significant"
"ENSSSCT00000024462.3",-1.4152045111539,6.4557692055248,-11.1164276336334,2.49063389406454e-13,1.53216278268076e-10,19.9871862814223,"ENSSSCT00000024462.3","ENSSSCG00000025966","EIF4H","EIF4H","Significant"
"ENSSSCT00000053190.2",1.08980687676542,3.48763403415371,10.985049942702,3.49649860225375e-13,1.92675439869785e-10,19.9832961906249,"ENSSSCT00000053190.2","ENSSSCG00000033025","C21orf91","C21orf91","Significant"
"ENSSSCT00000038996.3",-1.1800721474678,4.54821359391628,-11.025519926361,3.14882460741256e-13,1.83329066964427e-10,19.9544315804265,"ENSSSCT00000038996.3","ENSSSCG00000006193","TRAM1","TRAM1","Significant"
"ENSSSCT00000010797.5",-1.02449335205485,7.4685106605875,-11.1275487401449,2.42037840412334e-13,1.53216278268076e-10,19.9532442552578,"ENSSSCT00000010797.5","ENSSSCG00000009851",NA,"ENSSSCG00000009851","Significant"
"ENSSSCT00000056985.3",-1.10840041743909,4.53582201181724,-11.0098650509575,3.27893167779614e-13,1.84321186935975e-10,19.921446611725,"ENSSSCT00000056985.3","ENSSSCG00000011356","UQCRC1","UQCRC1","Significant"
"ENSSSCT00000049322.3",-1.00111947892534,6.5554921459464,-11.0274632327813,3.13304522493628e-13,1.83329066964427e-10,19.7525966470032,"ENSSSCT00000049322.3","ENSSSCG00000023971","H3-3A","H3-3A","Significant"
"ENSSSCT00000009051.5",-1.2914929916551,4.495641704317,-10.9066021755561,4.28611259438216e-13,2.25394217785865e-10,19.6580516973393,"ENSSSCT00000009051.5","ENSSSCG00000008265","DOK1","DOK1","Significant"
"ENSSSCT00000055147.3",-1.43846154538011,5.51527719764943,-10.9141153854261,4.20319327951043e-13,2.24657235549439e-10,19.5598268683671,"ENSSSCT00000055147.3","ENSSSCG00000039071",NA,"ENSSSCG00000039071","Significant"
"ENSSSCT00000065649.4",-1.81491831312638,4.1911495090132,-10.7550288927488,6.36654561220054e-13,3.14507353242707e-10,19.3048164264061,"ENSSSCT00000065649.4","ENSSSCG00000005638","LCN2","LCN2","Significant"
"ENSSSCT00000025029.4",-1.39681486363897,6.56462178551459,-10.6881170039191,7.58881810045547e-13,3.63861507863603e-10,18.8649003849892,"ENSSSCT00000025029.4","ENSSSCG00000022774","NOP53","NOP53","Significant"
"ENSSSCT00000004598.2",-3.95342572822903,-0.334476572091077,-10.8532924382924,4.92440890503926e-13,2.54849885618889e-10,18.663625080115,"ENSSSCT00000004598.2","ENSSSCG00000004159","SLC35D3","SLC35D3","Significant"
"ENSSSCT00000095668.1",-8.49156587585394,-1.26803215660472,-11.433210081623,1.10926069142477e-13,1.00462043286703e-10,18.6064343581354,"ENSSSCT00000095668.1","ENSSSCG00000053522","ATP6V1G1","ATP6V1G1","Significant"
"ENSSSCT00000080487.2",-1.05017316100206,5.47380835324585,-10.5198384198423,1.18332833236669e-12,4.94631242929275e-10,18.5059718090238,"ENSSSCT00000080487.2","ENSSSCG00000055849",NA,"ENSSSCG00000055849","Significant"
"ENSSSCT00000081458.2",-1.08271025582586,4.13800955778404,-10.4437119626056,1.4484715286565e-12,5.88597315007339e-10,18.4841853942787,"ENSSSCT00000081458.2","ENSSSCG00000026517","CALML4","CALML4","Significant"
"ENSSSCT00000001675.4",-1.50343768770138,7.20992411046561,-10.5213247854702,1.17867519195297e-12,4.94631242929275e-10,18.3715990507484,"ENSSSCT00000001675.4","ENSSSCG00000001502","RPS18","RPS18","Significant"
"ENSSSCT00000099040.1",-1.00834427659634,4.03906865561436,-10.3915678483337,1.6643418872538e-12,6.38402386964975e-10,18.3520733655189,"ENSSSCT00000099040.1","ENSSSCG00000007646",NA,"ENSSSCG00000007646","Significant"
"ENSSSCT00000074674.2",-1.52910743449386,3.49723675148744,-10.3226665043005,2.00078282007117e-12,7.38322004015815e-10,18.2439065209989,"ENSSSCT00000074674.2","ENSSSCG00000062888","YWHAE","YWHAE","Significant"
"ENSSSCT00000030805.3",-1.04591423271179,4.93860688565462,-10.3646860445816,1.78815794187554e-12,6.70127603872528e-10,18.1712344679549,"ENSSSCT00000030805.3","ENSSSCG00000023380","ISCU","ISCU","Significant"
"ENSSSCT00000058453.2",-4.17362014084137,-3.03649952941535,-11.3214562065981,1.47339817777644e-13,1.23176087662111e-10,18.0068639793782,"ENSSSCT00000058453.2","ENSSSCG00000016707","HOXA1","HOXA1","Significant"
"ENSSSCT00000073291.2",1.39006225212224,4.90775489975851,10.239104692565,2.50340493410789e-12,8.95153718805253e-10,17.8689388864966,"ENSSSCT00000073291.2","ENSSSCG00000030608","METAP2","METAP2","Significant"
"ENSSSCT00000009169.3",1.14652197609814,4.93347634799474,10.1524143213494,3.16172765280194e-12,1.05188743257096e-09,17.6026516395433,"ENSSSCT00000009169.3","ENSSSCG00000008374","B3GNT2","B3GNT2","Significant"
"ENSSSCT00000060210.2",1.0836975380668,4.83405508123907,10.1382833890711,3.28467500431216e-12,1.07093543840594e-09,17.5717668741978,"ENSSSCT00000060210.2","ENSSSCG00000024419","RBBP8","RBBP8","Significant"
"ENSSSCT00000062288.3",-1.58578766015309,2.63337731856436,-10.0415058310539,4.26839117084428e-12,1.28037484922645e-09,17.53889282883,"ENSSSCT00000062288.3","ENSSSCG00000032003",NA,"ENSSSCG00000032003","Significant"
"ENSSSCT00000018371.5",3.01767417827484,0.297342027278467,10.3844744375189,1.69614026651788e-12,6.43034386622663e-10,17.4583992576193,"ENSSSCT00000018371.5","ENSSSCG00000016867","CCDC152","CCDC152","Significant"
"ENSSSCT00000068725.2",-1.24316252489618,3.83089856460081,-9.98142290902708,5.02533056908175e-12,1.47608898985893e-09,17.2843394427888,"ENSSSCT00000068725.2","ENSSSCG00000037170","POMP","POMP","Significant"
"ENSSSCT00000091532.2",8.08737443115886,0.688368184045367,10.5561509057785,1.07482482922025e-12,4.61099851735487e-10,17.2148740115076,"ENSSSCT00000091532.2","ENSSSCG00000002307","ERH","ERH","Significant"
"ENSSSCT00000069146.1",-1.40900982941789,2.46461415207208,-9.91717925565641,5.98688521888225e-12,1.72740182014546e-09,17.2061301130487,"ENSSSCT00000069146.1","ENSSSCG00000004480","COX7A2","COX7A2","Significant"
"ENSSSCT00000074757.1",-2.27874918461258,4.030817523452,-9.88532666727084,6.53110991279188e-12,1.83569230686781e-09,17.0633287032128,"ENSSSCT00000074757.1","ENSSSCG00000026962","A4GALT","A4GALT","Significant"
"ENSSSCT00000035199.4",-1.19266241832566,2.78248565906307,-9.85649525028955,7.06705640767409e-12,1.91148800020179e-09,17.0378395577794,"ENSSSCT00000035199.4","ENSSSCG00000012811","VBP1","VBP1","Significant"
"ENSSSCT00000057461.2",-1.77788440602859,4.6351193731979,-9.89151210321098,6.42162366584803e-12,1.8206140695766e-09,16.932340505186,"ENSSSCT00000057461.2","ENSSSCG00000040885",NA,"ENSSSCG00000040885","Significant"
"ENSSSCT00000096307.1",3.43146854644853,0.0538740204792387,10.160277087377,3.09535582723022e-12,1.05126022282306e-09,16.9080718753351,"ENSSSCT00000096307.1","ENSSSCG00000057572",NA,"ENSSSCG00000057572","Significant"
"ENSSSCT00000090819.2",-6.15680495823827,-2.93924767454102,-10.6060972809063,9.41910879477736e-13,4.26528643256835e-10,16.9054118324331,"ENSSSCT00000090819.2","ENSSSCG00000000473","TMBIM4","TMBIM4","Significant"
"ENSSSCT00000046992.3",-6.0321856216798,-2.60106694739351,-10.5797050485826,1.00991530147747e-12,4.44963222829344e-10,16.8300279863256,"ENSSSCT00000046992.3","ENSSSCG00000033815","SST","SST","Significant"
"ENSSSCT00000071198.2",1.49549054070137,2.08724209090654,9.7455974913626,9.58124847311530e-12,2.40297711705732e-09,16.7034820132546,"ENSSSCT00000071198.2","ENSSSCG00000029408","ZFP30","ZFP30","Significant"
"ENSSSCT00000035845.2",1.87153503497028,6.26541667208845,9.87077379030353,6.79625801379388e-12,1.86206047295576e-09,16.7026096027796,"ENSSSCT00000035845.2","ENSSSCG00000015567","NIBAN1","NIBAN1","Significant"
"ENSSSCT00000080709.1",-5.91433826606587,-1.63471313648843,-10.3199439149197,2.01541707635282e-12,7.38322004015815e-10,16.7018722664779,"ENSSSCT00000080709.1","ENSSSCG00000013335","LGR4","LGR4","Significant"
"ENSSSCT00000007755.4",-6.67143652870476,-2.65347876450514,-10.4057599144628,1.60253150525138e-12,6.22011157109714e-10,16.6925646737715,"ENSSSCT00000007755.4","ENSSSCG00000007083","PCSK2","PCSK2","Significant"
"ENSSSCT00000076189.1",-1.57640422060176,1.49872644985302,-9.75751471363737,9.27222997988511e-12,2.34350221910212e-09,16.6536740526224,"ENSSSCT00000076189.1","ENSSSCG00000049172",NA,"ENSSSCG00000049172","Significant"
"ENSSSCT00000015730.4",-1.61509834577628,5.64853061645744,-9.79312552532613,8.40787984567374e-12,2.17563900387577e-09,16.5142540342812,"ENSSSCT00000015730.4","ENSSSCG00000025295","NDFIP1","NDFIP1","Significant"
"ENSSSCT00000074749.2",-1.06238156997522,8.21556871526293,-9.85510945203208,7.09391633003362e-12,1.91148800020179e-09,16.4915120589801,"ENSSSCT00000074749.2","ENSSSCG00000040470","RPS20","RPS20","Significant"
"ENSSSCT00000071780.2",-1.56525763082704,4.35349114089487,-9.71756419875075,1.03501346207804e-11,2.5372615727513e-09,16.4876341069615,"ENSSSCT00000071780.2","ENSSSCG00000033537",NA,"ENSSSCG00000033537","Significant"
"ENSSSCT00000091072.2",8.9821583366965,0.503673184008322,10.4401447833169,1.46228629970539e-12,5.88597315007339e-10,16.4507137747977,"ENSSSCT00000091072.2","ENSSSCG00000031791","ARF4","ARF4","Significant"
"ENSSSCT00000076923.2",-1.11112035013741,3.28224045100395,-9.61777342616148,1.36345563957764e-11,3.06580052915788e-09,16.3605547385032,"ENSSSCT00000076923.2","ENSSSCG00000000895","SNRPF","SNRPF","Significant"
"ENSSSCT00000075458.1",4.70177310241848,-3.12289725314627,10.4274434527403,1.51257418467091e-12,5.94168297795306e-10,16.3494295552085,"ENSSSCT00000075458.1","ENSSSCG00000016738","H2AZ2","H2AZ2","Significant"
"ENSSSCT00000095953.1",1.0870788027788,3.79306545693859,9.62809169433338,1.3250696083553e-11,3.02115870705009e-09,16.3262043046015,"ENSSSCT00000095953.1","ENSSSCG00000054762",NA,"ENSSSCG00000054762","Significant"
"ENSSSCT00000013814.6",-1.35886423371559,5.30791584676183,-9.68848900832641,1.12140540542461e-11,2.70831865470104e-09,16.2817707788121,"ENSSSCT00000013814.6","ENSSSCG00000012633","IL13RA1","IL13RA1","Significant"
"ENSSSCT00000013122.5",1.38276552518527,4.62727937656853,9.62270229450617,1.34498016703747e-11,3.045259261534e-09,16.213534829382,"ENSSSCT00000013122.5","ENSSSCG00000025463","PROS1","PROS1","Significant"
"ENSSSCT00000076918.2",-1.31255543670175,4.53492342761709,-9.6285989377397,1.32321115273115e-11,3.02115870705009e-09,16.2128803461055,"ENSSSCT00000076918.2","ENSSSCG00000008633","PDIA6","PDIA6","Significant"
"ENSSSCT00000036629.4",1.40785660707138,7.42849438198421,9.73036599935853,9.99151489446792e-12,2.46790417893358e-09,16.1931185878931,"ENSSSCT00000036629.4","ENSSSCG00000012597","PLS3","PLS3","Significant"
"ENSSSCT00000076501.1",-1.16677151391371,3.38237225824745,-9.55252759091444,1.63381726278586e-11,3.39292853731658e-09,16.1688074609452,"ENSSSCT00000076501.1","ENSSSCG00000022545","CALM3","CALM3","Significant"
"ENSSSCT00000004847.5",1.02583615764207,3.394266977765,9.53702124330926,1.70572809322631e-11,3.51984549060448e-09,16.1412635720594,"ENSSSCT00000004847.5","ENSSSCG00000004385","SNX3","SNX3","Significant"
"ENSSSCT00000055504.3",-1.57883729422896,1.8772404179125,-9.51645004147282,1.80612162628269e-11,3.68042434395755e-09,16.079462271539,"ENSSSCT00000055504.3","ENSSSCG00000001696",NA,"ENSSSCG00000001696","Significant"
"ENSSSCT00000051623.3",1.00388704775959,6.88330956490535,9.66343655487722,1.20171192874828e-11,2.81874933272727e-09,16.0450680251882,"ENSSSCT00000051623.3","ENSSSCG00000012583","ACSL4","ACSL4","Significant"
"ENSSSCT00000006823.5",5.62234800110624,-2.80698731240014,10.121121941559,3.44055672991995e-12,1.09976383943441e-09,16.0226587671949,"ENSSSCT00000006823.5","ENSSSCG00000037637","GGH","GGH","Significant"
"ENSSSCT00000058817.1",-1.13904495359376,5.25157270719638,-9.57894682627836,1.51831994866053e-11,3.23551003961621e-09,15.9545129537194,"ENSSSCT00000058817.1","ENSSSCG00000038677","GJB3","GJB3","Significant"
"ENSSSCT00000053892.1",-1.05699902349846,6.24028681282486,-9.59990527511922,1.43262415644942e-11,3.15603229708627e-09,15.9250870029439,"ENSSSCT00000053892.1","ENSSSCG00000013992",NA,"ENSSSCG00000013992","Significant"
"ENSSSCT00000004682.5",1.2444489707821,5.53971024918311,9.56050885141877,1.5980134156244e-11,3.339848038655e-09,15.90165488942,"ENSSSCT00000004682.5","ENSSSCG00000004237","SERINC1","SERINC1","Significant"
"ENSSSCT00000002242.4",-1.30049131787736,3.091183510135,-9.4361955404779,2.25876431308696e-11,4.43643082312574e-09,15.8738858415052,"ENSSSCT00000002242.4","ENSSSCG00000002004","PSME2","PSME2","Significant"
"ENSSSCT00000071675.2",-2.28421670644277,3.13888725554891,-9.41036026541762,2.42780244755613e-11,4.71167089286429e-09,15.8302375532811,"ENSSSCT00000071675.2","ENSSSCG00000035842","SUMO1","SUMO1","Significant"
"ENSSSCT00000036834.2",-1.16743929110873,7.06411653863286,-9.57471564070776,1.53624344770699e-11,3.25244684214537e-09,15.7717675379381,"ENSSSCT00000036834.2","ENSSSCG00000031724","LYNX1","LYNX1","Significant"
"ENSSSCT00000053589.3",-1.61548443194471,3.30118368655883,-9.4005593195688,2.49524530083172e-11,4.78558692872454e-09,15.7563892731931,"ENSSSCT00000053589.3","ENSSSCG00000015710","ACTR3","ACTR3","Significant"
"ENSSSCT00000083992.2",1.32392497285036,4.71977266811899,9.46079979930329,2.10890284937153e-11,4.21832322091469e-09,15.7526501862124,"ENSSSCT00000083992.2","ENSSSCG00000005277","GCNT1","GCNT1","Significant"
"ENSSSCT00000053088.1",-1.09087591250455,3.53530010244601,-9.38765320602628,2.58697055502079e-11,4.93249052490631e-09,15.6919021306405,"ENSSSCT00000053088.1","ENSSSCG00000014004","PLPP2","PLPP2","Significant"
"ENSSSCT00000048322.1",-1.24198381526372,4.22858141935791,-9.37257385147074,2.6984944001307e-11,5.08564805906713e-09,15.5370032643977,"ENSSSCT00000048322.1","ENSSSCG00000034905","MVD","MVD","Significant"
"ENSSSCT00000050733.2",-1.55616910914669,2.65653607809388,-9.28554701333746,3.44473722828912e-11,6.20509461829494e-09,15.4938384495853,"ENSSSCT00000050733.2","ENSSSCG00000017137","METRNL","METRNL","Significant"
"ENSSSCT00000090657.2",5.6013870945672,-3.0122606649444,9.82678961000224,7.66615907425692e-12,2.01570524562155e-09,15.4897476124232,"ENSSSCT00000090657.2","ENSSSCG00000008484","SRSF7","SRSF7","Significant"
"ENSSSCT00000061492.3",-1.65940175526255,1.56936194552584,-9.29281896253845,3.37504644767881e-11,6.1474868368782e-09,15.4262782338492,"ENSSSCT00000061492.3","ENSSSCG00000003776","ACADM","ACADM","Significant"
"ENSSSCT00000046352.3",-2.01063361983067,2.07542374501378,-9.23858821720958,3.93138798076172e-11,6.85449057351631e-09,15.3370143931469,"ENSSSCT00000046352.3","ENSSSCG00000024144",NA,"ENSSSCG00000024144","Significant"
"ENSSSCT00000096114.1",-4.00093831882169,-3.71538093037488,-10.0574948062947,4.08724783552111e-12,1.26187193840307e-09,15.2997321835713,"ENSSSCT00000096114.1","ENSSSCG00000060761","ASCL1","ASCL1","Significant"
"ENSSSCT00000041797.3",3.74814010012168,-1.83063064738954,9.73205753580383,9.9450841889674e-12,2.46790417893358e-09,15.286100425213,"ENSSSCT00000041797.3","ENSSSCG00000026978","ROS1","ROS1","Significant"
"ENSSSCT00000022508.4",-1.08328398118114,4.07472973592972,-9.27104349598676,3.58813071909524e-11,6.3915013676412e-09,15.2645126697888,"ENSSSCT00000022508.4","ENSSSCG00000016893","NDUFS4","NDUFS4","Significant"
"ENSSSCT00000088286.2",-5.95262522522004,-3.17267737694581,-9.7944873692251,8.3765021111662e-12,2.17563900387577e-09,15.2511398706798,"ENSSSCT00000088286.2","ENSSSCG00000009145","OSTC","OSTC","Significant"
"ENSSSCT00000027308.3",-1.05139568846095,2.67763754784307,-9.19693543361094,4.42133273941682e-11,7.46907422984175e-09,15.2388777753775,"ENSSSCT00000027308.3","ENSSSCG00000021620","STIP1","STIP1","Significant"
"ENSSSCT00000022923.3",-1.27410494683965,3.73460212990299,-9.17224884077916,4.74055517563836e-11,7.84573913434076e-09,15.0560105549186,"ENSSSCT00000022923.3","ENSSSCG00000028509","RBM8A","RBM8A","Significant"
"ENSSSCT00000094252.1",-1.40178194197618,3.2086357591404,-9.10862545661234,5.67561100681973e-11,9.25238106331753e-09,14.9546689412292,"ENSSSCT00000094252.1","ENSSSCG00000021514","OCLN","OCLN","Significant"
"ENSSSCT00000062232.3",-1.56107615444161,4.00188501112025,-9.07153970614626,6.30504140101827e-11,1.01185800537539e-08,14.7350098989132,"ENSSSCT00000062232.3","ENSSSCG00000031236","GLIPR2","GLIPR2","Significant"
"ENSSSCT00000092899.1",4.27090776327022,-3.13208151500786,9.5953299903685,1.45090228604962e-11,3.17484685465515e-09,14.6679049116516,"ENSSSCT00000092899.1","ENSSSCG00000011300","EXOSC7","EXOSC7","Significant"
"ENSSSCT00000101719.1",-1.2132127326539,3.45124308136169,-9.00426696371249,7.63368302912915e-11,1.15545997230903e-08,14.6161446393687,"ENSSSCT00000101719.1","ENSSSCG00000054923","CKS1B","CKS1B","Significant"
"ENSSSCT00000009938.4",6.3444107874469,0.144609415885927,9.3827350484885,2.62281987474425e-11,4.97176855791636e-09,14.5539094395347,"ENSSSCT00000009938.4","ENSSSCG00000009072","PGRMC2","PGRMC2","Significant"
"ENSSSCT00000017295.5",1.08394743423194,5.94276592474404,9.09911673869529,5.83064362690088e-11,9.45782611002369e-09,14.5378561863681,"ENSSSCT00000017295.5","ENSSSCG00000015883","MARCHF7","MARCHF7","Significant"
"ENSSSCT00000075149.1",-1.12362371892036,2.6370057943872,-8.9422159854775,9.11072540249841e-11,1.3085730882073e-08,14.5366484511175,"ENSSSCT00000075149.1","ENSSSCG00000032916",NA,"ENSSSCG00000032916","Significant"
"ENSSSCT00000050428.3",1.33591644098055,2.58151158349699,8.93844168011199,9.20942002788527e-11,1.31671025923685e-08,14.5339391025152,"ENSSSCT00000050428.3","ENSSSCG00000033524","KRR1","KRR1","Significant"
"ENSSSCT00000067424.2",8.80716518164253,-0.166239892068469,9.5136449126499,1.8202694379692e-11,3.68621520220794e-09,14.4949878963516,"ENSSSCT00000067424.2","ENSSSCG00000001862","ETFA","ETFA","Significant"
"ENSSSCT00000043640.3",-1.03662360994281,3.80289661488565,-8.97255834811691,8.35531990929557e-11,1.23578579627805e-08,14.4497373244496,"ENSSSCT00000043640.3","ENSSSCG00000006644","CERS2","CERS2","Significant"
"ENSSSCT00000089094.2",-1.20628277933324,6.67284903203806,-9.07008683381143,6.33109535936016e-11,1.01185800537539e-08,14.3802277235207,"ENSSSCT00000089094.2","ENSSSCG00000012405","RPS4X","RPS4X","Significant"
"ENSSSCT00000081534.2",-1.22647797329891,3.05443423869795,-8.89878150477689,1.03145197502128e-10,1.41896456513054e-08,14.3763335321504,"ENSSSCT00000081534.2","ENSSSCG00000009403","ITM2B","ITM2B","Significant"
"ENSSSCT00000070043.2",3.37851496356958,-4.06962945388024,9.66598620057787,1.19327831623104e-11,2.81874933272727e-09,14.305245350726,"ENSSSCT00000070043.2","ENSSSCG00000028113","CAPZA2","CAPZA2","Significant"
"ENSSSCT00000019007.4",-6.09612651639974,-2.65304752822371,-9.34628490714976,2.90474425376534e-11,5.44288974998649e-09,14.2953181575807,"ENSSSCT00000019007.4","ENSSSCG00000017459","KRT20","KRT20","Significant"
"ENSSSCT00000090992.1",-1.49472468612481,1.72158956231893,-8.85342882896701,1.17444891413337e-10,1.57579145664215e-08,14.2719729938493,"ENSSSCT00000090992.1","ENSSSCG00000036988",NA,"ENSSSCG00000036988","Significant"
"ENSSSCT00000096317.1",-6.08330673621481,-2.28596947046027,-9.23418641538063,3.98044607479678e-11,6.90310977780183e-09,14.2093949289234,"ENSSSCT00000096317.1","ENSSSCG00000033144","YTHDF3","YTHDF3","Significant"
"ENSSSCT00000009684.3",1.08822784717417,2.63342788616098,8.80659183704161,1.34332443678299e-10,1.70608593560499e-08,14.1582850599506,"ENSSSCT00000009684.3","ENSSSCG00000008845",NA,"ENSSSCG00000008845","Significant"
"ENSSSCT00000018186.5",-4.56593354850478,0.487939618334156,-9.02430822769909,7.21054227869036e-11,1.11418256139536e-08,14.132394215689,"ENSSSCT00000018186.5","ENSSSCG00000016705","HOXA3","HOXA3","Significant"
"ENSSSCT00000015281.5",-1.51986571191105,4.64929328323236,-8.89522071386537,1.04201022173392e-10,1.42746643989129e-08,14.1267428614038,"ENSSSCT00000015281.5","ENSSSCG00000013990",NA,"ENSSSCG00000013990","Significant"
"ENSSSCT00000067891.2",1.50352261251829,2.94961744672885,8.7880976674918,1.41661651220426e-10,1.7628765177064e-08,14.0971359380582,"ENSSSCT00000067891.2","ENSSSCG00000009164","CISD2","CISD2","Significant"
"ENSSSCT00000051022.3",-1.44248634801651,3.97486984254717,-8.84351497492194,1.20829892374382e-10,1.60143813454242e-08,14.096475233273,"ENSSSCT00000051022.3","ENSSSCG00000005232",NA,"ENSSSCG00000005232","Significant"
"ENSSSCT00000026118.3",-2.61870770673702,-0.900085400032721,-9.06658139296058,6.39440858551744e-11,1.0169916952303e-08,14.0834875786611,"ENSSSCT00000026118.3","ENSSSCG00000023225","SYN2","SYN2","Significant"
"ENSSSCT00000077869.2",1.17431196274855,5.53232278842119,8.91633104863318,9.8098011811192e-11,1.37269853094082e-08,14.0629207644736,"ENSSSCT00000077869.2","ENSSSCG00000048856",NA,"ENSSSCG00000048856","Significant"
"ENSSSCT00000090062.1",1.88364898471179,2.17524214310774,8.76145465356932,1.52940150652392e-10,1.8675882666182e-08,14.0281436053036,"ENSSSCT00000090062.1","ENSSSCG00000008969","RCHY1","RCHY1","Significant"
"ENSSSCT00000019078.4",-1.48179093166059,3.01729352386082,-8.76802237353647,1.50077938949138e-10,1.84646834773498e-08,14.0132284279503,"ENSSSCT00000019078.4","ENSSSCG00000017524","CDK5RAP3","CDK5RAP3","Significant"
"ENSSSCT00000012836.5",3.97157336021834,-3.09974428193624,9.23916451772045,3.92501075019953e-11,6.85449057351631e-09,13.9538797409455,"ENSSSCT00000012836.5","ENSSSCG00000011726","VEPH1","VEPH1","Significant"
"ENSSSCT00000010896.5",-1.5179272987375,4.94059697523386,-8.84683974318062,1.19683780136267e-10,1.59924998670609e-08,13.9267905429673,"ENSSSCT00000010896.5","ENSSSCG00000009944","CORO1C","CORO1C","Significant"
"ENSSSCT00000000492.4",1.13696552390263,2.44668373458074,8.70577236218971,1.79545471852433e-10,2.113321503349e-08,13.8789102879839,"ENSSSCT00000000492.4","ENSSSCG00000000456","SLC16A7","SLC16A7","Significant"
"ENSSSCT00000050402.3",-1.01170168174654,3.16568193112262,-8.7176718102672,1.73490451719802e-10,2.05690279558997e-08,13.8368104780788,"ENSSSCT00000050402.3","ENSSSCG00000003914","PRDX1","PRDX1","Significant"
"ENSSSCT00000019098.5",-1.18628537502014,2.0161030425582,-8.66354730724422,2.02816640118166e-10,2.3121096973471e-08,13.7618157482775,"ENSSSCT00000019098.5","ENSSSCG00000017544","ATP5MC1","ATP5MC1","Significant"
"ENSSSCT00000096190.1",5.46033554817082,-1.30943240066596,9.04389165715643,6.82006775291554e-11,1.07421009186502e-08,13.7097882964841,"ENSSSCT00000096190.1","ENSSSCG00000022222","MTX2","MTX2","Significant"
"ENSSSCT00000093267.1",-1.21227179209997,1.86810937623321,-8.64347909180544,2.1492759456188e-10,2.42128608749505e-08,13.7002745820725,"ENSSSCT00000093267.1","ENSSSCG00000061624","MTLN","MTLN","Significant"
"ENSSSCT00000044817.2",1.27772043481354,5.95143578901224,8.76621901640153,1.50858384517078e-10,1.84909277022361e-08,13.596157369815,"ENSSSCT00000044817.2","ENSSSCG00000006193","TRAM1","TRAM1","Significant"
"ENSSSCT00000100781.1",-2.63854619144245,-0.221417089097438,-8.78551342764903,1.42717616826914e-10,1.76926432662537e-08,13.58546829367,"ENSSSCT00000100781.1","ENSSSCG00000007253","MAPRE1","MAPRE1","Significant"
"ENSSSCT00000038467.2",-1.80550610305673,6.75185226316139,-8.75895330574732,1.54044750320457e-10,1.87405785054036e-08,13.4905166879781,"ENSSSCT00000038467.2","ENSSSCG00000036119","LYPD2","LYPD2","Significant"
"ENSSSCT00000045247.3",-1.10528961217011,5.90030126108451,-8.73763419226663,1.63794117121253e-10,1.95616974161954e-08,13.4894522007638,"ENSSSCT00000045247.3","ENSSSCG00000002535","HSP90AA1","HSP90AA1","Significant"
"ENSSSCT00000056142.2",1.79488362395562,5.6689917380644,8.69199791554149,1.86823001695106e-10,2.16767870009511e-08,13.4868114660444,"ENSSSCT00000056142.2","ENSSSCG00000016626","CFTR","CFTR","Significant"
"ENSSSCT00000053568.3",1.91021508426168,1.43906623603432,8.59316480355659,2.48620769116856e-10,2.68411640936622e-08,13.4859647307104,"ENSSSCT00000053568.3","ENSSSCG00000040920","PRKACB","PRKACB","Significant"
"ENSSSCT00000039691.3",-1.30217144457386,4.80292888369643,-8.66940548100088,1.99413574418807e-10,2.29741349129003e-08,13.4540530259488,"ENSSSCT00000039691.3","ENSSSCG00000000264","MFSD5","MFSD5","Significant"
"ENSSSCT00000003398.5",-1.0905919636336,6.11512178573806,-8.72480166178539,1.69962123755895e-10,2.0224252127508e-08,13.4329782659196,"ENSSSCT00000003398.5","ENSSSCG00000003061","CADM4","CADM4","Significant"
"ENSSSCT00000000644.5",-1.49303237402527,3.93257796130035,-8.61033100335222,2.36561720875436e-10,2.59692200249923e-08,13.4323079834522,"ENSSSCT00000000644.5","ENSSSCG00000000599","DERA","DERA","Significant"
"ENSSSCT00000016117.4",-4.74158889252263,-2.3288030657993,-8.96671586730299,8.49566144176703e-11,1.24211903877745e-08,13.4023052398143,"ENSSSCT00000016117.4","ENSSSCG00000014766","OR51E1","OR51E1","Significant"
"ENSSSCT00000018185.5",-3.81153731181175,-0.336382003902009,-8.81213283270302,1.32212379268716e-10,1.69710724947922e-08,13.395771994999,"ENSSSCT00000018185.5","ENSSSCG00000016704",NA,"ENSSSCG00000016704","Significant"
"ENSSSCT00000080205.1",7.78875737372514,-0.799618019917585,8.92655026868328,9.52752539682475e-11,1.35058886103511e-08,13.3868975269306,"ENSSSCT00000080205.1","ENSSSCG00000015331","PON2","PON2","Significant"
"ENSSSCT00000071356.2",-1.60518284876608,0.567784726593852,-8.59854488844993,2.44775680250213e-10,2.66022209295931e-08,13.347806344846,"ENSSSCT00000071356.2","ENSSSCG00000050707",NA,"ENSSSCG00000050707","Significant"
"ENSSSCT00000097105.1",-1.56794657421167,4.65290884310971,-8.60777828115021,2.38316711081096e-10,2.60740874096915e-08,13.297713589115,"ENSSSCT00000097105.1","ENSSSCG00000006544","UBE2Q1","UBE2Q1","Significant"
"ENSSSCT00000094443.1",7.21450042615955,0.859281396787216,8.83765222715253,1.22878110891468e-10,1.61545077721992e-08,13.2802782788079,"ENSSSCT00000094443.1","ENSSSCG00000036115","PPP3R1","PPP3R1","Significant"
"ENSSSCT00000075128.1",-1.29213866859396,0.588705871454603,-8.56433316930861,2.70295472689429e-10,2.85391339657189e-08,13.2731456352203,"ENSSSCT00000075128.1","ENSSSCG00000033450","PDAP1","PDAP1","Significant"
"ENSSSCT00000054037.3",3.3008482252468,0.783511053489555,8.5722114169457,2.64189222663792e-10,2.80830795400153e-08,13.2450461190293,"ENSSSCT00000054037.3","ENSSSCG00000011121",NA,"ENSSSCG00000011121","Significant"
"ENSSSCT00000018934.5",-1.1855071899623,2.28853218244687,-8.46515896833551,3.60610246075692e-10,3.59551573793635e-08,13.19869065616,"ENSSSCT00000018934.5","ENSSSCG00000036106","TUBG1","TUBG1","Significant"
"ENSSSCT00000034409.2",-1.33705810849073,2.09771186045233,-8.45644730621262,3.69879432196695e-10,3.63163494486266e-08,13.1766880821028,"ENSSSCT00000034409.2","ENSSSCG00000035885",NA,"ENSSSCG00000035885","Significant"
"ENSSSCT00000025574.4",1.14604505558312,2.71809011216277,8.45548690492478,3.70915972469411e-10,3.63163494486266e-08,13.1568491017437,"ENSSSCT00000025574.4","ENSSSCG00000015933","FASTKD1","FASTKD1","Significant"
"ENSSSCT00000103336.1",-4.68949783159906,-0.669730605797519,-8.66456353285894,2.02222109149641e-10,2.3121096973471e-08,13.1497828077504,"ENSSSCT00000103336.1","ENSSSCG00000022147","CHURC1","CHURC1","Significant"
"ENSSSCT00000077401.2",1.0116991989744,5.28935392556565,8.57566052947368,2.61560112018224e-10,2.79603471876793e-08,13.1058710652661,"ENSSSCT00000077401.2","ENSSSCG00000002670","USP10","USP10","Significant"
"ENSSSCT00000025970.4",-1.84396461805635,0.381174029764872,-8.45720176222932,3.69067224478372e-10,3.63163494486266e-08,12.9745342717076,"ENSSSCT00000025970.4","ENSSSCG00000053320",NA,"ENSSSCG00000053320","Significant"
"ENSSSCT00000063813.3",1.17902971484843,1.55936233538754,8.39358441166364,4.44335463758115e-10,4.23332587148913e-08,12.9692012694109,"ENSSSCT00000063813.3","ENSSSCG00000042341","DEPDC7","DEPDC7","Significant"
"ENSSSCT00000097437.1",3.45417634806134,-2.98646499997545,8.82961060979699,1.25745004412387e-10,1.63338251946672e-08,12.9668497496801,"ENSSSCT00000097437.1","ENSSSCG00000055200",NA,"ENSSSCG00000055200","Significant"
"ENSSSCT00000011420.5",1.12724909735953,3.20911985346495,8.40443396141677,4.30476565000303e-10,4.1401940782507e-08,12.9530181533619,"ENSSSCT00000011420.5","ENSSSCG00000010435","MINPP1","MINPP1","Significant"
"ENSSSCT00000029153.4",-1.12928190060904,1.87660878692523,-8.36258919836838,4.86472320831358e-10,4.49522988358457e-08,12.9124058293551,"ENSSSCT00000029153.4","ENSSSCG00000025179","NECAP1","NECAP1","Significant"
"ENSSSCT00000091733.1",5.17872607873118,-3.18507109677995,8.80350553883931,1.35528234977823e-10,1.70608593560499e-08,12.90306750767,"ENSSSCT00000091733.1","ENSSSCG00000021652","LSM8","LSM8","Significant"
"ENSSSCT00000004101.5",4.01069597287278,1.42376357517123,8.44432825685097,3.83177400894356e-10,3.74045388585616e-08,12.8527571493141,"ENSSSCT00000004101.5","ENSSSCG00000003702","GATA6","GATA6","Significant"
"ENSSSCT00000033120.4",-6.66622245710291,-0.585481483482208,-8.60581500282861,2.39675440944579e-10,2.61350437343045e-08,12.8097837923221,"ENSSSCT00000033120.4","ENSSSCG00000022372","SLC6A14","SLC6A14","Significant"
"ENSSSCT00000048064.3",-1.42777517990962,3.3978667400314,-8.36923305141059,4.77111526631881e-10,4.43183595849169e-08,12.8062040581066,"ENSSSCT00000048064.3","ENSSSCG00000017397","MLX","MLX","Significant"
"ENSSSCT00000095115.1",-3.62632258076643,-3.65574514104195,-8.8633886600755,1.14141078933237e-10,1.54417250520301e-08,12.7628061430889,"ENSSSCT00000095115.1","ENSSSCG00000062159","INSM1","INSM1","Significant"
"ENSSSCT00000070153.1",1.13762710490142,4.13357895610695,8.38750192650046,4.52302070599234e-10,4.26755523932383e-08,12.7589832343043,"ENSSSCT00000070153.1","ENSSSCG00000035863","PLIN2","PLIN2","Significant"
"ENSSSCT00000087562.1",-2.23908759553313,2.46942803379768,-8.28735945297984,6.06404200392483e-10,5.34356825664771e-08,12.695574845052,"ENSSSCT00000087562.1","ENSSSCG00000003229","ETFB","ETFB","Significant"
"ENSSSCT00000019540.5",-1.18756870200501,5.05590120536785,-8.42668764859846,4.03405697553833e-10,3.92616100389408e-08,12.6933062145733,"ENSSSCT00000019540.5","ENSSSCG00000017956","CD68","CD68","Significant"
"ENSSSCT00000046639.3",7.03838570061796,0.519676333977338,8.62469505218332,2.26928056753891e-10,2.51658583755233e-08,12.6890667134682,"ENSSSCT00000046639.3","ENSSSCG00000016019","NCKAP1","NCKAP1","Significant"
"ENSSSCT00000031620.4",-1.13599026844327,3.56069294952201,-8.33090030508601,5.33748236965238e-10,4.81595771704546e-08,12.6679309433348,"ENSSSCT00000031620.4","ENSSSCG00000028167","SLIRP","SLIRP","Significant"
"ENSSSCT00000058101.1",1.74194377331506,5.15652071827018,8.40122244961196,4.34532572028921e-10,4.16691175836204e-08,12.6343655112797,"ENSSSCT00000058101.1","ENSSSCG00000001945","NKX2-1","NKX2-1","Significant"
"ENSSSCT00000009981.5",2.90526701246742,5.24060295225544,8.39779136011237,4.38908720195111e-10,4.19653369889777e-08,12.6298508825861,"ENSSSCT00000009981.5","ENSSSCG00000009114","PRSS12","PRSS12","Significant"
"ENSSSCT00000046753.3",-1.08065397280138,3.72664260935597,-8.3298768493059,5.3535044916825e-10,4.81595771704546e-08,12.6195923082687,"ENSSSCT00000046753.3","ENSSSCG00000004420","TRAF3IP2","TRAF3IP2","Significant"
"ENSSSCT00000055204.3",7.75806834323923,-1.76658811713884,8.63251396387412,2.21852345150634e-10,2.477148582634e-08,12.5913432836556,"ENSSSCT00000055204.3","ENSSSCG00000011762","ACTL6A","ACTL6A","Significant"
"ENSSSCT00000031911.3",1.96499152360193,5.69044632463667,8.39280095707342,4.45353568249531e-10,4.23332587148913e-08,12.5511266111278,"ENSSSCT00000031911.3","ENSSSCG00000020963","EPDR1","EPDR1","Significant"
"ENSSSCT00000100030.1",9.2455832606815,-0.913636822663062,8.62599138028029,2.26078458704878e-10,2.51572084218903e-08,12.4610928376341,"ENSSSCT00000100030.1","ENSSSCG00000056538","PCNA","PCNA","Significant"
"ENSSSCT00000078857.2",-5.11016959593277,-3.56252097852386,-8.69566249228171,1.84858139230989e-10,2.15254098981684e-08,12.4181366640754,"ENSSSCT00000078857.2","ENSSSCG00000002860","PDCD5","PDCD5","Significant"
"ENSSSCT00000101963.1",-3.17848313960256,1.54782195037784,-8.21298865063816,7.54490130040916e-10,6.42281885113682e-08,12.4056896441678,"ENSSSCT00000101963.1","ENSSSCG00000006785","RAP1A","RAP1A","Significant"
"ENSSSCT00000070898.1",-1.2224067430044,1.89800703630306,-8.18452409335457,8.20436725965956e-10,6.78921802370407e-08,12.4041736670012,"ENSSSCT00000070898.1","ENSSSCG00000051819","MYCBP","MYCBP","Significant"
"ENSSSCT00000040248.2",1.47842592274022,2.74948860904935,8.18677747354818,8.15009581365104e-10,6.76146880173736e-08,12.3805348211055,"ENSSSCT00000040248.2","ENSSSCG00000032601","RASSF2","RASSF2","Significant"
"ENSSSCT00000088424.2",-1.16415328236694,1.58458290246303,-8.16141749639942,8.78245719994521e-10,7.15276073912368e-08,12.3245564807491,"ENSSSCT00000088424.2","ENSSSCG00000009823","VPS29","VPS29","Significant"
"ENSSSCT00000062480.1",-2.34080485371774,1.554861817418,-8.16523528949911,8.68417080977971e-10,7.09620814741999e-08,12.3217959268347,"ENSSSCT00000062480.1","ENSSSCG00000031756",NA,"ENSSSCG00000031756","Significant"
"ENSSSCT00000079638.2",-7.35231880489968,-2.42938934043158,-8.4832465415111,3.42110123519489e-10,3.45329983505554e-08,12.2945801717151,"ENSSSCT00000079638.2","ENSSSCG00000014913","PICALM","PICALM","Significant"
"ENSSSCT00000082013.2",1.01655187968551,3.27148601641058,8.18014606962807,8.31085865953676e-10,6.85993001862118e-08,12.2836409094064,"ENSSSCT00000082013.2","ENSSSCG00000027063","DPY19L1","DPY19L1","Significant"
"ENSSSCT00000094731.1",-3.62918651949438,-1.96939763058435,-8.54898675495427,2.82604377923777e-10,2.95321574930347e-08,12.2637990904225,"ENSSSCT00000094731.1","ENSSSCG00000059937",NA,"ENSSSCG00000059937","Significant"
"ENSSSCT00000038287.3",-1.25620123731689,2.21966106975998,-8.13603821523702,9.46511310099607e-10,7.50852913734491e-08,12.2536312070092,"ENSSSCT00000038287.3","ENSSSCG00000036474","GJB6","GJB6","Significant"
"ENSSSCT00000005565.5",-4.12087949417228,-3.99093962805525,-8.65848158061664,2.05806845739991e-10,2.33802313536817e-08,12.2389863814598,"ENSSSCT00000005565.5","ENSSSCG00000026294","GMFB","GMFB","Significant"
"ENSSSCT00000031844.4",1.18052857861566,3.93734018216549,8.18731339643683,8.13724202651988e-10,6.76146880173736e-08,12.2047339527168,"ENSSSCT00000031844.4","ENSSSCG00000021988","TUSC3","TUSC3","Significant"
"ENSSSCT00000000309.5",2.86334361725792,4.39176966850749,8.11631891714412,1.00324546076867e-09,7.89036846671194e-08,12.1794880713006,"ENSSSCT00000000309.5","ENSSSCG00000000288","HNRNPA1","HNRNPA1","Significant"
"ENSSSCT00000038262.3",1.05078332087801,4.74967726313186,8.22646851852338,7.25159917810972e-10,6.23828864388098e-08,12.170754362162,"ENSSSCT00000038262.3","ENSSSCG00000016661","SEPTIN7","SEPTIN7","Significant"
"ENSSSCT00000012592.5",-1.60791540074472,2.18026002394414,-8.10315007769123,1.04304029097937e-09,8.11629729047528e-08,12.1658046009106,"ENSSSCT00000012592.5","ENSSSCG00000011506","UBA3","UBA3","Significant"
"ENSSSCT00000082134.1",-2.53684446126091,0.934615279752944,-8.14021091525747,9.34928898932431e-10,7.47118181882181e-08,12.1628996159109,"ENSSSCT00000082134.1","ENSSSCG00000015399","SEMA3E","SEMA3E","Significant"
"ENSSSCT00000068673.2",-3.57923790966316,-4.41281274253586,-8.62332964601736,2.27826430676943e-10,2.51798404942069e-08,12.1192571211862,"ENSSSCT00000068673.2","ENSSSCG00000016961","CDK7","CDK7","Significant"
"ENSSSCT00000089995.1",-1.06062652558687,1.26996930027037,-8.07130431330207,1.14601395956514e-09,8.79167979709687e-08,12.0584198463066,"ENSSSCT00000089995.1","ENSSSCG00000042361",NA,"ENSSSCG00000042361","Significant"
"ENSSSCT00000095033.1",1.12365893293595,3.71687284153475,8.12794100882465,9.69403620118417e-10,7.6714649588206e-08,12.0513111896644,"ENSSSCT00000095033.1","ENSSSCG00000059711",NA,"ENSSSCG00000059711","Significant"
"ENSSSCT00000041237.2",1.05906329887001,4.65630541292448,8.16574924896462,8.67102466013872e-10,7.09620814741999e-08,12.0165185130687,"ENSSSCT00000041237.2","ENSSSCG00000004624","MAPK6","MAPK6","Significant"
"ENSSSCT00000015795.5",-2.76365380791186,0.0713803163331761,-8.1501038537888,9.08038824093298e-10,7.31004884462664e-08,11.9739127802923,"ENSSSCT00000015795.5","ENSSSCG00000014448","ARSI","ARSI","Significant"
"ENSSSCT00000065111.3",-1.03103935932226,2.88275677739015,-8.02605498594425,1.31030651941738e-09,9.73148832780964e-08,11.8737639260283,"ENSSSCT00000065111.3","ENSSSCG00000025448","SERTAD3","SERTAD3","Significant"
"ENSSSCT00000016786.5",1.15297024793567,6.79760672279849,8.2017734242707,7.79807252862145e-10,6.54403973202756e-08,11.8338834910636,"ENSSSCT00000016786.5","ENSSSCG00000015411","PTPN12","PTPN12","Significant"
"ENSSSCT00000063593.2",-3.05346681080663,-3.56980992087472,-8.50497510680167,3.21153062953139e-10,3.28280288274403e-08,11.7732312475242,"ENSSSCT00000063593.2","ENSSSCG00000035938","DBX2","DBX2","Significant"
"ENSSSCT00000044297.3",-3.74706128262362,-2.91983568974926,-8.35162003806215,5.02336534246545e-10,4.57491071580289e-08,11.7664173790148,"ENSSSCT00000044297.3","ENSSSCG00000033682","CPLX2","CPLX2","Significant"
"ENSSSCT00000018184.4",-2.97217277529726,0.445220995483375,-8.0642355270822,1.1702338442819e-09,8.8972019814401e-08,11.7661389172517,"ENSSSCT00000018184.4","ENSSSCG00000016703","HOXA5","HOXA5","Significant"
"ENSSSCT00000073731.2",-1.47536882896497,2.16148382584687,-7.95914014157249,1.59806379663202e-09,1.13127381086162e-07,11.7437864077718,"ENSSSCT00000073731.2","ENSSSCG00000006777","RHOC","RHOC","Significant"
"ENSSSCT00000068515.1",-1.03953890097926,3.316394245826,-7.97780725040865,1.51188820379811e-09,1.0833758900359e-07,11.6640324994983,"ENSSSCT00000068515.1","ENSSSCG00000007481",NA,"ENSSSCG00000007481","Significant"
"ENSSSCT00000070110.2",-1.01786559070054,2.84740048521096,-7.9448123131292,1.66756781426275e-09,1.17175390121169e-07,11.6315668926465,"ENSSSCT00000070110.2","ENSSSCG00000028464","TMEM170A","TMEM170A","Significant"
"ENSSSCT00000000767.4",-1.07280286224216,4.11278968883916,-7.99837788788258,1.42235995646023e-09,1.02826217340198e-07,11.6177417207904,"ENSSSCT00000000767.4","ENSSSCG00000000704","TAPBPL","TAPBPL","Significant"
"ENSSSCT00000089601.2",1.52022140382115,5.3185852861534,8.05850008993337,1.19026577505958e-09,9.00404300000985e-08,11.6171436341607,"ENSSSCT00000089601.2","ENSSSCG00000015443","DLD","DLD","Significant"
"ENSSSCT00000057720.3",2.29839462380366,2.21730938830034,7.8968521620867,1.92328748851948e-09,1.31185910618597e-07,11.577319392201,"ENSSSCT00000057720.3","ENSSSCG00000015083",NA,"ENSSSCG00000015083","Significant"
"ENSSSCT00000052645.2",-1.81289116108042,4.76346801157145,-8.01873011880425,1.33906209957985e-09,9.87755219337138e-08,11.5370332734668,"ENSSSCT00000052645.2","ENSSSCG00000014073","HEXB","HEXB","Significant"
"ENSSSCT00000062457.3",-1.21416563290172,4.5299455869661,-7.99980252227101,1.41636205801741e-09,1.02620152310222e-07,11.5037080655707,"ENSSSCT00000062457.3","ENSSSCG00000030241",NA,"ENSSSCG00000030241","Significant"
"ENSSSCT00000073020.2",-3.0920217695848,-3.96721121917486,-8.38018550963486,4.62076966453172e-10,4.32918316501127e-08,11.494541695923,"ENSSSCT00000073020.2","ENSSSCG00000010632","TECTB","TECTB","Significant"
"ENSSSCT00000009663.4",1.48163121087708,1.62615975341756,7.86499199290053,2.11477662605921e-09,1.4071464717558e-07,11.4805189288477,"ENSSSCT00000009663.4","ENSSSCG00000008829","OCIAD2","OCIAD2","Significant"
"ENSSSCT00000064939.3",1.32029334709507,3.14451963119232,7.87719238285315,2.03926753351845e-09,1.37656891641481e-07,11.4376534586368,"ENSSSCT00000064939.3","ENSSSCG00000006260","LYPLA1","LYPLA1","Significant"
"ENSSSCT00000094259.1",-1.38532947462764,5.45577634862427,-8.01278921531508,1.36285335935107e-09,1.00077637225861e-07,11.4268970663112,"ENSSSCT00000094259.1","ENSSSCG00000033169","RPS15","RPS15","Significant"
"ENSSSCT00000088936.2",-1.88708924487176,1.27321562833238,-7.85104967156276,2.20453875041128e-09,1.46000122502571e-07,11.4262406961777,"ENSSSCT00000088936.2","ENSSSCG00000000206","FAIM2","FAIM2","Significant"
"ENSSSCT00000022452.4",3.35285644593829,5.07031149939667,7.92953654375508,1.74504587142553e-09,1.20797188093329e-07,11.4222203955253,"ENSSSCT00000022452.4","ENSSSCG00000024111","SCGB3A2","SCGB3A2","Significant"
"ENSSSCT00000015478.4",-4.65541210983073,-3.75552982258665,-8.22234095742866,7.34016050781428e-10,6.29785771570465e-08,11.3672064070459,"ENSSSCT00000015478.4","ENSSSCG00000014169","PCSK1","PCSK1","Significant"
"ENSSSCT00000088824.2",6.46294325851945,0.306944025246754,8.04095768093815,1.25371737733877e-09,9.35382182397098e-08,11.3384214462845,"ENSSSCT00000088824.2","ENSSSCG00000000599","DERA","DERA","Significant"
"ENSSSCT00000090223.1",-1.17025277496863,5.21303196712239,-7.96594136776712,1.56610491119894e-09,1.11731475984092e-07,11.3221967031122,"ENSSSCT00000090223.1","ENSSSCG00000013030","PRDX5","PRDX5","Significant"
"ENSSSCT00000000117.3",-1.43030448530187,1.72730743198597,-7.80254590889912,2.54796072216449e-09,1.64177295228164e-07,11.3023918757779,"ENSSSCT00000000117.3","ENSSSCG00000000111","BAIAP2L2","BAIAP2L2","Significant"
"ENSSSCT00000015441.5",3.0381472388312,-3.06600453699904,8.18823168270587,8.11526521149434e-10,6.76146880173736e-08,11.282873899614,"ENSSSCT00000015441.5","ENSSSCG00000014137","HAPLN1","HAPLN1","Significant"
"ENSSSCT00000099950.1",1.05940912155373,2.4002366229291,7.79623568328295,2.59645348625343e-09,1.663158535674e-07,11.2650459105669,"ENSSSCT00000099950.1","ENSSSCG00000063163",NA,"ENSSSCG00000063163","Significant"
"ENSSSCT00000093043.1",4.02026028745075,3.70500576401335,7.78132647779167,2.71477074914306e-09,1.7087333109085e-07,11.2240259205364,"ENSSSCT00000093043.1","ENSSSCG00000024111","SCGB3A2","SCGB3A2","Significant"
"ENSSSCT00000081693.2",-1.96059316444105,-0.308886009936489,-7.87417942587464,2.05765740365629e-09,1.38421634446373e-07,11.1979064395047,"ENSSSCT00000081693.2","ENSSSCG00000038990","PTPRT","PTPRT","Significant"
"ENSSSCT00000025082.4",1.5211258250852,2.92556711983118,7.77967322396137,2.72822232945121e-09,1.71389134546102e-07,11.1828833689246,"ENSSSCT00000025082.4","ENSSSCG00000026618","CAVIN2","CAVIN2","Significant"
"ENSSSCT00000080420.2",-2.68911055167384,-0.603426669231757,-7.84122680003496,2.27008591954817e-09,1.49801320155538e-07,11.1542159585146,"ENSSSCT00000080420.2","ENSSSCG00000028976","PPP2R2B","PPP2R2B","Significant"
"ENSSSCT00000007675.5",-1.89465259011307,6.77453596534185,-7.96248283255185,1.58227484936299e-09,1.126386226826e-07,11.1328430074356,"ENSSSCT00000007675.5","ENSSSCG00000007007","IDO1","IDO1","Significant"
"ENSSSCT00000000219.4",-1.86112780075651,2.45463933629251,-7.7511162322939,2.97151505832934e-09,1.82454382225555e-07,11.1222468403308,"ENSSSCT00000000219.4","ENSSSCG00000000206","FAIM2","FAIM2","Significant"
"ENSSSCT00000053637.2",-1.78538759297918,6.37405075720466,-7.94114686810667,1.68583531809612e-09,1.17950589509025e-07,11.1131965848397,"ENSSSCT00000053637.2","ENSSSCG00000022236","FOLR3","FOLR3","Significant"
"ENSSSCT00000024125.4",-6.29610823699591,-2.00523301568259,-7.98339815390921,1.48700515281427e-09,1.06789242295939e-07,11.1022760603668,"ENSSSCT00000024125.4","ENSSSCG00000020715","GOLGA7","GOLGA7","Significant"
"ENSSSCT00000081953.2",1.00884254209582,3.86982702521477,7.80551139113662,2.52548912529603e-09,1.6337509412927e-07,11.0856791308174,"ENSSSCT00000081953.2","ENSSSCG00000012811","VBP1","VBP1","Significant"
"ENSSSCT00000071419.2",4.81320299786279,2.16870582193558,7.75185948041666,2.96491276588366e-09,1.82392482677115e-07,11.04101327192,"ENSSSCT00000071419.2","ENSSSCG00000025355","ZNF146","ZNF146","Significant"
"ENSSSCT00000091259.1",1.47886071220201,5.87184615729766,7.87394624587607,2.05908761828276e-09,1.38421634446373e-07,10.9765591188074,"ENSSSCT00000091259.1","ENSSSCG00000011229","STT3B","STT3B","Significant"
"ENSSSCT00000101587.1",-1.17100274340774,0.437772795735077,-7.72547051619732,3.20867287955154e-09,1.93017657868816e-07,10.9610274335695,"ENSSSCT00000101587.1","ENSSSCG00000036476","REEP3","REEP3","Significant"
"ENSSSCT00000042383.3",1.09109123623987,1.31687224615934,7.68919022518213,3.5772682710999e-09,2.09772040847017e-07,10.957459949209,"ENSSSCT00000042383.3","ENSSSCG00000004029","QKI","QKI","Significant"
"ENSSSCT00000086353.1",1.15229346760919,3.03495757633218,7.71057231757816,3.3551453030444e-09,1.99983834479816e-07,10.9469226401698,"ENSSSCT00000086353.1","ENSSSCG00000039309","YIPF5","YIPF5","Significant"
"ENSSSCT00000107087.1",-3.05904932911344,2.91881184476567,-7.68167050724828,3.65887229781155e-09,2.12645048837518e-07,10.9466805380608,"ENSSSCT00000107087.1","ENSSSCG00000012247","ATP6AP2","ATP6AP2","Significant"
"ENSSSCT00000039237.3",-1.41929119837068,4.93421870283514,-7.81860185625767,2.42866482900653e-09,1.57423833170833e-07,10.9166187380652,"ENSSSCT00000039237.3","ENSSSCG00000032803","CYP2S1","CYP2S1","Significant"
"ENSSSCT00000019088.4",-2.84690537827706,0.115679019576682,-7.76251750898097,2.87185293336623e-09,1.78011203497096e-07,10.8780117873242,"ENSSSCT00000019088.4","ENSSSCG00000017534","HOXB3","HOXB3","Significant"
"ENSSSCT00000001836.6",-1.56387530472916,2.61295493202594,-7.67162301073326,3.77085444872151e-09,2.16834106606907e-07,10.8773236054828,"ENSSSCT00000001836.6","ENSSSCG00000001651","CNPY3","CNPY3","Significant"
"ENSSSCT00000023370.4",7.43594114419879,-1.45869696599868,7.92149652682245,1.78727815709061e-09,1.23197499014339e-07,10.8520409986038,"ENSSSCT00000023370.4","ENSSSCG00000014913","PICALM","PICALM","Significant"
"ENSSSCT00000090309.2",4.98887526289096,0.112849204021564,7.78692186214501,2.66974014045752e-09,1.69346707275247e-07,10.8170509081201,"ENSSSCT00000090309.2","ENSSSCG00000040912","SNX6","SNX6","Significant"
"ENSSSCT00000097426.1",-6.49838182202991,-2.8174499106127,-7.90150088194885,1.89685313637056e-09,1.29654087333806e-07,10.8031890036026,"ENSSSCT00000097426.1","ENSSSCG00000012621","UBE2A","UBE2A","Significant"
"ENSSSCT00000050928.3",1.05576590652546,6.06111972860442,7.82254519976666,2.40024034389849e-09,1.55891307116467e-07,10.7793785945592,"ENSSSCT00000050928.3","ENSSSCG00000016127","NDUFS1","NDUFS1","Significant"
"ENSSSCT00000069808.2",3.09759569212736,5.70201006219729,7.72698514987467,3.19414864045174e-09,1.92855596802386e-07,10.7750203308572,"ENSSSCT00000069808.2","ENSSSCG00000009746",NA,"ENSSSCG00000009746","Significant"
"ENSSSCT00000100492.1",-1.02662268353381,3.5714527729385,-7.67051677082326,3.78339374722522e-09,2.17172129814315e-07,10.7321287445404,"ENSSSCT00000100492.1","ENSSSCG00000057748",NA,"ENSSSCG00000057748","Significant"
"ENSSSCT00000064322.2",5.28486020002801,2.29257698271183,7.63600827204218,4.19646686351978e-09,2.35899320031377e-07,10.7214005491269,"ENSSSCT00000064322.2","ENSSSCG00000010334","SFTPD","SFTPD","Significant"
"ENSSSCT00000096595.1",6.41309612241736,-0.226272080363234,7.79959450107099,2.5705265547998e-09,1.65139624490445e-07,10.6869049372929,"ENSSSCT00000096595.1","ENSSSCG00000031128","PPIC","PPIC","Significant"
"ENSSSCT00000006026.4",-1.12828891882721,2.55346906777334,-7.59875690747454,4.69376522821914e-09,2.56350324943904e-07,10.6731876986465,"ENSSSCT00000006026.4","ENSSSCG00000005480",NA,"ENSSSCG00000005480","Significant"
"ENSSSCT00000047111.3",1.25415365984891,2.59174610907685,7.59535075983497,4.74211007150809e-09,2.5843403741676e-07,10.6678266767393,"ENSSSCT00000047111.3","ENSSSCG00000038913","HERC4","HERC4","Significant"
"ENSSSCT00000082314.2",6.50821429856325,-2.14442094742497,7.79344485547847,2.61819722536231e-09,1.67052255060104e-07,10.6473898188639,"ENSSSCT00000082314.2","ENSSSCG00000004480","COX7A2","COX7A2","Significant"
"ENSSSCT00000046545.3",9.45661558402803,-0.865165158576192,7.88015364593734,2.02135525524811e-09,1.36730843863298e-07,10.6262805195749,"ENSSSCT00000046545.3","ENSSSCG00000008229","SFTPB","SFTPB","Significant"
"ENSSSCT00000085837.1",-3.89051814996212,-0.824313178160342,-7.68998212004212,3.56878245792778e-09,2.09651501366265e-07,10.6173404885071,"ENSSSCT00000085837.1","ENSSSCG00000036294","NUDT19","NUDT19","Significant"
"ENSSSCT00000079975.2",-1.10431577959084,4.61660320274042,-7.70164329786757,3.44615441293237e-09,2.04660142949448e-07,10.6084740097706,"ENSSSCT00000079975.2","ENSSSCG00000001862","ETFA","ETFA","Significant"
"ENSSSCT00000002713.4",1.05117496853297,4.59984744018823,7.66433431523338,3.85425269572917e-09,2.19308996320339e-07,10.5229089321143,"ENSSSCT00000002713.4","ENSSSCG00000002443","TC2N","TC2N","Significant"
"ENSSSCT00000046860.3",-1.07291167112337,2.36118084723656,-7.54016979697609,5.59934367990827e-09,2.91770869889034e-07,10.5158513188146,"ENSSSCT00000046860.3","ENSSSCG00000003024","PRR19","PRR19","Significant"
"ENSSSCT00000040170.3",-1.46630830153503,4.06985713995738,-7.63835203243613,4.16702078624649e-09,2.34648610906357e-07,10.5108149496244,"ENSSSCT00000040170.3","ENSSSCG00000029608","SEC62","SEC62","Significant"
"ENSSSCT00000062371.3",6.26693729956585,2.69609158047148,7.57837210284593,4.99071047611606e-09,2.69566191687018e-07,10.4707623350608,"ENSSSCT00000062371.3","ENSSSCG00000023245","NONO","NONO","Significant"
"ENSSSCT00000006526.5",1.53341775201583,5.51679590690335,7.67960997280817,3.6815600929405e-09,2.13506796405371e-07,10.4328042730678,"ENSSSCT00000006526.5","ENSSSCG00000005943","ST3GAL1","ST3GAL1","Significant"
"ENSSSCT00000096962.1",6.41451118399344,-2.19442231416354,7.74769058167331,3.00213797688949e-09,1.83988170297941e-07,10.4284848671709,"ENSSSCT00000096962.1","ENSSSCG00000040678","TYMS","TYMS","Significant"
"ENSSSCT00000026673.5",-1.16621993784139,2.12471474834603,-7.50184026083915,6.28550984007009e-09,3.19209910943373e-07,10.4085968280326,"ENSSSCT00000026673.5","ENSSSCG00000021259","CDA","CDA","Significant"
"ENSSSCT00000094125.1",4.03247114291132,-3.38584947821385,7.83121752160099,2.33890672398878e-09,1.5251542965786e-07,10.3999310091223,"ENSSSCT00000094125.1","ENSSSCG00000052612",NA,"ENSSSCG00000052612","Significant"
"ENSSSCT00000000623.5",1.1871585566839,3.25565732921445,7.53185881388005,5.74139527994985e-09,2.97603261856097e-07,10.383101642419,"ENSSSCT00000000623.5","ENSSSCG00000000579","GOLT1B","GOLT1B","Significant"
"ENSSSCT00000087219.2",-1.2745660858281,2.96039646743761,-7.51916293464641,5.96545941215222e-09,3.05334126646485e-07,10.3768255653313,"ENSSSCT00000087219.2","ENSSSCG00000032141","DUT","DUT","Significant"
"ENSSSCT00000070498.1",-1.03255054580097,0.736851477505085,-7.50958876489791,6.14025860459125e-09,3.13297326360083e-07,10.3765844665156,"ENSSSCT00000070498.1","ENSSSCG00000034407","AMN1","AMN1","Significant"
"ENSSSCT00000014534.5",-1.08391638438692,2.85620631328226,-7.49969964655646,6.3262459564599e-09,3.20525527707348e-07,10.3262947419739,"ENSSSCT00000014534.5","ENSSSCG00000013308","FBXO3","FBXO3","Significant"
"ENSSSCT00000073505.2",-2.23884833868193,3.31546226309076,-7.49944669925188,6.33107716364654e-09,3.20525527707348e-07,10.3183762162204,"ENSSSCT00000073505.2","ENSSSCG00000017915","VMO1","VMO1","Significant"
"ENSSSCT00000087563.2",-2.03200178205752,1.82332576224445,-7.46283897012236,7.07109866380838e-09,3.50374013426761e-07,10.3169245978008,"ENSSSCT00000087563.2","ENSSSCG00000022952","NMD3","NMD3","Significant"
"ENSSSCT00000001037.5",-3.15353362742183,-2.71640676859727,-7.73599255010721,3.10913736841469e-09,1.88420659404819e-07,10.2602131574082,"ENSSSCT00000001037.5","ENSSSCG00000000948","SYT1","SYT1","Significant"
"ENSSSCT00000076145.1",6.78427323493378,1.22899132845661,7.57816626538864,4.99380382097162e-09,2.69566191687018e-07,10.2458308006623,"ENSSSCT00000076145.1","ENSSSCG00000008077","CARD19","CARD19","Significant"
"ENSSSCT00000046919.4",-1.60013267515192,1.37691585333306,-7.42667677859006,7.88798839337976e-09,3.83278649147174e-07,10.2063816830362,"ENSSSCT00000046919.4","ENSSSCG00000036787","APOLD1","APOLD1","Significant"
"ENSSSCT00000028670.5",1.25871271427619,4.43965588174587,7.56159414902956,5.24931896288837e-09,2.79198687546513e-07,10.1970549174063,"ENSSSCT00000028670.5","ENSSSCG00000027777","PRRG1","PRRG1","Significant"
"ENSSSCT00000099379.1",6.80500617607271,-1.70421138467104,7.60583563646709,4.59488161596067e-09,2.53060000349293e-07,10.1872225081228,"ENSSSCT00000099379.1","ENSSSCG00000058121","OCIAD1","OCIAD1","Significant"
"ENSSSCT00000011252.5",-1.20989630810032,3.98822063765109,-7.52390449470518,5.88076169295828e-09,3.02423271667526e-07,10.1861113936102,"ENSSSCT00000011252.5","ENSSSCG00000010280",NA,"ENSSSCG00000010280","Significant"
"ENSSSCT00000054377.3",1.24831460021834,5.14546085295626,7.57264893754161,5.07744495416101e-09,2.72277985666884e-07,10.1742509093445,"ENSSSCT00000054377.3","ENSSSCG00000014924","CTSC","CTSC","Significant"
"ENSSSCT00000106815.1",-5.86096191705639,-2.37741875505903,-7.66808960758321,3.81105375406807e-09,2.18055157480364e-07,10.1729385356233,"ENSSSCT00000106815.1","ENSSSCG00000039684","PGPEP1","PGPEP1","Significant"
"ENSSSCT00000067770.2",-1.20291061091571,0.641803206331465,-7.43539082009014,7.68281197016096e-09,3.74425114312598e-07,10.1640519275519,"ENSSSCT00000067770.2","ENSSSCG00000010221",NA,"ENSSSCG00000010221","Significant"
"ENSSSCT00000080708.1",9.86198563840848,-0.126803283390202,7.68999853383409,3.56860678599443e-09,2.09651501366265e-07,10.1462600866048,"ENSSSCT00000080708.1","ENSSSCG00000017212","SUMO2","SUMO2","Significant"
"ENSSSCT00000011121.5",1.55255485949932,2.85750925268964,7.40556736238773,8.40827108119886e-09,4.01303752697062e-07,10.0986392211808,"ENSSSCT00000011121.5","ENSSSCG00000055425","RBM34","RBM34","Significant"
"ENSSSCT00000011872.5",-6.11529134426686,-1.41692726558183,-7.56753681196559,5.15620700158822e-09,2.74717924683499e-07,10.080023136026,"ENSSSCT00000011872.5","ENSSSCG00000038646","ENAH","ENAH","Significant"
"ENSSSCT00000007179.5",-1.21866365362134,4.67350445293173,-7.52166402494953,5.92063031410903e-09,3.03516086102533e-07,10.0605364310297,"ENSSSCT00000007179.5","ENSSSCG00000006554","C1orf43","C1orf43","Significant"
"ENSSSCT00000059726.3",1.05305229978414,6.95625573046706,7.60986042388862,4.5396007670686e-09,2.50438482926404e-07,10.0501539148043,"ENSSSCT00000059726.3","ENSSSCG00000033018","TM4SF1","TM4SF1","Significant"
"ENSSSCT00000057302.2",-1.28085359213736,2.90856952792387,-7.4182729519312,8.0911039947864e-09,3.90818303179283e-07,10.045031075326,"ENSSSCT00000057302.2","ENSSSCG00000014853","GDPD5","GDPD5","Significant"
"ENSSSCT00000077595.2",2.34761461915824,1.10714392856336,7.38297726659282,9.00353231408935e-09,4.24622141740332e-07,10.031569089013,"ENSSSCT00000077595.2","ENSSSCG00000009502","UGGT2","UGGT2","Significant"
"ENSSSCT00000017066.5",1.92528139871373,1.43675953433541,7.34527763344781,1.0093316617144e-08,4.64150204492752e-07,9.95513552645965,"ENSSSCT00000017066.5","ENSSSCG00000015668","ORC4","ORC4","Significant"
"ENSSSCT00000046360.3",-1.124667575899,4.52724143982766,-7.47018151278104,6.91596903395586e-09,3.44256876920759e-07,9.92225276232571,"ENSSSCT00000046360.3","ENSSSCG00000013260","MDK","MDK","Significant"
"ENSSSCT00000102276.1",-2.91562017079299,1.36743511933,-7.33254700467324,1.04906629680044e-08,4.77039854126662e-07,9.90171582591642,"ENSSSCT00000102276.1","ENSSSCG00000015040","PTS","PTS","Significant"
"ENSSSCT00000081189.1",-3.77752497160686,-1.83418058215676,-7.54174345407349,5.57284932653538e-09,2.91648763149855e-07,9.9016728649567,"ENSSSCT00000081189.1","ENSSSCG00000016738","H2AZ2","H2AZ2","Significant"
"ENSSSCT00000067869.2",6.31179604249795,-1.77834345329146,7.56750837475456,5.15664856785368e-09,2.74717924683499e-07,9.89025937670755,"ENSSSCT00000067869.2","ENSSSCG00000005066","EXOC5","EXOC5","Significant"
"ENSSSCT00000070283.2",-1.04605404970112,4.18261648638588,-7.42054893282763,8.03557872628749e-09,3.88712179216435e-07,9.84409792178664,"ENSSSCT00000070283.2","ENSSSCG00000029521","CD82","CD82","Significant"
"ENSSSCT00000075080.2",5.67672509395535,-2.95122636468128,7.52460830070758,5.86829372403443e-09,3.02423271667526e-07,9.74441441543321,"ENSSSCT00000075080.2","ENSSSCG00000033421",NA,"ENSSSCG00000033421","Significant"
"ENSSSCT00000066754.2",-3.12158457107269,-1.05131074607227,-7.35461852140117,9.81146752018231e-09,4.55039953098185e-07,9.72969858409005,"ENSSSCT00000066754.2","ENSSSCG00000009594","SPTLC1","SPTLC1","Significant"
"ENSSSCT00000044903.3",-1.22773802147814,2.39883583475885,-7.2784480951952,1.23632849590356e-08,5.47319189051188e-07,9.71973749258733,"ENSSSCT00000044903.3","ENSSSCG00000037463","KGD4","KGD4","Significant"
"ENSSSCT00000032587.4",1.03804949804445,2.52515427223725,7.27011149641418,1.26804891815225e-08,5.55691759777366e-07,9.69327933668241,"ENSSSCT00000032587.4","ENSSSCG00000023775","TFB2M","TFB2M","Significant"
"ENSSSCT00000057577.3",-1.85361064688048,2.89222872778978,-7.28621602436899,1.20749309152647e-08,5.36363825015383e-07,9.6835021229527,"ENSSSCT00000057577.3","ENSSSCG00000008529","YPEL5","YPEL5","Significant"
"ENSSSCT00000011314.5",6.51376178899723,-1.94508478532766,7.43608922623381,7.66660289947874e-09,3.74194492417073e-07,9.6512262368337,"ENSSSCT00000011314.5","ENSSSCG00000010336","SFTPA1","SFTPA1","Significant"
"ENSSSCT00000052541.2",1.3448922375668,5.71409046589982,7.42598906098861,7.90441484321173e-09,3.83505270160826e-07,9.64458986728624,"ENSSSCT00000052541.2","ENSSSCG00000009407","ESD","ESD","Significant"
"ENSSSCT00000010119.4",-1.74016179339492,7.05540143421345,-7.47123680794037,6.89395767705518e-09,3.43685926762549e-07,9.63341322425002,"ENSSSCT00000010119.4","ENSSSCG00000009239",NA,"ENSSSCG00000009239","Significant"
"ENSSSCT00000035294.4",2.24459843371819,4.58476583768962,7.33808847393371,1.03157976546539e-08,4.70400373052218e-07,9.62727581479374,"ENSSSCT00000035294.4","ENSSSCG00000016027","ITGAV","ITGAV","Significant"
"ENSSSCT00000000994.5",1.75501525683104,4.30303186400226,7.32366041706135,1.07773579861345e-08,4.87357808293939e-07,9.60123595660154,"ENSSSCT00000000994.5","ENSSSCG00000053891","SOCS2","SOCS2","Significant"
"ENSSSCT00000018187.4",-3.92821261717671,2.32353527160664,-7.21260501921116,1.51043366705608e-08,6.45114795500507e-07,9.57528047187359,"ENSSSCT00000018187.4","ENSSSCG00000016706","HOXA2","HOXA2","Significant"
"ENSSSCT00000086256.1",-3.58323610219537,0.165370334615424,-7.27361451773649,1.25462116909462e-08,5.51289334193542e-07,9.57330598788725,"ENSSSCT00000086256.1","ENSSSCG00000002646","TRAPPC2L","TRAPPC2L","Significant"
"ENSSSCT00000048529.3",-1.0832170669646,1.96905446543935,-7.21233437123488,1.5116786399288e-08,6.45114795500507e-07,9.56842598428,"ENSSSCT00000048529.3","ENSSSCG00000022187","CISD3","CISD3","Significant"
"ENSSSCT00000088999.2",-6.21852964551884,-3.00419450364991,-7.40990878787422,8.29850852579472e-09,3.9796295290932e-07,9.531238363902,"ENSSSCT00000088999.2","ENSSSCG00000021746","MRPL35","MRPL35","Significant"
"ENSSSCT00000082111.2",-4.24027965831827,-3.75007542157502,-7.46794290768388,6.96289727480708e-09,3.46064485896052e-07,9.52357206875623,"ENSSSCT00000082111.2","ENSSSCG00000021793","SMIM14","SMIM14","Significant"
"ENSSSCT00000076001.1",-4.69746494860204,-3.03198816776414,-7.44403485196415,7.48460999592468e-09,3.67512386004711e-07,9.47124702761499,"ENSSSCT00000076001.1","ENSSSCG00000025224","ACYP2","ACYP2","Significant"
"ENSSSCT00000104979.1",1.35864284920455,6.20016208382846,7.38498990678266,8.94881334907087e-09,4.22850884685662e-07,9.44983382262723,"ENSSSCT00000104979.1","ENSSSCG00000003090",NA,"ENSSSCG00000003090","Significant"
"ENSSSCT00000060440.2",1.26476686616406,1.07348052962627,7.16600807809088,1.74079170309406e-08,7.20111923863869e-07,9.44214429332411,"ENSSSCT00000060440.2","ENSSSCG00000011895","PLA1A","PLA1A","Significant"
"ENSSSCT00000064783.1",-2.53821483317812,-4.82978326599299,-7.55743730216843,5.31545866692317e-09,2.81469501729943e-07,9.41089006637767,"ENSSSCT00000064783.1","ENSSSCG00000033674","PRKCB","PRKCB","Significant"
"ENSSSCT00000107881.1",-1.67315422439211,2.39920501696289,-7.17301711548156,1.70399814760714e-08,7.07734466300421e-07,9.40821234316068,"ENSSSCT00000107881.1","ENSSSCG00000063585",NA,"ENSSSCG00000063585","Significant"
"ENSSSCT00000056735.2",1.29969985427056,5.35501413764287,7.33434740317394,1.04335241542243e-08,4.75104220006048e-07,9.40666546203121,"ENSSSCT00000056735.2","ENSSSCG00000038730","ITPRID2","ITPRID2","Significant"
"ENSSSCT00000058991.2",7.55102397892091,1.53244200135292,7.29439732805989,1.17785690734772e-08,5.25346738812107e-07,9.39032725440434,"ENSSSCT00000058991.2","ENSSSCG00000005096","HIF1A","HIF1A","Significant"
"ENSSSCT00000055837.2",1.02982436556228,2.62922049123188,7.16447864579222,1.74892634285421e-08,7.21797398511627e-07,9.35475452305453,"ENSSSCT00000055837.2","ENSSSCG00000011379","KLHDC8B","KLHDC8B","Significant"
"ENSSSCT00000057752.2",-1.00183110123734,1.79493437388995,-7.13326555483668,1.92358339606461e-08,7.79185933405831e-07,9.34472052961371,"ENSSSCT00000057752.2","ENSSSCG00000040577",NA,"ENSSSCG00000040577","Significant"
"ENSSSCT00000101839.1",1.52234496401776,5.12679908810736,7.27760444402812,1.23950178490383e-08,5.47319189051188e-07,9.29922867054259,"ENSSSCT00000101839.1","ENSSSCG00000011662","COPB2","COPB2","Significant"
"ENSSSCT00000018188.4",-4.35173862067772,0.974142689326864,-7.16566111534258,1.74263375024105e-08,7.20111923863869e-07,9.29424607024723,"ENSSSCT00000018188.4","ENSSSCG00000016707","HOXA1","HOXA1","Significant"
"ENSSSCT00000081328.2",1.67911576807515,2.81462531530981,7.12337182586843,1.98253978765185e-08,7.98995392294202e-07,9.26322734594357,"ENSSSCT00000081328.2","ENSSSCG00000010460","RPP30","RPP30","Significant"
"ENSSSCT00000019087.4",-2.53199325796901,-0.134129152107843,-7.18709250903317,1.63246292539836e-08,6.83245458532583e-07,9.24643808055431,"ENSSSCT00000019087.4","ENSSSCG00000017533","HOXB2","HOXB2","Significant"
"ENSSSCT00000067073.2",-1.43912550292125,2.13344666499215,-7.10434954050826,2.10106537044688e-08,8.34386544921437e-07,9.2241299358325,"ENSSSCT00000067073.2","ENSSSCG00000012848","EPS8L2","EPS8L2","Significant"
"ENSSSCT00000099607.1",1.50622945990063,4.44365596178501,7.20792870077866,1.53209087283023e-08,6.52118679082988e-07,9.19015386541994,"ENSSSCT00000099607.1","ENSSSCG00000060530","C1R","C1R","Significant"
"ENSSSCT00000051557.2",-1.33513384898106,5.03155871656407,-7.24083779887726,1.38608764300089e-08,6.02560020165349e-07,9.1702483648376,"ENSSSCT00000051557.2","ENSSSCG00000024841","SLC35A2","SLC35A2","Significant"
"ENSSSCT00000080728.1",-1.20345814891329,7.2157425667779,-7.32588930478474,1.07047155846321e-08,4.85419397665293e-07,9.15809484367217,"ENSSSCT00000080728.1","ENSSSCG00000038912",NA,"ENSSSCG00000038912","Significant"
"ENSSSCT00000062071.3",1.1879831806875,5.11032717123856,7.22889906343948,1.43735695842773e-08,6.21532974437372e-07,9.12701248216594,"ENSSSCT00000062071.3","ENSSSCG00000001779","ZFAND6","ZFAND6","Significant"
"ENSSSCT00000068540.1",3.86386078644839,2.43657747627188,7.06037312149932,2.40318766939874e-08,9.26164666348423e-07,9.11420729749416,"ENSSSCT00000068540.1","ENSSSCG00000026488","UBE2E1","UBE2E1","Significant"
"ENSSSCT00000040206.2",-1.04948246318162,4.50661647861292,-7.19011877459208,1.61748277089629e-08,6.7784586455402e-07,9.069514999906,"ENSSSCT00000040206.2","ENSSSCG00000003106","AP2S1","AP2S1","Significant"
"ENSSSCT00000054656.2",-1.0104662172405,4.99712603338678,-7.20362870656149,1.55228174872033e-08,6.58992111136428e-07,9.02806437035929,"ENSSSCT00000054656.2","ENSSSCG00000033636","AFMID","AFMID","Significant"
"ENSSSCT00000022255.4",5.30970077648418,-2.88605032689335,7.19628991072483,1.58736381875914e-08,6.68661627219934e-07,9.02500585903772,"ENSSSCT00000022255.4","ENSSSCG00000005507","PSMD5","PSMD5","Significant"
"ENSSSCT00000046237.3",5.46043049931121,-2.70478823036721,7.22134370784914,1.47078725468362e-08,6.3386731897644e-07,9.01186399931448,"ENSSSCT00000046237.3","ENSSSCG00000016856","C9","C9","Significant"
"ENSSSCT00000013040.5",1.04971940308563,3.76777699854777,7.1024219490167,2.11346798377863e-08,8.37272298215292e-07,9.00291842171054,"ENSSSCT00000013040.5","ENSSSCG00000011916","ATP6V1A","ATP6V1A","Significant"
"ENSSSCT00000082482.2",4.92156880655107,-3.37768029806855,7.24008179406334,1.38927876071537e-08,6.03143072095392e-07,8.99720500049044,"ENSSSCT00000082482.2","ENSSSCG00000009466","UCHL3","UCHL3","Significant"
"ENSSSCT00000091792.1",-6.68479943408896,-2.74366155082958,-7.18433791092658,1.64622001123927e-08,6.87238889199043e-07,8.98874160247037,"ENSSSCT00000091792.1","ENSSSCG00000008801","SLC30A9","SLC30A9","Significant"
"ENSSSCT00000080650.2",5.80932911631115,0.684224997763537,7.13946091414246,1.88756927386936e-08,7.67360456424398e-07,8.98748886790893,"ENSSSCT00000080650.2","ENSSSCG00000020715","GOLGA7","GOLGA7","Significant"
"ENSSSCT00000092573.1",-1.0522142903706,2.88912428889647,-7.05301720499044,2.45784308626159e-08,9.41662937537871e-07,8.97312768765859,"ENSSSCT00000092573.1","ENSSSCG00000060532",NA,"ENSSSCG00000060532","Significant"
"ENSSSCT00000018207.5",-2.5267942616489,-1.74727692574486,-7.13322398495766,1.92382737207611e-08,7.79185933405831e-07,8.95522369969656,"ENSSSCT00000018207.5","ENSSSCG00000016726","ADCY1","ADCY1","Significant"
"ENSSSCT00000062966.3",-1.02820051140168,5.50454205780639,-7.20306364818403,1.55495490278728e-08,6.59268526014e-07,8.95306595886922,"ENSSSCT00000062966.3","ENSSSCG00000039119","PDXDC1","PDXDC1","Significant"
"ENSSSCT00000042197.3",1.38030512155567,2.36018228695882,7.00384898433832,2.85681836056954e-08,1.05593143156893e-06,8.94179972277302,"ENSSSCT00000042197.3","ENSSSCG00000016949","TRAPPC13","TRAPPC13","Significant"
"ENSSSCT00000042377.3",-3.81699893344962,4.58296961902244,-7.05658794663193,2.43115717779572e-08,9.34734063972307e-07,8.93257044360922,"ENSSSCT00000042377.3","ENSSSCG00000009821","ARPC3","ARPC3","Significant"
"ENSSSCT00000064824.3",1.90665931411086,3.52581935012792,7.03300673481877,2.61295271555841e-08,9.83749542010006e-07,8.89854299668849,"ENSSSCT00000064824.3","ENSSSCG00000053522","ATP6V1G1","ATP6V1G1","Significant"
"ENSSSCT00000041837.3",-1.13410541782837,2.61982096064661,-7.01490764288986,2.76173569594672e-08,1.02789532683387e-06,8.89824367233319,"ENSSSCT00000041837.3","ENSSSCG00000017734","RHBDL3","RHBDL3","Significant"
"ENSSSCT00000059040.3",-1.04061915296342,6.87059505343878,-7.22978957566819,1.43346755934199e-08,6.20674320116682e-07,8.89165393660649,"ENSSSCT00000059040.3","ENSSSCG00000016216","TUBA4A","TUBA4A","Significant"
"ENSSSCT00000078279.2",-1.13505258403897,5.05013429236995,-7.15444618932976,1.80324578067258e-08,7.41400068512594e-07,8.86509752010712,"ENSSSCT00000078279.2","ENSSSCG00000008664","LRATD1","LRATD1","Significant"
"ENSSSCT00000081516.1",1.26849396283843,3.43119950236162,7.04106790645658,2.54931352781248e-08,9.6648625884649e-07,8.84943225783033,"ENSSSCT00000081516.1","ENSSSCG00000026753","OSBPL11","OSBPL11","Significant"
"ENSSSCT00000032275.4",1.89757021904905,3.38708068656051,6.97631175676063,3.10818101617274e-08,1.12724286820129e-06,8.81437158873527,"ENSSSCT00000032275.4","ENSSSCG00000024864","ATXN10","ATXN10","Significant"
"ENSSSCT00000044478.3",-1.6814044056579,3.37225542985182,-7.01929764311297,2.72488098535533e-08,1.01649908062386e-06,8.81412778359675,"ENSSSCT00000044478.3","ENSSSCG00000038493","PFDN1","PFDN1","Significant"
"ENSSSCT00000106799.1",1.02862470500236,2.93542001470532,6.99050134428754,2.9759896694769e-08,1.09021536161376e-06,8.80543739228879,"ENSSSCT00000106799.1","ENSSSCG00000060358",NA,"ENSSSCG00000060358","Significant"
"ENSSSCT00000005966.5",1.91195619739358,6.20732690871645,7.16680420064591,1.7365724611261e-08,7.1943085797402e-07,8.79770371445182,"ENSSSCT00000005966.5","ENSSSCG00000005423","ABCA1","ABCA1","Significant"
"ENSSSCT00000065553.2",-1.47401709645413,3.43981135353947,-7.02232216695839,2.6997785631069e-08,1.0094447278846e-06,8.79706341941429,"ENSSSCT00000065553.2","ENSSSCG00000030388","UPP1","UPP1","Significant"
"ENSSSCT00000075770.2",6.60686397474796,1.50769925093,7.04271825267177,2.53647881059287e-08,9.64986641080161e-07,8.79051297432408,"ENSSSCT00000075770.2","ENSSSCG00000013285","API5","API5","Significant"
"ENSSSCT00000060621.3",1.63048921527697,4.15342196942989,7.03352125191673,2.60884339533385e-08,9.8333791978572e-07,8.75943911228799,"ENSSSCT00000060621.3","ENSSSCG00000005041","FERMT2","FERMT2","Significant"
"ENSSSCT00000043520.3",-1.24099841869489,4.12110334717671,-7.07021173279402,2.33199643061796e-08,9.08392014622078e-07,8.75724742836891,"ENSSSCT00000043520.3","ENSSSCG00000034440","MMP28","MMP28","Significant"
"ENSSSCT00000047696.3",1.15651229429399,4.73303626659327,7.08447241470585,2.23256550216151e-08,8.73836322118535e-07,8.73217291694979,"ENSSSCT00000047696.3","ENSSSCG00000000458","MON2","MON2","Significant"
"ENSSSCT00000073575.2",1.8425037442068,0.518495158748239,6.94464032541451,3.42499069949031e-08,1.21378692137154e-06,8.73130007737013,"ENSSSCT00000073575.2","ENSSSCG00000047186",NA,"ENSSSCG00000047186","Significant"
"ENSSSCT00000023133.3",-1.24356553280674,4.86944962005941,-7.09602144730019,2.15518268661696e-08,8.51728197751024e-07,8.72095949047127,"ENSSSCT00000023133.3","ENSSSCG00000027404","UNC93A","UNC93A","Significant"
"ENSSSCT00000007472.4",-1.66541767872449,3.87221666667043,-7.02754858312283,2.65694958885308e-08,9.95714763160527e-07,8.71828134231463,"ENSSSCT00000007472.4","ENSSSCG00000006821","GSTM3","GSTM3","Significant"
"ENSSSCT00000085258.2",6.61495973061182,2.04338878129524,6.97777914830134,3.09424059717233e-08,1.12547437174266e-06,8.71028204431818,"ENSSSCT00000085258.2","ENSSSCG00000007845","UQCRC2","UQCRC2","Significant"
"ENSSSCT00000004920.5",2.24171863322136,1.60631210866379,6.90877865611449,3.82321601969928e-08,1.32467731250027e-06,8.69102164224245,"ENSSSCT00000004920.5","ENSSSCG00000004454","ME1","ME1","Significant"
"ENSSSCT00000071934.2",4.30825647740386,-1.99767162056591,7.10350851013414,2.10646771927769e-08,8.35514276390875e-07,8.67279387010875,"ENSSSCT00000071934.2","ENSSSCG00000024385","RNASEH2B","RNASEH2B","Significant"
"ENSSSCT00000017775.4",-1.23035227390865,4.95438111793981,-7.08712821180348,2.21452609827415e-08,8.6990854106181e-07,8.66305609257081,"ENSSSCT00000017775.4","ENSSSCG00000016322","ACKR3","ACKR3","Significant"
"ENSSSCT00000032115.3",-3.30151937991171,-4.2422843361901,-7.21439129553384,1.50224276103853e-08,6.42770642793965e-07,8.6541384585151,"ENSSSCT00000032115.3","ENSSSCG00000025013","RTN1","RTN1","Significant"
"ENSSSCT00000014533.5",-1.15950430887696,5.3035197190126,-7.08824443436921,2.20698814818657e-08,8.67993263974365e-07,8.65411770870082,"ENSSSCT00000014533.5","ENSSSCG00000013307","LMO2","LMO2","Significant"
"ENSSSCT00000068434.2",12.1371855134375,-0.777027381384811,7.06042181653992,2.40282997311631e-08,9.26164666348423e-07,8.65390106952457,"ENSSSCT00000068434.2","ENSSSCG00000005055","LGALS3","LGALS3","Significant"
"ENSSSCT00000094250.1",2.56789776134059,0.0156991996039671,6.9545757541827,3.32224988959316e-08,1.18982434917982e-06,8.65386495372016,"ENSSSCT00000094250.1","ENSSSCG00000036385","BET1","BET1","Significant"
"ENSSSCT00000070206.2",2.03534038974423,5.01182922062101,7.04847536104277,2.49221384656067e-08,9.53710566352867e-07,8.64804094028333,"ENSSSCT00000070206.2","ENSSSCG00000017168","SEPTIN9","SEPTIN9","Significant"
"ENSSSCT00000041555.3",3.15521956648819,0.833582501082985,6.91972161423062,3.69698696817942e-08,1.28916110278633e-06,8.6407444793119,"ENSSSCT00000041555.3","ENSSSCG00000029753","CYTIP","CYTIP","Significant"
"ENSSSCT00000042803.2",1.10500497912183,4.2127259988101,7.00974257128338,2.80574140369794e-08,1.04189513355544e-06,8.62540994268003,"ENSSSCT00000042803.2","ENSSSCG00000006983","CNOT7","CNOT7","Significant"
"ENSSSCT00000080944.2",-2.06618660113477,0.424900834844233,-6.8989770242899,3.93996380272894e-08,1.35504831038159e-06,8.60015561864491,"ENSSSCT00000080944.2","ENSSSCG00000040954","CSTF3","CSTF3","Significant"
"ENSSSCT00000100256.1",-4.64136456973409,-3.99933363212775,-7.11701030869764,2.021407498981e-08,8.11649878039119e-07,8.51210344376957,"ENSSSCT00000100256.1","ENSSSCG00000013754","CACNA1A","CACNA1A","Significant"
"ENSSSCT00000036607.2",-3.01376746064653,-4.33481931973982,-7.15874869898724,1.77974493681985e-08,7.32794946987274e-07,8.50561359120445,"ENSSSCT00000036607.2","ENSSSCG00000016448","KCNH2","KCNH2","Significant"
"ENSSSCT00000071764.2",-1.27914748004122,2.21206120215725,-6.86109178260292,4.42601834840631e-08,1.48922499722848e-06,8.49106424782679,"ENSSSCT00000071764.2","ENSSSCG00000003359","TPRG1L","TPRG1L","Significant"
"ENSSSCT00000068778.2",5.04853637008666,0.839730850327548,6.90625150939585,3.85297924876687e-08,1.33357256291715e-06,8.4887344007353,"ENSSSCT00000068778.2","ENSSSCG00000013065","ASRGL1","ASRGL1","Significant"
"ENSSSCT00000004552.4",1.41964197080355,3.74625636089854,6.93105904199528,3.57063483386644e-08,1.2599240056643e-06,8.4627384483688,"ENSSSCT00000004552.4","ENSSSCG00000052303","RAB32","RAB32","Significant"
"ENSSSCT00000045641.3",-2.41327816218712,3.48558402782211,-6.88744184682395,4.08197128714349e-08,1.39798941014734e-06,8.46012238035526,"ENSSSCT00000045641.3","ENSSSCG00000038126","MGAT3","MGAT3","Significant"
"ENSSSCT00000102696.1",-4.55539133333982,-1.38080983644328,-6.92341827221189,3.65530131101569e-08,1.27872793931712e-06,8.45949070645344,"ENSSSCT00000102696.1","ENSSSCG00000017626","SRSF1","SRSF1","Significant"
"ENSSSCT00000083961.1",1.38169065188227,4.11056476434826,6.95743257684013,3.29328704809069e-08,1.1812357636518e-06,8.45813726470188,"ENSSSCT00000083961.1","ENSSSCG00000016067","STK17B","STK17B","Significant"
"ENSSSCT00000073836.2",6.32377268043681,-2.32976764901697,7.00147008248969,2.87769984523372e-08,1.06136341350679e-06,8.44890307927199,"ENSSSCT00000073836.2","ENSSSCG00000015336","SLC25A13","SLC25A13","Significant"
"ENSSSCT00000097541.1",1.19430508242154,1.29301711528158,6.82193347795411,4.99204326131072e-08,1.63414235433509e-06,8.43371799856802,"ENSSSCT00000097541.1","ENSSSCG00000015056","REXO2","REXO2","Significant"
"ENSSSCT00000051583.2",4.21176417863214,-1.05799501481002,6.92938217842629,3.58904506367015e-08,1.2636849379687e-06,8.39024234650124,"ENSSSCT00000051583.2","ENSSSCG00000008509","RASGRP3","RASGRP3","Significant"
"ENSSSCT00000016926.4",1.39134133982235,4.43262702048254,6.94252555142532,3.44726939687962e-08,1.22035582427647e-06,8.35248200926929,"ENSSSCT00000016926.4","ENSSSCG00000015537","XPR1","XPR1","Significant"
"ENSSSCT00000048715.3",-1.40200380581091,3.55007357518171,-6.87640184628252,4.22271179706393e-08,1.44164707258086e-06,8.34148358555369,"ENSSSCT00000048715.3","ENSSSCG00000007199","SLC52A3","SLC52A3","Significant"
"ENSSSCT00000000111.4",1.17643991393357,3.63564617628491,6.87964054126303,4.18092472298307e-08,1.42887704054654e-06,8.33856188459124,"ENSSSCT00000000111.4","ENSSSCG00000000105","KDELR3","KDELR3","Significant"
"ENSSSCT00000016350.5",-1.87658714406468,-1.01484448305038,-6.89602201177089,3.97586109310703e-08,1.36451552715433e-06,8.33479659558606,"ENSSSCT00000016350.5","ENSSSCG00000014987","MMP12","MMP12","Significant"
"ENSSSCT00000044846.3",1.06108582321473,3.4293689765234,6.86130704119705,4.42309259187886e-08,1.48922499722848e-06,8.33076319365262,"ENSSSCT00000044846.3","ENSSSCG00000038041","FYB2","FYB2","Significant"
"ENSSSCT00000080113.2",1.99314582420381,2.78858898959207,6.80475113014952,5.2629162129586e-08,1.70315488767286e-06,8.31777244922318,"ENSSSCT00000080113.2","ENSSSCG00000009505","MBNL2","MBNL2","Significant"
"ENSSSCT00000074170.2",1.15026890615346,1.68389011508868,6.78183317907647,5.64739849612334e-08,1.78938562262007e-06,8.31167254008008,"ENSSSCT00000074170.2","ENSSSCG00000016086","C2orf69","C2orf69","Significant"
"ENSSSCT00000046375.2",6.88859181285873,-2.07499693127558,6.92635065791736,3.62257120327073e-08,1.27000334958536e-06,8.311604453616,"ENSSSCT00000046375.2","ENSSSCG00000034798","JKAMP","JKAMP","Significant"
"ENSSSCT00000001068.5",-2.29004752618673,-1.16244831889582,-6.83792737791358,4.75253616791932e-08,1.57631423416929e-06,8.29885296661107,"ENSSSCT00000001068.5","ENSSSCG00000000978","MLC1","MLC1","Significant"
"ENSSSCT00000089332.2",2.64505151898673,-2.49132304217986,6.95964408816151,3.27104133830306e-08,1.1758437904524e-06,8.29015904409135,"ENSSSCT00000089332.2","ENSSSCG00000052306","CYP3A29","CYP3A29","Significant"
"ENSSSCT00000038830.3",1.41962332956396,1.91722523175397,6.77209630288056,5.81919721874998e-08,1.83454302383199e-06,8.27971333596027,"ENSSSCT00000038830.3","ENSSSCG00000027718","POLN","POLN","Significant"
"ENSSSCT00000000139.4",-1.21681722893935,3.38694001406267,-6.85940891157399,4.44895894446439e-08,1.49386052961192e-06,8.27961991560255,"ENSSSCT00000000139.4","ENSSSCG00000000133","TST","TST","Significant"
"ENSSSCT00000098725.1",-1.90719028514913,-1.60137542945222,-6.9280333539198,3.60392317134644e-08,1.26618869696745e-06,8.27093099307655,"ENSSSCT00000098725.1","ENSSSCG00000029513","TEX28","TEX28","Significant"
"ENSSSCT00000019029.4",-1.53428287002564,3.47117019161126,-6.85164052379718,4.55641901227281e-08,1.52054744601988e-06,8.24521466866895,"ENSSSCT00000019029.4","ENSSSCG00000017478","RAPGEFL1","RAPGEFL1","Significant"
"ENSSSCT00000049154.3",-1.21643296231921,3.13504435746484,-6.83656843058931,4.77242832095092e-08,1.58130338390532e-06,8.24437146394273,"ENSSSCT00000049154.3","ENSSSCG00000042026",NA,"ENSSSCG00000042026","Significant"
"ENSSSCT00000002166.4",1.01422766738889,3.2894072866416,6.83438725536837,4.80453168118744e-08,1.58871146991314e-06,8.23588833085698,"ENSSSCT00000002166.4","ENSSSCG00000001934",NA,"ENSSSCG00000001934","Significant"
"ENSSSCT00000105179.1",-3.85767022714438,-4.34941191721145,-7.00039923441643,2.88714968039911e-08,1.06364551615517e-06,8.2065084408368,"ENSSSCT00000105179.1","ENSSSCG00000033123","TMEM97","TMEM97","Significant"
"ENSSSCT00000075054.1",-4.81305366176128,-0.606945501526241,-6.8067268974418,5.2310304263552e-08,1.69970062787024e-06,8.17459002442748,"ENSSSCT00000075054.1","ENSSSCG00000039550","EMC4","EMC4","Significant"
"ENSSSCT00000102740.1",-3.11922024533013,-4.60363743681089,-7.01944252687959,2.72367315423336e-08,1.01649908062386e-06,8.17167617629729,"ENSSSCT00000102740.1","ENSSSCG00000054840","TPH1","TPH1","Significant"
"ENSSSCT00000031030.4",-1.44210216965023,10.9888753846247,-7.05505699283701,2.44256277742986e-08,9.3801315424409e-07,8.11546460003992,"ENSSSCT00000031030.4","ENSSSCG00000024610","KRT4","KRT4","Significant"
"ENSSSCT00000010836.4",-1.2226849674235,3.50883149637154,-6.8100164304025,5.17837358339016e-08,1.68667025287565e-06,8.10969528189842,"ENSSSCT00000010836.4","ENSSSCG00000009886","TRAFD1","TRAFD1","Significant"
"ENSSSCT00000015758.5",3.29192342982496,-1.79134096719847,6.84069257113299,4.71231702409939e-08,1.56775902299731e-06,8.09964027693744,"ENSSSCT00000015758.5","ENSSSCG00000014418","STK32A","STK32A","Significant"
"ENSSSCT00000093736.1",4.90354446894747,-0.973989907307287,6.82545577806391,4.93827391517299e-08,1.61979358883602e-06,8.09758720218978,"ENSSSCT00000093736.1","ENSSSCG00000016856","C9","C9","Significant"
"ENSSSCT00000006768.5",2.07667388146157,2.31200045893384,6.71330282131557,6.97438653566711e-08,2.11922552291603e-06,8.08968995590565,"ENSSSCT00000006768.5","ENSSSCG00000006174","JPH1","JPH1","Significant"
"ENSSSCT00000058094.3",3.21708755879636,-1.92936420339568,6.85584592082575,4.49792510237639e-08,1.50719784211593e-06,8.0895729764296,"ENSSSCT00000058094.3","ENSSSCG00000037156","RBPJL","RBPJL","Significant"
"ENSSSCT00000041901.3",1.10656484589947,9.37177404200906,7.01366170725321,2.77228679252933e-08,1.03064582193416e-06,8.0654228635201,"ENSSSCT00000041901.3","ENSSSCG00000025770","ST6GAL1","ST6GAL1","Significant"
"ENSSSCT00000063381.3",5.61003292992403,1.0465130560404,6.78008943064043,5.677785550404e-08,1.79552395815104e-06,8.0508743182282,"ENSSSCT00000063381.3","ENSSSCG00000022358","RAB28","RAB28","Significant"
"ENSSSCT00000046335.3",-2.06387426907367,2.02317410171158,-6.6972004525723,7.32928488571772e-08,2.20208777547373e-06,8.04376772772312,"ENSSSCT00000046335.3","ENSSSCG00000022714","OSER1","OSER1","Significant"
"ENSSSCT00000042977.3",3.82148815461496,-0.932223279205679,6.76221554818497,5.99891675157748e-08,1.88247046937856e-06,8.03557303423237,"ENSSSCT00000042977.3","ENSSSCG00000036695","IGF2BP3","IGF2BP3","Significant"
"ENSSSCT00000013270.5",4.93377768949165,-3.24850209154951,6.86667968041697,4.35069652130798e-08,1.47300217425468e-06,8.00237419502539,"ENSSSCT00000013270.5","ENSSSCG00000012131","MOSPD2","MOSPD2","Significant"
"ENSSSCT00000096153.1",-2.80383914220633,2.7365907314447,-6.69602490079185,7.35589538993169e-08,2.2043346810049e-06,8.00018760592345,"ENSSSCT00000096153.1","ENSSSCG00000005233","DMRT2","DMRT2","Significant"
"ENSSSCT00000084121.2",-5.66143833642477,-2.07302138085296,-6.80252111334493,5.29914043071289e-08,1.71062549111845e-06,7.99903571054547,"ENSSSCT00000084121.2","ENSSSCG00000028458","METTL5","METTL5","Significant"
"ENSSSCT00000078363.1",-6.65668990846949,-2.5429829565117,-6.79543126498657,5.41598427192442e-08,1.73308513530181e-06,7.99667757110689,"ENSSSCT00000078363.1","ENSSSCG00000034261","TMEM59","TMEM59","Significant"
"ENSSSCT00000068153.2",1.14270181165547,3.61201411387188,6.75769090954151,6.08307040751777e-08,1.90521063944966e-06,7.98858123121195,"ENSSSCT00000068153.2","ENSSSCG00000040056",NA,"ENSSSCG00000040056","Significant"
"ENSSSCT00000043790.3",-4.18024015953728,1.85653403258238,-6.67133671290637,7.93778069575817e-08,2.34635903721214e-06,7.97862828326954,"ENSSSCT00000043790.3","ENSSSCG00000034039","SLC11A2","SLC11A2","Significant"
"ENSSSCT00000041609.3",-1.15605656916529,4.47916010295862,-6.83051280283397,4.86209473701542e-08,1.60124986672374e-06,7.96827101001381,"ENSSSCT00000041609.3","ENSSSCG00000009844","HSPB8","HSPB8","Significant"
"ENSSSCT00000074944.2",7.27454702423793,1.32868557686584,6.75018772685323,6.22525043625494e-08,1.94042127364872e-06,7.95808529192638,"ENSSSCT00000074944.2","ENSSSCG00000009644","ADAM28","ADAM28","Significant"
"ENSSSCT00000065640.3",-1.3571945376319,4.11354839670225,-6.82790258475967,4.90126616014992e-08,1.61176159474233e-06,7.94132751664538,"ENSSSCT00000065640.3","ENSSSCG00000008873","GASK1B","GASK1B","Significant"
"ENSSSCT00000049228.3",1.57458071567019,-2.35919455719174,6.84579545659559,4.63899463908427e-08,1.54494158542087e-06,7.93650362820393,"ENSSSCT00000049228.3","ENSSSCG00000040920","PRKACB","PRKACB","Significant"
"ENSSSCT00000050384.2",2.40363732401132,1.11525102167308,6.64643673591725,8.57161673377293e-08,2.49916829425505e-06,7.91378356993181,"ENSSSCT00000050384.2","ENSSSCG00000014994","PDGFD","PDGFD","Significant"
"ENSSSCT00000074603.1",5.05183528774956,0.930965174434753,6.69172181727415,7.45413487039508e-08,2.2296753515079e-06,7.89654752676886,"ENSSSCT00000074603.1","ENSSSCG00000035634","PLSCR1","PLSCR1","Significant"
"ENSSSCT00000071172.1",-5.6793899708254,-0.655749516706756,-6.73672454834626,6.48881071328811e-08,2.00722186428886e-06,7.89350841356422,"ENSSSCT00000071172.1","ENSSSCG00000005241",NA,"ENSSSCG00000005241","Significant"
"ENSSSCT00000050856.3",3.19646110180347,4.73510883766263,6.68545075083306,7.59967322113895e-08,2.26282872787228e-06,7.89118073457771,"ENSSSCT00000050856.3","ENSSSCG00000025295","NDFIP1","NDFIP1","Significant"
"ENSSSCT00000038890.3",-2.31683114072118,-0.454475693990807,-6.69502716117581,7.37855711719385e-08,2.20909528235986e-06,7.88359079803826,"ENSSSCT00000038890.3","ENSSSCG00000040481","DMRT3","DMRT3","Significant"
"ENSSSCT00000023162.4",2.22311959509369,3.66691569680196,6.70154261254518,7.23183034181892e-08,2.17918265337222e-06,7.88261909334633,"ENSSSCT00000023162.4","ENSSSCG00000025393","SUSD2","SUSD2","Significant"
"ENSSSCT00000018387.3",-2.35468665124238,0.586986575279054,-6.64498578208235,8.61008401029973e-08,2.5019891182871e-06,7.88040564840296,"ENSSSCT00000018387.3","ENSSSCG00000016883","ISL1","ISL1","Significant"
"ENSSSCT00000037937.3",1.63052478717046,4.23590484369568,6.76231626226851,5.99705697015942e-08,1.88247046937856e-06,7.86454762691703,"ENSSSCT00000037937.3","ENSSSCG00000004612","RAB27A","RAB27A","Significant"
"ENSSSCT00000050083.2",1.83988540249838,-0.77206753068976,6.68759402225303,7.54961342405018e-08,2.24997802630468e-06,7.84049312132014,"ENSSSCT00000050083.2","ENSSSCG00000035958","EVA1A","EVA1A","Significant"
"ENSSSCT00000010224.3",1.66265193650906,-0.391706571686456,6.66140541725094,8.18472599397824e-08,2.40409735412312e-06,7.82274568279234,"ENSSSCT00000010224.3","ENSSSCG00000009330","ALOX5AP","ALOX5AP","Significant"
"ENSSSCT00000017369.5",1.1631806267353,4.26345445136537,6.74127247284181,6.3985453407054e-08,1.981179224011e-06,7.81433481385121,"ENSSSCT00000017369.5","ENSSSCG00000015952","HAT1","HAT1","Significant"
"ENSSSCT00000090442.2",-1.39315625550341,1.59294780489417,-6.61261794924708,9.51486411688966e-08,2.69056920786705e-06,7.8081902973851,"ENSSSCT00000090442.2","ENSSSCG00000045808",NA,"ENSSSCG00000045808","Significant"
"ENSSSCT00000054843.3",1.54903930299801,3.86369804820067,6.71434327551146,6.95205892726214e-08,2.11459020027995e-06,7.80297336386995,"ENSSSCT00000054843.3","ENSSSCG00000035863","PLIN2","PLIN2","Significant"
"ENSSSCT00000028268.3",-3.46720563108249,-3.97690354766943,-6.86489857025705,4.37456364051792e-08,1.47954639974529e-06,7.78872944927108,"ENSSSCT00000028268.3","ENSSSCG00000026512",NA,"ENSSSCG00000026512","Significant"
"ENSSSCT00000053492.2",-2.54206981154194,-4.07303573338629,-6.86151416227084,4.42027927856545e-08,1.48922499722848e-06,7.78276940535026,"ENSSSCT00000053492.2","ENSSSCG00000015911","SCN3A","SCN3A","Significant"
"ENSSSCT00000082106.2",2.9218423861865,-2.74463254683744,6.76942269007955,5.86728520396635e-08,1.84471520530491e-06,7.73954697791532,"ENSSSCT00000082106.2","ENSSSCG00000061973",NA,"ENSSSCG00000061973","Significant"
"ENSSSCT00000044991.2",1.40859557875188,-0.115774675770731,6.62059014774598,9.28350255534502e-08,2.64610406112911e-06,7.72729532618235,"ENSSSCT00000044991.2","ENSSSCG00000031915","ZFP82","ZFP82","Significant"
"ENSSSCT00000098211.1",-4.73648239846826,-2.99524646830589,-6.75809012773041,6.07559778219225e-08,1.90469990471727e-06,7.67825616570188,"ENSSSCT00000098211.1","ENSSSCG00000008467","EML4","EML4","Significant"
"ENSSSCT00000097936.1",-3.26062667669629,-0.314744803719444,-6.58877591760389,1.02419895075695e-07,2.85878106621105e-06,7.67190212410914,"ENSSSCT00000097936.1","ENSSSCG00000027089","DONSON","DONSON","Significant"
"ENSSSCT00000056158.2",-1.04185311463025,0.674348362187358,-6.56699616223112,1.09549904604107e-07,3.01089472606947e-06,7.66525438084046,"ENSSSCT00000056158.2","ENSSSCG00000037263","SIAH1","SIAH1","Significant"
"ENSSSCT00000076692.2",1.27241611453113,4.00747362584707,6.68276396761004,7.66289989607889e-08,2.27542065766627e-06,7.66172144171754,"ENSSSCT00000076692.2","ENSSSCG00000009043","ABCE1","ABCE1","Significant"
"ENSSSCT00000060601.3",-1.0198750412064,5.06617383896744,-6.75688178300378,6.09824415766436e-08,1.90813006253828e-06,7.62945625171083,"ENSSSCT00000060601.3","ENSSSCG00000006418",NA,"ENSSSCG00000006418","Significant"
"ENSSSCT00000083486.2",1.43301677358462,0.345475527181945,6.56889847365674,1.08907730255802e-07,2.99718414226286e-06,7.62664240805445,"ENSSSCT00000083486.2","ENSSSCG00000044237",NA,"ENSSSCG00000044237","Significant"
"ENSSSCT00000017985.5",2.59565827005466,1.3589552816666,6.54733295950239,1.16415068110454e-07,3.1551096264948e-06,7.62300521495935,"ENSSSCT00000017985.5","ENSSSCG00000016517","SVOPL","SVOPL","Significant"
"ENSSSCT00000082406.2",-1.08552464643524,1.89723949906068,-6.55777851715351,1.12715912704405e-07,3.07698535965741e-06,7.60730373712101,"ENSSSCT00000082406.2","ENSSSCG00000007188",NA,"ENSSSCG00000007188","Significant"
"ENSSSCT00000062855.3",1.23874934301261,6.32628159380635,6.78646116316069,5.56754170945111e-08,1.77096712092628e-06,7.59828101099154,"ENSSSCT00000062855.3","ENSSSCG00000004241","GJA1","GJA1","Significant"
"ENSSSCT00000061846.3",1.16664391991247,3.17279628697399,6.58671739169941,1.03073328204138e-07,2.86985720987851e-06,7.59552673515748,"ENSSSCT00000061846.3","ENSSSCG00000009524","TMTC4","TMTC4","Significant"
"ENSSSCT00000083143.1",-1.23267308678214,-0.900392783558082,-6.59948217214709,9.90880277686015e-08,2.77787279223343e-06,7.55530049272695,"ENSSSCT00000083143.1","ENSSSCG00000048962",NA,"ENSSSCG00000048962","Significant"
"ENSSSCT00000058631.2",1.6544073236462,0.565608082425318,6.53762598671337,1.19962048042221e-07,3.22030725023855e-06,7.54867391332888,"ENSSSCT00000058631.2","ENSSSCG00000038579","DKKL1","DKKL1","Significant"
"ENSSSCT00000042294.2",-2.86596807929519,-2.66333751600834,-6.65226120998305,8.41893254021534e-08,2.46844313436314e-06,7.53963086819298,"ENSSSCT00000042294.2","ENSSSCG00000040720","SLC26A9","SLC26A9","Significant"
"ENSSSCT00000007360.6",2.82121192736999,-0.24490005839104,6.5688223403602,1.08933358133403e-07,2.99718414226286e-06,7.53244014552629,"ENSSSCT00000007360.6","ENSSSCG00000006719",NA,"ENSSSCG00000006719","Significant"
"ENSSSCT00000074047.1",1.22565119728332,5.33715015679515,6.71480534535743,6.94216623546609e-08,2.11459020027995e-06,7.50684975294648,"ENSSSCT00000074047.1","ENSSSCG00000012913","PPP1CA","PPP1CA","Significant"
"ENSSSCT00000005334.5",1.06881119449052,4.1405999525963,6.6433553402202,8.65351714927748e-08,2.51013588198437e-06,7.50023090866584,"ENSSSCT00000005334.5","ENSSSCG00000004832","UBE3A","UBE3A","Significant"
"ENSSSCT00000018356.5",5.0229553437759,1.39886065809276,6.54161044495634,1.18493140525419e-07,3.19561879000492e-06,7.48117889761881,"ENSSSCT00000018356.5","ENSSSCG00000016856","C9","C9","Significant"
"ENSSSCT00000022546.3",-1.33551111396328,2.08146681869716,-6.51458973798002,1.28820834301674e-07,3.42025609248517e-06,7.4638193714146,"ENSSSCT00000022546.3","ENSSSCG00000020941","LTB4R2","LTB4R2","Significant"
"ENSSSCT00000050941.3",5.79020384712745,-2.27121399396132,6.64928773502934,8.4965348766379e-08,2.48449348087805e-06,7.44265679199883,"ENSSSCT00000050941.3","ENSSSCG00000006108","TMEM67","TMEM67","Significant"
"ENSSSCT00000051354.2",-1.4720919640391,5.95881356333725,-6.72371186551091,6.75422699492485e-08,2.07358584691648e-06,7.43557702501365,"ENSSSCT00000051354.2","ENSSSCG00000033760","LTBP4","LTBP4","Significant"
"ENSSSCT00000079683.1",6.19262228865684,-0.843160565185175,6.57194158511862,1.07888312988009e-07,2.9759649379535e-06,7.4330226794698,"ENSSSCT00000079683.1","ENSSSCG00000033885","PDCL3","PDCL3","Significant"
"ENSSSCT00000000203.3",-8.645135292987,-1.69376003389979,-6.59243343523142,1.0126915985381e-07,2.83171499817635e-06,7.42886935394313,"ENSSSCT00000000203.3","ENSSSCG00000000190","TUBA1B","TUBA1B","Significant"
"ENSSSCT00000064961.3",2.42924706102538,1.49646030035165,6.48104139207393,1.42912359062089e-07,3.69216684220312e-06,7.42633790757332,"ENSSSCT00000064961.3","ENSSSCG00000032332","SOCS4","SOCS4","Significant"
"ENSSSCT00000103637.1",-5.31657552487172,-2.18845935053812,-6.58293898075967,1.04283633480713e-07,2.89367113702567e-06,7.42501676401888,"ENSSSCT00000103637.1","ENSSSCG00000027127","MAP2K2","MAP2K2","Significant"
"ENSSSCT00000060965.3",1.09748616751511,4.42271502844484,6.63115853724943,8.98549762402908e-08,2.57663293345509e-06,7.41373268389978,"ENSSSCT00000060965.3","ENSSSCG00000011963","TOMM70","TOMM70","Significant"
"ENSSSCT00000107919.1",-1.59379673576006,3.62494312325802,-6.58619448381284,1.03239980545167e-07,2.87192300655409e-06,7.40839189419124,"ENSSSCT00000107919.1","ENSSSCG00000001423","NELFE","NELFE","Significant"
"ENSSSCT00000048104.3",-1.08192356396745,3.16059208441998,-6.55760181196743,1.12777496773114e-07,3.07698535965741e-06,7.40780322675009,"ENSSSCT00000048104.3","ENSSSCG00000006203","COPS5","COPS5","Significant"
"ENSSSCT00000056532.3",8.36785023607735,-0.311347793186233,6.63757212248326,8.80936128527779e-08,2.54628027788295e-06,7.40673062869156,"ENSSSCT00000056532.3","ENSSSCG00000009711","HPF1","HPF1","Significant"
"ENSSSCT00000073433.1",-3.30738535955733,-2.42598375567956,-6.63173347382505,8.96956457680443e-08,2.5743281994906e-06,7.40000726358916,"ENSSSCT00000073433.1","ENSSSCG00000051193",NA,"ENSSSCG00000051193","Significant"
"ENSSSCT00000037827.3",-3.38883873854182,-4.45464669388199,-6.69695251165874,7.33488935150433e-08,2.20208777547373e-06,7.39095788385356,"ENSSSCT00000037827.3","ENSSSCG00000032007","RTN4","RTN4","Significant"
"ENSSSCT00000055388.3",1.5382441905749,3.35665700467807,6.54765673875889,1.16298592591708e-07,3.1545751354909e-06,7.38181195832841,"ENSSSCT00000055388.3","ENSSSCG00000035495","KITLG","KITLG","Significant"
"ENSSSCT00000061558.2",7.49942576361832,-2.24151447433309,6.56652744932457,1.09708714715082e-07,3.01089472606947e-06,7.36407957971204,"ENSSSCT00000061558.2","ENSSSCG00000010585","ACTR1A","ACTR1A","Significant"
"ENSSSCT00000078182.2",-1.10713748939598,4.70029376707446,-6.63795138269644,8.79905512605226e-08,2.54555805971436e-06,7.33833749539249,"ENSSSCT00000078182.2","ENSSSCG00000002002","IRF9","IRF9","Significant"
"ENSSSCT00000087243.1",-1.97006510492072,-1.72418253302878,-6.55686780364722,1.13033670731495e-07,3.08139615428901e-06,7.32650448108027,"ENSSSCT00000087243.1","ENSSSCG00000040710","SURF4","SURF4","Significant"
"ENSSSCT00000046148.3",2.07286236204963,0.519681277182633,6.46036370043915,1.52359571927928e-07,3.88695734204865e-06,7.32595143223894,"ENSSSCT00000046148.3","ENSSSCG00000045531","FKBP1B","FKBP1B","Significant"
"ENSSSCT00000079783.2",-1.03927124688082,2.64738445901924,-6.4954325955852,1.36686993738007e-07,3.58242985838744e-06,7.31548262475673,"ENSSSCT00000079783.2","ENSSSCG00000021353","TMX4","TMX4","Significant"
"ENSSSCT00000099117.1",-2.11793415769907,-0.0279447038749995,-6.46297995682714,1.51130398258741e-07,3.86728830967917e-06,7.31423759024087,"ENSSSCT00000099117.1","ENSSSCG00000062406",NA,"ENSSSCG00000062406","Significant"
"ENSSSCT00000104675.1",1.87675308494634,3.37370501642421,6.51106265999147,1.30234110880875e-07,3.44935251922019e-06,7.30074976136268,"ENSSSCT00000104675.1","ENSSSCG00000014909","SYTL2","SYTL2","Significant"
"ENSSSCT00000000041.5",2.81560744852688,4.12109446005887,6.49840694681295,1.35434737414596e-07,3.56105982150442e-06,7.29231061823292,"ENSSSCT00000000041.5","ENSSSCG00000000039","POLDIP3","POLDIP3","Significant"
"ENSSSCT00000024173.4",-1.04602809491625,2.70431684529821,-6.48842593828977,1.39683131782154e-07,3.63465987919022e-06,7.28290612300995,"ENSSSCT00000024173.4","ENSSSCG00000030345","INPP5J","INPP5J","Significant"
"ENSSSCT00000001170.5",1.06883348348636,4.10721942028897,6.56891428156363,1.08902409781953e-07,2.99718414226286e-06,7.27627706817142,"ENSSSCT00000001170.5","ENSSSCG00000001075",NA,"ENSSSCG00000001075","Significant"
"ENSSSCT00000107866.1",-2.12050379282148,-0.431225122594491,-6.45982368831291,1.52614529730052e-07,3.89041761322799e-06,7.26703437597471,"ENSSSCT00000107866.1","ENSSSCG00000040885",NA,"ENSSSCG00000040885","Significant"
"ENSSSCT00000061534.2",-1.29101064346508,3.4390642688175,-6.53113756488321,1.22393360535178e-07,3.27359567423211e-06,7.25931181246729,"ENSSSCT00000061534.2","ENSSSCG00000009249","HNRNPD","HNRNPD","Significant"
"ENSSSCT00000040660.3",1.97725466047732,0.540513550425287,6.43174194237402,1.66481177610179e-07,4.17534793446329e-06,7.25171349074629,"ENSSSCT00000040660.3","ENSSSCG00000063288","EPGN","EPGN","Significant"
"ENSSSCT00000009553.5",-4.17776590654737,1.40857723610747,-6.42023415100538,1.72523233704089e-07,4.30370888422962e-06,7.22637468370494,"ENSSSCT00000009553.5","ENSSSCG00000022358","RAB28","RAB28","Significant"
"ENSSSCT00000052301.3",2.42656957559293,3.23063225665871,6.49877905703556,1.3527888614074e-07,3.56105982150442e-06,7.22330445367307,"ENSSSCT00000052301.3","ENSSSCG00000002444","FBLN5","FBLN5","Significant"
"ENSSSCT00000024275.4",5.30741551715239,-1.42087202578264,6.51300890575846,1.29452346240682e-07,3.43422644168528e-06,7.21402500777505,"ENSSSCT00000024275.4","ENSSSCG00000006879","PTBP2","PTBP2","Significant"
"ENSSSCT00000037463.3",1.35364254235101,8.60233358024536,6.70856699017761,7.07693064684974e-08,2.14638369125478e-06,7.18413130086814,"ENSSSCT00000037463.3","ENSSSCG00000028355","ACTG1","ACTG1","Significant"
"ENSSSCT00000033889.4",-2.15334298991331,1.3237854231373,-6.39985676038053,1.83767922882072e-07,4.52193913784684e-06,7.1812877240298,"ENSSSCT00000033889.4","ENSSSCG00000010772","ADAM8","ADAM8","Significant"
"ENSSSCT00000041958.2",-2.78568225137468,-2.70263187004151,-6.53750771433675,1.20005928997664e-07,3.22030725023855e-06,7.1762157739471,"ENSSSCT00000041958.2","ENSSSCG00000038523","KLK10","KLK10","Significant"
"ENSSSCT00000009903.4",1.00574352203045,4.81667265573634,6.57222720610584,1.07793126398977e-07,2.97585697977329e-06,7.15302623276845,"ENSSSCT00000009903.4","ENSSSCG00000009043","ABCE1","ABCE1","Significant"
"ENSSSCT00000100151.1",-3.8916784757181,0.724006756370906,-6.39949433302718,1.83974446539619e-07,4.52350062197493e-06,7.14547955084155,"ENSSSCT00000100151.1","ENSSSCG00000008877","ETFDH","ETFDH","Significant"
"ENSSSCT00000062090.3",5.04090375023156,0.675996441124896,6.43749019168381,1.6354321685867e-07,4.11115115070168e-06,7.13786301659938,"ENSSSCT00000062090.3","ENSSSCG00000016857","DAB2","DAB2","Significant"
"ENSSSCT00000044276.2",4.00705910910348,3.66289219306293,6.39678069140983,1.85528201586571e-07,4.5480913417508e-06,7.11941236572894,"ENSSSCT00000044276.2","ENSSSCG00000039426","FSTL1","FSTL1","Significant"
"ENSSSCT00000032168.4",-1.14909242963282,5.98699337847843,-6.62060773097815,9.28299857821996e-08,2.64610406112911e-06,7.11791914774861,"ENSSSCT00000032168.4","ENSSSCG00000017957","EIF4A1","EIF4A1","Significant"
"ENSSSCT00000028129.3",1.28077843325775,2.39432985652744,6.40670777101697,1.79907505153964e-07,4.44035147467059e-06,7.11690163197915,"ENSSSCT00000028129.3","ENSSSCG00000021612","ARHGAP28","ARHGAP28","Significant"
"ENSSSCT00000052266.3",7.11039192094059,-1.8289383144941,6.49456982221547,1.37052410531339e-07,3.58912192205926e-06,7.1110026551824,"ENSSSCT00000052266.3","ENSSSCG00000004691","EIF3J","EIF3J","Significant"
"ENSSSCT00000005163.3",-1.81704854686603,4.74806594549284,-6.54396059390996,1.17635231107045e-07,3.17851463947458e-06,7.08808801837748,"ENSSSCT00000005163.3","ENSSSCG00000004677","DUOXA1","DUOXA1","Significant"
"ENSSSCT00000049190.3",-1.22791433675595,-0.0732137428287867,-6.39575367110204,1.86119677883033e-07,4.55916301855628e-06,7.08572716041011,"ENSSSCT00000049190.3","ENSSSCG00000035755","SHISA8","SHISA8","Significant"
"ENSSSCT00000090591.2",6.2185617354718,-2.15618783454373,6.46598900084927,1.4972900381767e-07,3.83485030673316e-06,7.07335232658913,"ENSSSCT00000090591.2","ENSSSCG00000037772","ATP5PB","ATP5PB","Significant"
"ENSSSCT00000017703.5",-2.11198616719337,-1.14370826587899,-6.43469687493283,1.6496433023901e-07,4.14368029515614e-06,7.07161088503321,"ENSSSCT00000017703.5","ENSSSCG00000016258","DNER","DNER","Significant"
"ENSSSCT00000095496.1",-4.52325494207024,-0.931549103970607,-6.40300820064495,1.81981913645648e-07,4.48476062925374e-06,7.06917752492409,"ENSSSCT00000095496.1","ENSSSCG00000029544","RAB2B","RAB2B","Significant"
"ENSSSCT00000044904.3",-1.19744706573044,-0.373375727729014,-6.39843017940526,1.84582186724015e-07,4.53171507225135e-06,7.06776988986433,"ENSSSCT00000044904.3","ENSSSCG00000032063","THEM6","THEM6","Significant"
"ENSSSCT00000014628.4",-1.11352907018576,4.77268811691504,-6.55060107427076,1.15244769071479e-07,3.13381188557674e-06,7.06737303111963,"ENSSSCT00000014628.4","ENSSSCG00000013391","PSMA1","PSMA1","Significant"
"ENSSSCT00000039134.3",-1.45270372353301,2.87977867371449,-6.42531555878179,1.69828583070077e-07,4.24623552332577e-06,7.05662572479465,"ENSSSCT00000039134.3","ENSSSCG00000017668","VMP1","VMP1","Significant"
"ENSSSCT00000086767.2",-5.48429995758558,-1.9592820723517,-6.44001561948831,1.62268986155552e-07,4.08857652597807e-06,7.04983525030866,"ENSSSCT00000086767.2","ENSSSCG00000010826","MTARC2","MTARC2","Significant"
"ENSSSCT00000042280.3",-5.71853500450239,-2.54004912147419,-6.45453727205634,1.5513318417055e-07,3.94103347959249e-06,7.04093816139341,"ENSSSCT00000042280.3","ENSSSCG00000033228","SPAG9","SPAG9","Significant"
"ENSSSCT00000067795.1",2.65384136056848,1.8268962815849,6.35279891862374,2.12631306497918e-07,5.06401104240915e-06,7.03646763835096,"ENSSSCT00000067795.1","ENSSSCG00000027334","EIF1AD","EIF1AD","Significant"
"ENSSSCT00000022285.3",1.17688825223007,6.41960224801068,6.61346083118625,9.4901310230572e-08,2.68590479058817e-06,7.03610313500139,"ENSSSCT00000022285.3","ENSSSCG00000021606","FLVCR2","FLVCR2","Significant"
"ENSSSCT00000100107.1",4.43558514369706,-0.189997737329595,6.41462201413214,1.75549290272603e-07,4.35560655595998e-06,7.03042911468512,"ENSSSCT00000100107.1","ENSSSCG00000039998","CLIC2","CLIC2","Significant"
"ENSSSCT00000060761.3",-2.57262158038134,4.70754379907327,-6.47706204570961,1.44683519279333e-07,3.72906044472993e-06,7.02250298063352,"ENSSSCT00000060761.3","ENSSSCG00000002825",NA,"ENSSSCG00000002825","Significant"
"ENSSSCT00000072532.2",1.09748589531671,3.69518680502943,6.45571590483045,1.54568042630445e-07,3.93099568012717e-06,7.0144949827453,"ENSSSCT00000072532.2","ENSSSCG00000000473","TMBIM4","TMBIM4","Significant"
"ENSSSCT00000023203.4",-1.02079725454817,6.89384890577565,-6.61748596429278,9.37290863850545e-08,2.66429218177709e-06,7.01399981414258,"ENSSSCT00000023203.4","ENSSSCG00000026455","TMEM54","TMEM54","Significant"
"ENSSSCT00000052078.3",1.41908752671009,1.37299536774646,6.33554179167978,2.24322193671526e-07,5.28663616698656e-06,6.98408526768907,"ENSSSCT00000052078.3","ENSSSCG00000037105","EVL","EVL","Significant"
"ENSSSCT00000006673.5",-6.55122723050729,-0.384417511577232,-6.40776780928552,1.79317515760991e-07,4.43250059429216e-06,6.96694525902199,"ENSSSCT00000006673.5","ENSSSCG00000006082","MATN2","MATN2","Significant"
"ENSSSCT00000029880.2",-1.0076393553007,1.41866926500008,-6.3233497888067,2.32968879285874e-07,5.4449586668363e-06,6.95641087748907,"ENSSSCT00000029880.2","ENSSSCG00000028085",NA,"ENSSSCG00000028085","Significant"
"ENSSSCT00000012837.5",2.7679235301717,-3.15018779382564,6.49354570905698,1.37487435812317e-07,3.59473966096615e-06,6.95124208256521,"ENSSSCT00000012837.5","ENSSSCG00000011727","PTX3","PTX3","Significant"
"ENSSSCT00000088913.1",3.39333970230731,-3.7332978866526,6.49244831208758,1.37955131730356e-07,3.59543494399403e-06,6.90110120820594,"ENSSSCT00000088913.1","ENSSSCG00000006245","SDR16C5","SDR16C5","Significant"
"ENSSSCT00000075663.2",5.32132290930778,2.59227009685839,6.30466596744673,2.46873677497226e-07,5.71666859454514e-06,6.89790330584929,"ENSSSCT00000075663.2","ENSSSCG00000005656",NA,"ENSSSCG00000005656","Significant"
"ENSSSCT00000059605.2",1.77838200075743,3.73736706427399,6.41892314122685,1.73225402723599e-07,4.31792127706438e-06,6.89572958057151,"ENSSSCT00000059605.2","ENSSSCG00000008799","LIMCH1","LIMCH1","Significant"
"ENSSSCT00000089144.2",-3.95606365174387,-3.88513455154218,-6.48693806388493,1.40327817303326e-07,3.64852324988648e-06,6.86142033675422,"ENSSSCT00000089144.2","ENSSSCG00000005604","PBX3","PBX3","Significant"
"ENSSSCT00000027711.4",-1.28407288972367,3.11037477446935,-6.37154188757712,2.00625923505858e-07,4.83817130916051e-06,6.8434143736734,"ENSSSCT00000027711.4","ENSSSCG00000028346","SAMM50","SAMM50","Significant"
"ENSSSCT00000104721.1",4.91279951612204,-1.09627068879306,6.33260902266875,2.26372240963233e-07,5.31746436913923e-06,6.84172654418657,"ENSSSCT00000104721.1","ENSSSCG00000005030","NID2","NID2","Significant"
"ENSSSCT00000013068.5",-1.88976007804416,2.34337560335907,-6.30091598951683,2.49763343241802e-07,5.76311680329491e-06,6.81023138317821,"ENSSSCT00000013068.5","ENSSSCG00000011942","CD47","CD47","Significant"
"ENSSSCT00000082630.2",-1.15303344536745,3.15914722756448,-6.33442354791891,2.25101653420736e-07,5.29524841856399e-06,6.75597302475469,"ENSSSCT00000082630.2","ENSSSCG00000014100","TBCA","TBCA","Significant"
"ENSSSCT00000033051.4",1.53591656100066,3.8550212616591,6.36422309326342,2.05230588567703e-07,4.92372193499735e-06,6.7525436958988,"ENSSSCT00000033051.4","ENSSSCG00000005955","EFR3A","EFR3A","Significant"
"ENSSSCT00000068054.2",-4.66781228791798,-0.943092971765951,-6.28870440202076,2.59410850980251e-07,5.9394883324158e-06,6.73897845371292,"ENSSSCT00000068054.2","ENSSSCG00000031913","NDUFB4","NDUFB4","Significant"
"ENSSSCT00000030402.3",-2.05960280766648,0.767347276424838,-6.24793177835225,2.94416092260132e-07,6.61155168053738e-06,6.73157306780587,"ENSSSCT00000030402.3","ENSSSCG00000023054","IDO2","IDO2","Significant"
"ENSSSCT00000045783.3",-1.94091410710022,4.33315956569556,-6.39731258512465,1.85222618773506e-07,4.5440167513103e-06,6.73130580390425,"ENSSSCT00000045783.3","ENSSSCG00000030318","SDHC","SDHC","Significant"
"ENSSSCT00000088028.2",-1.41190760812626,2.28234406326302,-6.27521564825738,2.70502897745963e-07,6.1536136474929e-06,6.71588252070108,"ENSSSCT00000088028.2","ENSSSCG00000038348","NME1","NME1","Significant"
"ENSSSCT00000066491.2",1.85454107113171,3.30600700568275,6.30311828150509,2.4806220585565e-07,5.73933625071452e-06,6.71561530392871,"ENSSSCT00000066491.2","ENSSSCG00000014252","PRRC1","PRRC1","Significant"
"ENSSSCT00000079326.1",-2.6528062951494,-4.79462182334366,-6.48228013930716,1.4236546829917e-07,3.68095458241566e-06,6.71263350719703,"ENSSSCT00000079326.1","ENSSSCG00000045980",NA,"ENSSSCG00000045980","Significant"
"ENSSSCT00000094296.1",-2.6528062951494,-4.79462182334366,-6.48228013930716,1.4236546829917e-07,3.68095458241566e-06,6.71263350719703,"ENSSSCT00000094296.1","ENSSSCG00000059489",NA,"ENSSSCG00000059489","Significant"
"ENSSSCT00000038067.3",-2.6528062951494,-4.79462182334366,-6.48228013930716,1.4236546829917e-07,3.68095458241566e-06,6.71263350719703,"ENSSSCT00000038067.3","ENSSSCG00000040495",NA,"ENSSSCG00000040495","Significant"
"ENSSSCT00000053349.3",1.2648227784106,0.424459676334371,6.24790390920707,2.94441572817454e-07,6.61155168053738e-06,6.70528164114476,"ENSSSCT00000053349.3","ENSSSCG00000038970","BCL2L15","BCL2L15","Significant"
"ENSSSCT00000040189.3",-1.38936278509954,1.72886275704749,-6.24921132945307,2.93248588458755e-07,6.59839681028933e-06,6.69442538095607,"ENSSSCT00000040189.3","ENSSSCG00000015144","GRAMD1B","GRAMD1B","Significant"
"ENSSSCT00000038705.3",1.02968035213082,4.97039820312369,6.42816402330165,1.68336595016361e-07,4.21863669785812e-06,6.67705475031164,"ENSSSCT00000038705.3","ENSSSCG00000015948","DYNC1I2","DYNC1I2","Significant"
"ENSSSCT00000052417.3",-1.00149480683651,3.31721474861689,-6.30986834720554,2.42920321907018e-07,5.64114969761853e-06,6.67677222753634,"ENSSSCT00000052417.3","ENSSSCG00000027045","LRRC56","LRRC56","Significant"
"ENSSSCT00000006733.5",2.87611235832213,-2.12353891507448,6.3029333042453,2.48204640949192e-07,5.73933625071452e-06,6.66205821790839,"ENSSSCT00000006733.5","ENSSSCG00000006140","CA2","CA2","Significant"
"ENSSSCT00000045996.3",-1.74422716387165,1.78505986052114,-6.2293319660793,3.11923626112767e-07,6.93248664334059e-06,6.64178724297811,"ENSSSCT00000045996.3","ENSSSCG00000028943","ECH1","ECH1","Significant"
"ENSSSCT00000094976.1",1.87568299653429,1.96291917100673,6.2258509282012,3.15314504769634e-07,6.98404491406871e-06,6.63755996996827,"ENSSSCT00000094976.1","ENSSSCG00000057242",NA,"ENSSSCG00000057242","Significant"
"ENSSSCT00000050950.3",-2.41573614320953,-2.82174317050804,-6.36321015389133,2.05876194993994e-07,4.93195258015002e-06,6.63272545409374,"ENSSSCT00000050950.3","ENSSSCG00000039413","SLC9A3","SLC9A3","Significant"
"ENSSSCT00000074218.1",1.79625637968009,6.7519811026951,6.4723927161257,1.4678994198587e-07,3.77737905959535e-06,6.62173272930313,"ENSSSCT00000074218.1","ENSSSCG00000006237","SDCBP","SDCBP","Significant"
"ENSSSCT00000102151.1",1.13160400175096,1.56505457311804,6.20279121706681,3.38730593725835e-07,7.38233441031894e-06,6.59578884582113,"ENSSSCT00000102151.1","ENSSSCG00000061814",NA,"ENSSSCG00000061814","Significant"
"ENSSSCT00000022625.4",-1.08847987948497,1.00157794939888,-6.19943501082499,3.42281174566252e-07,7.4447868015731e-06,6.59464399595171,"ENSSSCT00000022625.4","ENSSSCG00000027882","C1orf115","C1orf115","Significant"
"ENSSSCT00000068642.1",-1.23117115676334,11.1761437347722,-6.56519522458617,1.10161366975245e-07,3.01823630996713e-06,6.59417375867352,"ENSSSCT00000068642.1","ENSSSCG00000017445",NA,"ENSSSCG00000017445","Significant"
"ENSSSCT00000047812.3",-4.39358419142398,-3.81717046675997,-6.34101482817105,2.2054619616498e-07,5.22579082831614e-06,6.57691167549832,"ENSSSCT00000047812.3","ENSSSCG00000007709","TBL2","TBL2","Significant"
"ENSSSCT00000044301.3",3.44947606670053,-1.93125043059835,6.30065002456972,2.49969576243778e-07,5.76379636764649e-06,6.56940263890838,"ENSSSCT00000044301.3","ENSSSCG00000016521","DGKI","DGKI","Significant"
"ENSSSCT00000038414.3",1.40797096431223,2.93792600577375,6.24036484140206,3.01416416401648e-07,6.72187471980803e-06,6.5621200281677,"ENSSSCT00000038414.3","ENSSSCG00000035617",NA,"ENSSSCG00000035617","Significant"
"ENSSSCT00000104196.1",-1.57596891951259,1.22397363102649,-6.18927654125531,3.53257175290675e-07,7.64273188001138e-06,6.55503707418302,"ENSSSCT00000104196.1","ENSSSCG00000040062","KRTCAP3","KRTCAP3","Significant"
"ENSSSCT00000003125.5",-2.2053704191602,6.32621968826686,-6.42411248261475,1.70462723425988e-07,4.25765054866433e-06,6.52818209633502,"ENSSSCT00000003125.5","ENSSSCG00000002825",NA,"ENSSSCG00000002825","Significant"
"ENSSSCT00000004483.4",-1.07199569571622,2.13949996669546,-6.19658561172688,3.45324892574992e-07,7.50077150400247e-06,6.52715428149153,"ENSSSCT00000004483.4","ENSSSCG00000004055","RSPH3","RSPH3","Significant"
"ENSSSCT00000067358.2",10.5143375844316,2.66349570846045,6.24535875541982,2.96777944520147e-07,6.65484738867598e-06,6.52173653538496,"ENSSSCT00000067358.2","ENSSSCG00000006899","RPL5","RPL5","Significant"
"ENSSSCT00000058806.2",-1.1651647989876,2.48512166101077,-6.21579932730068,3.25314840019317e-07,7.12806790590713e-06,6.50679976785639,"ENSSSCT00000058806.2","ENSSSCG00000038907","DNAJC8","DNAJC8","Significant"
"ENSSSCT00000008835.4",-1.53370035593597,0.795586719404265,-6.1668800864536,3.78719874192142e-07,8.08630175387073e-06,6.49884559635171,"ENSSSCT00000008835.4","ENSSSCG00000008062","PRSS27","PRSS27","Significant"
"ENSSSCT00000074782.2",1.8118432888525,6.45162698117041,6.37583382162509,1.97974050126433e-07,4.79194204181308e-06,6.48905911887056,"ENSSSCT00000074782.2","ENSSSCG00000038507","RPS29","RPS29","Significant"
"ENSSSCT00000029656.4",3.93959199717487,4.41195310606507,6.21015238995666,3.31071978475822e-07,7.22992015152424e-06,6.48601916043764,"ENSSSCT00000029656.4","ENSSSCG00000025966","EIF4H","EIF4H","Significant"
"ENSSSCT00000106984.1",1.24843820769358,3.78724424190672,6.28748495854242,2.6039456110015e-07,5.94947741423216e-06,6.48468495347352,"ENSSSCT00000106984.1","ENSSSCG00000061946","BAX","BAX","Significant"
"ENSSSCT00000088480.1",-1.68298198591556,-1.63929435073326,-6.25838725670242,2.85011215397583e-07,6.43525323187175e-06,6.48101870189286,"ENSSSCT00000088480.1","ENSSSCG00000003708","ANKRD29","ANKRD29","Significant"
"ENSSSCT00000004081.5",1.90109423951505,-1.73830820288439,6.24239404511318,2.99522928674803e-07,6.69338284202417e-06,6.47048071848271,"ENSSSCT00000004081.5","ENSSSCG00000038826","NDUFV2","NDUFV2","Significant"
"ENSSSCT00000068142.2",4.67174332746814,1.20770921947772,6.18234742891401,3.60945852405731e-07,7.77297131561192e-06,6.46933897103959,"ENSSSCT00000068142.2","ENSSSCG00000028092",NA,"ENSSSCG00000028092","Significant"
"ENSSSCT00000080111.2",-3.24096556586957,1.24087727576968,-6.15485171829465,3.93146846566825e-07,8.35059269411384e-06,6.4561565470241,"ENSSSCT00000080111.2","ENSSSCG00000016604","WASL","WASL","Significant"
"ENSSSCT00000048523.3",-1.07675503587986,3.65668516430411,-6.29036514847385,2.5807714518083e-07,5.92142663017296e-06,6.43235182944032,"ENSSSCT00000048523.3","ENSSSCG00000017219","HID1","HID1","Significant"
"ENSSSCT00000050508.3",1.06160658839687,2.56173421370591,6.1912492660161,3.51098405286249e-07,7.60601640322166e-06,6.42701510572009,"ENSSSCT00000050508.3","ENSSSCG00000038772","IKBIP","IKBIP","Significant"
"ENSSSCT00000092184.1",-1.31223617189045,3.54814871514624,-6.26808383479834,2.76558694686227e-07,6.27919197879509e-06,6.41367661989681,"ENSSSCT00000092184.1","ENSSSCG00000058216","IGFBP3","IGFBP3","Significant"
"ENSSSCT00000011467.5",-2.16186012644315,8.63088062874647,-6.46276128866811,1.51232750424517e-07,3.86728830967917e-06,6.40419885641966,"ENSSSCT00000011467.5","ENSSSCG00000010479","RBP4","RBP4","Significant"
"ENSSSCT00000018803.5",3.06192841207739,3.31938037646027,6.1532525599274,3.95105967624915e-07,8.38674151591323e-06,6.39991628427726,"ENSSSCT00000018803.5","ENSSSCG00000017273","PSMD12","PSMD12","Significant"
"ENSSSCT00000023196.4",1.2084997943832,1.35650394056707,6.132544139139,4.21378089201105e-07,8.78367245278825e-06,6.39365454592977,"ENSSSCT00000023196.4","ENSSSCG00000016073","PGAP1","PGAP1","Significant"
"ENSSSCT00000088535.1",-1.07956486386294,-0.0239193492947115,-6.14495304033366,4.05432066482695e-07,8.5613387924882e-06,6.3926960325902,"ENSSSCT00000088535.1","ENSSSCG00000053455",NA,"ENSSSCG00000053455","Significant"
"ENSSSCT00000070109.2",7.66677572793922,-0.410718652327413,6.18076725374238,3.62722625388431e-07,7.80607820340885e-06,6.36615406985685,"ENSSSCT00000070109.2","ENSSSCG00000030318","SDHC","SDHC","Significant"
"ENSSSCT00000005156.5",-1.11707266124417,4.63788189026416,-6.30585197187709,2.45966769630472e-07,5.69971610307884e-06,6.33815373030976,"ENSSSCT00000005156.5","ENSSSCG00000004670","C15orf48","C15orf48","Significant"
"ENSSSCT00000001529.6",-2.74348150168352,4.92182449449352,-6.17571163856178,3.6846639734803e-07,7.89840790212699e-06,6.32705101838951,"ENSSSCT00000001529.6","ENSSSCG00000001400","DDX39B","DDX39B","Significant"
"ENSSSCT00000026041.5",4.45681913299807,-1.73957715988596,6.18466512272132,3.5835558590997e-07,7.72229049769243e-06,6.32564592643536,"ENSSSCT00000026041.5","ENSSSCG00000028148","DMD","DMD","Significant"
"ENSSSCT00000090020.2",-1.2766432980147,3.0510638415724,-6.18876765234857,3.53816214437285e-07,7.64975056731647e-06,6.31286310459578,"ENSSSCT00000090020.2","ENSSSCG00000033811","CBFB","CBFB","Significant"
"ENSSSCT00000051760.3",-1.06801262694096,2.17169343449751,-6.13236073248154,4.21618432971832e-07,8.78367245278825e-06,6.30789307128339,"ENSSSCT00000051760.3","ENSSSCG00000016711","CBX3","CBX3","Significant"
"ENSSSCT00000106315.1",-2.20111791414591,-1.95727577968518,-6.20488741653962,3.36531766219567e-07,7.33931886677108e-06,6.3069279025706,"ENSSSCT00000106315.1","ENSSSCG00000061110",NA,"ENSSSCG00000061110","Significant"
"ENSSSCT00000030909.4",-1.14193870205412,2.14849369201963,-6.14307794497038,4.07802260628427e-07,8.59468966097559e-06,6.29399855093564,"ENSSSCT00000030909.4","ENSSSCG00000030337","NYAP1","NYAP1","Significant"
"ENSSSCT00000058162.3",1.25145330326441,3.70710282092312,6.21714197570711,3.23960837964648e-07,7.10795367496593e-06,6.28752092426558,"ENSSSCT00000058162.3","ENSSSCG00000014909","SYTL2","SYTL2","Significant"
"ENSSSCT00000061704.3",-1.08055101234483,3.7364922156008,-6.22394753271902,3.17184221016894e-07,7.00641893091789e-06,6.26471279321478,"ENSSSCT00000061704.3","ENSSSCG00000032444","PLXDC2","PLXDC2","Significant"
"ENSSSCT00000074146.2",6.19764447133639,-0.898084963253729,6.14616752964717,4.03904282042148e-07,8.53460480343629e-06,6.24135584260318,"ENSSSCT00000074146.2","ENSSSCG00000036711","UBE2D2","UBE2D2","Significant"
"ENSSSCT00000083195.2",-4.10907563480878,0.322265961004601,-6.07295318068185,5.07170079863853e-07,1.01884000516827e-05,6.22064601299956,"ENSSSCT00000083195.2","ENSSSCG00000022048","REEP5","REEP5","Significant"
"ENSSSCT00000096381.1",5.03228321935036,-3.18673875382405,6.17920997085782,3.64482242801304e-07,7.83360517092533e-06,6.21749872751163,"ENSSSCT00000096381.1","ENSSSCG00000032311",NA,"ENSSSCG00000032311","Significant"
"ENSSSCT00000089343.2",-2.07224657715522,-0.377922833252283,-6.09531561377262,4.73093497394315e-07,9.62842720914124e-06,6.20939506485295,"ENSSSCT00000089343.2","ENSSSCG00000027472","GCA","GCA","Significant"
"ENSSSCT00000015512.5",1.289303518711,2.10347734670345,6.08654483119874,4.86176214625743e-07,9.82720973444372e-06,6.1943166204296,"ENSSSCT00000015512.5","ENSSSCG00000014197","SLC25A46","SLC25A46","Significant"
"ENSSSCT00000037113.2",-2.1384954174779,3.24713764059758,-6.15146298013976,3.97309986441547e-07,8.41700087103292e-06,6.19267269949715,"ENSSSCT00000037113.2","ENSSSCG00000037524","LY6D","LY6D","Significant"
"ENSSSCT00000099257.1",-3.55823748539059,-4.27395863385028,-6.19103993157438,3.51326852633168e-07,7.60601640322166e-06,6.16628667290443,"ENSSSCT00000099257.1","ENSSSCG00000009140","CASP6","CASP6","Significant"
"ENSSSCT00000054068.2",1.11289908235954,2.19595121452793,6.08691712746106,4.85613586562578e-07,9.82720973444372e-06,6.16222778407844,"ENSSSCT00000054068.2","ENSSSCG00000029408","ZFP30","ZFP30","Significant"
"ENSSSCT00000041974.3",1.01631916771202,2.94496727664495,6.14048638335711,4.11100991187807e-07,8.64479812121617e-06,6.15767959981283,"ENSSSCT00000041974.3","ENSSSCG00000016074","ANKRD44","ANKRD44","Significant"
"ENSSSCT00000072104.2",6.52712477451491,1.02264861567358,6.09676311727287,4.70968554431849e-07,9.60917318441552e-06,6.15247823552987,"ENSSSCT00000072104.2","ENSSSCG00000026230","SRP19","SRP19","Significant"
"ENSSSCT00000037721.3",1.3426339889242,4.44417845894026,6.22515484973521,3.15996980309547e-07,6.994409739316e-06,6.14124822530573,"ENSSSCT00000037721.3","ENSSSCG00000008753","ADGRA3","ADGRA3","Significant"
"ENSSSCT00000063909.3",3.78487733775682,-0.607022416964773,6.09226248271567,4.77607083625005e-07,9.70688205870167e-06,6.13877699468527,"ENSSSCT00000063909.3","ENSSSCG00000014250","C5orf63","C5orf63","Significant"
"ENSSSCT00000048072.2",1.19709680547728,0.42540148948397,6.04629718693704,5.51019046088375e-07,1.09492938120154e-05,6.13802541353052,"ENSSSCT00000048072.2","ENSSSCG00000008813","CORIN","CORIN","Significant"
"ENSSSCT00000038357.3",1.588376724362,3.70101646616739,6.16435042278391,3.81709219253164e-07,8.14479540872392e-06,6.12932758339726,"ENSSSCT00000038357.3","ENSSSCG00000004612","RAB27A","RAB27A","Significant"
"ENSSSCT00000006313.5",-1.16581743373727,0.0932459562105873,-6.04830892031369,5.47581114396745e-07,1.09114451446079e-05,6.11781632181162,"ENSSSCT00000006313.5","ENSSSCG00000005742","DBH","DBH","Significant"
"ENSSSCT00000057697.3",-1.24863557603636,0.69909063967643,-6.03496653671184,5.70790454042765e-07,1.12379540843057e-05,6.10917318180726,"ENSSSCT00000057697.3","ENSSSCG00000057842",NA,"ENSSSCG00000057842","Significant"
"ENSSSCT00000043589.2",1.05584263735773,5.96614157724785,6.28755157883689,2.60340722736272e-07,5.94947741423216e-06,6.09416559841534,"ENSSSCT00000043589.2","ENSSSCG00000038994","CLIC4","CLIC4","Significant"
"ENSSSCT00000013325.6",3.29630472931568,-2.63948642799942,6.14269177939688,4.08292112219701e-07,8.59945479768161e-06,6.09097200474579,"ENSSSCT00000013325.6","ENSSSCG00000012181","PDK3","PDK3","Significant"
"ENSSSCT00000057912.2",-1.41240237121006,4.52140765360702,-6.21520876748621,3.25912190583076e-07,7.13636068621263e-06,6.08933611474876,"ENSSSCT00000057912.2","ENSSSCG00000004422","CCN6","CCN6","Significant"
"ENSSSCT00000072775.1",-1.3339528919743,3.31711655684932,-6.13873040736014,4.1335132415857e-07,8.67798233925693e-06,6.07945244767489,"ENSSSCT00000072775.1","ENSSSCG00000017386","BECN1","BECN1","Significant"
"ENSSSCT00000015055.5",-1.11027295130351,3.73603479091374,-6.16760367000518,3.7786913116613e-07,8.07342408423363e-06,6.07043316128187,"ENSSSCT00000015055.5","ENSSSCG00000013779","PKN1","PKN1","Significant"
"ENSSSCT00000043326.3",-6.88895401825256,-2.74147898000034,-6.08656628199338,4.86143779645862e-07,9.82720973444372e-06,6.06808993870787,"ENSSSCT00000043326.3","ENSSSCG00000014020","CANX","CANX","Significant"
"ENSSSCT00000074665.1",-2.31489530098539,-4.17543800894568,-6.21901146044058,3.22084958585012e-07,7.08109102475099e-06,6.0678345533155,"ENSSSCT00000074665.1","ENSSSCG00000048579",NA,"ENSSSCG00000048579","Significant"
"ENSSSCT00000083562.2",6.2500898644525,0.0522845567962825,6.0481523062858,5.47847984962679e-07,1.09114451446079e-05,6.06781369283298,"ENSSSCT00000083562.2","ENSSSCG00000009334","HSPH1","HSPH1","Significant"
"ENSSSCT00000003474.5",-1.32810057804179,-0.24423871679825,-6.03744826049024,5.66400032186024e-07,1.11649979742401e-05,6.06387424446464,"ENSSSCT00000003474.5","ENSSSCG00000003133","GRIN2D","GRIN2D","Significant"
"ENSSSCT00000045311.2",1.00381516843985,3.73643557352908,6.15245849883652,3.96082403406292e-07,8.39653490289905e-06,6.05738929959922,"ENSSSCT00000045311.2","ENSSSCG00000010351","CCSER2","CCSER2","Significant"
"ENSSSCT00000053474.3",1.23482232568843,1.66684802193602,6.03462306257869,5.71400775584906e-07,1.12430267952074e-05,6.04550937919731,"ENSSSCT00000053474.3","ENSSSCG00000056848",NA,"ENSSSCG00000056848","Significant"
"ENSSSCT00000093492.1",2.16395868834308,-2.85853960882804,6.14037732308523,4.11240396454615e-07,8.64479812121617e-06,6.01284451227287,"ENSSSCT00000093492.1","ENSSSCG00000039009",NA,"ENSSSCG00000039009","Significant"
"ENSSSCT00000100832.1",1.86263752595792,-2.22504238633801,6.09006352150583,4.80884633145571e-07,9.75047424072027e-06,6.00778067257608,"ENSSSCT00000100832.1","ENSSSCG00000059656",NA,"ENSSSCG00000059656","Significant"
"ENSSSCT00000079443.1",1.27405269825033,3.53096972107983,6.10396710439571,4.60534539524042e-07,9.43762924364668e-06,5.98176989258124,"ENSSSCT00000079443.1","ENSSSCG00000008162","IL1R1","IL1R1","Significant"
"ENSSSCT00000102995.1",-3.67550839990795,4.28993825049902,-6.08916577176077,4.82229202031939e-07,9.765590623012e-06,5.97436378718493,"ENSSSCT00000102995.1","ENSSSCG00000011147",NA,"ENSSSCG00000011147","Significant"
"ENSSSCT00000100546.1",1.55578628086429,0.670009239894555,5.98949237999181,6.57556533595398e-07,1.27008135197538e-05,5.96540694117491,"ENSSSCT00000100546.1","ENSSSCG00000015710","ACTR3","ACTR3","Significant"
"ENSSSCT00000088284.2",5.15276398934485,0.726570369401618,6.0185345135536,6.00733537429653e-07,1.17423958359451e-05,5.9590172460946,"ENSSSCT00000088284.2","ENSSSCG00000005389","TEX10","TEX10","Significant"
"ENSSSCT00000000226.4",-1.42730108674163,7.3803543098285,-6.28471387831369,2.62643905765458e-07,5.99247159102658e-06,5.95566440840313,"ENSSSCT00000000226.4","ENSSSCG00000000211","AQP5","AQP5","Significant"
"ENSSSCT00000009152.5",6.57442332184251,2.57878027588327,5.9906485827348,6.55194632220447e-07,1.26702050942559e-05,5.93864457332714,"ENSSSCT00000009152.5","ENSSSCG00000008358","ACTR2","ACTR2","Significant"
"ENSSSCT00000065448.3",1.19824115651883,1.22503449029006,5.97968934361037,6.77928119599983e-07,1.29832724936383e-05,5.93753150984921,"ENSSSCT00000065448.3","ENSSSCG00000036074","AP1S2","AP1S2","Significant"
"ENSSSCT00000095763.1",-1.16640139228189,4.94518862139641,-6.19799099757485,3.43820285273312e-07,7.4732777207007e-06,5.92804870497769,"ENSSSCT00000095763.1","ENSSSCG00000059227",NA,"ENSSSCG00000059227","Significant"
"ENSSSCT00000075839.2",-3.07508669701203,-3.42479384666659,-6.12591407182735,4.30154325152142e-07,8.93865622515006e-06,5.91908819525764,"ENSSSCT00000075839.2","ENSSSCG00000028113","CAPZA2","CAPZA2","Significant"
"ENSSSCT00000031700.4",-5.68116778240152,-0.625320967145435,-6.0169672472683,6.03670430837698e-07,1.17837831472659e-05,5.910652098419,"ENSSSCT00000031700.4","ENSSSCG00000010281","PSAP","PSAP","Significant"
"ENSSSCT00000018160.5",-3.79363828612375,-3.93348567135439,-6.10406622072324,4.60392610993835e-07,9.43762924364668e-06,5.90475522920506,"ENSSSCT00000018160.5","ENSSSCG00000016679","GGCT","GGCT","Significant"
"ENSSSCT00000074515.1",5.58518299453083,-2.02167501943902,6.04503727258214,5.53183172556954e-07,1.09707932834835e-05,5.89428525471794,"ENSSSCT00000074515.1","ENSSSCG00000017278","TEX2","TEX2","Significant"
"ENSSSCT00000061255.3",-2.68172017904506,-2.74091556416934,-6.091718744308,4.78415434952272e-07,9.71248869314066e-06,5.89025792731323,"ENSSSCT00000061255.3","ENSSSCG00000040820",NA,"ENSSSCG00000040820","Significant"
"ENSSSCT00000047025.3",1.01163344445843,4.0447089504469,6.11410360927622,4.46244462013037e-07,9.21428400219952e-06,5.8857918172199,"ENSSSCT00000047025.3","ENSSSCG00000003780","CRYZ","CRYZ","Significant"
"ENSSSCT00000041393.2",-9.27601619835721,-1.48578099743165,-6.05135005116189,5.42424774243035e-07,1.08232664255936e-05,5.88506496861528,"ENSSSCT00000041393.2","ENSSSCG00000006237","SDCBP","SDCBP","Significant"
"ENSSSCT00000035102.4",-1.17829267657809,1.63407239952024,-5.97072831670603,6.97102571491818e-07,1.32604038745153e-05,5.87708711829021,"ENSSSCT00000035102.4","ENSSSCG00000012534","MORF4L2","MORF4L2","Significant"
"ENSSSCT00000077256.1",2.82131227653723,2.82978748338481,5.9811337913211,6.74887174822894e-07,1.29587876607336e-05,5.86749584195768,"ENSSSCT00000077256.1","ENSSSCG00000004454","ME1","ME1","Significant"
"ENSSSCT00000035954.4",-1.36937301438389,3.95281118135157,-6.12130944088786,4.36357127113397e-07,9.04449318016859e-06,5.85513746957787,"ENSSSCT00000035954.4","ENSSSCG00000004675","DUOX1","DUOX1","Significant"
"ENSSSCT00000052603.3",-3.04053111272142,-3.51163410945007,-6.10298548988807,4.61942522472335e-07,9.46053643384926e-06,5.85295841743132,"ENSSSCT00000052603.3","ENSSSCG00000022105","SUCNR1","SUCNR1","Significant"
"ENSSSCT00000035768.3",1.29533060921175,2.77079033844266,6.01101493275658,6.14956127557948e-07,1.19760503999435e-05,5.8422467903328,"ENSSSCT00000035768.3","ENSSSCG00000012110","MID1","MID1","Significant"
"ENSSSCT00000096055.1",-1.13236176607748,1.14384742984875,-5.94014766822743,7.6672219065594e-07,1.43667875311185e-05,5.81596608802166,"ENSSSCT00000096055.1","ENSSSCG00000033196","MYORG","MYORG","Significant"
"ENSSSCT00000002683.5",3.46881075909805,3.88322388657338,5.98372228048307,6.69471863075157e-07,1.28775578900899e-05,5.80390144825916,"ENSSSCT00000002683.5","ENSSSCG00000002414","SEL1L","SEL1L","Significant"
"ENSSSCT00000038585.3",6.1600019353762,0.914834360589176,5.96476523695333,7.10162226032728e-07,1.34617030334715e-05,5.80074534408305,"ENSSSCT00000038585.3","ENSSSCG00000028228","XPO1","XPO1","Significant"
"ENSSSCT00000099863.1",1.7686990455345,2.25302360158881,5.95113341589857,7.40944942601354e-07,1.39318159795701e-05,5.77907920827277,"ENSSSCT00000099863.1","ENSSSCG00000025463","PROS1","PROS1","Significant"
"ENSSSCT00000076867.2",6.32430040743098,0.261228550591389,5.97710735090896,6.83398134623265e-07,1.30530244764247e-05,5.76649947492775,"ENSSSCT00000076867.2","ENSSSCG00000003872","EPS15","EPS15","Significant"
"ENSSSCT00000074098.2",-4.10154218017503,-4.23940814798813,-6.05250913254466,5.40472346217865e-07,1.07975247402495e-05,5.76095666062255,"ENSSSCT00000074098.2","ENSSSCG00000005135","MTAP","MTAP","Significant"
"ENSSSCT00000072716.2",7.13349348931851,-0.424173780528955,5.98517265044671,6.66456631510697e-07,1.28347029024068e-05,5.75758831155077,"ENSSSCT00000072716.2","ENSSSCG00000006926","GTF2B","GTF2B","Significant"
"ENSSSCT00000071547.2",-3.87925772697749,-2.76959750361595,-6.04016178092304,5.61638261702815e-07,1.11114404639312e-05,5.74836821349582,"ENSSSCT00000071547.2","ENSSSCG00000014980","CFAP300","CFAP300","Significant"
"ENSSSCT00000009207.5",1.26062774348186,2.32909948263408,5.95176751454902,7.39483854350224e-07,1.39203992997891e-05,5.74776222701139,"ENSSSCT00000009207.5","ENSSSCG00000032007","RTN4","RTN4","Significant"
"ENSSSCT00000070320.2",-1.44895427043472,3.32330774255589,-6.02789011560168,5.83497538736313e-07,1.14397797672632e-05,5.74350256583302,"ENSSSCT00000070320.2","ENSSSCG00000036503","RAB6B","RAB6B","Significant"
"ENSSSCT00000077148.2",3.14211950662138,-4.04299604000417,6.04716741867134,5.49529225170921e-07,1.09382483867355e-05,5.72594145033176,"ENSSSCT00000077148.2","ENSSSCG00000034973","CXCL12","CXCL12","Significant"
"ENSSSCT00000047010.2",2.46252568748142,2.51581322703525,5.92350938163675,8.07482988801156e-07,1.49756401404283e-05,5.71957136878236,"ENSSSCT00000047010.2","ENSSSCG00000029125","FAM13B","FAM13B","Significant"
"ENSSSCT00000055276.3",1.21764111380511,5.64181795566579,6.14864105446982,4.00810508668108e-07,8.47472491868677e-06,5.7123535958078,"ENSSSCT00000055276.3","ENSSSCG00000035038","CGNL1","CGNL1","Significant"
"ENSSSCT00000035772.4",-2.39587751422824,0.103001430759259,-5.90034554273339,8.67868384099158e-07,1.58343485143643e-05,5.69772357795884,"ENSSSCT00000035772.4","ENSSSCG00000060622",NA,"ENSSSCG00000060622","Significant"
"ENSSSCT00000080017.2",-4.2940374211921,-1.18704884425543,-5.92253359443243,8.09939755074242e-07,1.49786022543622e-05,5.69264453845045,"ENSSSCT00000080017.2","ENSSSCG00000008397","EFEMP1","EFEMP1","Significant"
"ENSSSCT00000054786.3",2.00160025154213,4.06720655850933,5.97413128329996,6.89757878142994e-07,1.31513835432597e-05,5.68766638499855,"ENSSSCT00000054786.3","ENSSSCG00000011720","MBNL1","MBNL1","Significant"
"ENSSSCT00000085661.2",-1.16567141896796,2.88352456858685,-5.9707470217164,6.97061986722874e-07,1.32604038745153e-05,5.68221873044785,"ENSSSCT00000085661.2","ENSSSCG00000028203",NA,"ENSSSCG00000028203","Significant"
"ENSSSCT00000070256.2",1.28845444744873,4.74970555905492,6.08930164475591,4.82025461871375e-07,9.765590623012e-06,5.67544482969222,"ENSSSCT00000070256.2","ENSSSCG00000038646","ENAH","ENAH","Significant"
"ENSSSCT00000055352.4",-1.08812172699394,1.46376772576739,-5.89358061141947,8.86342155222983e-07,1.61443014686537e-05,5.66670434251287,"ENSSSCT00000055352.4","ENSSSCG00000034778","ARTN","ARTN","Significant"
"ENSSSCT00000026467.4",-4.41025064042304,-2.78692562581021,-5.93383184606645,7.8194640238048e-07,1.45434001729681e-05,5.66289695276796,"ENSSSCT00000026467.4","ENSSSCG00000021893","ROCK1","ROCK1","Significant"
"ENSSSCT00000090061.1",2.23911424977923,4.39895210856874,6.0050328149284,6.26511340726757e-07,1.21732870995561e-05,5.66223745083071,"ENSSSCT00000090061.1","ENSSSCG00000037264","RAB31","RAB31","Significant"
"ENSSSCT00000088367.1",-7.78268954620501,-0.761144114709774,-5.93650787463697,7.75459254376991e-07,1.44805690319057e-05,5.63862912141478,"ENSSSCT00000088367.1","ENSSSCG00000040546","PXN","PXN","Significant"
"ENSSSCT00000028648.4",-1.66312242305388,1.20342707820193,-5.87732532693478,9.32357749769137e-07,1.68126668612074e-05,5.6336358125976,"ENSSSCT00000028648.4","ENSSSCG00000060225","CIDEA","CIDEA","Significant"
"ENSSSCT00000079224.1",-2.05402620888239,0.24823880797454,-5.87706776474199,9.33105783964581e-07,1.68126668612074e-05,5.63259552880105,"ENSSSCT00000079224.1","ENSSSCG00000042605",NA,"ENSSSCG00000042605","Significant"
"ENSSSCT00000007757.5",4.1555686356206,1.69432633026736,5.87583788282885,9.36686003216518e-07,1.68477881054696e-05,5.62909376360917,"ENSSSCT00000007757.5","ENSSSCG00000007085","DSTN","DSTN","Significant"
"ENSSSCT00000016824.4",-1.10553170256218,4.96350032786751,-6.08375554892082,4.90412324680822e-07,9.90669357738136e-06,5.59855610915088,"ENSSSCT00000016824.4","ENSSSCG00000015443","DLD","DLD","Significant"
"ENSSSCT00000077281.2",1.33747172613837,2.63538109747601,5.90864313078984,8.45734717104512e-07,1.54906149111921e-05,5.5905405701157,"ENSSSCT00000077281.2","ENSSSCG00000006871","SLC35A3","SLC35A3","Significant"
"ENSSSCT00000094194.1",5.60364120455564,-2.37421820334418,5.92281308989667,8.09235297813707e-07,1.49786022543622e-05,5.58619014461128,"ENSSSCT00000094194.1","ENSSSCG00000004485","CD109","CD109","Significant"
"ENSSSCT00000088074.2",-3.83885195704884,-0.982693217570183,-5.87402169973446,9.41998119107014e-07,1.69217116668678e-05,5.58574135981977,"ENSSSCT00000088074.2","ENSSSCG00000004334","MAP3K7","MAP3K7","Significant"
"ENSSSCT00000001927.5",1.1498544693564,1.92409928452489,5.8919211329661,8.90933690647124e-07,1.62007819575342e-05,5.57855590858083,"ENSSSCT00000001927.5","ENSSSCG00000001723","PLA2G7","PLA2G7","Significant"
"ENSSSCT00000022554.4",5.74154317067431,1.11406779551084,5.88599916568993,9.0751386412373e-07,1.64472384802057e-05,5.57712784144038,"ENSSSCT00000022554.4","ENSSSCG00000038854","PSMF1","PSMF1","Significant"
"ENSSSCT00000061807.3",2.64494145565439,-1.51120775939988,5.90037521990928,8.67788196358388e-07,1.58343485143643e-05,5.53953731427612,"ENSSSCT00000061807.3","ENSSSCG00000000563",NA,"ENSSSCG00000000563","Significant"
"ENSSSCT00000054083.3",-1.01472730984216,2.02762754217019,-5.88055027376877,9.23042233465347e-07,1.66730576065951e-05,5.53051268879645,"ENSSSCT00000054083.3","ENSSSCG00000000250","KRT73","KRT73","Significant"
"ENSSSCT00000058110.3",-1.04451026481014,1.46037143967677,-5.85364811719448,1.00369506584183e-06,1.77947112162627e-05,5.52773043471112,"ENSSSCT00000058110.3","ENSSSCG00000009389","TRIM13","TRIM13","Significant"
"ENSSSCT00000106910.1",2.14949466534558,2.36786659960525,5.86036582786773,9.82917564735278e-07,1.75024818572523e-05,5.52440866156902,"ENSSSCT00000106910.1","ENSSSCG00000035209","ANP32E","ANP32E","Significant"
"ENSSSCT00000030713.3",1.47986740938772,0.439091290549423,5.83570550148691,1.06137070653095e-06,1.8564876886124e-05,5.51501322787809,"ENSSSCT00000030713.3","ENSSSCG00000000464","C12orf56","C12orf56","Significant"
"ENSSSCT00000024086.4",2.87878763005518,-3.11943465144049,5.93884334225078,7.69841740268849e-07,1.44086797357782e-05,5.51203434590265,"ENSSSCT00000024086.4","ENSSSCG00000036948",NA,"ENSSSCG00000036948","Significant"
"ENSSSCT00000033431.4",5.05745178452615,-1.46927601990335,5.86684235656219,9.63293656613578e-07,1.72283194625502e-05,5.50928774881657,"ENSSSCT00000033431.4","ENSSSCG00000014927","NOX4","NOX4","Significant"
"ENSSSCT00000089981.1",3.73746501009622,2.44467752317185,5.83120770658313,1.0763412066017e-06,1.86963392115299e-05,5.50784430529034,"ENSSSCT00000089981.1","ENSSSCG00000012163","RPS6KA3","RPS6KA3","Significant"
"ENSSSCT00000019614.4",5.3740000928846,-1.28614518089268,5.88404384392682,9.13055870362759e-07,1.65201296322461e-05,5.49834501920956,"ENSSSCT00000019614.4","ENSSSCG00000018019","ARHGAP44","ARHGAP44","Significant"
"ENSSSCT00000025243.4",1.6810321189566,2.10675314380715,5.84326730031224,1.03667001922645e-06,1.82306306940988e-05,5.4506047352121,"ENSSSCT00000025243.4","ENSSSCG00000023320",NA,"ENSSSCG00000023320","Significant"
"ENSSSCT00000083713.2",1.95869987254935,2.06798434529208,5.82750472431082,1.08882467878876e-06,1.88829999081004e-05,5.43551069684281,"ENSSSCT00000083713.2","ENSSSCG00000011980","CLDND1","CLDND1","Significant"
"ENSSSCT00000043556.3",1.55932667132839,2.79465429317034,5.89088072682441,8.93824478436343e-07,1.62410844085512e-05,5.41770503273909,"ENSSSCT00000043556.3","ENSSSCG00000025981","SLC38A5","SLC38A5","Significant"
"ENSSSCT00000068510.2",4.99844092447166,-0.895522262744546,5.83218962295283,1.07305506347353e-06,1.8672791267884e-05,5.40825593584232,"ENSSSCT00000068510.2","ENSSSCG00000037046","TUBB4B","TUBB4B","Significant"
"ENSSSCT00000066827.1",-2.67996150524399,1.55467304134447,-5.79596601106407,1.20119213509776e-06,2.05691535571047e-05,5.40153482861211,"ENSSSCT00000066827.1","ENSSSCG00000005071","ARMH4","ARMH4","Significant"
"ENSSSCT00000011398.6",2.8134229037551,-4.36811070332548,5.94035638751001,7.66224174083899e-07,1.43657118871946e-05,5.3984200124323,"ENSSSCT00000011398.6","ENSSSCG00000034973","CXCL12","CXCL12","Significant"
"ENSSSCT00000090661.2",-3.74596032029397,2.38500085959564,-5.80502001583134,1.16779673384902e-06,2.0092266337949e-05,5.39671852015771,"ENSSSCT00000090661.2","ENSSSCG00000048919","PRNP","PRNP","Significant"
"ENSSSCT00000017133.4",-1.60379599544871,0.943744329733248,-5.79289045963384,1.21275220439787e-06,2.07344377934914e-05,5.38745388140012,"ENSSSCT00000017133.4","ENSSSCG00000015733","GLI2","GLI2","Significant"
"ENSSSCT00000072660.2",-1.8348068580603,2.7489473477591,-5.84453849687359,1.03257448560576e-06,1.81720010123748e-05,5.38732054895601,"ENSSSCT00000072660.2","ENSSSCG00000031251","DDA1","DDA1","Significant"
"ENSSSCT00000078414.2",3.77281951087057,1.00466932266421,5.79031094647898,1.22253357106159e-06,2.08688400790011e-05,5.37182477443526,"ENSSSCT00000078414.2","ENSSSCG00000029198","CUL5","CUL5","Significant"
"ENSSSCT00000090179.1",2.20037138881172,-1.51303905010768,5.83431755845744,1.06596798780229e-06,1.86053641725406e-05,5.34994861174001,"ENSSSCT00000090179.1","ENSSSCG00000047465","SERTM2","SERTM2","Significant"
"ENSSSCT00000042092.3",3.11651532541567,-2.23080625304506,5.85398245494911,1.00265066092875e-06,1.77858662398918e-05,5.34405130981859,"ENSSSCT00000042092.3","ENSSSCG00000035299","SFRP4","SFRP4","Significant"
"ENSSSCT00000092515.1",1.72594033109423,-1.98055988573621,5.84835507457962,1.02037527563696e-06,1.80218393753344e-05,5.33894840044683,"ENSSSCT00000092515.1","ENSSSCG00000054761",NA,"ENSSSCG00000054761","Significant"
"ENSSSCT00000058575.3",-3.42183595459579,0.3291789608648,-5.77655482755874,1.27604393274766e-06,2.16466626086597e-05,5.33841178036062,"ENSSSCT00000058575.3","ENSSSCG00000027660","IFI44L","IFI44L","Significant"
"ENSSSCT00000072207.2",5.88663609378886,1.93937590440577,5.78370476352411,1.24794514010695e-06,2.12469991373613e-05,5.33057613465,"ENSSSCT00000072207.2","ENSSSCG00000008115",NA,"ENSSSCG00000008115","Significant"
"ENSSSCT00000050518.3",4.74178858668945,-2.4219901695164,5.84306732819108,1.03731576617971e-06,1.8232152690309e-05,5.32783802336056,"ENSSSCT00000050518.3","ENSSSCG00000016521","DGKI","DGKI","Significant"
"ENSSSCT00000019061.5",2.30166059514951,-0.277361572581163,5.78582658495719,1.23972620193003e-06,2.11291338670814e-05,5.32693255539328,"ENSSSCT00000019061.5","ENSSSCG00000017508","STAC2","STAC2","Significant"
"ENSSSCT00000010058.5",-1.26233141418058,3.16068308628985,-5.86869763642959,9.57744745702323e-07,1.71478910976818e-05,5.32482939207711,"ENSSSCT00000010058.5","ENSSSCG00000009185","ADH5","ADH5","Significant"
"ENSSSCT00000049256.2",4.5743634506841,-3.46188239704192,5.85417890985418,1.00203748205027e-06,1.77846652502814e-05,5.3207012909932,"ENSSSCT00000049256.2","ENSSSCG00000010447","ACTA2","ACTA2","Significant"
"ENSSSCT00000012809.6",1.70655131916374,6.16693760927338,6.03024178459692,5.79243517213143e-07,1.13700515564222e-05,5.30681306179801,"ENSSSCT00000012809.6","ENSSSCG00000011700","CP","CP","Significant"
"ENSSSCT00000098152.1",4.05030615187916,-2.21628206621457,5.83345982059125,1.06881902681776e-06,1.8615264717076e-05,5.30265483424351,"ENSSSCT00000098152.1","ENSSSCG00000025049","CYBRD1","CYBRD1","Significant"
"ENSSSCT00000016781.4",2.79002699217915,-1.35878108005962,5.81133326930624,1.14506162060572e-06,1.97532217345127e-05,5.29460702564058,"ENSSSCT00000016781.4","ENSSSCG00000015406","GNAT3","GNAT3","Significant"
"ENSSSCT00000056301.2",-1.943623861822,-2.25939042639624,-5.85526648099286,9.98649716529147e-07,1.77438557807718e-05,5.29410343272722,"ENSSSCT00000056301.2","ENSSSCG00000051849",NA,"ENSSSCG00000051849","Significant"
"ENSSSCT00000059704.3",1.21858691543127,-0.344774635870225,5.77445631604168,1.28441041976003e-06,2.17655495456632e-05,5.2932761685056,"ENSSSCT00000059704.3","ENSSSCG00000021640","ZNF354C","ZNF354C","Significant"
"ENSSSCT00000030477.3",6.22701888473333,-0.432153170728794,5.79333783831266,1.21106375247993e-06,2.07164336756851e-05,5.28363568073001,"ENSSSCT00000030477.3","ENSSSCG00000029484","EMB","EMB","Significant"
"ENSSSCT00000013441.6",-1.9906744533332,-2.04097474613513,-5.8353660672897,1.06249317803201e-06,1.85714280221808e-05,5.28206178354185,"ENSSSCT00000013441.6","ENSSSCG00000012292","SYP","SYP","Significant"
"ENSSSCT00000047490.3",1.06203135159883,4.8720440755985,5.9715979454536,6.95218215023466e-07,1.3247746746128e-05,5.28071992087407,"ENSSSCT00000047490.3","ENSSSCG00000026034","NUP153","NUP153","Significant"
"ENSSSCT00000088087.1",-1.67060426522774,5.26130869428733,-5.97075244797976,6.97050213654802e-07,1.32604038745153e-05,5.27663704231404,"ENSSSCT00000088087.1","ENSSSCG00000013522","SAFB","SAFB","Significant"
"ENSSSCT00000058428.2",3.84412300073591,-0.531070656589007,5.78309318105824,1.25032422425909e-06,2.12763940541459e-05,5.26327606917281,"ENSSSCT00000058428.2","ENSSSCG00000008311","CYP26B1","CYP26B1","Significant"
"ENSSSCT00000075655.1",2.1442351704017,-2.05421774488005,5.80141126880621,1.18099470320525e-06,2.02765409706709e-05,5.23804724437415,"ENSSSCT00000075655.1","ENSSSCG00000042315",NA,"ENSSSCG00000042315","Significant"
"ENSSSCT00000028925.4",2.198611951471,-0.239162254443484,5.74940235449807,1.38863692915407e-06,2.31586283571045e-05,5.23304923476636,"ENSSSCT00000028925.4","ENSSSCG00000024954","FGF1","FGF1","Significant"
"ENSSSCT00000066962.2",2.0993178739814,2.89329189954601,5.7774491733313,1.27249487833986e-06,2.16198139725861e-05,5.2103884632144,"ENSSSCT00000066962.2","ENSSSCG00000035639","NAE1","NAE1","Significant"
"ENSSSCT00000075581.2",1.20878909366922,1.96127562843495,5.75580208617895,1.36123545634663e-06,2.28321377311034e-05,5.20892875729961,"ENSSSCT00000075581.2","ENSSSCG00000040202","CRLS1","CRLS1","Significant"
"ENSSSCT00000056193.3",1.28778047151954,4.60915326277614,5.93656101593005,7.75330978065112e-07,1.44805690319057e-05,5.2058555445403,"ENSSSCT00000056193.3","ENSSSCG00000011980","CLDND1","CLDND1","Significant"
"ENSSSCT00000099352.1",-4.83667700260487,-3.27131075556266,-5.79083189613754,1.22055182167109e-06,2.08459254027051e-05,5.20393697921509,"ENSSSCT00000099352.1","ENSSSCG00000016581","CALU","CALU","Significant"
"ENSSSCT00000101217.1",-3.55692548506965,-2.52609679573905,-5.8062625614365,1.16328670309075e-06,2.00289127382879e-05,5.19820623608648,"ENSSSCT00000101217.1","ENSSSCG00000060230",NA,"ENSSSCG00000060230","Significant"
"ENSSSCT00000028073.4",1.20885812815831,4.79976224395605,5.93242124695898,7.85387778168264e-07,1.45824505235752e-05,5.19430024795598,"ENSSSCT00000028073.4","ENSSSCG00000021292","OSBPL9","OSBPL9","Significant"
"ENSSSCT00000016338.5",1.87056751812781,3.26510820797913,5.80433007574078,1.17030853662082e-06,2.01248626202454e-05,5.18985421224902,"ENSSSCT00000016338.5","ENSSSCG00000014976","ARHGAP42","ARHGAP42","Significant"
"ENSSSCT00000091747.1",-1.07066291152965,4.9654150755036,-5.95714075928765,7.27218094812996e-07,1.37370908246135e-05,5.17440557907012,"ENSSSCT00000091747.1","ENSSSCG00000033760","LTBP4","LTBP4","Significant"
"ENSSSCT00000061973.3",2.78665061524915,-0.385303256523882,5.74094067623488,1.42571539151461e-06,2.36498063774141e-05,5.1620578104283,"ENSSSCT00000061973.3","ENSSSCG00000016716","GSDME","GSDME","Significant"
"ENSSSCT00000076030.2",3.1198877065322,2.29386428021755,5.72518646827784,1.49740617316058e-06,2.45210602057898e-05,5.15804813041389,"ENSSSCT00000076030.2","ENSSSCG00000004717","UBR1","UBR1","Significant"
"ENSSSCT00000004142.5",2.29726161189935,0.0417869181724837,5.71141292936223,1.56302991703981e-06,2.54169712793846e-05,5.14843821776447,"ENSSSCT00000004142.5","ENSSSCG00000003741",NA,"ENSSSCG00000003741","Significant"
"ENSSSCT00000001081.3",-1.18328588073083,4.7071488939069,-5.92791742888076,7.96477384430328e-07,1.47799366203565e-05,5.14198551143348,"ENSSSCT00000001081.3","ENSSSCG00000000991","FOXQ1","FOXQ1","Significant"
"ENSSSCT00000006679.4",3.93206796536458,-0.531429746401743,5.73669452411292,1.44469304479507e-06,2.38319579756583e-05,5.14022466596231,"ENSSSCT00000006679.4","ENSSSCG00000006088","SDC2","SDC2","Significant"
"ENSSSCT00000012161.3",2.54579296593691,3.60788152543112,5.74608080167347,1.4030753817906e-06,2.33159376900616e-05,5.13507372209063,"ENSSSCT00000012161.3","ENSSSCG00000011112","CDC123","CDC123","Significant"
"ENSSSCT00000012574.5",-1.20941682907841,0.48966830566367,-5.70400143823964,1.59952340730752e-06,2.58941713862237e-05,5.13269997805935,"ENSSSCT00000012574.5","ENSSSCG00000011491","THOC7","THOC7","Significant"
"ENSSSCT00000025758.3",1.02499881726924,1.05068098663543,5.70656404791786,1.58681003661684e-06,2.57138938538049e-05,5.13159787115924,"ENSSSCT00000025758.3","ENSSSCG00000027902","ZMPSTE24","ZMPSTE24","Significant"
"ENSSSCT00000031044.4",4.75290664791465,1.02733120570724,5.70982559451499,1.57077512551287e-06,2.54920618179301e-05,5.12583313266376,"ENSSSCT00000031044.4","ENSSSCG00000015949","SLC25A12","SLC25A12","Significant"
"ENSSSCT00000080469.2",-1.36873103639192,4.30295813707304,-5.91857865781119,8.19974085439379e-07,1.50956719828715e-05,5.11168482403578,"ENSSSCT00000080469.2","ENSSSCG00000022674","DAZAP2","DAZAP2","Significant"
"ENSSSCT00000044131.3",-2.35790671408855,-4.08538135763626,-5.846424421712,1.0265282319805e-06,1.8101095984582e-05,5.10873681268286,"ENSSSCT00000044131.3","ENSSSCG00000033493","CACNA1B","CACNA1B","Significant"
"ENSSSCT00000031268.4",1.93066082653544,1.77092675194569,5.7086096690067,1.57673402238694e-06,2.55633197741938e-05,5.10251441836566,"ENSSSCT00000031268.4","ENSSSCG00000025134","FAM171B","FAM171B","Significant"
"ENSSSCT00000023650.4",1.44374912636274,4.37588365165757,5.87698389421238,9.33349497570403e-07,1.68126668612074e-05,5.09071341286286,"ENSSSCT00000023650.4","ENSSSCG00000021359","CDC42EP3","CDC42EP3","Significant"
"ENSSSCT00000064685.3",-3.30288995588528,-4.57302964959342,-5.82371855101516,1.10173838859738e-06,1.90479154542139e-05,5.07803135681251,"ENSSSCT00000064685.3","ENSSSCG00000039940","NELL1","NELL1","Significant"
"ENSSSCT00000090776.2",4.9813944808835,-2.6845787102786,5.76174474409195,1.33627533239804e-06,2.24692733045413e-05,5.0732563314454,"ENSSSCT00000090776.2","ENSSSCG00000011942","CD47","CD47","Significant"
"ENSSSCT00000097995.1",2.06077299933525,-3.60814239488847,5.79689343577988,1.19772790195713e-06,2.05206098346875e-05,5.07009822342167,"ENSSSCT00000097995.1","ENSSSCG00000023419","ARHGEF10","ARHGEF10","Significant"
"ENSSSCT00000018018.5",2.36194745406996,4.2841555493237,5.86658493798782,9.64066101113001e-07,1.72326815573949e-05,5.06742912858676,"ENSSSCT00000018018.5","ENSSSCG00000016548",NA,"ENSSSCG00000016548","Significant"
"ENSSSCT00000040035.3",1.41858808349223,3.00200495941265,5.74850089986178,1.39254070949555e-06,2.31881497918248e-05,5.04627987556765,"ENSSSCT00000040035.3","ENSSSCG00000038913","HERC4","HERC4","Significant"
"ENSSSCT00000026203.4",-2.34489834362893,-4.66529365417567,-5.82512759053329,1.09691469486531e-06,1.89929934739186e-05,5.02186756138287,"ENSSSCT00000026203.4","ENSSSCG00000026512",NA,"ENSSSCG00000026512","Significant"
"ENSSSCT00000074792.2",-2.38153654022929,3.05390248627624,-5.75295508215153,1.37335796196925e-06,2.30038827674386e-05,5.00940105252522,"ENSSSCT00000074792.2","ENSSSCG00000004921","ATP8B1","ATP8B1","Significant"
"ENSSSCT00000076970.2",-1.73346119338193,-1.09985458690765,-5.69137410701178,1.66367114617484e-06,2.67599082633865e-05,5.00770302070347,"ENSSSCT00000076970.2","ENSSSCG00000010448","FAS","FAS","Significant"
"ENSSSCT00000066217.3",-1.30180145688927,10.607387184516,-6.04253056448475,5.57514256175728e-07,1.10432532250021e-05,5.00025684524586,"ENSSSCT00000066217.3","ENSSSCG00000032857","S100A12","S100A12","Significant"
"ENSSSCT00000071933.1",4.0090455294485,-1.57796736966383,5.68666280444147,1.68825797956654e-06,2.70885645500922e-05,4.99652447429859,"ENSSSCT00000071933.1","ENSSSCG00000010872","AKT3","AKT3","Significant"
"ENSSSCT00000067829.2",1.0392674088039,4.12906899130975,5.82368913985543,1.10183930028976e-06,1.90479154542139e-05,4.98935730586562,"ENSSSCT00000067829.2","ENSSSCG00000029485","FBXO11","FBXO11","Significant"
"ENSSSCT00000004137.5",-2.49739201971824,-4.88574844929625,-5.81254104942653,1.14076291734624e-06,1.96894834077062e-05,4.98483299441535,"ENSSSCT00000004137.5","ENSSSCG00000003737","NOL4","NOL4","Significant"
"ENSSSCT00000074466.2",4.77552322379813,-2.64840675423659,5.71187161111404,1.5607989515721e-06,2.53933577929425e-05,4.97892936702812,"ENSSSCT00000074466.2","ENSSSCG00000005273","OSTF1","OSTF1","Significant"
"ENSSSCT00000063943.3",5.08530227352529,-1.60630759475494,5.68823522890043,1.68001187610527e-06,2.69828114327764e-05,4.97408108251827,"ENSSSCT00000063943.3","ENSSSCG00000017950","TP53","TP53","Significant"
"ENSSSCT00000010050.4",-3.02639513876214,-2.57228868672765,-5.7202370094969,1.5206645865572e-06,2.4864467492533e-05,4.96961752633682,"ENSSSCT00000010050.4","ENSSSCG00000009177","DNAJB14","DNAJB14","Significant"
"ENSSSCT00000090920.2",3.64868260606839,3.36228026343605,5.66376210364596,1.8130403231168e-06,2.87651419439903e-05,4.94889580968084,"ENSSSCT00000090920.2","ENSSSCG00000016434","RHEB","RHEB","Significant"
"ENSSSCT00000066994.1",-7.73716331532902,-1.5170737348679,-5.68979528599321,1.67187040348942e-06,2.68785318714838e-05,4.94663008143915,"ENSSSCT00000066994.1","ENSSSCG00000011112","CDC123","CDC123","Significant"
"ENSSSCT00000056935.3",-3.55117507851116,0.304610589283044,-5.63921284015008,1.95705514247962e-06,3.07211487074654e-05,4.94415818977084,"ENSSSCT00000056935.3","ENSSSCG00000005585","DENND1A","DENND1A","Significant"
"ENSSSCT00000040640.3",-2.60993927514105,-2.30781812240883,-5.71667877415029,1.53760817356148e-06,2.50824900016509e-05,4.93558719649815,"ENSSSCT00000040640.3","ENSSSCG00000039486","DIPK1C","DIPK1C","Significant"
"ENSSSCT00000104265.1",1.40435781369199,4.77782273879309,5.85869975690682,9.88030140938606e-07,1.75743233579718e-05,4.93411568030964,"ENSSSCT00000104265.1","ENSSSCG00000016824","RAI14","RAI14","Significant"
"ENSSSCT00000042142.3",-1.23946892062162,-0.742975004635553,-5.66703365620253,1.79466527145784e-06,2.85152370909413e-05,4.93248105131757,"ENSSSCT00000042142.3","ENSSSCG00000034653","DLX4","DLX4","Significant"
"ENSSSCT00000101947.1",-1.98727174100839,-4.0139270656054,-5.76702115265492,1.31449737829463e-06,2.21373308480982e-05,4.92435974138133,"ENSSSCT00000101947.1","ENSSSCG00000060726",NA,"ENSSSCG00000060726","Significant"
"ENSSSCT00000098627.1",3.64542275289109,0.539559624511035,5.63324056400378,1.99378514308625e-06,3.11619165730801e-05,4.92407602561745,"ENSSSCT00000098627.1","ENSSSCG00000045502","WDFY4","WDFY4","Significant"
"ENSSSCT00000063953.1",-3.52099599941017,2.56685002687342,-5.65382549181488,1.87001080124425e-06,2.956829881851e-05,4.91967432483786,"ENSSSCT00000063953.1","ENSSSCG00000010627","PDCD4","PDCD4","Significant"
"ENSSSCT00000103940.1",-1.74771821073513,0.0823808471994436,-5.62731025014008,2.0309382677293e-06,3.16070220911915e-05,4.90540713025045,"ENSSSCT00000103940.1","ENSSSCG00000057040",NA,"ENSSSCG00000057040","Significant"
"ENSSSCT00000073694.1",1.08602661204087,3.33531426678544,5.7418841362329,1.42153266871198e-06,2.35986003720394e-05,4.9049319770764,"ENSSSCT00000073694.1","ENSSSCG00000027509","VPS54","VPS54","Significant"
"ENSSSCT00000064303.3",-1.12131318456392,0.77356521690028,-5.62194765631549,2.06512959008383e-06,3.20473513351229e-05,4.8896492489096,"ENSSSCT00000064303.3","ENSSSCG00000002929","SYNE4","SYNE4","Significant"
"ENSSSCT00000070478.2",-1.51837312281468,2.71403807626982,-5.69733389690052,1.63308079160666e-06,2.6332822022524e-05,4.88091308514206,"ENSSSCT00000070478.2","ENSSSCG00000006487","CCT3","CCT3","Significant"
"ENSSSCT00000023416.4",-1.15542143048613,0.575626394911617,-5.61690831200873,2.09778362310949e-06,3.24613845504802e-05,4.87778708376977,"ENSSSCT00000023416.4","ENSSSCG00000028871",NA,"ENSSSCG00000028871","Significant"
"ENSSSCT00000045155.2",-9.17461778286935,-0.958207287096574,-5.69314711160658,1.65451132916193e-06,2.66388579634547e-05,4.87669457261391,"ENSSSCT00000045155.2","ENSSSCG00000006062","YWHAZ","YWHAZ","Significant"
"ENSSSCT00000055091.2",1.07599710391561,3.70723445525888,5.75336607908356,1.37160129858039e-06,2.29921278863317e-05,4.85172188910273,"ENSSSCT00000055091.2","ENSSSCG00000010189","NUP133","NUP133","Significant"
"ENSSSCT00000070892.2",-4.53146050786243,-0.172337345803027,-5.62396215476752,2.05221846773261e-06,3.19077400676939e-05,4.84592691658141,"ENSSSCT00000070892.2","ENSSSCG00000005066","EXOC5","EXOC5","Significant"
"ENSSSCT00000030385.4",1.35621423794171,2.25279048287895,5.64171585118805,1.94186311460305e-06,3.05267622895457e-05,4.84190516338575,"ENSSSCT00000030385.4","ENSSSCG00000021309","TRDMT1","TRDMT1","Significant"
"ENSSSCT00000015562.4",1.1084210056288,1.08291614077268,5.61691069015473,2.09776809218949e-06,3.24613845504802e-05,4.83601777949489,"ENSSSCT00000015562.4","ENSSSCG00000014242",NA,"ENSSSCG00000014242","Significant"
"ENSSSCT00000039756.3",1.73386417105512,3.26370667676523,5.68446090322875,1.69987319750989e-06,2.72615178217475e-05,4.82062403857531,"ENSSSCT00000039756.3","ENSSSCG00000010863","AHCTF1","AHCTF1","Significant"
"ENSSSCT00000059761.3",2.07420485319632,0.614490376511816,5.59571756986021,2.24083382487901e-06,3.42041882145858e-05,4.81238939536161,"ENSSSCT00000059761.3","ENSSSCG00000011700","CP","CP","Significant"
"ENSSSCT00000040338.3",1.15297885387415,3.76342981367797,5.74441083944763,1.41039114013569e-06,2.34255694003994e-05,4.80995901303825,"ENSSSCT00000040338.3","ENSSSCG00000024614","ITSN1","ITSN1","Significant"
"ENSSSCT00000089658.2",5.51425457725529,0.802447150023294,5.6064079675622,2.16748977011887e-06,3.32559230423321e-05,4.80843812211812,"ENSSSCT00000089658.2","ENSSSCG00000005060","KTN1","KTN1","Significant"
"ENSSSCT00000072706.1",-3.65563136733347,-1.68306240164255,-5.63133903937482,2.00562356824875e-06,3.12877276646805e-05,4.80635134216108,"ENSSSCT00000072706.1","ENSSSCG00000032494","TIMM21","TIMM21","Significant"
"ENSSSCT00000060975.2",-1.13780665510651,1.65540317638551,-5.60986409975433,2.14429470802887e-06,3.30087746272772e-05,4.79918683243298,"ENSSSCT00000060975.2","ENSSSCG00000010680","DENND10","DENND10","Significant"
"ENSSSCT00000107796.1",-1.17147494643944,1.76034686372376,-5.61916727906837,2.08308264878762e-06,3.22645257392264e-05,4.79713245327469,"ENSSSCT00000107796.1","ENSSSCG00000001433","PPT2","PPT2","Significant"
"ENSSSCT00000008480.5",-1.34984954910446,3.879404068534,-5.75577347269839,1.36135675835066e-06,2.28321377311034e-05,4.79031564479049,"ENSSSCT00000008480.5","ENSSSCG00000007735","RABGEF1","RABGEF1","Significant"
"ENSSSCT00000057382.3",3.15456026106235,-2.79510293013625,5.67478205805101,1.75188422785628e-06,2.79772584586881e-05,4.78663052842589,"ENSSSCT00000057382.3","ENSSSCG00000017343","GFAP","GFAP","Significant"
"ENSSSCT00000016788.5",1.3002886909363,1.87834849176915,5.60877557160385,2.15157325858265e-06,3.30897422537849e-05,4.7777511107725,"ENSSSCT00000016788.5","ENSSSCG00000015413","FGL2","FGL2","Significant"
"ENSSSCT00000077590.2",-5.69053882452863,-2.2385594258045,-5.64398561666433,1.92818863483203e-06,3.03557036456125e-05,4.77368938821989,"ENSSSCT00000077590.2","ENSSSCG00000032467","RAB5C","RAB5C","Significant"
"ENSSSCT00000046183.3",2.28443993398387,-4.67142286717819,5.71419215109,1.54956084825072e-06,2.52483167897884e-05,4.7657619022633,"ENSSSCT00000046183.3","ENSSSCG00000034973","CXCL12","CXCL12","Significant"
"ENSSSCT00000009462.5",2.1683467542993,-2.40149237362505,5.62278760125327,2.0597364680893e-06,3.19941152003733e-05,4.76383452185406,"ENSSSCT00000009462.5","ENSSSCG00000008649","SOX11","SOX11","Significant"
"ENSSSCT00000099202.1",3.90985867716729,3.00018588913728,5.59094463380218,2.27437485942129e-06,3.46350854351106e-05,4.74684509964059,"ENSSSCT00000099202.1","ENSSSCG00000008633","PDIA6","PDIA6","Significant"
"ENSSSCT00000052102.3",-1.80524858792993,-0.487470303131589,-5.58078700100348,2.34743363089316e-06,3.56311574029985e-05,4.74065246874179,"ENSSSCT00000052102.3","ENSSSCG00000039656","RHOG","RHOG","Significant"
"ENSSSCT00000092413.2",-2.83310272986741,-3.58349088896301,-5.68311099768973,1.70703351231696e-06,2.73628911679362e-05,4.73941112178064,"ENSSSCT00000092413.2","ENSSSCG00000052357","LTB","LTB","Significant"
"ENSSSCT00000088460.2",-3.58862810634624,1.35953584255869,-5.57954560098347,2.35652156485648e-06,3.57259752596155e-05,4.73791689528804,"ENSSSCT00000088460.2","ENSSSCG00000007826",NA,"ENSSSCG00000007826","Significant"
"ENSSSCT00000060675.2",-3.66065950956105,3.72916593605752,-5.63760484630346,1.96687743188524e-06,3.08604772806479e-05,4.73500130022284,"ENSSSCT00000060675.2","ENSSSCG00000032312","RAB11A","RAB11A","Significant"
"ENSSSCT00000076129.2",-5.47630499307551,-2.88493864023718,-5.6118374244826,2.13116250643047e-06,3.28376287143946e-05,4.73000576397721,"ENSSSCT00000076129.2","ENSSSCG00000022337","SERPINB11","SERPINB11","Significant"
"ENSSSCT00000027944.4",1.58539903054567,3.98679090557889,5.73203530016926,1.4658075710161e-06,2.40971061094757e-05,4.72907484505429,"ENSSSCT00000027944.4","ENSSSCG00000024158","ANO1","ANO1","Significant"
"ENSSSCT00000087048.2",-1.38057306350566,1.03985008095683,-5.57118273832408,2.41866567969984e-06,3.65931210305956e-05,4.72389748499029,"ENSSSCT00000087048.2","ENSSSCG00000007247","KIF3B","KIF3B","Significant"
"ENSSSCT00000059253.3",2.97390692056158,-4.08295556666488,5.66708710717902,1.79436660775844e-06,2.85152370909413e-05,4.71624874702198,"ENSSSCT00000059253.3","ENSSSCG00000009753","TMEM132C","TMEM132C","Significant"
"ENSSSCT00000003912.4",-1.03596558390829,3.78395162015633,-5.73895452505734,1.4345610255018e-06,2.37303032346326e-05,4.71333571572051,"ENSSSCT00000003912.4","ENSSSCG00000003521",NA,"ENSSSCG00000003521","Significant"
"ENSSSCT00000096288.1",-3.40247329155448,0.436802973180797,-5.55982590895339,2.50568491259524e-06,3.77069848419345e-05,4.71068126223742,"ENSSSCT00000096288.1","ENSSSCG00000007549","CYP2W1","CYP2W1","Significant"
"ENSSSCT00000061754.2",-3.91107783606851,-0.52235796122636,-5.55924964975034,2.51018273925607e-06,3.77499990916535e-05,4.70255591919904,"ENSSSCT00000061754.2","ENSSSCG00000016090","SPATS2L","SPATS2L","Significant"
"ENSSSCT00000038132.1",-2.23808324351117,-0.357427254624987,-5.56270144709749,2.48336064899335e-06,3.74502731728858e-05,4.69688322715055,"ENSSSCT00000038132.1","ENSSSCG00000016883","ISL1","ISL1","Significant"
"ENSSSCT00000013060.3",2.86746386064876,-2.87100135750683,5.64231088101277,1.93826894428665e-06,3.04849593147719e-05,4.69504911559481,"ENSSSCT00000013060.3","ENSSSCG00000011936","ZBED2","ZBED2","Significant"
"ENSSSCT00000091203.2",-2.96751509487271,0.412750229422739,-5.5527689829014,2.56132399821067e-06,3.83422440944264e-05,4.69090501917231,"ENSSSCT00000091203.2","ENSSSCG00000009699","HPGD","HPGD","Significant"
"ENSSSCT00000056206.2",1.25709264112106,0.488326406491846,5.54893792014848,2.59204395830191e-06,3.87132392196406e-05,4.67804038434149,"ENSSSCT00000056206.2","ENSSSCG00000009860","FBXW8","FBXW8","Significant"
"ENSSSCT00000061615.3",5.52912751745645,-2.4184410942802,5.59899562984938,2.21808429483423e-06,3.39363774513258e-05,4.66875629240645,"ENSSSCT00000061615.3","ENSSSCG00000028431","HSD17B4","HSD17B4","Significant"
"ENSSSCT00000046854.3",8.71933425867614,-0.0964895329116102,5.5940767391682,2.25230842215505e-06,3.43497901567687e-05,4.66446690857845,"ENSSSCT00000046854.3","ENSSSCG00000010877","HNRNPU","HNRNPU","Significant"
"ENSSSCT00000068386.1",2.99605570218646,-0.752203034477878,5.56087879394295,2.4974876835093e-06,3.76285066696567e-05,4.65015484150849,"ENSSSCT00000068386.1","ENSSSCG00000008953","CXCL8","CXCL8","Significant"
"ENSSSCT00000078425.1",-1.99993469590452,4.85368673985096,-5.74855447291022,1.39230840320997e-06,2.31881497918248e-05,4.64882338079773,"ENSSSCT00000078425.1","ENSSSCG00000027806","SAMHD1","SAMHD1","Significant"
"ENSSSCT00000093213.1",3.81859551213651,-1.90653214963911,5.59604977416031,2.23851777995703e-06,3.41848401394468e-05,4.6431864920601,"ENSSSCT00000093213.1","ENSSSCG00000006161","IL7","IL7","Significant"
"ENSSSCT00000096744.1",1.26557016017327,1.52452074664564,5.55385945908859,2.55264646815238e-06,3.82474657388053e-05,4.62666017059695,"ENSSSCT00000096744.1","ENSSSCG00000057206",NA,"ENSSSCG00000057206","Significant"
"ENSSSCT00000001973.4",1.71496295393985,-0.560048077465622,5.54038181028151,2.66198647440077e-06,3.95585264409129e-05,4.62294214697232,"ENSSSCT00000001973.4","ENSSSCG00000001764","SH2D7","SH2D7","Significant"
"ENSSSCT00000068686.1",6.25509272250617,-1.11320942003571,5.55535278535818,2.54081081443118e-06,3.81226855930576e-05,4.60859143674727,"ENSSSCT00000068686.1","ENSSSCG00000003643","SF3A3","SF3A3","Significant"
"ENSSSCT00000047679.3",3.54969360934377,2.18067453996954,5.52885397748642,2.75920853795639e-06,4.07248687965279e-05,4.60382823150038,"ENSSSCT00000047679.3","ENSSSCG00000031857","SMIM19","SMIM19","Significant"
"ENSSSCT00000061372.3",2.27913149955826,-3.10316515746322,5.59971563863146,2.21311844784658e-06,3.39081362187922e-05,4.57576831743123,"ENSSSCT00000061372.3","ENSSSCG00000005085","C14orf39","C14orf39","Significant"
"ENSSSCT00000004115.6",3.62418985931051,-1.23710302003499,5.55586592347778,2.53675649230287e-06,3.80904104403167e-05,4.56193501941083,"ENSSSCT00000004115.6","ENSSSCG00000003715","ZNF521","ZNF521","Significant"
"ENSSSCT00000006866.5",3.30603859509457,2.33858236410736,5.52147575818648,2.82328532745478e-06,4.14454726773236e-05,4.55711489324533,"ENSSSCT00000006866.5","ENSSSCG00000006267","PCMTD1","PCMTD1","Significant"
"ENSSSCT00000047528.2",2.25005775210803,1.9768904716906,5.52166607477553,2.82161399968655e-06,4.14395958764776e-05,4.55348885776938,"ENSSSCT00000047528.2","ENSSSCG00000023983","AGPS","AGPS","Significant"
"ENSSSCT00000013692.4",3.2741867734174,1.64582074388226,5.50640839007302,2.95878731408356e-06,4.28397539417374e-05,4.55024955628542,"ENSSSCT00000013692.4","ENSSSCG00000012523",NA,"ENSSSCG00000012523","Significant"
"ENSSSCT00000046687.3",2.42851715736327,2.4505491006197,5.52233252127685,2.81576915690486e-06,4.13910449015898e-05,4.53131295789731,"ENSSSCT00000046687.3","ENSSSCG00000021893","ROCK1","ROCK1","Significant"
"ENSSSCT00000054233.3",2.10834292759688,-0.0482256666920791,5.49720673265998,3.04470934711308e-06,4.39052205012272e-05,4.52477647683761,"ENSSSCT00000054233.3","ENSSSCG00000036695","IGF2BP3","IGF2BP3","Significant"
"ENSSSCT00000039828.3",3.76904812441458,-1.52075796906517,5.53850111949737,2.67761102952612e-06,3.97725877023551e-05,4.50910673791926,"ENSSSCT00000039828.3","ENSSSCG00000029606","AOX1","AOX1","Significant"
"ENSSSCT00000057692.3",3.5537304662263,-1.31961826238806,5.53002326932199,2.7491877749602e-06,4.06211426910323e-05,4.50762637680197,"ENSSSCT00000057692.3","ENSSSCG00000035148","ZNF268","ZNF268","Significant"
"ENSSSCT00000066503.1",-4.15343953737134,-1.65364057757307,-5.53752587035045,2.68574927956057e-06,3.98571549889817e-05,4.49875507338435,"ENSSSCT00000066503.1","ENSSSCG00000031617","SFT2D2","SFT2D2","Significant"
"ENSSSCT00000059840.3",1.69805247270035,-0.478064107742705,5.49611041269039,3.05511094579668e-06,4.40357370807935e-05,4.49856830495836,"ENSSSCT00000059840.3","ENSSSCG00000005391","TMEFF1","TMEFF1","Significant"
"ENSSSCT00000034675.4",-1.70725845205111,-1.21810859079389,-5.50978427961824,2.92787450702002e-06,4.24464964168891e-05,4.48619587783226,"ENSSSCT00000034675.4","ENSSSCG00000003081","CEACAM16","CEACAM16","Significant"
"ENSSSCT00000045645.3",-1.07748371421341,2.27483394471604,-5.52846053437207,2.76258851013028e-06,4.0737872358339e-05,4.48390143967877,"ENSSSCT00000045645.3","ENSSSCG00000032698","TPPP","TPPP","Significant"
"ENSSSCT00000106143.1",2.74275085757137,-2.68856063987121,5.55483692130075,2.54489319268291e-06,3.81663742659768e-05,4.47541324792479,"ENSSSCT00000106143.1","ENSSSCG00000055276",NA,"ENSSSCG00000055276","Significant"
"ENSSSCT00000059845.3",2.10531301265522,2.19112902020081,5.50355239158414,2.98519359259373e-06,4.31423988887083e-05,4.47483287247805,"ENSSSCT00000059845.3","ENSSSCG00000025568","TEAD2","TEAD2","Significant"
"ENSSSCT00000061527.2",-1.08260232881113,1.9870331987602,-5.52789356130184,2.76746650220946e-06,4.07913552613188e-05,4.46795869510071,"ENSSSCT00000061527.2","ENSSSCG00000034356",NA,"ENSSSCG00000034356","Significant"
"ENSSSCT00000094828.1",-1.02865745048986,1.75696739121688,-5.50067981817668,3.01199024665446e-06,4.34911116040399e-05,4.46135862311038,"ENSSSCT00000094828.1","ENSSSCG00000038077","PPP1R14A","PPP1R14A","Significant"
"ENSSSCT00000054292.3",1.1686384156703,2.185401791625,5.51550270795432,2.87624456271779e-06,4.19209109176803e-05,4.45109723758796,"ENSSSCT00000054292.3","ENSSSCG00000055761","CYP20A1","CYP20A1","Significant"
"ENSSSCT00000058078.3",1.67295580853004,0.962573356843796,5.46804878423057,3.33375817519689e-06,4.72787523027922e-05,4.43838246957716,"ENSSSCT00000058078.3","ENSSSCG00000034746","CAPN8","CAPN8","Significant"
"ENSSSCT00000009506.5",4.55602002298213,-2.59494414799826,5.51739207442949,2.85938646239924e-06,4.17498594805485e-05,4.4283623985902,"ENSSSCT00000009506.5","ENSSSCG00000008689","ZFYVE28","ZFYVE28","Significant"
"ENSSSCT00000028601.4",2.32115675478666,3.24249268434021,5.53555709967754,2.702253539818e-06,4.0065609100603e-05,4.42090605176441,"ENSSSCT00000028601.4","ENSSSCG00000029478","CUL4B","CUL4B","Significant"
"ENSSSCT00000040327.3",1.03064947664709,1.14229813551357,5.46815178613478,3.33269039736051e-06,4.72787523027922e-05,4.41742117256352,"ENSSSCT00000040327.3","ENSSSCG00000010685","TIAL1","TIAL1","Significant"
"ENSSSCT00000010839.5",2.34932017402344,5.49298784323407,5.63246521247784,1.99860384106737e-06,3.12080841159772e-05,4.40508943185382,"ENSSSCT00000010839.5","ENSSSCG00000009889","ALDH2","ALDH2","Significant"
"ENSSSCT00000093666.1",-2.9228316213886,2.10457700305348,-5.4775115142005,3.23707199964247e-06,4.61686331917511e-05,4.40270376695517,"ENSSSCT00000093666.1","ENSSSCG00000006648","CTSS","CTSS","Significant"
"ENSSSCT00000009301.4",-5.14054959218418,-3.18017264488864,-5.52108953472545,2.82668011246989e-06,4.14720856110878e-05,4.40187226378506,"ENSSSCT00000009301.4","ENSSSCG00000008499","STRN","STRN","Significant"
"ENSSSCT00000045200.3",-1.18575958398965,3.88602573908169,-5.62879588337956,2.02156643686067e-06,3.15191384188036e-05,4.40008231488227,"ENSSSCT00000045200.3","ENSSSCG00000008640","IAH1","IAH1","Significant"
"ENSSSCT00000010052.5",4.04388602236362,-3.44898457362843,5.51042023127951,2.92208730322852e-06,4.23995257830275e-05,4.39291229075216,"ENSSSCT00000010052.5","ENSSSCG00000009179","MTTP","MTTP","Significant"
"ENSSSCT00000017559.5",-1.13826421245771,5.60341493879395,-5.73074120489463,1.47172666015939e-06,2.41733884271217e-05,4.38728807744824,"ENSSSCT00000017559.5","ENSSSCG00000016127","NDUFS1","NDUFS1","Significant"
"ENSSSCT00000008962.4",1.23358593781469,2.8493454231239,5.51997923474074,2.83646200492042e-06,4.15694506694424e-05,4.38247296936152,"ENSSSCT00000008962.4","ENSSSCG00000008183","MRPL30","MRPL30","Significant"
"ENSSSCT00000056023.3",1.13673000602611,2.81984497679326,5.53107043158555,2.74024447967322e-06,4.05367200613729e-05,4.36930698310279,"ENSSSCT00000056023.3","ENSSSCG00000022155","RBPJ","RBPJ","Significant"
"ENSSSCT00000064864.2",2.82891455478145,1.60954530477459,5.43888165527514,3.65026591229865e-06,5.08386457943551e-05,4.3505676812948,"ENSSSCT00000064864.2","ENSSSCG00000016549","MKLN1","MKLN1","Significant"
"ENSSSCT00000050160.3",2.77867189918884,2.57443415946087,5.46712542832111,3.34334547000161e-06,4.73941024799707e-05,4.35053269055533,"ENSSSCT00000050160.3","ENSSSCG00000003761","ADGRL2","ADGRL2","Significant"
"ENSSSCT00000042180.3",3.23076959887016,-0.700101367553495,5.45394526176925,3.4832315282325e-06,4.89936500200571e-05,4.34271536178116,"ENSSSCT00000042180.3","ENSSSCG00000004193","ENPP1","ENPP1","Significant"
"ENSSSCT00000099109.1",4.77022439203946,-1.70685956661494,5.47077921373655,3.30556794969928e-06,4.6940216651566e-05,4.34198651509695,"ENSSSCT00000099109.1","ENSSSCG00000017316","NSF","NSF","Significant"
"ENSSSCT00000072139.2",-1.50300492888172,1.3549600606875,-5.44340392930225,3.59929840696361e-06,5.03222664067931e-05,4.33410309978836,"ENSSSCT00000072139.2","ENSSSCG00000032709","ARL4A","ARL4A","Significant"
"ENSSSCT00000004971.3",9.60831834759357,1.49005516514208,5.47315122275106,3.28127124335287e-06,4.66968867823121e-05,4.33298262415971,"ENSSSCT00000004971.3","ENSSSCG00000004499","ATP5F1A","ATP5F1A","Significant"
"ENSSSCT00000017182.5",2.4701006795155,-0.0360860640137747,5.43608096303817,3.6821907191401e-06,5.11957979560101e-05,4.32958332394739,"ENSSSCT00000017182.5","ENSSSCG00000015781","ENPP6","ENPP6","Significant"
"ENSSSCT00000016265.4",1.85603372817779,4.26691390670041,5.60018713414288,2.20987259434456e-06,3.3874323491307e-05,4.31975822278366,"ENSSSCT00000016265.4","ENSSSCG00000014909","SYTL2","SYTL2","Significant"
"ENSSSCT00000074430.1",-2.24594787746846,-3.3982810027867,-5.52996467564439,2.74968905407644e-06,4.06211426910323e-05,4.31680900195313,"ENSSSCT00000074430.1","ENSSSCG00000049520",NA,"ENSSSCG00000049520","Significant"
"ENSSSCT00000009290.5",1.27794159393541,0.0103669866371641,5.42594649694288,3.80005575163219e-06,5.24350605279501e-05,4.31667152716824,"ENSSSCT00000009290.5","ENSSSCG00000008488",NA,"ENSSSCG00000008488","Significant"
"ENSSSCT00000048674.3",1.23462412431365,3.54778227827483,5.63674588008317,1.97214451185936e-06,3.08985101704289e-05,4.31553758342227,"ENSSSCT00000048674.3","ENSSSCG00000026430",NA,"ENSSSCG00000026430","Significant"
"ENSSSCT00000027548.4",-1.08338220148917,6.75237029046996,-5.74819729860422,1.3938579335879e-06,2.31982358686574e-05,4.31430485239692,"ENSSSCT00000027548.4","ENSSSCG00000027160","DSG3","DSG3","Significant"
"ENSSSCT00000051730.3",1.17425239456291,2.9826209826166,5.51870410569771,2.84773773406549e-06,4.1624101520308e-05,4.30342688677172,"ENSSSCT00000051730.3","ENSSSCG00000009345","PDS5B","PDS5B","Significant"
"ENSSSCT00000010376.4",4.32182313834597,-3.40203545074861,5.48691353530571,3.1437759998025e-06,4.51341579469663e-05,4.30155801573708,"ENSSSCT00000010376.4","ENSSSCG00000009464","TBC1D4","TBC1D4","Significant"
"ENSSSCT00000071569.2",-3.01286158736417,-0.547424191175186,-5.42079932425542,3.86135033951563e-06,5.31204499871593e-05,4.29979747123204,"ENSSSCT00000071569.2","ENSSSCG00000004570","TPM1","TPM1","Significant"
"ENSSSCT00000009807.5",2.06747800064702,3.78924127350149,5.54420862179164,2.63047412297921e-06,3.91616339295042e-05,4.28960674752452,"ENSSSCT00000009807.5","ENSSSCG00000008953","CXCL8","CXCL8","Significant"
"ENSSSCT00000056356.2",-3.10484187511381,1.88624719506794,-5.42592824516751,3.80027137858993e-06,5.24350605279501e-05,4.28422551583448,"ENSSSCT00000056356.2","ENSSSCG00000035209","ANP32E","ANP32E","Significant"
"ENSSSCT00000072338.2",-3.32987388216274,-4.56198619477632,-5.52696570204578,2.77546794994005e-06,4.08723383197134e-05,4.28353257544797,"ENSSSCT00000072338.2","ENSSSCG00000009601","SLC18A1","SLC18A1","Significant"
"ENSSSCT00000064593.3",1.08802624834191,2.33312732261698,5.47505176232098,3.26193241331146e-06,4.65028615669466e-05,4.28337442366552,"ENSSSCT00000064593.3","ENSSSCG00000030502","CEP170","CEP170","Significant"
"ENSSSCT00000083881.2",-2.12416293161779,-2.55202574689758,-5.48259714700443,3.18626969848506e-06,4.5594914657799e-05,4.27785685293529,"ENSSSCT00000083881.2","ENSSSCG00000023460","HPCAL4","HPCAL4","Significant"
"ENSSSCT00000100365.1",1.91906212231087,-0.832053372071588,5.41549678407381,3.92552564158617e-06,5.37173846598979e-05,4.2685193715806,"ENSSSCT00000100365.1","ENSSSCG00000008404","MTIF2","MTIF2","Significant"
"ENSSSCT00000105525.1",-2.08943778718506,0.980722983619826,-5.41599782286736,3.91941649477151e-06,5.36701618628855e-05,4.26623223049409,"ENSSSCT00000105525.1","ENSSSCG00000027135","PPM1G","PPM1G","Significant"
"ENSSSCT00000003399.5",-1.40730493296281,2.41330114093958,-5.47116850817664,3.30156810079157e-06,4.6903845907716e-05,4.25338753207727,"ENSSSCT00000003399.5","ENSSSCG00000003062","LYPD3","LYPD3","Significant"
"ENSSSCT00000040741.3",-3.67542311646563,0.399498162991142,-5.40140090119917,4.10133999761272e-06,5.56555415279344e-05,4.24909553003766,"ENSSSCT00000040741.3","ENSSSCG00000004573",NA,"ENSSSCG00000004573","Significant"
"ENSSSCT00000088696.1",-1.05365899030834,-0.438229973258415,-5.40905219353149,4.00495550738968e-06,5.45781387224473e-05,4.24570698461319,"ENSSSCT00000088696.1","ENSSSCG00000061246",NA,"ENSSSCG00000061246","Significant"
"ENSSSCT00000054468.2",2.07718852609274,1.43631583676372,5.40583943186426,4.04514914769796e-06,5.50680763304986e-05,4.24278317135862,"ENSSSCT00000054468.2","ENSSSCG00000036113","GSAP","GSAP","Significant"
"ENSSSCT00000044133.3",3.20614193305439,0.370441672957778,5.399378348228,4.12720239057253e-06,5.59049882601689e-05,4.2427459328836,"ENSSSCT00000044133.3","ENSSSCG00000038727","GDNF","GDNF","Significant"
"ENSSSCT00000106046.1",4.83955466618257,-2.25283154838609,5.43447400343458,3.70063379029835e-06,5.14083783974808e-05,4.22976912478062,"ENSSSCT00000106046.1","ENSSSCG00000016031","CALCRL","CALCRL","Significant"
"ENSSSCT00000076255.2",-1.05476240115414,1.95701403457266,-5.44948726711629,3.53185449153628e-06,4.95919827054474e-05,4.22968656659749,"ENSSSCT00000076255.2","ENSSSCG00000013311","KIAA1549L","KIAA1549L","Significant"
"ENSSSCT00000065589.3",-5.0848861405629,-0.355612221790135,-5.40248256709086,4.08757507208465e-06,5.552970735427e-05,4.22347625711883,"ENSSSCT00000065589.3","ENSSSCG00000003761","ADGRL2","ADGRL2","Significant"
"ENSSSCT00000069913.1",1.78296811918696,-0.761968831286432,5.40126086056795,4.10312548254846e-06,5.56555415279344e-05,4.22055687049226,"ENSSSCT00000069913.1","ENSSSCG00000042663",NA,"ENSSSCG00000042663","Significant"
"ENSSSCT00000010065.5",1.15421339659908,3.48456198267406,5.52425077326307,2.79901311327843e-06,4.1181869830925e-05,4.21733466002833,"ENSSSCT00000010065.5","ENSSSCG00000009192","PDLIM5","PDLIM5","Significant"
"ENSSSCT00000047843.3",-6.08472193357786,-2.42282057068673,-5.4217306580289,3.85018708786275e-06,5.30116130965697e-05,4.21353213375967,"ENSSSCT00000047843.3","ENSSSCG00000008467","EML4","EML4","Significant"
"ENSSSCT00000059711.3",-1.08858744228072,1.82872733953479,-5.41761552262386,3.89975655237288e-06,5.35023831705265e-05,4.20457881625332,"ENSSSCT00000059711.3","ENSSSCG00000033546","UBXN11","UBXN11","Significant"
"ENSSSCT00000098519.1",1.09209445090505,2.77590295740457,5.48067114448539,3.20541504222862e-06,4.58173397794046e-05,4.20180983171565,"ENSSSCT00000098519.1","ENSSSCG00000002637","DBNDD1","DBNDD1","Significant"
"ENSSSCT00000051232.2",-1.04114181737136,2.33860805480575,-5.45485227852775,3.47342078057116e-06,4.89401085262498e-05,4.20119212282383,"ENSSSCT00000051232.2","ENSSSCG00000012642","STAG2","STAG2","Significant"
"ENSSSCT00000078885.2",-5.81137665813013,-2.83267349131103,-5.4231103604714,3.83370864626882e-06,5.28293477189132e-05,4.19914016885422,"ENSSSCT00000078885.2","ENSSSCG00000026082","DNAJC3","DNAJC3","Significant"
"ENSSSCT00000040861.3",-2.4714971365205,-1.86727693466183,-5.42886620909133,3.76571872987002e-06,5.20684874761162e-05,4.1888133601558,"ENSSSCT00000040861.3","ENSSSCG00000025130","KLF12","KLF12","Significant"
"ENSSSCT00000038180.3",1.20831031929448,3.67464032380132,5.52255883957912,2.81378705780122e-06,4.13805652830632e-05,4.17994118857659,"ENSSSCT00000038180.3","ENSSSCG00000014204","DCP2","DCP2","Significant"
"ENSSSCT00000018549.4",2.13184845138205,-2.65928335643742,5.44587024124223,3.57180185927919e-06,5.00451344305709e-05,4.17760822750609,"ENSSSCT00000018549.4","ENSSSCG00000017036","CCNJL","CCNJL","Significant"
"ENSSSCT00000035369.4",1.44539301020761,3.73123424638657,5.50977838719873,2.92792818186675e-06,4.24464964168891e-05,4.16921695885249,"ENSSSCT00000035369.4","ENSSSCG00000011700","CP","CP","Significant"
"ENSSSCT00000070434.2",-1.21855241708739,10.1746347665175,-5.77119047882839,1.29754012726194e-06,2.19059806468108e-05,4.1676472176813,"ENSSSCT00000070434.2","ENSSSCG00000024610","KRT4","KRT4","Significant"
"ENSSSCT00000082498.2",-1.07176303223301,2.22585344743557,-5.43461732089513,3.69898520307423e-06,5.14073800345405e-05,4.16101855905375,"ENSSSCT00000082498.2","ENSSSCG00000042641",NA,"ENSSSCG00000042641","Significant"
"ENSSSCT00000008090.5",2.21449810721747,3.46981767882196,5.48110059242308,3.20113621972187e-06,4.57762479420228e-05,4.15944500561525,"ENSSSCT00000008090.5","ENSSSCG00000007391","MATN4","MATN4","Significant"
"ENSSSCT00000105875.1",1.14209878973692,-0.879666678198582,5.38239244505032,4.35091371494879e-06,5.83294369910322e-05,4.15857119018906,"ENSSSCT00000105875.1","ENSSSCG00000030510","FBL","FBL","Significant"
"ENSSSCT00000050462.2",1.01080133514891,1.8826745518806,5.40525760680993,4.05247101168705e-06,5.51217208448246e-05,4.15122795185646,"ENSSSCT00000050462.2","ENSSSCG00000009151","CYP2U1","CYP2U1","Significant"
"ENSSSCT00000103443.1",-1.56729516525336,-0.735845588566351,-5.37665535382444,4.42917064056273e-06,5.91596393137679e-05,4.1442366398833,"ENSSSCT00000103443.1","ENSSSCG00000055069",NA,"ENSSSCG00000055069","Significant"
"ENSSSCT00000085229.3",6.47525245290789,-2.08954008664091,5.39032914493615,4.24491897800646e-06,5.72142779491205e-05,4.13541772679244,"ENSSSCT00000085229.3","ENSSSCG00000001437","AGER","AGER","Significant"
"ENSSSCT00000100491.1",2.71790851882748,2.69277618862119,5.39347015702456,4.20368482608565e-06,5.67758658118047e-05,4.13382824659734,"ENSSSCT00000100491.1","ENSSSCG00000017752","WSB1","WSB1","Significant"
"ENSSSCT00000071802.2",2.76794459790458,-1.48589745435786,5.38919318631471,4.25993047771696e-06,5.73928815270594e-05,4.1148480190529,"ENSSSCT00000071802.2","ENSSSCG00000008892",NA,"ENSSSCG00000008892","Significant"
"ENSSSCT00000004535.5",2.37055734616038,-1.11406110420472,5.37047153152316,4.51509203799834e-06,6.00537064905463e-05,4.11179544993356,"ENSSSCT00000004535.5","ENSSSCG00000026042","ULBP1","ULBP1","Significant"
"ENSSSCT00000083647.1",2.12764666151506,3.16029410607787,5.41741064002966,3.90224104954951e-06,5.35023831705265e-05,4.10952508658708,"ENSSSCT00000083647.1","ENSSSCG00000009890","MAPKAPK5","MAPKAPK5","Significant"
"ENSSSCT00000079285.1",-3.54476966281803,-4.12261897230602,-5.454396002616,3.47835264098686e-06,4.89672752619756e-05,4.10892415638626,"ENSSSCT00000079285.1","ENSSSCG00000023983","AGPS","AGPS","Significant"
"ENSSSCT00000084221.2",-4.06554881421504,-3.82176557206245,-5.41751917964616,3.90092465361273e-06,5.35023831705265e-05,4.10334288159862,"ENSSSCT00000084221.2","ENSSSCG00000001075",NA,"ENSSSCG00000001075","Significant"
"ENSSSCT00000083362.1",1.57284532664845,-0.861341867554565,5.36075024883468,4.65353349869148e-06,6.15512398342137e-05,4.09494592161544,"ENSSSCT00000083362.1","ENSSSCG00000046841",NA,"ENSSSCG00000046841","Significant"
"ENSSSCT00000060991.3",-2.5619254530072,-0.396106411860115,-5.35438530841797,4.74645922902819e-06,6.24762037558479e-05,4.09160267916568,"ENSSSCT00000060991.3","ENSSSCG00000029602","WDR37","WDR37","Significant"
"ENSSSCT00000083840.2",5.95277091219127,3.16834894723897,5.34190957899129,4.93399487872523e-06,6.4347187610383e-05,4.07562661733241,"ENSSSCT00000083840.2","ENSSSCG00000016925","PLK2","PLK2","Significant"
"ENSSSCT00000101355.1",-1.23142607364645,4.19090715987905,-5.55132551413495,2.57285577964595e-06,3.8479536623659e-05,4.07301142447285,"ENSSSCT00000101355.1","ENSSSCG00000024253","CTCF","CTCF","Significant"
"ENSSSCT00000076930.1",4.35302524910281,0.726153206196878,5.34454491166971,4.89377533953369e-06,6.39762033561172e-05,4.07152070539373,"ENSSSCT00000076930.1","ENSSSCG00000016070","GTF3C3","GTF3C3","Significant"
"ENSSSCT00000017744.5",-1.97561746035569,-1.45012210584487,-5.37892065250209,4.39810464196785e-06,5.88411176638161e-05,4.0685870681765,"ENSSSCT00000017744.5","ENSSSCG00000016295","NGEF","NGEF","Significant"
"ENSSSCT00000065450.3",-1.44639457171958,-0.116549901990081,-5.33993013372414,4.96442080932663e-06,6.46405655220788e-05,4.06795910264512,"ENSSSCT00000065450.3","ENSSSCG00000037195","FOXF2","FOXF2","Significant"
"ENSSSCT00000061808.3",-2.9364174181247,-4.08118143585199,-5.43286864309482,3.71915044734861e-06,5.15996515682358e-05,4.05311689035231,"ENSSSCT00000061808.3","ENSSSCG00000026985","SNAP25","SNAP25","Significant"
"ENSSSCT00000030237.3",1.7966812749536,-1.53806257556842,5.37840965124542,4.40509342918709e-06,5.89104455148548e-05,4.04711865673789,"ENSSSCT00000030237.3","ENSSSCG00000021511","GCSAM","GCSAM","Significant"
"ENSSSCT00000018836.6",-1.19983904306883,5.12269559475332,-5.59939097036064,2.2153562851278e-06,3.39264801880257e-05,4.03720686143002,"ENSSSCT00000018836.6","ENSSSCG00000017300","MRC2","MRC2","Significant"
"ENSSSCT00000019242.5",2.8809655713889,0.611772575222249,5.32830671621186,5.14689074282225e-06,6.67233502103286e-05,4.03478706493897,"ENSSSCT00000019242.5","ENSSSCG00000017678","APPBP2","APPBP2","Significant"
"ENSSSCT00000046908.1",-1.88268919864399,-0.0570618396342951,-5.32726014335042,5.16364444269567e-06,6.69139361723568e-05,4.03287491918773,"ENSSSCT00000046908.1","ENSSSCG00000030269",NA,"ENSSSCG00000030269","Significant"
"ENSSSCT00000054606.2",1.89512456518089,2.1007014782346,5.36055561161336,4.65634808771878e-06,6.15634927218099e-05,4.0325308908863,"ENSSSCT00000054606.2","ENSSSCG00000035006","PIGW","PIGW","Significant"
"ENSSSCT00000105169.1",-1.92319212106228,2.07558190054084,-5.37631199965931,4.43389839246572e-06,5.91985352940018e-05,4.02628346959184,"ENSSSCT00000105169.1","ENSSSCG00000011042","RSU1","RSU1","Significant"
"ENSSSCT00000012544.5",1.6586939501674,2.40523029437931,5.3887704107671,4.26553087980528e-06,5.74445967803268e-05,4.02389284153211,"ENSSSCT00000012544.5","ENSSSCG00000011463","IL17RD","IL17RD","Significant"
"ENSSSCT00000061347.2",1.52491993458532,4.40747937723296,5.51564073100993,2.87500968529584e-06,4.19209109176803e-05,4.01631210176503,"ENSSSCT00000061347.2","ENSSSCG00000060276",NA,"ENSSSCG00000060276","Significant"
"ENSSSCT00000024706.3",1.56189583834528,0.320539332622815,5.32132506957651,5.25968623248048e-06,6.79694054394742e-05,4.01608154630533,"ENSSSCT00000024706.3","ENSSSCG00000020735","MAP3K15","MAP3K15","Significant"
"ENSSSCT00000005968.5",-1.25582881967332,2.99849971726794,-5.44913873114583,3.53568434120935e-06,4.96030345356238e-05,4.0142950037722,"ENSSSCT00000005968.5","ENSSSCG00000005425","SLC44A1","SLC44A1","Significant"
"ENSSSCT00000048975.3",1.32419552495975,1.25122921653599,5.34465813213118,4.89205474164796e-06,6.39762033561172e-05,4.00345897486789,"ENSSSCT00000048975.3","ENSSSCG00000032656","BRSK1","BRSK1","Significant"
"ENSSSCT00000055186.3",1.75905850250958,2.60285071253574,5.37459923091821,4.45755723711522e-06,5.94846207596626e-05,4.00161670228489,"ENSSSCT00000055186.3","ENSSSCG00000011628","DNAJC13","DNAJC13","Significant"
"ENSSSCT00000050819.3",-1.35321341903038,1.9473967424127,-5.35559417327513,4.72866920153557e-06,6.23175144085956e-05,3.99484944721399,"ENSSSCT00000050819.3","ENSSSCG00000014820","FCHSD2","FCHSD2","Significant"
"ENSSSCT00000027801.3",1.21883154666353,2.96445290196464,5.39385256366004,4.19869204919825e-06,5.67319335151511e-05,3.95740111061863,"ENSSSCT00000027801.3","ENSSSCG00000026644","DDX46","DDX46","Significant"
"ENSSSCT00000000064.5",3.1379865242198,4.23750684572608,5.38465106567343,4.32048421747577e-06,5.81079142785457e-05,3.95596257817047,"ENSSSCT00000000064.5","ENSSSCG00000000058","SNU13","SNU13","Significant"
"ENSSSCT00000077589.2",1.25749712008514,1.56520012251491,5.32008036632252,5.28005260898365e-06,6.81493220923224e-05,3.95552399777841,"ENSSSCT00000077589.2","ENSSSCG00000011491","THOC7","THOC7","Significant"
"ENSSSCT00000019297.3",-1.00547357900505,0.641511003433203,-5.29994518385814,5.62063482460729e-06,7.17241400475523e-05,3.94659884798559,"ENSSSCT00000019297.3","ENSSSCG00000017730","CDK5R1","CDK5R1","Significant"
"ENSSSCT00000063009.3",2.78350186206872,2.54777667920601,5.36882504335687,4.53824780766033e-06,6.02708886032413e-05,3.93876996361167,"ENSSSCT00000063009.3","ENSSSCG00000036060","RRAD","RRAD","Significant"
"ENSSSCT00000014023.4",-1.2812987590777,0.996816264636536,-5.30708606266082,5.49741612469507e-06,7.03721065290766e-05,3.93627045567594,"ENSSSCT00000014023.4","ENSSSCG00000028336","YIPF6","YIPF6","Significant"
"ENSSSCT00000043966.3",1.95349326926889,3.4464283310006,5.36838782651255,4.54441656010442e-06,6.03282400348715e-05,3.92692485530678,"ENSSSCT00000043966.3","ENSSSCG00000009061","NAA15","NAA15","Significant"
"ENSSSCT00000088144.1",3.8517647505292,4.35899041777134,5.34830227935523,4.83699565149559e-06,6.33864172915444e-05,3.92189891325091,"ENSSSCT00000088144.1","ENSSSCG00000008303","CCT7","CCT7","Significant"
"ENSSSCT00000044472.3",-3.63282798046202,-3.15031737472522,-5.36021428865363,4.6612879485445e-06,6.16030008976359e-05,3.92047567113535,"ENSSSCT00000044472.3","ENSSSCG00000007485","BCAS1","BCAS1","Significant"
"ENSSSCT00000072134.1",-1.17522053475722,2.79033194754743,-5.39608143133426,4.1697088680192e-06,5.64338679671639e-05,3.90873442236618,"ENSSSCT00000072134.1","ENSSSCG00000010478","FFAR4","FFAR4","Significant"
"ENSSSCT00000071157.1",1.20754648246681,5.15249809035638,5.52630236886231,2.78120238685391e-06,4.09382946370135e-05,3.90739229926283,"ENSSSCT00000071157.1","ENSSSCG00000016553","COPG2","COPG2","Significant"
"ENSSSCT00000092901.1",3.00062746765021,3.32016008215973,5.33035151729346,5.11431326999542e-06,6.63537882431081e-05,3.90636146298466,"ENSSSCT00000092901.1","ENSSSCG00000025941","PTP4A1","PTP4A1","Significant"
"ENSSSCT00000031626.4",1.73428566752023,2.92469523472245,5.35083444531505,4.79910120633602e-06,6.29657528094083e-05,3.90468293371324,"ENSSSCT00000031626.4","ENSSSCG00000022559","USP14","USP14","Significant"
"ENSSSCT00000093991.1",-2.20806259620025,-2.24050057870302,-5.32594208881459,5.18482133597916e-06,6.71349939786594e-05,3.90077739523114,"ENSSSCT00000093991.1","ENSSSCG00000025854","MMGT1","MMGT1","Significant"
"ENSSSCT00000073349.2",-1.58387268372523,1.94926151758404,-5.33325900289758,5.06834484389921e-06,6.58884829706897e-05,3.89117908928867,"ENSSSCT00000073349.2","ENSSSCG00000034107","RNF223","RNF223","Significant"
"ENSSSCT00000025189.3",-1.645214783919,2.43864186365656,-5.35543160873152,4.73105768117591e-06,6.23237998533574e-05,3.88185871513567,"ENSSSCT00000025189.3","ENSSSCG00000022932","SNW1","SNW1","Significant"
"ENSSSCT00000004630.5",1.44748500274383,-0.983953534930531,5.29439846909828,5.71823923767943e-06,7.27101443976185e-05,3.87503481030195,"ENSSSCT00000004630.5","ENSSSCG00000004191","MOXD1","MOXD1","Significant"
"ENSSSCT00000077185.2",2.48030045045887,-3.12851794164291,5.3499712891508,4.81198520540661e-06,6.31093988886071e-05,3.86530866670198,"ENSSSCT00000077185.2","ENSSSCG00000039203","CYSLTR1","CYSLTR1","Significant"
"ENSSSCT00000007333.4",1.14879030529522,0.992931857709871,5.27467134917131,6.07924219667201e-06,7.63217607163243e-05,3.85976693407111,"ENSSSCT00000007333.4","ENSSSCG00000006694",NA,"ENSSSCG00000006694","Significant"
"ENSSSCT00000088736.2",-1.28139300037421,2.37819115646313,-5.34343293239037,4.91070601352948e-06,6.4102624051257e-05,3.85436561958725,"ENSSSCT00000088736.2","ENSSSCG00000042523","TINCR","TINCR","Significant"
"ENSSSCT00000018987.3",1.89459958211838,-2.02944348894475,5.29773064607853,5.65940313335354e-06,7.21623698708874e-05,3.85277101209914,"ENSSSCT00000018987.3","ENSSSCG00000017441",NA,"ENSSSCG00000017441","Significant"
"ENSSSCT00000086440.2",-3.9845851997611,-4.04783436786411,-5.3410266913213,4.94754268135417e-06,6.44722947973107e-05,3.84313248791786,"ENSSSCT00000086440.2","ENSSSCG00000015888","RBMS1","RBMS1","Significant"
"ENSSSCT00000041762.3",2.37132424226214,3.49937492441086,5.41525360706255,3.92849410927766e-06,5.37267709475205e-05,3.84234344055065,"ENSSSCT00000041762.3","ENSSSCG00000038185","EREG","EREG","Significant"
"ENSSSCT00000071119.2",4.59444931673446,-2.89114062992231,5.30859260803202,5.47176558721936e-06,7.01263542475235e-05,3.82795457372433,"ENSSSCT00000071119.2","ENSSSCG00000014283","KIF3A","KIF3A","Significant"
"ENSSSCT00000039296.3",1.62496417004397,-0.201771953851169,5.25654469004779,6.4309110394302e-06,8.00585809582216e-05,3.8270912859163,"ENSSSCT00000039296.3","ENSSSCG00000036679","SORBS2","SORBS2","Significant"
"ENSSSCT00000004202.3",2.85701567325797,2.43798327890712,5.31490046266998,5.36565507400003e-06,6.90105791056003e-05,3.81407722669391,"ENSSSCT00000004202.3","ENSSSCG00000003797","DIRAS3","DIRAS3","Significant"
"ENSSSCT00000016332.4",3.11486067242974,3.0920108419367,5.28661595389257,5.85803686933501e-06,7.42018003449101e-05,3.8100956647373,"ENSSSCT00000016332.4","ENSSSCG00000014970","MTMR2","MTMR2","Significant"
"ENSSSCT00000084074.2",-1.7257029998258,5.07786229373127,-5.49970950847649,3.02109583373912e-06,4.36032795764632e-05,3.80844182213984,"ENSSSCT00000084074.2","ENSSSCG00000002754","NQO1","NQO1","Significant"
"ENSSSCT00000097020.1",-2.12692365531266,-3.05459361008426,-5.31194481563973,5.41511737163839e-06,6.95096404664953e-05,3.80831172851152,"ENSSSCT00000097020.1","ENSSSCG00000062233","LINGO2","LINGO2","Significant"
"ENSSSCT00000050707.2",4.86121883242035,-1.94438725898133,5.25251858260313,6.51172654616733e-06,8.07870366481125e-05,3.77764585390336,"ENSSSCT00000050707.2","ENSSSCG00000023408","SAMD4A","SAMD4A","Significant"
"ENSSSCT00000009714.5",-1.0341418952007,3.72221845946693,-5.45860454287269,3.43312628982511e-06,4.83932769362118e-05,3.77439471639586,"ENSSSCT00000009714.5","ENSSSCG00000008873","GASK1B","GASK1B","Significant"
"ENSSSCT00000015371.5",1.21034773743726,5.64151772904583,5.51851702527852,2.84939580891002e-06,4.1624101520308e-05,3.77282176260676,"ENSSSCT00000015371.5","ENSSSCG00000014071","BTF3","BTF3","Significant"
"ENSSSCT00000044796.3",2.36303695546934,0.54472949721167,5.23662786924885,6.84068217556041e-06,8.4100151452478e-05,3.77060725323221,"ENSSSCT00000044796.3","ENSSSCG00000003761","ADGRL2","ADGRL2","Significant"
"ENSSSCT00000077961.2",-1.24248434367498,-1.12844667170497,-5.25307848134214,6.50042757930889e-06,8.06854896687786e-05,3.76153950563486,"ENSSSCT00000077961.2","ENSSSCG00000050073","RNF228","RNF228","Significant"
"ENSSSCT00000104267.1",-3.24993462495592,-3.57186351944345,-5.31453871749131,5.37168458564937e-06,6.90336634728073e-05,3.75475156843242,"ENSSSCT00000104267.1","ENSSSCG00000040203",NA,"ENSSSCG00000040203","Significant"
"ENSSSCT00000039971.2",1.32107133292312,-0.728136873088603,5.23049715121034,6.97196824399077e-06,8.52640857565923e-05,3.74198598220742,"ENSSSCT00000039971.2","ENSSSCG00000036855","SLC25A36","SLC25A36","Significant"
"ENSSSCT00000103857.1",1.15012807969054,1.97525718065902,5.2670699379316,6.22432254321455e-06,7.79031908633272e-05,3.73557484950659,"ENSSSCT00000103857.1","ENSSSCG00000014215","PGGT1B","PGGT1B","Significant"
"ENSSSCT00000030173.4",3.59392108213871,1.79934326968132,5.23155505706419,6.94913617600339e-06,8.50486621180234e-05,3.73367845338888,"ENSSSCT00000030173.4","ENSSSCG00000025598","COBLL1","COBLL1","Significant"
"ENSSSCT00000036801.3",3.33354259816978,-0.22169187991725,5.2363373022674,6.84684863456279e-06,8.41442340298851e-05,3.7312440824637,"ENSSSCT00000036801.3","ENSSSCG00000027820","CD200","CD200","Significant"
"ENSSSCT00000045318.3",1.1904471288229,1.89672096421848,5.25534601793632,6.45486694220752e-06,8.02954909514437e-05,3.72622555238909,"ENSSSCT00000045318.3","ENSSSCG00000011867","MYLK","MYLK","Significant"
"ENSSSCT00000070579.2",3.28205497921126,-2.02697357018152,5.2446177750821,6.67326658269945e-06,8.24460718690159e-05,3.7225731125843,"ENSSSCT00000070579.2","ENSSSCG00000028662","PDE3A","PDE3A","Significant"
"ENSSSCT00000070627.2",1.56059531684001,2.31408753547183,5.28503607061893,5.88682902478533e-06,7.44796948095076e-05,3.7164220405047,"ENSSSCT00000070627.2","ENSSSCG00000011729","SCHIP1","SCHIP1","Significant"
"ENSSSCT00000050293.2",2.74038893473342,-3.96654494052092,5.29469104846478,5.71304888741565e-06,7.27029007021789e-05,3.71570520572383,"ENSSSCT00000050293.2","ENSSSCG00000034943","GDF6","GDF6","Significant"
"ENSSSCT00000062047.3",3.61838992616709,-3.40370420069291,5.26143818789604,6.33402688517468e-06,7.90032947835636e-05,3.70522395431927,"ENSSSCT00000062047.3","ENSSSCG00000006981","MICU3","MICU3","Significant"
"ENSSSCT00000049000.3",-5.27811419611462,-0.536392680185602,-5.22234272502594,7.15048190029922e-06,8.69904148796103e-05,3.7022013227891,"ENSSSCT00000049000.3","ENSSSCG00000002859","ANKRD27","ANKRD27","Significant"
"ENSSSCT00000033745.4",3.99005702686696,-2.64688838774591,5.23752872034161,6.82159925888673e-06,8.3928838579903e-05,3.69481353936168,"ENSSSCT00000033745.4","ENSSSCG00000023215","MAOB","MAOB","Significant"
"ENSSSCT00000058597.1",1.27462711322806,2.42604652441911,5.27708880634552,6.03381171912566e-06,7.60048819310582e-05,3.6930550309244,"ENSSSCT00000058597.1","ENSSSCG00000026890","GALNT6","GALNT6","Significant"
"ENSSSCT00000091593.2",3.05537891722047,2.30668134472124,5.23112019278365,6.95851254268197e-06,8.51314607660799e-05,3.69205877622122,"ENSSSCT00000091593.2","ENSSSCG00000001955","SRP54","SRP54","Significant"
"ENSSSCT00000011520.5",1.77271461351131,1.61459371766233,5.26467507454261,6.27074061787309e-06,7.84531389306417e-05,3.68952629705984,"ENSSSCT00000011520.5","ENSSSCG00000010530","CRTAC1","CRTAC1","Significant"
"ENSSSCT00000072974.2",5.40783001423214,-0.93664961070893,5.22640841616438,7.06091624593541e-06,8.60613507598049e-05,3.68422748027931,"ENSSSCT00000072974.2","ENSSSCG00000017513","NPEPPS","NPEPPS","Significant"
"ENSSSCT00000055468.2",-1.74249421283734,1.10370208317956,-5.22166353516978,7.16555394904504e-06,8.71412610796958e-05,3.68205416201022,"ENSSSCT00000055468.2","ENSSSCG00000032166",NA,"ENSSSCG00000032166","Significant"
"ENSSSCT00000057721.2",-5.96923533539555,0.0857955081721765,-5.20666900921138,7.5064673959699e-06,9.05776694960039e-05,3.67865470792993,"ENSSSCT00000057721.2","ENSSSCG00000039426","FSTL1","FSTL1","Significant"
"ENSSSCT00000090335.2",-4.90846962782911,-2.94533026145367,-5.25599364688747,6.44191283508987e-06,8.01649336165154e-05,3.67245495198299,"ENSSSCT00000090335.2","ENSSSCG00000044084","BORCS8","BORCS8","Significant"
"ENSSSCT00000033091.3",3.3226881899079,3.17397470805004,5.25304678104603,6.5010667819863e-06,8.06854896687786e-05,3.66565848771988,"ENSSSCT00000033091.3","ENSSSCG00000011700","CP","CP","Significant"
"ENSSSCT00000051052.2",1.1272168006512,3.48729002091054,5.34412433888229,4.90017201287414e-06,6.40084969181685e-05,3.66056690543212,"ENSSSCT00000051052.2","ENSSSCG00000039731",NA,"ENSSSCG00000039731","Significant"
"ENSSSCT00000076584.2",2.13795898401404,2.45701350074772,5.23929077334822,6.78442626465131e-06,8.35976696646604e-05,3.65720870644548,"ENSSSCT00000076584.2","ENSSSCG00000005126","PLAA","PLAA","Significant"
"ENSSSCT00000057037.2",1.13666773074692,3.33784511956246,5.33763494879794,4.9999339387289e-06,6.50510160168863e-05,3.63742864599409,"ENSSSCT00000057037.2","ENSSSCG00000029347",NA,"ENSSSCG00000029347","Significant"
"ENSSSCT00000036884.1",1.07852933403686,2.27804438393065,5.25164092779135,6.52947727944458e-06,8.09456567372666e-05,3.63057514883714,"ENSSSCT00000036884.1","ENSSSCG00000032619","PIGB","PIGB","Significant"
"ENSSSCT00000053509.3",1.75807323570237,2.31285594826369,5.23166878387022,6.94668611844e-06,8.50486621180234e-05,3.6244381880605,"ENSSSCT00000053509.3","ENSSSCG00000009106","PDE5A","PDE5A","Significant"
"ENSSSCT00000095843.1",1.54571084170692,-0.388771969800786,5.19114956614648,7.87630373630865e-06,9.38592861910114e-05,3.61606684554627,"ENSSSCT00000095843.1","ENSSSCG00000061436","ACACB","ACACB","Significant"
"ENSSSCT00000056869.3",1.62932810451304,1.50126857081754,5.20219120416946,7.61136685964602e-06,9.14710671182819e-05,3.61391096280391,"ENSSSCT00000056869.3","ENSSSCG00000035393","SAAL1","SAAL1","Significant"
"ENSSSCT00000013709.2",1.51151502837264,-1.5551656614641,5.19511674385306,7.78007495809108e-06,9.30949396603583e-05,3.6072597271512,"ENSSSCT00000013709.2","ENSSSCG00000012540","SLC25A53","SLC25A53","Significant"
"ENSSSCT00000048019.3",1.81470133921813,3.47394733906811,5.30376900493545,5.55431523298693e-06,7.101682112012e-05,3.60688751855288,"ENSSSCT00000048019.3","ENSSSCG00000015136","UBASH3B","UBASH3B","Significant"
"ENSSSCT00000107128.1",2.45885067453936,4.7241112079361,5.37075491306299,4.51111852372418e-06,6.00328605500013e-05,3.60628653998149,"ENSSSCT00000107128.1","ENSSSCG00000023556","SUPT5H","SUPT5H","Significant"
"ENSSSCT00000061460.3",-1.01027848473239,-0.320629466383429,-5.1824800033217,8.09073234935049e-06,9.5749632493003e-05,3.60581871481233,"ENSSSCT00000061460.3","ENSSSCG00000017433",NA,"ENSSSCG00000017433","Significant"
"ENSSSCT00000106474.1",-1.08922228289159,3.12969588271391,-5.30474638578671,5.53748909648056e-06,7.08294603772664e-05,3.60460260937022,"ENSSSCT00000106474.1","ENSSSCG00000038626","ZNF513","ZNF513","Significant"
"ENSSSCT00000083452.2",5.01493639830163,-3.17909999109453,5.21648716875295,7.28146654120218e-06,8.82546227172327e-05,3.60234345076165,"ENSSSCT00000083452.2","ENSSSCG00000037216","PPP4R2","PPP4R2","Significant"
"ENSSSCT00000100739.1",4.64949707086545,1.13599227936442,5.17299455796947,8.3319927174656e-06,9.80708630181403e-05,3.57791597240904,"ENSSSCT00000100739.1","ENSSSCG00000009929","TRPV4","TRPV4","Significant"
"ENSSSCT00000031754.4",1.70580754800835,-1.10634011763992,5.18883028555522,7.93310784710086e-06,9.43981927908308e-05,3.57541147982471,"ENSSSCT00000031754.4","ENSSSCG00000020912","HECTD2","HECTD2","Significant"
"ENSSSCT00000097365.1",5.11888894268604,-2.96157050558486,5.2059542728319,7.52311426486363e-06,9.06108671930601e-05,3.56284577960606,"ENSSSCT00000097365.1","ENSSSCG00000001708","CDC5L","CDC5L","Significant"
"ENSSSCT00000059153.3",2.12660788535214,-2.8652015806298,5.22128593954498,7.1739469155737e-06,8.72107998640436e-05,3.56133651525869,"ENSSSCT00000059153.3","ENSSSCG00000027609","GC","GC","Significant"
"ENSSSCT00000004862.5",2.07866056089089,-1.76702433254045,5.19165257038126,7.86403755139905e-06,9.3816385866143e-05,3.55868045524132,"ENSSSCT00000004862.5","ENSSSCG00000004399","SLC22A16","SLC22A16","Significant"
"ENSSSCT00000093249.1",-2.08800009209309,0.299486140649125,-5.16437404359116,8.55744925866216e-06,0.000100074273898645,3.55259552568098,"ENSSSCT00000093249.1","ENSSSCG00000013849",NA,"ENSSSCG00000013849","Significant"
"ENSSSCT00000096732.1",1.52488919607092,5.63221215760257,5.4446893194653,3.58494155424527e-06,5.01645641350269e-05,3.5499010589516,"ENSSSCT00000096732.1","ENSSSCG00000012633","IL13RA1","IL13RA1","Significant"
"ENSSSCT00000102254.1",-1.71554483756435,7.78569133814171,-5.51993746191201,2.83683068763064e-06,4.15694506694424e-05,3.54743553914453,"ENSSSCT00000102254.1","ENSSSCG00000026478","PADI2","PADI2","Significant"
"ENSSSCT00000059921.2",1.22464372078399,2.79644639747757,5.24650949264314,6.63422919423056e-06,8.20570594266667e-05,3.5467537158629,"ENSSSCT00000059921.2","ENSSSCG00000008921","CENPC","CENPC","Significant"
"ENSSSCT00000063853.3",2.93516783223939,-0.517780849095392,5.17017897452941,8.40497315940341e-06,9.86804986997439e-05,3.54255588122078,"ENSSSCT00000063853.3","ENSSSCG00000031736","MGST2","MGST2","Significant"
"ENSSSCT00000056385.3",-2.8509376751876,-0.0197948211860406,-5.15690127755588,8.75778739549868e-06,0.000101904022854364,3.53375438313748,"ENSSSCT00000056385.3","ENSSSCG00000039985","CES1","CES1","Significant"
"ENSSSCT00000064195.2",-1.10291532404839,1.6118617672374,-5.19989559765118,7.66570880183958e-06,9.20223747331287e-05,3.53071322032453,"ENSSSCT00000064195.2","ENSSSCG00000002764","SMPD3","SMPD3","Significant"
"ENSSSCT00000090566.1",-2.30027159584744,-4.2877860075515,-5.24291503856252,6.70859952087623e-06,8.27884855331751e-05,3.52699339428481,"ENSSSCT00000090566.1","ENSSSCG00000049267",NA,"ENSSSCG00000049267","Significant"
"ENSSSCT00000053288.2",4.45455960854441,-1.51156513725524,5.17591616065548,8.25693005164746e-06,9.74335676452819e-05,3.52163475711346,"ENSSSCT00000053288.2","ENSSSCG00000009172","PPP3CA","PPP3CA","Significant"
"ENSSSCT00000000879.5",1.40752840537899,1.81145848852864,5.18408516049339,8.05059810283204e-06,9.54361586522891e-05,3.52114960380249,"ENSSSCT00000000879.5","ENSSSCG00000000810","AMIGO2","AMIGO2","Significant"
"ENSSSCT00000104227.1",1.07024304165723,1.79889290042289,5.18803363955192,7.95271321952961e-06,9.45933535812629e-05,3.52066740688156,"ENSSSCT00000104227.1","ENSSSCG00000058121","OCIAD1","OCIAD1","Significant"
"ENSSSCT00000091665.1",-1.77859083937517,1.23670441359936,-5.16419526844453,8.56218846277314e-06,0.000100093794421031,3.50688314598104,"ENSSSCT00000091665.1","ENSSSCG00000001884","COMMD4","COMMD4","Significant"
"ENSSSCT00000066382.3",1.25758381573735,5.32309747198223,5.42013553164271,3.86932644454955e-06,5.31852948558573e-05,3.50082996404943,"ENSSSCT00000066382.3","ENSSSCG00000012022","APP","APP","Significant"
"ENSSSCT00000007226.4",2.62732804873226,-1.76953533189185,5.15095616552308,8.92049370758678e-06,0.000103503123431373,3.49449874262303,"ENSSSCT00000007226.4","ENSSSCG00000006595","IVL","IVL","Significant"
"ENSSSCT00000000576.4",5.25615428861677,-2.07915770611603,5.16039248356423,8.66361775288056e-06,0.000101025963238526,3.49283198430087,"ENSSSCT00000000576.4","ENSSSCG00000000534","IPO8","IPO8","Significant"
"ENSSSCT00000081367.2",-1.40457219626678,-1.81858155751323,-5.17418511655642,8.30132300910449e-06,9.77804679872987e-05,3.49203465426575,"ENSSSCT00000081367.2","ENSSSCG00000029567","SLC8A2","SLC8A2","Significant"
"ENSSSCT00000084367.2",-2.46496765394892,-3.52086128754839,-5.19508856967343,7.78075421955822e-06,9.30949396603583e-05,3.49151699956602,"ENSSSCT00000084367.2","ENSSSCG00000036169","UMAD1","UMAD1","Significant"
"ENSSSCT00000018209.3",-2.77898025834264,-3.39557320253027,-5.20609249740315,7.51989202678234e-06,9.06055283226945e-05,3.48105233425299,"ENSSSCT00000018209.3","ENSSSCG00000016728","IGFBP1","IGFBP1","Significant"
"ENSSSCT00000011491.4",3.0972300554547,0.344769205758355,5.13635112631386,9.33307050796827e-06,0.000107411023946981,3.48082334090527,"ENSSSCT00000011491.4","ENSSSCG00000010502","CCNJ","CCNJ","Significant"
"ENSSSCT00000047036.2",-1.24154933187547,4.03777654167965,-5.34103476339743,4.94741864870141e-06,6.44722947973107e-05,3.4737700908585,"ENSSSCT00000047036.2","ENSSSCG00000021906","SYT7","SYT7","Significant"
"ENSSSCT00000047733.3",-3.51126309283348,3.08098963595334,-5.18666977046479,7.98638976894262e-06,9.48245637387491e-05,3.46897310404333,"ENSSSCT00000047733.3","ENSSSCG00000011615","RAB7A","RAB7A","Significant"
"ENSSSCT00000082647.1",-4.19514055520293,-3.1314900910317,-5.15045739963688,8.93427976758809e-06,0.00010362620332353,3.45878720298834,"ENSSSCT00000082647.1","ENSSSCG00000010627","PDCD4","PDCD4","Significant"
"ENSSSCT00000077020.2",-2.83783721672976,3.27231493305414,-5.20278321869627,7.59741483734567e-06,9.13668665036809e-05,3.4442440905626,"ENSSSCT00000077020.2","ENSSSCG00000010996","BAG1","BAG1","Significant"
"ENSSSCT00000103305.1",1.47032448512843,3.52998892153521,5.29748466999216,5.66372564819753e-06,7.2189253727065e-05,3.43991556750489,"ENSSSCT00000103305.1","ENSSSCG00000004570","TPM1","TPM1","Significant"
"ENSSSCT00000097083.1",1.02414306483215,1.94970014232546,5.16208789961338,8.6182503146677e-06,0.000100604881224284,3.42593373093243,"ENSSSCT00000097083.1","ENSSSCG00000011664","RBP1","RBP1","Significant"
"ENSSSCT00000064224.2",-3.2296836149433,1.26145427061575,-5.12301778416915,9.72624989963174e-06,0.000111151297486012,3.41378901587434,"ENSSSCT00000064224.2","ENSSSCG00000033954","VPS33B","VPS33B","Significant"
"ENSSSCT00000044494.3",2.68665527261624,-0.171812530121818,5.11334050219076,1.00218807279676e-05,0.000113970491543305,3.41066423416988,"ENSSSCT00000044494.3","ENSSSCG00000000493","FRS2","FRS2","Significant"
"ENSSSCT00000094591.1",-1.4180695962576,-0.882955366633465,-5.11688073646464,9.91270906863763e-06,0.000112925914211692,3.40490974345319,"ENSSSCT00000094591.1","ENSSSCG00000052625",NA,"ENSSSCG00000052625","Significant"
"ENSSSCT00000092443.1",-1.03995041827914,3.02933370030567,-5.24545056697164,6.65605305621718e-06,8.22645768934439e-05,3.39610422555205,"ENSSSCT00000092443.1","ENSSSCG00000007253","MAPRE1","MAPRE1","Significant"
"ENSSSCT00000033242.4",1.46755947712654,3.89068640607497,5.26744288560906,6.21712477199788e-06,7.78429862005449e-05,3.38674991863256,"ENSSSCT00000033242.4","ENSSSCG00000012642","STAG2","STAG2","Significant"
"ENSSSCT00000052545.3",3.02218290190681,1.25889892017376,5.11117102880461,1.0089370920995e-05,0.000114658016559122,3.3809180524698,"ENSSSCT00000052545.3","ENSSSCG00000011296","ANO10","ANO10","Significant"
"ENSSSCT00000060596.3",1.15795540433097,-0.786698421350351,5.11012815371788,1.01219741999323e-05,0.000114865296704158,3.37709009990354,"ENSSSCT00000060596.3","ENSSSCG00000037406","TLCD5","TLCD5","Significant"
"ENSSSCT00000095704.1",3.62214280201212,2.81056845100323,5.11801853468577,9.87787376419368e-06,0.000112607760911808,3.35585122576314,"ENSSSCT00000095704.1","ENSSSCG00000011889","GSK3B","GSK3B","Significant"
"ENSSSCT00000010417.5",2.29456734843689,-0.505578763340687,5.09310217271711,1.06692965073844e-05,0.000119993702423857,3.3450864076995,"ENSSSCT00000010417.5","ENSSSCG00000009500","CLDN10","CLDN10","Significant"
"ENSSSCT00000059367.3",-1.00006378283246,-0.207010499501825,-5.08949083252934,1.07891124958808e-05,0.000120675205425626,3.34290824066906,"ENSSSCT00000059367.3","ENSSSCG00000040621","ARHGEF33","ARHGEF33","Significant"
"ENSSSCT00000064569.3",1.74485475527535,3.57370245138695,5.23938920348523,6.78235569433731e-06,8.35976696646604e-05,3.33495113804216,"ENSSSCT00000064569.3","ENSSSCG00000026224","ARHGAP31","ARHGAP31","Significant"
"ENSSSCT00000054301.3",1.62269789036285,7.5664910380512,5.44025148940061,3.63475194033912e-06,5.07092221920482e-05,3.32861095655019,"ENSSSCT00000054301.3","ENSSSCG00000012022","APP","APP","Significant"
"ENSSSCT00000000681.4",-1.52810784232671,-0.777072272718152,-5.09183501643646,1.07111866305243e-05,0.00012029883875357,3.3269289632355,"ENSSSCT00000000681.4","ENSSSCG00000000634","STYK1","STYK1","Significant"
"ENSSSCT00000096783.1",-2.95684057321344,-0.27778449953641,-5.08023315987074,1.11023976109611e-05,0.000123291066657962,3.3176246378157,"ENSSSCT00000096783.1","ENSSSCG00000001064","GMPR","GMPR","Significant"
"ENSSSCT00000051942.3",2.04635313232326,-0.595344605084537,5.08244802239185,1.10266331603447e-05,0.000122700459918047,3.31447974367467,"ENSSSCT00000051942.3","ENSSSCG00000008853","TLL1","TLL1","Significant"
"ENSSSCT00000007252.4",-2.41722449446212,-5.01901586735945,-5.16911766879309,8.43264697150456e-06,9.89341568402068e-05,3.30018729574878,"ENSSSCT00000007252.4","ENSSSCG00000006618","CELF3","CELF3","Significant"
"ENSSSCT00000052423.2",3.31001378345191,-3.87690044198441,5.12867725124225,9.55739047556429e-06,0.000109644320571885,3.29965489658494,"ENSSSCT00000052423.2","ENSSSCG00000016509","LUC7L2","LUC7L2","Significant"
"ENSSSCT00000070141.1",-3.52796117069037,-4.53876760536859,-5.1464627551394,9.0454595732132e-06,0.000104766665692733,3.29515321851301,"ENSSSCT00000070141.1","ENSSSCG00000008980","SCARB2","SCARB2","Significant"
"ENSSSCT00000078580.3",3.42527182312618,2.13814168974224,5.08048363675127,1.10938036219628e-05,0.000123237605891133,3.28465007107896,"ENSSSCT00000078580.3","ENSSSCG00000028475","KPNA1","KPNA1","Significant"
"ENSSSCT00000069771.2",-2.72414185054386,2.48611859041428,-5.11493440406969,9.97258190866348e-06,0.000113489026370005,3.26868617065997,"ENSSSCT00000069771.2","ENSSSCG00000022661","FCHO2","FCHO2","Significant"
"ENSSSCT00000001994.5",-4.27030114308477,0.268729715201473,-5.06368909983921,1.16849125033464e-05,0.000128881896907682,3.26795801322132,"ENSSSCT00000001994.5","ENSSSCG00000001779","ZFAND6","ZFAND6","Significant"
"ENSSSCT00000083867.1",-5.40451842626153,-3.03602077375375,-5.07679074533594,1.12211803910146e-05,0.000124356004578056,3.25877521321282,"ENSSSCT00000083867.1","ENSSSCG00000024351","MET","MET","Significant"
"ENSSSCT00000027772.4",-1.72613980255067,6.34685801632475,-5.38749074543231,4.28252703040416e-06,5.76496743597429e-05,3.25710298470742,"ENSSSCT00000027772.4","ENSSSCG00000026478","PADI2","PADI2","Significant"
"ENSSSCT00000098801.1",2.27740255394005,-3.57516548407238,5.12829092361578,9.56882399973163e-06,0.000109713756172419,3.25630516779924,"ENSSSCT00000098801.1","ENSSSCG00000053520","RGS21","RGS21","Significant"
"ENSSSCT00000010367.5",3.36861928967643,-0.536986880688201,5.06036135160302,1.18056964635979e-05,0.000130038151182144,3.24611985620963,"ENSSSCT00000010367.5","ENSSSCG00000009457","DACH1","DACH1","Significant"
"ENSSSCT00000056738.3",3.77432219794019,-0.931971679324814,5.05225600918549,1.21050977628538e-05,0.000132708341445892,3.23719230268393,"ENSSSCT00000056738.3","ENSSSCG00000014391","ARAP3","ARAP3","Significant"
"ENSSSCT00000061764.3",-3.04577092056165,-4.421301678371,-5.12582941901216,9.64199299244295e-06,0.000110401296499486,3.23663267359432,"ENSSSCT00000061764.3","ENSSSCG00000016397","NEB","NEB","Significant"
"ENSSSCT00000087464.1",-2.53388636857465,1.57575698289912,-5.07754679351948,1.1194984802269e-05,0.000124107883200673,3.23171817826065,"ENSSSCT00000087464.1","ENSSSCG00000003572","SYTL1","SYTL1","Significant"
"ENSSSCT00000105506.1",2.73796468758114,-0.477414358959318,5.0500423236641,1.21881706004153e-05,0.000133462383311623,3.23015066579033,"ENSSSCT00000105506.1","ENSSSCG00000038192",NA,"ENSSSCG00000038192","Significant"
"ENSSSCT00000045190.2",-1.89628746391743,1.70712204482936,-5.07209059171744,1.13854019904141e-05,0.000126047418164843,3.22770772252154,"ENSSSCT00000045190.2","ENSSSCG00000007492","FAM210B","FAM210B","Significant"
"ENSSSCT00000052968.2",-2.95303988507848,-3.43499194854453,-5.10332539901515,1.03372303128247e-05,0.000116944849798521,3.22657944890108,"ENSSSCT00000052968.2","ENSSSCG00000030388","UPP1","UPP1","Significant"
"ENSSSCT00000054997.2",-1.15773368774013,5.9499584614902,-5.37038052873089,4.51636879876149e-06,6.00537064905463e-05,3.22572664331814,"ENSSSCT00000054997.2","ENSSSCG00000037564","OTX1","OTX1","Significant"
"ENSSSCT00000003832.5",2.032923511781,6.62054867450339,5.38279572140237,4.34546491819175e-06,5.83195811859834e-05,3.22536656040374,"ENSSSCT00000003832.5","ENSSSCG00000003451","PDPN","PDPN","Significant"
"ENSSSCT00000051549.1",-3.47297092876787,-4.29737761472322,-5.12577252546052,9.64369072600099e-06,0.000110401296499486,3.22381717680726,"ENSSSCT00000051549.1","ENSSSCG00000032962","ZNF664","ZNF664","Significant"
"ENSSSCT00000104336.1",4.33899455288452,-3.54920670599424,5.09059271115617,1.0752413747207e-05,0.000120621527944005,3.22113297990959,"ENSSSCT00000104336.1","ENSSSCG00000055460","ZC3H15","ZC3H15","Significant"
"ENSSSCT00000050111.3",4.73393570471848,0.264720125936239,5.04890261571523,1.22311607256108e-05,0.000133820390703964,3.2199292263486,"ENSSSCT00000050111.3","ENSSSCG00000029163","BCAT1","BCAT1","Significant"
"ENSSSCT00000028322.4",1.1038993632207,0.703113492470391,5.04910893894876,1.22233670116882e-05,0.000133780012772434,3.2167844312804,"ENSSSCT00000028322.4","ENSSSCG00000029783","MKX","MKX","Significant"
"ENSSSCT00000083637.2",-6.78122158217668,0.227991472207522,-5.05179627484791,1.21223038246291e-05,0.000132852300469986,3.21454621095587,"ENSSSCT00000083637.2","ENSSSCG00000008638","YWHAQ","YWHAQ","Significant"
"ENSSSCT00000040109.2",1.69141046453124,3.20662849874163,5.13886368735466,9.26076700362341e-06,0.000106729603176436,3.2116844008922,"ENSSSCT00000040109.2","ENSSSCG00000031271","STRADB","STRADB","Significant"
"ENSSSCT00000086624.1",-5.17286996868355,-0.122793107130443,-5.04326856727391,1.24458993835598e-05,0.00013562369769438,3.20704585934813,"ENSSSCT00000086624.1","ENSSSCG00000014982","MMP7","MMP7","Significant"
"ENSSSCT00000100620.1",1.03255243847686,4.1323750499017,5.24711472691203,6.62178764044659e-06,8.19653622737739e-05,3.19794281898086,"ENSSSCT00000100620.1","ENSSSCG00000015314","ANKIB1","ANKIB1","Significant"
"ENSSSCT00000068756.2",-2.74332059617912,-0.768053144609111,-5.03288803517371,1.28513901955155e-05,0.000139112458809624,3.17937141211481,"ENSSSCT00000068756.2","ENSSSCG00000007007","IDO1","IDO1","Significant"
"ENSSSCT00000080075.1",-1.70534613236176,-2.82016579967593,-5.08150239556179,1.10589174954644e-05,0.000122933837716372,3.17733405786379,"ENSSSCT00000080075.1","ENSSSCG00000050256",NA,"ENSSSCG00000050256","Significant"
"ENSSSCT00000090001.1",-1.02858102957209,-0.412669739109325,-5.03201195524387,1.28862060833395e-05,0.000139318465828679,3.17711407575415,"ENSSSCT00000090001.1","ENSSSCG00000024168","AIMP1","AIMP1","Significant"
"ENSSSCT00000076980.2",2.0970922662305,2.57398734412199,5.07938434447357,1.11315700784267e-05,0.000123572935252647,3.1750031906454,"ENSSSCT00000076980.2","ENSSSCG00000034844","TBCE","TBCE","Significant"
"ENSSSCT00000080473.2",-4.55221597101599,-3.65513549801502,-5.08188086908835,1.1045984906912e-05,0.000122873862813019,3.17157237542984,"ENSSSCT00000080473.2","ENSSSCG00000005233","DMRT2","DMRT2","Significant"
"ENSSSCT00000039671.2",1.44618467956212,0.55699038845692,5.03054434794068,1.29447394045942e-05,0.000139751749519003,3.16954473174369,"ENSSSCT00000039671.2","ENSSSCG00000000458","MON2","MON2","Significant"
"ENSSSCT00000105848.1",3.4642144678655,-0.123680864001834,5.02729613695374,1.3075229129945e-05,0.00014074109295237,3.16333248623935,"ENSSSCT00000105848.1","ENSSSCG00000001723","PLA2G7","PLA2G7","Significant"
"ENSSSCT00000056720.2",3.90875220407524,-0.161832006690023,5.02420206164112,1.32007401366171e-05,0.000141624524980015,3.15656748347835,"ENSSSCT00000056720.2","ENSSSCG00000008499","STRN","STRN","Significant"
"ENSSSCT00000018524.5",3.86566034926201,0.65146169283771,5.02216537789554,1.32840097091391e-05,0.000142330546354509,3.15335575360688,"ENSSSCT00000018524.5","ENSSSCG00000017012","SLIT3","SLIT3","Significant"
"ENSSSCT00000002500.4",1.17177644929479,0.843215272714553,5.03427425788536,1.27964915406302e-05,0.000138610235943757,3.15037269525486,"ENSSSCT00000002500.4","ENSSSCG00000002245","KATNBL1","KATNBL1","Significant"
"ENSSSCT00000004688.5",1.29228684264548,4.73578108317496,5.27521107713266,6.06906984332808e-06,7.62736441550394e-05,3.14933519210244,"ENSSSCT00000004688.5","ENSSSCG00000004241","GJA1","GJA1","Significant"
"ENSSSCT00000030692.4",1.45883192771235,3.62278007679493,5.17048074091145,8.39712101974472e-06,9.86238233889614e-05,3.13497361042446,"ENSSSCT00000030692.4","ENSSSCG00000029662","RASSF4","RASSF4","Significant"
"ENSSSCT00000058029.3",3.59438848848873,1.06277848403655,5.01189058712135,1.3712104897641e-05,0.000145958037245408,3.11913212376516,"ENSSSCT00000058029.3","ENSSSCG00000004635","SPPL2A","SPPL2A","Significant"
"ENSSSCT00000025334.4",5.77458622059468,-1.1656829634217,5.01536691709155,1.3565754765062e-05,0.000144825759122489,3.11831754946705,"ENSSSCT00000025334.4","ENSSSCG00000017712","AP2B1","AP2B1","Significant"
"ENSSSCT00000064462.3",-3.69076454359941,1.78257272478513,-5.02735163275985,1.30729887875465e-05,0.00014074109295237,3.11390443412712,"ENSSSCT00000064462.3","ENSSSCG00000038718","ADRM1","ADRM1","Significant"
"ENSSSCT00000082905.2",2.61619419739915,-2.48098797937769,5.05159178546271,1.21299648610451e-05,0.00013289159083653,3.11359886319873,"ENSSSCT00000082905.2","ENSSSCG00000010627","PDCD4","PDCD4","Significant"
"ENSSSCT00000013089.4",3.6732686266815,-2.55542296448217,5.03798150179639,1.26508139915725e-05,0.000137443232049726,3.11150758473136,"ENSSSCT00000013089.4","ENSSSCG00000011962","ADGRG7","ADGRG7","Significant"
"ENSSSCT00000082675.2",-1.51553425457387,-1.70656894066561,-5.03724238833977,1.26797257966381e-05,0.00013757397000785,3.11149669492839,"ENSSSCT00000082675.2","ENSSSCG00000012882","TESMIN","TESMIN","Significant"
"ENSSSCT00000087187.1",2.12341250296996,-1.80594314021094,5.02694789133499,1.30892963567736e-05,0.000140846012678629,3.11079524837125,"ENSSSCT00000087187.1","ENSSSCG00000003089","TOMM40","TOMM40","Significant"
"ENSSSCT00000054177.3",-1.57691265366201,-0.435653716189333,-5.0056174596802,1.39801713137812e-05,0.000148134385932572,3.10458217573945,"ENSSSCT00000054177.3","ENSSSCG00000016177","XRCC5","XRCC5","Significant"
"ENSSSCT00000049903.3",2.55985468739589,-1.89549030067654,5.02131296926999,1.33190148259274e-05,0.000142658725159178,3.10092895848016,"ENSSSCT00000049903.3","ENSSSCG00000008971","USO1","USO1","Significant"
"ENSSSCT00000043370.3",1.79782402351729,2.46235247662506,5.06617510194871,1.15954817315077e-05,0.0001280898929217,3.09803875425175,"ENSSSCT00000043370.3","ENSSSCG00000004322","ANKRD6","ANKRD6","Significant"
"ENSSSCT00000101281.1",2.12300122884302,-3.33749903139337,5.06196226891972,1.1747435666135e-05,0.000129483905496507,3.09677082078192,"ENSSSCT00000101281.1","ENSSSCG00000053145",NA,"ENSSSCG00000053145","Significant"
"ENSSSCT00000006728.5",1.17398347492811,5.54225545653366,5.27467534158635,6.07916688863283e-06,7.63217607163243e-05,3.09363540885566,"ENSSSCT00000006728.5","ENSSSCG00000006135","CPNE3","CPNE3","Significant"
"ENSSSCT00000016806.5",2.96263829846285,-0.0418498971107057,5.00010994068699,1.42198024022307e-05,0.000150282799845164,3.09022940257085,"ENSSSCT00000016806.5","ENSSSCG00000015427","ORC5","ORC5","Significant"
"ENSSSCT00000082473.2",-5.15991061394866,-2.31280698303193,-5.02013148689968,1.33676850929472e-05,0.000143073343814236,3.08518354752521,"ENSSSCT00000082473.2","ENSSSCG00000006892","DNTTIP2","DNTTIP2","Significant"
"ENSSSCT00000091151.2",-1.25258786525567,1.0468041194815,-5.00793602842349,1.38804928582999e-05,0.000147272470124912,3.08439426752863,"ENSSSCT00000091151.2","ENSSSCG00000038383","DYNC2LI1","DYNC2LI1","Significant"
"ENSSSCT00000094188.1",1.87999104822923,-3.82779409420121,5.05728308565227,1.19185281827321e-05,0.000131148056992845,3.07823152619311,"ENSSSCT00000094188.1","ENSSSCG00000053150",NA,"ENSSSCG00000053150","Significant"
"ENSSSCT00000053877.3",-6.32509245880571,-2.72890403717544,-5.01774492724196,1.34665363884646e-05,0.000143836855969756,3.07734734401997,"ENSSSCT00000053877.3","ENSSSCG00000022300","MAT2A","MAT2A","Significant"
"ENSSSCT00000032573.4",3.88407520500896,-1.28668227177219,4.99738815009652,1.43397266073142e-05,0.000151011772062297,3.07026409676722,"ENSSSCT00000032573.4","ENSSSCG00000022982","VPS50","VPS50","Significant"
"ENSSSCT00000073778.2",1.17459859530101,2.09625489361506,5.07852586502647,1.1161152087864e-05,0.00012380101458368,3.06074182502992,"ENSSSCT00000073778.2","ENSSSCG00000000660","A2M","A2M","Significant"
"ENSSSCT00000101371.1",1.44343894104423,-1.56326308680777,5.01205999552807,1.37049368035599e-05,0.000145929379341367,3.05833883312971,"ENSSSCT00000101371.1","ENSSSCG00000061444",NA,"ENSSSCG00000061444","Significant"
"ENSSSCT00000002192.5",2.2541707253994,0.868870266255727,4.99610150827487,1.43967656658354e-05,0.000151563496212108,3.05800938924465,"ENSSSCT00000002192.5","ENSSSCG00000001959","CFL2","CFL2","Significant"
"ENSSSCT00000015576.5",1.06856175125969,6.40394418829433,5.31808880483798,5.31280283922507e-06,6.84658591976656e-05,3.04797686063355,"ENSSSCT00000015576.5","ENSSSCG00000014255","SLC12A2","SLC12A2","Significant"
"ENSSSCT00000082160.2",-3.10221233904828,0.188162691078802,-4.98593205386459,1.48555837424375e-05,0.000155560912878371,3.04711801549705,"ENSSSCT00000082160.2","ENSSSCG00000036247","MRM2","MRM2","Significant"
"ENSSSCT00000037021.3",1.86250237030066,1.74223786327739,5.04138821797341,1.2518397257414e-05,0.000136186127521096,3.03791848725193,"ENSSSCT00000037021.3","ENSSSCG00000029163","BCAT1","BCAT1","Significant"
"ENSSSCT00000054747.2",1.57730995893337,-0.126987513343203,4.97642770809205,1.52974896035015e-05,0.000158891159933916,3.02189704091128,"ENSSSCT00000054747.2","ENSSSCG00000036516",NA,"ENSSSCG00000036516","Significant"
"ENSSSCT00000056230.3",-2.41250353222727,-3.92194754843033,-5.03903378002593,1.2609764986248e-05,0.000137042925870543,3.01622755713426,"ENSSSCT00000056230.3","ENSSSCG00000033493","CACNA1B","CACNA1B","Significant"
"ENSSSCT00000078997.2",-1.9383973198374,1.11598869955921,-4.9900619381776,1.46675316444306e-05,0.000153867503775745,3.0136716334433,"ENSSSCT00000078997.2","ENSSSCG00000034844","TBCE","TBCE","Significant"
"ENSSSCT00000097133.1",1.3169873653901,1.1341349177965,4.9931619625288,1.45279264649297e-05,0.000152697780290963,3.01334388042233,"ENSSSCT00000097133.1","ENSSSCG00000059334",NA,"ENSSSCG00000059334","Significant"
"ENSSSCT00000061482.3",-1.38741123326747,-0.0780651071347667,-4.97202038921716,1.55068077674039e-05,0.000160655850158384,3.00919807031811,"ENSSSCT00000061482.3","ENSSSCG00000004807","SCG5","SCG5","Significant"
"ENSSSCT00000034250.4",-2.7788560605941,-4.00129086712457,-5.04504801227456,1.23776756856401e-05,0.000135052834010754,3.00555178118602,"ENSSSCT00000034250.4","ENSSSCG00000012363","HEPH","HEPH","Significant"
"ENSSSCT00000093682.1",-1.6079654462418,-1.82660340224463,-4.99954873184525,1.42444480205274e-05,0.000150494485826726,3.00456409690368,"ENSSSCT00000093682.1","ENSSSCG00000058622",NA,"ENSSSCG00000058622","Significant"
"ENSSSCT00000071155.2",2.68823030974631,-1.69508435666264,4.99866441340584,1.42833690710692e-05,0.000150603317905341,3.00172636488461,"ENSSSCT00000071155.2","ENSSSCG00000015422","PMPCB","PMPCB","Significant"
"ENSSSCT00000014606.5",-2.19786993117681,-3.21842218029424,-5.008442798674,1.38588001633553e-05,0.000147135239507013,2.99690854810478,"ENSSSCT00000014606.5","ENSSSCG00000054840","TPH1","TPH1","Significant"
"ENSSSCT00000083017.2",3.01968892145919,1.65317951199809,4.98149124355228,1.50604617592504e-05,0.000156979314321804,2.9960372446631,"ENSSSCT00000083017.2","ENSSSCG00000003795","WLS","WLS","Significant"
"ENSSSCT00000009311.5",3.15116617199759,-1.88714191625115,4.99084852876475,1.46319832090632e-05,0.000153543991164563,2.99488778626312,"ENSSSCT00000009311.5","ENSSSCG00000008509","RASGRP3","RASGRP3","Significant"
"ENSSSCT00000081491.1",7.78522672998591,-1.10182246690179,4.9917418945992,1.45917128853924e-05,0.000153220034433279,2.99227701677868,"ENSSSCT00000081491.1","ENSSSCG00000036924","PSMA4","PSMA4","Significant"
"ENSSSCT00000002149.5",-2.44224156754884,-3.81063922766554,-5.02859455210292,1.30229123185174e-05,0.00014036331677122,2.97852756464369,"ENSSSCT00000002149.5","ENSSSCG00000001920","HCN4","HCN4","Significant"
"ENSSSCT00000038980.3",1.01957536698516,4.70544122765225,5.21758936079969,7.25663030412329e-06,8.80005261118383e-05,2.97683718132654,"ENSSSCT00000038980.3","ENSSSCG00000021911","NDRG4","NDRG4","Significant"
"ENSSSCT00000018425.4",1.41190243236349,-0.243331289441996,4.95732007813474,1.62257173625813e-05,0.000166621508311685,2.96788425097586,"ENSSSCT00000018425.4","ENSSSCG00000016919","SETD9","SETD9","Significant"
"ENSSSCT00000068051.2",1.23651194081153,2.52342901992813,5.03728906552176,1.26778979934573e-05,0.00013757397000785,2.9666925489736,"ENSSSCT00000068051.2","ENSSSCG00000028377","CRYZL1","CRYZL1","Significant"
"ENSSSCT00000064379.3",1.10921032164891,5.96184935541551,5.27897163733526,5.99866246316983e-06,7.57183085362715e-05,2.96610205456561,"ENSSSCT00000064379.3","ENSSSCG00000049263","HAS3","HAS3","Significant"
"ENSSSCT00000044789.3",-3.56241086558955,-0.233114276249284,-4.95718453699135,1.62324973155234e-05,0.000166638646875103,2.96541589069965,"ENSSSCT00000044789.3","ENSSSCG00000016863","OXCT1","OXCT1","Significant"
"ENSSSCT00000037340.3",-1.45867941050441,3.59791453709274,-5.13006138171194,9.51653787016992e-06,0.000109291018217337,2.96086825454012,"ENSSSCT00000037340.3","ENSSSCG00000033329","SLC47A1","SLC47A1","Significant"
"ENSSSCT00000038405.3",1.16478797450325,4.1011312895271,5.16774482749082,8.46857852478139e-06,9.92485744866904e-05,2.93836648338033,"ENSSSCT00000038405.3","ENSSSCG00000032778","PLEKHG1","PLEKHG1","Significant"
"ENSSSCT00000066280.2",1.52333481310545,1.3122543590857,4.96907818309024,1.56481208888695e-05,0.000161862732696923,2.93758382220925,"ENSSSCT00000066280.2","ENSSSCG00000001946","MBIP","MBIP","Significant"
"ENSSSCT00000005162.4",-1.27344728484732,4.7093884721279,-5.20267794615204,7.59989393810522e-06,9.13668665036809e-05,2.93058218482628,"ENSSSCT00000005162.4","ENSSSCG00000004676","DUOXA2","DUOXA2","Significant"
"ENSSSCT00000032632.3",-1.07461959411041,3.71736767564096,-5.14471617538566,9.09450166126567e-06,0.000105110645928361,2.923663664427,"ENSSSCT00000032632.3","ENSSSCG00000004675","DUOX1","DUOX1","Significant"
"ENSSSCT00000106062.1",3.46955459408315,-4.09292442243686,4.99320941977018,1.45257995686348e-05,0.000152697780290963,2.917012926449,"ENSSSCT00000106062.1","ENSSSCG00000058669","GPR15","GPR15","Significant"
"ENSSSCT00000062041.2",-1.66251470901183,9.68222336495337,-5.35680511338234,4.71091521481217e-06,6.21086452340218e-05,2.91606198653522,"ENSSSCT00000062041.2","ENSSSCG00000040162","NUPR1","NUPR1","Significant"
"ENSSSCT00000038240.3",-1.7393143723743,-2.98922679980723,-4.98207368052943,1.50334320643282e-05,0.000156848006088114,2.90413605817536,"ENSSSCT00000038240.3","ENSSSCG00000028397",NA,"ENSSSCG00000028397","Significant"
"ENSSSCT00000066639.1",2.07762765145509,2.47956910968346,4.99858014913938,1.42870832499454e-05,0.000150603317905341,2.90100514015569,"ENSSSCT00000066639.1","ENSSSCG00000005066","EXOC5","EXOC5","Significant"
"ENSSSCT00000057426.2",-1.77140683814717,1.16854470451889,-4.95453965281656,1.6365361487087e-05,0.000167633127843225,2.89953302807191,"ENSSSCT00000057426.2","ENSSSCG00000034860","HSCB","HSCB","Significant"
"ENSSSCT00000079366.2",-1.77355326638287,-0.47192157549286,-4.9303990662083,1.76289595735728e-05,0.000178169435194287,2.89066225086517,"ENSSSCT00000079366.2","ENSSSCG00000010504","BLNK","BLNK","Significant"
"ENSSSCT00000075087.1",-1.06743106604647,2.53610563302619,-5.04313759527209,1.24509355518259e-05,0.000135633245149259,2.88988002196792,"ENSSSCT00000075087.1","ENSSSCG00000012297","CCDC22","CCDC22","Significant"
"ENSSSCT00000029114.3",3.55403611263987,-1.62846981180861,4.93071449322069,1.76118414691349e-05,0.000178051621475868,2.88296790801772,"ENSSSCT00000029114.3","ENSSSCG00000003768","NEXN","NEXN","Significant"
"ENSSSCT00000064567.3",4.04092303449057,0.498173215006812,4.92340453430668,1.80128147781932e-05,0.000181451929426814,2.86946704378255,"ENSSSCT00000064567.3","ENSSSCG00000016857","DAB2","DAB2","Significant"
"ENSSSCT00000078048.2",1.45306219848615,8.21219435352155,5.30787323415398,5.48399879634036e-06,7.02555193539808e-05,2.86712419263363,"ENSSSCT00000078048.2","ENSSSCG00000013551","C3","C3","Significant"
"ENSSSCT00000070441.2",1.00566540688832,5.76788411254729,5.23432040607396,6.88980417877328e-06,8.45446652031328e-05,2.86507942237048,"ENSSSCT00000070441.2","ENSSSCG00000013391","PSMA1","PSMA1","Significant"
"ENSSSCT00000091885.1",2.16990587894538,-2.89042446961414,4.96631845229993,1.57818298451198e-05,0.000162987260142631,2.86476526786111,"ENSSSCT00000091885.1","ENSSSCG00000061947",NA,"ENSSSCG00000061947","Significant"
"ENSSSCT00000091841.1",5.75561229941275,2.17149602679481,4.92203267861147,1.80890669805318e-05,0.000182142044420402,2.86461660788797,"ENSSSCT00000091841.1","ENSSSCG00000022774","NOP53","NOP53","Significant"
"ENSSSCT00000060143.3",1.32404661825684,4.19385726678864,5.11690688375127,9.91190716423999e-06,0.000112925914211692,2.85906631491623,"ENSSSCT00000060143.3","ENSSSCG00000013990",NA,"ENSSSCG00000013990","Significant"
"ENSSSCT00000009818.4",1.56742560217878,3.6965738557496,5.11883910290551,9.85282639836854e-06,0.000112361508182024,2.85001502434478,"ENSSSCT00000009818.4","ENSSSCG00000008963","AREG","AREG","Significant"
"ENSSSCT00000081776.2",1.77895329110073,0.327162356809855,4.91966654884214,1.82213363729578e-05,0.000183191011749589,2.84693296439435,"ENSSSCT00000081776.2","ENSSSCG00000015394","ELAPOR2","ELAPOR2","Significant"
"ENSSSCT00000032489.3",6.03819979626688,-0.519616687483964,4.92844417049001,1.77354193354385e-05,0.000179023409291838,2.84378368624203,"ENSSSCT00000032489.3","ENSSSCG00000025049","CYBRD1","CYBRD1","Significant"
"ENSSSCT00000075061.2",1.23142165502853,2.47802792626335,5.00792979135127,1.38807600507255e-05,0.000147272470124912,2.83916060987519,"ENSSSCT00000075061.2","ENSSSCG00000031615","SERPINB9","SERPINB9","Significant"
"ENSSSCT00000076023.2",1.07436627769503,-0.598942567250192,4.90555864069755,1.90301088896516e-05,0.000189626427334413,2.81545925705134,"ENSSSCT00000076023.2","ENSSSCG00000003043","DMRTC2","DMRTC2","Significant"
"ENSSSCT00000077628.2",-2.33808867892369,-4.63938068152821,-4.95520605862592,1.63317837546705e-05,0.000167353160325891,2.80509691725456,"ENSSSCT00000077628.2","ENSSSCG00000030467","PHC3","PHC3","Significant"
"ENSSSCT00000062176.3",1.04686428073488,3.366448712349,5.05445442736897,1.20231540331112e-05,0.00013196777114791,2.80073214750982,"ENSSSCT00000062176.3","ENSSSCG00000038562","RND1","RND1","Significant"
"ENSSSCT00000067148.2",-2.91486114227861,-1.10618347820622,-4.89936845371641,1.93961072725598e-05,0.000192703189385992,2.79858970802512,"ENSSSCT00000067148.2","ENSSSCG00000049831",NA,"ENSSSCG00000049831","Significant"
"ENSSSCT00000016655.5",-2.68051471241397,-4.22607076057323,-4.95388869551927,1.63982268892382e-05,0.000167811610011526,2.79553305950732,"ENSSSCT00000016655.5","ENSSSCG00000015284","MDM4","MDM4","Significant"
"ENSSSCT00000063050.2",3.20596390484696,-3.77038826694469,4.95606513144021,1.62885989789747e-05,0.000167004239342922,2.7920152819921,"ENSSSCT00000063050.2","ENSSSCG00000032804","BORCS5","BORCS5","Significant"
"ENSSSCT00000008924.5",-2.34873150105747,0.84967532521683,-4.91405723176109,1.8538744285961e-05,0.000185694998064354,2.79194256883659,"ENSSSCT00000008924.5","ENSSSCG00000008147",NA,"ENSSSCG00000008147","Significant"
"ENSSSCT00000064660.3",2.82789653205353,0.203642005164867,4.89669256614554,1.95564709574935e-05,0.000193746332147711,2.79172615452171,"ENSSSCT00000064660.3","ENSSSCG00000012160","SH3KBP1","SH3KBP1","Significant"
"ENSSSCT00000037114.3",2.73851234359127,-3.49827340962406,4.94541335970052,1.68321457117676e-05,0.000171552134662854,2.78631122296631,"ENSSSCT00000037114.3","ENSSSCG00000039057","ALKAL2","ALKAL2","Significant"
"ENSSSCT00000092054.1",1.11309606459216,1.85516651494597,4.95870248865397,1.61567274125771e-05,0.000166069968650588,2.78080844585272,"ENSSSCT00000092054.1","ENSSSCG00000004830",NA,"ENSSSCG00000004830","Significant"
"ENSSSCT00000105946.1",-2.8882328744961,-4.03638388479847,-4.93984818819299,1.71232400912665e-05,0.000174192237109408,2.77860997942943,"ENSSSCT00000105946.1","ENSSSCG00000005316","TPM2","TPM2","Significant"
"ENSSSCT00000042587.2",1.81042586977631,-4.00039920638748,4.95518395341025,1.63328964592377e-05,0.000167353160325891,2.77807121344229,"ENSSSCT00000042587.2","ENSSSCG00000032048","SCRG1","SCRG1","Significant"
"ENSSSCT00000060071.3",5.71862023442891,1.28190263011251,4.89230380505427,1.98223333927512e-05,0.000196022856517216,2.7769447235757,"ENSSSCT00000060071.3","ENSSSCG00000016266","CAB39","CAB39","Significant"
"ENSSSCT00000023115.4",1.54775012782465,0.815086872340863,4.90062555460909,1.93212206057526e-05,0.000192174825085405,2.77144305323687,"ENSSSCT00000023115.4","ENSSSCG00000038128","CDYL2","CDYL2","Significant"
"ENSSSCT00000042539.3",1.52505941506462,-0.100878411625352,4.88714102280237,2.01396694677293e-05,0.000198318871436378,2.7681503634829,"ENSSSCT00000042539.3","ENSSSCG00000012264","ZNF674","ZNF674","Significant"
"ENSSSCT00000027651.2",-1.66794896959231,6.11536514782074,-5.19046783651233,7.89295865490932e-06,9.39890518570721e-05,2.75750053684956,"ENSSSCT00000027651.2","ENSSSCG00000024634","GPR15LG","GPR15LG","Significant"
"ENSSSCT00000061314.2",5.06114390145387,-2.58214095390218,4.8896182054575,1.99867837739523e-05,0.000197111039977599,2.74417742913374,"ENSSSCT00000061314.2","ENSSSCG00000005296","PHF24","PHF24","Significant"
"ENSSSCT00000041399.3",5.01213553254029,-0.470435262083552,4.88320083462886,2.0385237669407e-05,0.000200313528925059,2.74281738739764,"ENSSSCT00000041399.3","ENSSSCG00000035987","EHD3","EHD3","Significant"
"ENSSSCT00000019064.5",2.42248558390592,-1.60162765965721,4.89287839006981,1.97873235753761e-05,0.000195736012697683,2.73858249561055,"ENSSSCT00000019064.5","ENSSSCG00000017511","PLXDC1","PLXDC1","Significant"
"ENSSSCT00000097991.1",-1.80699521808426,0.604461594046782,-4.88427206092955,2.03181826167293e-05,0.000199714810381622,2.73187468513903,"ENSSSCT00000097991.1","ENSSSCG00000003161","PRRG2","PRRG2","Significant"
"ENSSSCT00000095091.1",-2.14891637870368,-3.94734073455963,-4.93708317995132,1.72697174274592e-05,0.000175244901028596,2.73076606101159,"ENSSSCT00000095091.1","ENSSSCG00000033636","AFMID","AFMID","Significant"
"ENSSSCT00000030552.4",1.58731620694534,-2.37153650060823,4.90655721246,1.89717119809928e-05,0.000189119240655791,2.72521391004631,"ENSSSCT00000030552.4","ENSSSCG00000023557","CCRL2","CCRL2","Significant"
"ENSSSCT00000053851.3",-1.07094662516597,5.77567869800706,-5.20018023056335,7.65895003586114e-06,9.1975103856065e-05,2.72395514159395,"ENSSSCT00000053851.3","ENSSSCG00000037670","TMEM164","TMEM164","Significant"
"ENSSSCT00000087188.2",1.28506229151746,0.0774364755980027,4.8749910757576,2.09064673521696e-05,0.000204449448575327,2.72200110069518,"ENSSSCT00000087188.2","ENSSSCG00000048379",NA,"ENSSSCG00000048379","Significant"
"ENSSSCT00000061066.3",-2.54296175958166,-4.05179861586215,-4.93372182669868,1.74494594918516e-05,0.000176793715746529,2.7198372721294,"ENSSSCT00000061066.3","ENSSSCG00000016751","GCK","GCK","Significant"
"ENSSSCT00000011452.5",2.44800154861507,1.2990180998236,4.89761451744945,1.95010714637445e-05,0.000193314969292771,2.71246588484716,"ENSSSCT00000011452.5","ENSSSCG00000010464","PPP1R3C","PPP1R3C","Significant"
"ENSSSCT00000006780.5",-3.14414757886341,-2.56990923465055,-4.89859518252549,1.94423144853721e-05,0.000192961954434887,2.70481950306979,"ENSSSCT00000006780.5","ENSSSCG00000006186","TRPA1","TRPA1","Significant"
"ENSSSCT00000024450.4",-1.94747848727681,-0.302276069418614,-4.86307652251454,2.16864638584193e-05,0.000210686968903427,2.6993123019294,"ENSSSCT00000024450.4","ENSSSCG00000028974","UST","UST","Significant"
"ENSSSCT00000051645.3",-2.66712824952721,-0.209681224982868,-4.86219640681418,2.17452109794079e-05,0.000211069026130579,2.69713000053348,"ENSSSCT00000051645.3","ENSSSCG00000033544","NTF3","NTF3","Significant"
"ENSSSCT00000045533.3",-1.65450793654911,0.549941405001388,-4.86945124762734,2.1265620126264e-05,0.000207401818305926,2.69142980300438,"ENSSSCT00000045533.3","ENSSSCG00000040569","PLA2G10","PLA2G10","Significant"
"ENSSSCT00000062575.2",1.19919216269254,2.09458567272444,4.93023563756591,1.76378352667742e-05,0.00017820389867924,2.69023022945541,"ENSSSCT00000062575.2","ENSSSCG00000017301","TLK2","TLK2","Significant"
"ENSSSCT00000104592.2",-1.19526052673617,9.45457212982146,-5.27607652945921,6.05279384551987e-06,7.61069381177516e-05,2.67568983742077,"ENSSSCT00000104592.2","ENSSSCG00000051899","B2M","B2M","Significant"
"ENSSSCT00000014268.4",1.49544269714365,4.63391457118536,5.09370457531348,1.06494391475619e-05,0.000119811702542135,2.6754019774866,"ENSSSCT00000014268.4","ENSSSCG00000013054","ATL3","ATL3","Significant"
"ENSSSCT00000000004.5",-1.49439178031543,4.42758697737825,-5.06563460412822,1.16148674752604e-05,0.000128206161913057,2.67421090508398,"ENSSSCT00000000004.5","ENSSSCG00000000003","TTC38","TTC38","Significant"
"ENSSSCT00000080694.2",1.62652426534607,2.75137783148898,4.93940565924927,1.71466001977098e-05,0.000174321095368297,2.67226746778834,"ENSSSCT00000080694.2","ENSSSCG00000002774","RIPOR1","RIPOR1","Significant"
"ENSSSCT00000015693.5",-1.2807889939605,0.443859832685859,-4.86030456914416,2.18720236512471e-05,0.00021193671323784,2.67174792248788,"ENSSSCT00000015693.5","ENSSSCG00000014363","SLC4A9","SLC4A9","Significant"
"ENSSSCT00000078195.2",-4.90608843618946,-1.67811853398016,-4.87461054925709,2.09309440117242e-05,0.000204566096690124,2.66770504769296,"ENSSSCT00000078195.2","ENSSSCG00000028149","THYN1","THYN1","Significant"
"ENSSSCT00000040961.3",2.88792123845445,6.01157930176996,4.9827337230964,1.50028589930221e-05,0.000156579133997597,2.66393173686531,"ENSSSCT00000040961.3","ENSSSCG00000014020","CANX","CANX","Significant"
"ENSSSCT00000082457.2",1.33945277642576,4.81634593790631,5.1027997501894,1.03540511262313e-05,0.000117053912246757,2.65652779845494,"ENSSSCT00000082457.2","ENSSSCG00000006232","RAB2A","RAB2A","Significant"
"ENSSSCT00000080150.2",1.50872080797541,2.96482937899976,4.95810041924497,1.61867382001302e-05,0.000166273601851621,2.65380512713507,"ENSSSCT00000080150.2","ENSSSCG00000035771","MRPS22","MRPS22","Significant"
"ENSSSCT00000011623.5",1.90561813973594,-3.70907546995101,4.90365842725017,1.91417264051315e-05,0.000190622128195757,2.64696525405433,"ENSSSCT00000011623.5","ENSSSCG00000010627","PDCD4","PDCD4","Significant"
"ENSSSCT00000073938.1",2.93511331952516,0.516387257164266,4.84254743547818,2.30985654256682e-05,0.000221501655040732,2.63926217981956,"ENSSSCT00000073938.1","ENSSSCG00000012163","RPS6KA3","RPS6KA3","Significant"
"ENSSSCT00000058138.3",1.48038541399503,1.55931940401331,4.87607193034303,2.08370978566489e-05,0.000203893378907017,2.63252603584979,"ENSSSCT00000058138.3","ENSSSCG00000015175","VWA5A","VWA5A","Significant"
"ENSSSCT00000088387.2",1.76330437031506,-3.29707026933761,4.8907626222802,1.9916541838756e-05,0.000196491016808124,2.62608280626564,"ENSSSCT00000088387.2","ENSSSCG00000004662","SLC24A5","SLC24A5","Significant"
"ENSSSCT00000011653.5",2.90815330469909,-2.4966735718269,4.87594289230146,2.08453675529659e-05,0.000203913100419112,2.62341747077584,"ENSSSCT00000011653.5","ENSSSCG00000010654","ATRNL1","ATRNL1","Significant"
"ENSSSCT00000046580.2",1.38244389380338,4.9809207786206,5.09032245765217,1.07614032191603e-05,0.000120621527944005,2.61549680697402,"ENSSSCT00000046580.2","ENSSSCG00000010569","OGA","OGA","Significant"
"ENSSSCT00000089011.2",3.042907424655,2.11352675450568,4.85518239356967,2.22190566818965e-05,0.000214645962683423,2.60846832268335,"ENSSSCT00000089011.2","ENSSSCG00000013884","MAP1S","MAP1S","Significant"
"ENSSSCT00000083694.2",1.45264590856669,5.05189287588641,5.10988740553946,1.01295155346045e-05,0.000114873991127042,2.60703760092363,"ENSSSCT00000083694.2","ENSSSCG00000038713","CRIP2","CRIP2","Significant"
"ENSSSCT00000061108.3",1.08940289852507,5.59500926509057,5.14719346363008,9.0250201066719e-06,0.000104567077312697,2.60273425249019,"ENSSSCT00000061108.3","ENSSSCG00000001716","RCAN2","RCAN2","Significant"
"ENSSSCT00000041628.3",-2.48990565365059,0.0271708186659391,-4.83043661678689,2.39738989318625e-05,0.000228946421827331,2.59976388765702,"ENSSSCT00000041628.3","ENSSSCG00000006504","KHDC4","KHDC4","Significant"
"ENSSSCT00000069678.1",3.47521969434279,4.44290144979668,4.94754235332972,1.67220872530094e-05,0.000170673267457077,2.59799946466005,"ENSSSCT00000069678.1","ENSSSCG00000006610","S100A11","S100A11","Significant"
"ENSSSCT00000041884.3",-1.97769260619115,-1.04681587765894,-4.82771731254801,2.41749102560412e-05,0.000230467477774259,2.59758551852087,"ENSSSCT00000041884.3","ENSSSCG00000011729","SCHIP1","SCHIP1","Significant"
"ENSSSCT00000105063.1",1.774637993666,-0.867052326571429,4.82776304197152,2.41715161842454e-05,0.000230467477774259,2.5923080363091,"ENSSSCT00000105063.1","ENSSSCG00000054369",NA,"ENSSSCG00000054369","Significant"
"ENSSSCT00000049860.3",-1.31876280572843,2.00877705193939,-4.87831913030116,2.06936007052727e-05,0.000202793554972862,2.58755223534196,"ENSSSCT00000049860.3","ENSSSCG00000036220","CTXN1","CTXN1","Significant"
"ENSSSCT00000102945.1",-2.24227769921478,-4.22124734022056,-4.88727449697553,2.01314023262731e-05,0.00019829735391112,2.58280387886665,"ENSSSCT00000102945.1","ENSSSCG00000057910",NA,"ENSSSCG00000057910","Significant"
"ENSSSCT00000014121.4",-1.23948851930306,3.73531276476967,-5.03696433056787,1.26906195101397e-05,0.000137646360115966,2.58278233197285,"ENSSSCT00000014121.4","ENSSSCG00000012918","GRK2","GRK2","Significant"
"ENSSSCT00000036636.4",2.1422884316205,1.56457661794655,4.85017501920335,2.25635787479266e-05,0.000217330257458611,2.58065965936814,"ENSSSCT00000036636.4","ENSSSCG00000016233","SERPINE2","SERPINE2","Significant"
"ENSSSCT00000005342.5",-1.17398886327433,-0.687416207008322,-4.82239308445873,2.45733190383603e-05,0.000233582651290583,2.57835730870495,"ENSSSCT00000005342.5","ENSSSCG00000004840","OTUD7A","OTUD7A","Significant"
"ENSSSCT00000104887.1",-2.41026026378163,3.41942158305986,-4.90732455387781,1.89269581639949e-05,0.000188829419822182,2.57697535797972,"ENSSSCT00000104887.1","ENSSSCG00000004294","SYNCRIP","SYNCRIP","Significant"
"ENSSSCT00000051225.3",2.67188022958287,-3.42067591272562,4.85631331608037,2.2141969602897e-05,0.000214091570857904,2.57230613592573,"ENSSSCT00000051225.3","ENSSSCG00000009229","ARHGAP24","ARHGAP24","Significant"
"ENSSSCT00000078677.1",-7.51799600171396,-0.788001784788906,-4.82736721191731,2.42009106145173e-05,0.00023051314334669,2.56484226696856,"ENSSSCT00000078677.1","ENSSSCG00000013849",NA,"ENSSSCG00000013849","Significant"
"ENSSSCT00000027841.3",4.234809675193,-0.266088484080295,4.82216952677362,2.45901890869096e-05,0.000233606796325641,2.56479472846689,"ENSSSCT00000027841.3","ENSSSCG00000029544","RAB2B","RAB2B","Significant"
"ENSSSCT00000091922.1",-4.06907436129128,1.07669517847461,-4.82952200906527,2.40413215895735e-05,0.000229338342880114,2.54845501794439,"ENSSSCT00000091922.1","ENSSSCG00000001955","SRP54","SRP54","Significant"
"ENSSSCT00000028457.4",-1.9853204035163,-2.0433100375032,-4.83035037106447,2.39802487590582e-05,0.000228946421827331,2.53787526022227,"ENSSSCT00000028457.4","ENSSSCG00000022988","TSPEAR","TSPEAR","Significant"
"ENSSSCT00000104014.1",-2.44830457667407,0.689900718025117,-4.80680308930641,2.57776484521459e-05,0.000242619057904086,2.53396830280181,"ENSSSCT00000104014.1","ENSSSCG00000006604","CRNN","CRNN","Significant"
"ENSSSCT00000102435.1",1.55471216750694,-0.716303858878659,4.80355585015163,2.60357506599614e-05,0.000244208749861157,2.52686408701878,"ENSSSCT00000102435.1","ENSSSCG00000054076",NA,"ENSSSCG00000054076","Significant"
"ENSSSCT00000027735.2",1.0528024312212,2.08193061965219,4.86349248615665,2.16587532730508e-05,0.000210543229491517,2.5248512592557,"ENSSSCT00000027735.2","ENSSSCG00000025855","RNMT","RNMT","Significant"
"ENSSSCT00000077760.2",4.84686540939552,0.92754903825789,4.8005014208788,2.62808599279079e-05,0.000246153736595665,2.52157181114713,"ENSSSCT00000077760.2","ENSSSCG00000028620","ABCD3","ABCD3","Significant"
"ENSSSCT00000011646.3",1.64202036867318,-1.96742063876813,4.82950738148639,2.40424014220411e-05,0.000229338342880114,2.51777700874574,"ENSSSCT00000011646.3","ENSSSCG00000010647","ADRB1","ADRB1","Significant"
"ENSSSCT00000099692.1",4.17439922874663,2.0737214958437,4.80578694335691,2.58581421112784e-05,0.000243032247159447,2.51405222703316,"ENSSSCT00000099692.1","ENSSSCG00000013232",NA,"ENSSSCG00000013232","Significant"
"ENSSSCT00000086846.1",-1.03957013423073,0.882840943259069,-4.80594318255502,2.58457495204957e-05,0.000242985818156355,2.50402370515333,"ENSSSCT00000086846.1","ENSSSCG00000038077","PPP1R14A","PPP1R14A","Significant"
"ENSSSCT00000048385.3",4.29587464987427,1.47982253948691,4.80237996097226,2.61298435857262e-05,0.000244809603525579,2.50317871517678,"ENSSSCT00000048385.3","ENSSSCG00000000522","NAP1L1","NAP1L1","Significant"
"ENSSSCT00000089439.1",-1.77739303000563,-1.66184880337427,-4.80461400224563,2.59513654102142e-05,0.00024369624699279,2.5022512736167,"ENSSSCT00000089439.1","ENSSSCG00000011583","TMEM40","TMEM40","Significant"
"ENSSSCT00000025438.3",-1.78726736253506,2.1835928360215,-4.8600184586725,2.18912656821109e-05,0.000211981831392796,2.49959281047879,"ENSSSCT00000025438.3","ENSSSCG00000028627",NA,"ENSSSCG00000028627","Significant"
"ENSSSCT00000064987.3",-1.48968532173671,0.895311963806773,-4.8093855207866,2.5574195656451e-05,0.000241197881163705,2.49936031245039,"ENSSSCT00000064987.3","ENSSSCG00000029998","KLF7","KLF7","Significant"
"ENSSSCT00000013486.5",1.40163962527499,0.577851721573027,4.80978229364219,2.55430776236197e-05,0.000241043850315629,2.49708240494056,"ENSSSCT00000013486.5","ENSSSCG00000012332","WNK3","WNK3","Significant"
"ENSSSCT00000042688.3",1.04179071818666,3.94947293421013,5.01066961204328,1.37638775183052e-05,0.000146461312861235,2.49469727960082,"ENSSSCT00000042688.3","ENSSSCG00000036352","RAB7B","RAB7B","Significant"
"ENSSSCT00000073854.2",1.44430517609075,2.49001857482738,4.87972803136753,2.06041334464836e-05,0.000202099027343306,2.49101765294745,"ENSSSCT00000073854.2","ENSSSCG00000027176","SACM1L","SACM1L","Significant"
"ENSSSCT00000043977.3",2.11894178834521,-3.75729595890181,4.84226589558001,2.31185506007879e-05,0.000221628116374033,2.48651160530505,"ENSSSCT00000043977.3","ENSSSCG00000031173","KCNMB4","KCNMB4","Significant"
"ENSSSCT00000042457.3",-1.22444631094445,0.931549908630752,-4.80671756019146,2.57844140485112e-05,0.000242619057904086,2.48415728488182,"ENSSSCT00000042457.3","ENSSSCG00000039395","GAS2L2","GAS2L2","Significant"
"ENSSSCT00000015489.5",5.45775319651271,-1.18944966834609,4.79182998228334,2.69892240616182e-05,0.000251488042670763,2.48331312046889,"ENSSSCT00000015489.5","ENSSSCG00000014177","CHD1","CHD1","Significant"
"ENSSSCT00000002977.5",-1.22800542356835,5.66027690951952,-5.1110460229638,1.0093273455283e-05,0.000114662399908031,2.47669220352461,"ENSSSCT00000002977.5","ENSSSCG00000002684","CDH13","CDH13","Significant"
"ENSSSCT00000015915.4",-1.04358433087207,9.44595639989706,-5.21057300413773,7.41618406583131e-06,8.95213866280503e-05,2.47321052631649,"ENSSSCT00000015915.4","ENSSSCG00000014565",NA,"ENSSSCG00000014565","Significant"
"ENSSSCT00000092309.1",-1.58287302913222,-1.51348400509802,-4.79790739608965,2.64908142445244e-05,0.000247764345274949,2.46708152077285,"ENSSSCT00000092309.1","ENSSSCG00000057968",NA,"ENSSSCG00000057968","Significant"
"ENSSSCT00000098126.1",-3.92052624932262,-2.4957758453193,-4.81149788700118,2.54089579023086e-05,0.000239917076005465,2.46223620470318,"ENSSSCT00000098126.1","ENSSSCG00000040682","MAPK3","MAPK3","Significant"
"ENSSSCT00000001734.6",4.75813405939004,0.482881950438585,4.77852429945096,2.8113031180546e-05,0.000260619069835235,2.4590830769543,"ENSSSCT00000001734.6","ENSSSCG00000001556","MAPK14","MAPK14","Significant"
"ENSSSCT00000040395.3",1.06444524330462,5.14853805242627,5.06308903205028,1.17066015507626e-05,0.000129077455854265,2.44467997425303,"ENSSSCT00000040395.3","ENSSSCG00000008959","CXCL2","CXCL2","Significant"
"ENSSSCT00000022557.4",-1.45616528784885,4.24192852892023,-5.00764902037811,1.38927933958732e-05,0.000147352191242371,2.44376403824327,"ENSSSCT00000022557.4","ENSSSCG00000024162","IMPA2","IMPA2","Significant"
"ENSSSCT00000064480.3",2.97958000605502,0.090596391740513,4.77129214549467,2.87431458264558e-05,0.000265028712252762,2.43984491176273,"ENSSSCT00000064480.3","ENSSSCG00000014416","TCERG1","TCERG1","Significant"
"ENSSSCT00000024571.4",1.08806909617362,3.68942271591199,4.95826187785779,1.61786847066266e-05,0.000166243251236954,2.43934042265844,"ENSSSCT00000024571.4","ENSSSCG00000027857","DMXL1","DMXL1","Significant"
"ENSSSCT00000072254.2",-4.4514686532583,-0.962434608834705,-4.77157650873076,2.87181084847618e-05,0.000264872760689441,2.43852754306535,"ENSSSCT00000072254.2","ENSSSCG00000005024","PYGL","PYGL","Significant"
"ENSSSCT00000073314.2",-5.30025810268753,-3.22605030079334,-4.79901756020911,2.64007578570659e-05,0.000247063808602692,2.43776898964493,"ENSSSCT00000073314.2","ENSSSCG00000011261","WDR48","WDR48","Significant"
"ENSSSCT00000096860.1",4.05257433619673,-2.24164158341142,4.78361945219139,2.76773267571619e-05,0.000257018388376675,2.43694805766075,"ENSSSCT00000096860.1","ENSSSCG00000037670","TMEM164","TMEM164","Significant"
"ENSSSCT00000062692.3",-3.23020774041958,-4.37318605465743,-4.81577437969166,2.50776601315462e-05,0.000237407674485752,2.43415154093743,"ENSSSCT00000062692.3","ENSSSCG00000036659",NA,"ENSSSCG00000036659","Significant"
"ENSSSCT00000075928.1",4.23165595721339,-2.6381500464781,4.78109583735435,2.78922888781675e-05,0.000258719825486138,2.41742927717789,"ENSSSCT00000075928.1","ENSSSCG00000007463","PTGIS","PTGIS","Significant"
"ENSSSCT00000039996.3",1.08002834248316,2.12573764271566,4.84363182361662,2.30217495066632e-05,0.00022089497378318,2.41315705638853,"ENSSSCT00000039996.3","ENSSSCG00000035958","EVA1A","EVA1A","Significant"
"ENSSSCT00000000093.4",-3.47909203818212,0.0221621739610859,-4.76292205911636,2.94898513230263e-05,0.000270460509855401,2.41212612248304,"ENSSSCT00000000093.4","ENSSSCG00000000087","TAB1","TAB1","Significant"
"ENSSSCT00000058812.3",2.78201223048112,2.63723051674864,4.81413451754812,2.52041912349199e-05,0.000238397868007928,2.41138952201058,"ENSSSCT00000058812.3","ENSSSCG00000004358","ASCC3","ASCC3","Significant"
"ENSSSCT00000003078.5",-1.50707465060963,4.49022250642243,-4.97659334944299,1.52896776077922e-05,0.000158860627381917,2.40639206071635,"ENSSSCT00000003078.5","ENSSSCG00000035983","TPPP3","TPPP3","Significant"
"ENSSSCT00000054238.3",1.49180336842083,2.92379175050565,4.87092252225214,2.11696444285537e-05,0.000206651223637294,2.40510635964102,"ENSSSCT00000054238.3","ENSSSCG00000017308","CDC27","CDC27","Significant"
"ENSSSCT00000023105.3",2.6363093486565,1.58566552660594,4.77282800044375,2.86081743607033e-05,0.000264157722134344,2.40462773632123,"ENSSSCT00000023105.3","ENSSSCG00000054923","CKS1B","CKS1B","Significant"
"ENSSSCT00000009398.5",-1.2026968906165,0.833520238107397,-4.77547827413484,2.83767394133861e-05,0.00026239228923257,2.40418739065539,"ENSSSCT00000009398.5","ENSSSCG00000045531","FKBP1B","FKBP1B","Significant"
"ENSSSCT00000088448.2",-1.083955125004,1.16090686138131,-4.79477673978881,2.67464124140413e-05,0.000249653601588149,2.40403595260561,"ENSSSCT00000088448.2","ENSSSCG00000011572","SEC13","SEC13","Significant"
"ENSSSCT00000076154.1",-1.94582489055303,-3.56233063061898,-4.80956594526612,2.55600407102547e-05,0.000241134134061674,2.40078817328525,"ENSSSCT00000076154.1","ENSSSCG00000047413","OTOS","OTOS","Significant"
"ENSSSCT00000013544.6",1.01152187484534,3.79976283574071,4.97336733188384,1.54425374812751e-05,0.000160091730378217,2.39985673215704,"ENSSSCT00000013544.6","ENSSSCG00000012386","NALF2","NALF2","Significant"
"ENSSSCT00000009452.5",4.16000114143866,1.46324582307266,4.75853848997865,2.98885332476617e-05,0.000273271379138183,2.39828903254183,"ENSSSCT00000009452.5","ENSSSCG00000008640","IAH1","IAH1","Significant"
"ENSSSCT00000088192.2",-2.9785818699014,-4.11761759116212,-4.80283188313016,2.60936417117232e-05,0.000244540699732401,2.39334603982093,"ENSSSCT00000088192.2","ENSSSCG00000007577","AP5Z1","AP5Z1","Significant"
"ENSSSCT00000069958.2",4.44272657533035,-1.9756102082947,4.76726402094021,2.91001369035061e-05,0.000267714690632594,2.39315950396493,"ENSSSCT00000069958.2","ENSSSCG00000012620","NKRF","NKRF","Significant"
"ENSSSCT00000084046.1",3.86729399603634,0.801625033965398,4.75780140387137,2.99560918671668e-05,0.000273689309755808,2.38977397872447,"ENSSSCT00000084046.1","ENSSSCG00000039314","MCL1","MCL1","Significant"
"ENSSSCT00000104795.1",-3.72903676504775,1.03962015344668,-4.77158523371398,2.87173406168314e-05,0.000264872760689441,2.38182643678614,"ENSSSCT00000104795.1","ENSSSCG00000011710","EIF2A","EIF2A","Significant"
"ENSSSCT00000061003.3",1.7845556257004,3.95159981908401,4.9007588669682,1.93132958792213e-05,0.000192154622778801,2.38146391602869,"ENSSSCT00000061003.3","ENSSSCG00000022661","FCHO2","FCHO2","Significant"
"ENSSSCT00000004477.5",-3.24570771611412,-4.03920816913688,-4.79704374342625,2.65610837091151e-05,0.000248279120771786,2.38119743672017,"ENSSSCT00000004477.5","ENSSSCG00000004049","ACAT2","ACAT2","Significant"
"ENSSSCT00000011447.4",5.64333452855977,1.90750274781428,4.81794430151097,2.49111953027979e-05,0.000236174647180117,2.37807933931669,"ENSSSCT00000011447.4","ENSSSCG00000010461","ANKRD1","ANKRD1","Significant"
"ENSSSCT00000003356.3",-2.71828428381476,-4.06486286387005,-4.79922864509663,2.63836689668357e-05,0.000246974775479389,2.3764032091342,"ENSSSCT00000003356.3","ENSSSCG00000003022","TMEM145","TMEM145","Significant"
"ENSSSCT00000005588.5",-1.68227313576404,3.91649513701875,-4.94967671423542,1.66124672876686e-05,0.000169831763873885,2.37626581086215,"ENSSSCT00000005588.5","ENSSSCG00000005071","ARMH4","ARMH4","Significant"
"ENSSSCT00000092798.1",1.9509207050154,-2.5896660607719,4.77376656912759,2.85260012855697e-05,0.000263548241970732,2.3741490984229,"ENSSSCT00000092798.1","ENSSSCG00000059334",NA,"ENSSSCG00000059334","Significant"
"ENSSSCT00000085160.2",4.65953510814829,-0.774315139430128,4.75089369132541,3.05966082550983e-05,0.000278340350320655,2.37360009800638,"ENSSSCT00000085160.2","ENSSSCG00000008357","SPRED2","SPRED2","Significant"
"ENSSSCT00000002537.5",-1.23673627664847,9.16432826681658,-5.16825671421579,8.4551630910791e-06,9.91626393602673e-05,2.36601398794999,"ENSSSCT00000002537.5","ENSSSCG00000002279","GPX2","GPX2","Significant"
"ENSSSCT00000099020.1",1.41295233794601,-2.47035314608696,4.76337854840564,2.94486374553436e-05,0.000270158518737767,2.35893711994648,"ENSSSCT00000099020.1","ENSSSCG00000063121",NA,"ENSSSCG00000063121","Significant"
"ENSSSCT00000081225.2",-3.38648412344722,0.548414164966346,-4.74352528891706,3.12947651525585e-05,0.000283741524759182,2.35400958660551,"ENSSSCT00000081225.2","ENSSSCG00000010825","MARK1","MARK1","Significant"
"ENSSSCT00000048802.3",1.04121994485045,2.37464944231755,4.83238782448362,2.38306853591239e-05,0.00022771854204246,2.34847700088016,"ENSSSCT00000048802.3","ENSSSCG00000000488","MDM2","MDM2","Significant"
"ENSSSCT00000042341.3",1.0650064706057,2.85877842165485,4.86028103629353,2.18736056939434e-05,0.00021193671323784,2.34331542591318,"ENSSSCT00000042341.3","ENSSSCG00000025293","HLTF","HLTF","Significant"
"ENSSSCT00000106378.1",-2.99212090579578,-3.8899063951932,-4.77528592689139,2.83934736415032e-05,0.000262472587073312,2.34155692582421,"ENSSSCT00000106378.1","ENSSSCG00000040847","AP1S3","AP1S3","Significant"
"ENSSSCT00000067041.2",1.72616302180843,4.46032690676634,4.95433496467132,1.63756886980945e-05,0.000167686229369558,2.33399526337694,"ENSSSCT00000067041.2","ENSSSCG00000017306","ITGB3","ITGB3","Significant"
"ENSSSCT00000009345.4",6.07486285025857,1.6513955217261,4.73625130196919,3.19994124902367e-05,0.000288925185497557,2.32781635963186,"ENSSSCT00000009345.4","ENSSSCG00000008540","PPP1CB","PPP1CB","Significant"
"ENSSSCT00000072788.1",4.33815738856441,1.81170346836427,4.73238147424418,3.23806570543436e-05,0.000292205630390207,2.31347390057433,"ENSSSCT00000072788.1","ENSSSCG00000013655","ICAM1","ICAM1","Significant"
"ENSSSCT00000068440.2",-4.43203690320759,1.20059270878215,-4.7296115437385,3.26562953145984e-05,0.000293960754400101,2.31192553516201,"ENSSSCT00000068440.2","ENSSSCG00000016078","HSPE1","HSPE1","Significant"
"ENSSSCT00000034232.3",2.48842381223112,-3.53453875480904,4.76204913014304,2.95688220321406e-05,0.000271013233313506,2.30282363272304,"ENSSSCT00000034232.3","ENSSSCG00000026529",NA,"ENSSSCG00000026529","Significant"
"ENSSSCT00000054853.3",2.60990614053587,3.0227607169169,4.79340391561578,2.6859262602872e-05,0.00025042018813384,2.30009743624215,"ENSSSCT00000054853.3","ENSSSCG00000028317","ARHGEF28","ARHGEF28","Significant"
"ENSSSCT00000037881.3",2.9258006968221,0.822059439162637,4.72430672132291,3.31906699377472e-05,0.000298194710016619,2.29878130492725,"ENSSSCT00000037881.3","ENSSSCG00000004193","ENPP1","ENPP1","Significant"
"ENSSSCT00000009798.5",2.42150460955322,-0.106699135931024,4.72114351595308,3.35134133819158e-05,0.00030068005776114,2.29849756513633,"ENSSSCT00000009798.5","ENSSSCG00000008944","NPFFR2","NPFFR2","Significant"
"ENSSSCT00000090120.1",-1.56231650592097,0.295726143618295,-4.73055464492946,3.25621871690005e-05,0.000293275566424887,2.29617335152846,"ENSSSCT00000090120.1","ENSSSCG00000011953","ZBTB11","ZBTB11","Significant"
"ENSSSCT00000059547.2",2.76029759458914,2.67663594742544,4.77099247382803,2.87695543846479e-05,0.000265197215481216,2.2938232215791,"ENSSSCT00000059547.2","ENSSSCG00000005970","SQLE","SQLE","Significant"
"ENSSSCT00000056129.2",-1.02941859282606,3.25802688513528,-4.89698444916825,1.95389150425488e-05,0.000193631241959653,2.28828905993792,"ENSSSCT00000056129.2","ENSSSCG00000003377","ACOT7","ACOT7","Significant"
"ENSSSCT00000014918.5",2.10575513943144,-2.57004279034139,4.7473471378647,3.09307016761544e-05,0.000281065941318098,2.28706398037957,"ENSSSCT00000014918.5","ENSSSCG00000013654","ICAM4","ICAM4","Significant"
"ENSSSCT00000093000.1",-2.10994514948719,-1.15581661701568,-4.71606810234054,3.40377501343913e-05,0.000303796004758197,2.27788257586364,"ENSSSCT00000093000.1","ENSSSCG00000010882","CNST","CNST","Significant"
"ENSSSCT00000002069.5",-1.06602766421388,0.604244349261748,-4.71760565821162,3.38780566537166e-05,0.00030295122302188,2.26600437849423,"ENSSSCT00000002069.5","ENSSSCG00000001846","WDR93","WDR93","Significant"
"ENSSSCT00000096332.1",5.03136869776726,-1.50029862022633,4.72361812978076,3.32606647870746e-05,0.000298658968525965,2.26490627486471,"ENSSSCT00000096332.1","ENSSSCG00000015435","NAMPT","NAMPT","Significant"
"ENSSSCT00000037645.3",-2.15738249506713,-1.18928910118123,-4.71587972032938,3.40573669114773e-05,0.000303887901144446,2.26305158095178,"ENSSSCT00000037645.3","ENSSSCG00000007058","PLCB4","PLCB4","Significant"
"ENSSSCT00000071118.2",-3.31874440922858,-3.01495908656763,-4.71855198645236,3.37801373836355e-05,0.000302241382891342,2.26175484471386,"ENSSSCT00000071118.2","ENSSSCG00000021309","TRDMT1","TRDMT1","Significant"
"ENSSSCT00000018317.5",1.21527786124389,4.94279409316886,4.99890885142279,1.42726002116151e-05,0.000150598615168458,2.2591826622999,"ENSSSCT00000018317.5","ENSSSCG00000016824","RAI14","RAI14","Significant"
"ENSSSCT00000010807.5",1.77743718435485,-3.8562679339972,4.75246012187327,3.04501848230876e-05,0.000277162988825223,2.25750240963515,"ENSSSCT00000010807.5","ENSSSCG00000009859","TESC","TESC","Significant"
"ENSSSCT00000078876.2",-7.067934593186,-0.950525134177745,-4.71407515276315,3.42458486747253e-05,0.000305417909712017,2.25580488764632,"ENSSSCT00000078876.2","ENSSSCG00000010243","CCAR1","CCAR1","Significant"
"ENSSSCT00000049697.3",-1.47565807751141,-0.863997686479596,-4.70349619009018,3.53716955930029e-05,0.000313897322567846,2.24936896673113,"ENSSSCT00000049697.3","ENSSSCG00000038283","KLK11","KLK11","Significant"
"ENSSSCT00000090184.1",-2.16619239880445,0.653458533645006,-4.71171435152452,3.44939838771248e-05,0.000307111373656411,2.24325390004465,"ENSSSCT00000090184.1","ENSSSCG00000012149","RBBP7","RBBP7","Significant"
"ENSSSCT00000046274.3",3.41386037372293,0.516830654059685,4.69856371248482,3.59090458908524e-05,0.00031754231956207,2.23464339681312,"ENSSSCT00000046274.3","ENSSSCG00000033144","YTHDF3","YTHDF3","Significant"
"ENSSSCT00000028111.3",2.25739892531344,1.61270973365902,4.72566151906566,3.30533802471583e-05,0.000297206952448524,2.23282283827588,"ENSSSCT00000028111.3","ENSSSCG00000030660","PDIK1L","PDIK1L","Significant"
"ENSSSCT00000037606.3",-3.14085102295175,-4.42002210069138,-4.74480598967064,3.11722982454045e-05,0.000282945883071595,2.2231988669934,"ENSSSCT00000037606.3","ENSSSCG00000002642","CDH15","CDH15","Significant"
"ENSSSCT00000102993.1",-1.61211735904256,-1.6913072284915,-4.71004307288679,3.46707186638313e-05,0.000308600630989778,2.22104219538194,"ENSSSCT00000102993.1","ENSSSCG00000061096",NA,"ENSSSCG00000061096","Significant"
"ENSSSCT00000098429.1",-1.90168146988237,-1.7341937515999,-4.70415761161247,3.53002460297158e-05,0.000313348549292909,2.22051209103322,"ENSSSCT00000098429.1","ENSSSCG00000060047",NA,"ENSSSCG00000060047","Significant"
"ENSSSCT00000083199.2",3.80571280135784,-1.86009639392208,4.6979084568159,3.59810341952622e-05,0.000318092635277204,2.21219085259797,"ENSSSCT00000083199.2","ENSSSCG00000004178","SLC18B1","SLC18B1","Significant"
"ENSSSCT00000064332.2",1.95264056038687,1.47023340709874,4.71952347062134,3.36799059935142e-05,0.000301528616913743,2.21105967120113,"ENSSSCT00000064332.2","ENSSSCG00000014240","CSNK1G3","CSNK1G3","Significant"
"ENSSSCT00000056881.3",5.24864318566558,-1.26105756739674,4.69904045489911,3.58567589833633e-05,0.000317247198150889,2.21105602776943,"ENSSSCT00000056881.3","ENSSSCG00000022353","RAP1GDS1","RAP1GDS1","Significant"
"ENSSSCT00000057458.3",1.94552542259855,-2.35254769327584,4.70195838849812,3.55383679991566e-05,0.000315033428560223,2.20906416844164,"ENSSSCT00000057458.3","ENSSSCG00000032993","FAM240B","FAM240B","Significant"
"ENSSSCT00000042619.3",-1.14810327476741,0.845167769922466,-4.71362600019864,3.42929212550931e-05,0.000305655113340912,2.20384667148435,"ENSSSCT00000042619.3","ENSSSCG00000016618","CPED1","CPED1","Significant"
"ENSSSCT00000045111.2",-2.24225991737783,1.47189452895412,-4.74153779570277,3.14857611425037e-05,0.000285076855398553,2.17294200343921,"ENSSSCT00000045111.2","ENSSSCG00000005702","FUBP3","FUBP3","Significant"
"ENSSSCT00000104745.1",-2.743711495547,-4.80009630264495,-4.73211820395222,3.24067561473053e-05,0.000292281935516235,2.17202685700494,"ENSSSCT00000104745.1","ENSSSCG00000003089","TOMM40","TOMM40","Significant"
"ENSSSCT00000046353.2",3.30489861883031,-3.57543635353033,4.69693916088201,3.60877853035615e-05,0.000318863455836672,2.17038522689047,"ENSSSCT00000046353.2","ENSSSCG00000017165","USP36","USP36","Significant"
"ENSSSCT00000058043.3",1.00382891768985,3.34708883765409,4.84394713449587,2.29994609877629e-05,0.00022087611960089,2.1696446467743,"ENSSSCT00000058043.3","ENSSSCG00000021203","PIK3CB","PIK3CB","Significant"
"ENSSSCT00000104351.1",2.62943111991799,-0.837557787366359,4.67485245818273,3.86068071862606e-05,0.000337553323009075,2.16719112765637,"ENSSSCT00000104351.1","ENSSSCG00000015073","TAGLN","TAGLN","Significant"
"ENSSSCT00000016154.4",-1.31105576045345,0.766619431061367,-4.68548275065016,3.73734512791336e-05,0.000328886371256376,2.15624671228824,"ENSSSCT00000016154.4","ENSSSCG00000014803","LRRC51","LRRC51","Significant"
"ENSSSCT00000103604.1",1.61107440771012,-2.16691867058683,4.68358606733802,3.75906218388247e-05,0.000330262633908122,2.15465089601476,"ENSSSCT00000103604.1","ENSSSCG00000056290",NA,"ENSSSCG00000056290","Significant"
"ENSSSCT00000050066.3",1.59166234613791,-3.01309904598782,4.70443186664112,3.5270661659177e-05,0.000313176262752825,2.14989502155269,"ENSSSCT00000050066.3","ENSSSCG00000035269","NXNL2","NXNL2","Significant"
"ENSSSCT00000029585.4",3.26535060269118,-4.26717534019774,4.70219848753858,3.5512294207229e-05,0.000314973569187294,2.14286821909735,"ENSSSCT00000029585.4","ENSSSCG00000016555","CPA4","CPA4","Significant"
"ENSSSCT00000102900.1",4.68699917713814,0.778738754645924,4.66453333423519,3.98424661030907e-05,0.000346683684234099,2.13904778074826,"ENSSSCT00000102900.1","ENSSSCG00000027293","TNPO1","TNPO1","Significant"
"ENSSSCT00000083546.1",-3.38740671560007,-3.71837168811598,-4.70442658049575,3.52712316534282e-05,0.000313176262752825,2.1388567167146,"ENSSSCT00000083546.1","ENSSSCG00000011080","SPAG6","SPAG6","Significant"
"ENSSSCT00000038813.3",1.07144259426478,6.49371264846035,5.03176443332216,1.28960596819701e-05,0.000139318465828679,2.13867196591903,"ENSSSCT00000038813.3","ENSSSCG00000032176","SMURF2","SMURF2","Significant"
"ENSSSCT00000059590.3",4.23287594409619,-0.800903076781,4.66590024178187,3.96765701366316e-05,0.000345424537445858,2.13794620448741,"ENSSSCT00000059590.3","ENSSSCG00000014909","SYTL2","SYTL2","Significant"
"ENSSSCT00000026142.4",1.09795032977494,3.48128609478436,4.84871544987962,2.26649929317407e-05,0.000217948918131096,2.12216600436815,"ENSSSCT00000026142.4","ENSSSCG00000010949","DAPK1","DAPK1","Significant"
"ENSSSCT00000097604.1",1.415223505705,2.90228494233941,4.78660405476053,2.74252111677883e-05,0.000254894978595944,2.12109185045244,"ENSSSCT00000097604.1","ENSSSCG00000053658","NREP","NREP","Significant"
"ENSSSCT00000064582.3",3.34517441813734,2.58399892233728,4.70736367330712,3.49559286333903e-05,0.000310799862875118,2.10600594521627,"ENSSSCT00000064582.3","ENSSSCG00000030653","GANAB","GANAB","Significant"
"ENSSSCT00000092712.1",-1.56475633480577,4.05369387544801,-4.8243731294047,2.44244004024578e-05,0.000232370338699077,2.09355246455839,"ENSSSCT00000092712.1","ENSSSCG00000013232",NA,"ENSSSCG00000013232","Significant"
"ENSSSCT00000072308.2",5.65172782410905,-2.2168493132982,4.65636888750209,4.084770442396e-05,0.000354484576800317,2.09136985841515,"ENSSSCT00000072308.2","ENSSSCG00000013849",NA,"ENSSSCG00000013849","Significant"
"ENSSSCT00000090680.2",-3.18319468321691,-4.39535778550313,-4.68835020442849,3.70474773791383e-05,0.000326546621375893,2.08410147566367,"ENSSSCT00000090680.2","ENSSSCG00000026082","DNAJC3","DNAJC3","Significant"
"ENSSSCT00000067448.2",4.44920109065945,-3.47030723688948,4.68074009956895,3.79188250549535e-05,0.000332608386357736,2.08194303044732,"ENSSSCT00000067448.2","ENSSSCG00000022806","LIN7C","LIN7C","Significant"
"ENSSSCT00000002616.5",-3.80387247979737,1.09354200227949,-4.64880491352684,4.18013264255451e-05,0.000361030581928072,2.07954549888358,"ENSSSCT00000002616.5","ENSSSCG00000002352","ZNF410","ZNF410","Significant"
"ENSSSCT00000018094.5",-2.31864168039698,0.0343002878532657,-4.64298261436285,4.25503013808979e-05,0.000366625271200527,2.07737076491982,"ENSSSCT00000018094.5","ENSSSCG00000016620","TSPAN12","TSPAN12","Significant"
"ENSSSCT00000092750.1",-1.3147657713191,3.03455006684098,-4.8133623364356,2.52639909326684e-05,0.0002387556986576,2.07417465947835,"ENSSSCT00000092750.1","ENSSSCG00000025130","KLF12","KLF12","Significant"
"ENSSSCT00000013601.5",1.2183892309876,3.81813599373052,4.84371642415529,2.30157672136937e-05,0.00022089497378318,2.06949494154723,"ENSSSCT00000013601.5","ENSSSCG00000012437","ATP7A","ATP7A","Significant"
"ENSSSCT00000022580.4",-3.22471281569495,-1.09021017999925,-4.63703596424473,4.33289396924535e-05,0.000371747601054235,2.06259612868922,"ENSSSCT00000022580.4","ENSSSCG00000030042","SBNO2","SBNO2","Significant"
"ENSSSCT00000075197.2",-1.01814043419232,2.08054708900517,-4.74366686582738,3.12812035300413e-05,0.000283697457550338,2.06169871924236,"ENSSSCT00000075197.2","ENSSSCG00000008866","GUCY1A1","GUCY1A1","Significant"
"ENSSSCT00000089376.1",-4.2388753436843,-0.0735850063276425,-4.63492778028574,4.36083412609363e-05,0.000373864411904172,2.05737299425884,"ENSSSCT00000089376.1","ENSSSCG00000007931","GLYR1","GLYR1","Significant"
"ENSSSCT00000071885.2",1.66179823507491,0.840140271154407,4.65343493311441,4.12150243331212e-05,0.000356722764363441,2.04682668585225,"ENSSSCT00000071885.2","ENSSSCG00000035081","CCDC106","CCDC106","Significant"
"ENSSSCT00000066327.3",1.01432892260214,6.54086944000253,5.00232601060653,1.41228957011656e-05,0.000149355462679469,2.04231792009036,"ENSSSCT00000066327.3","ENSSSCG00000005027","FRMD6","FRMD6","Significant"
"ENSSSCT00000040722.3",3.31110687484336,-3.01290086608612,4.63793766428689,4.32099756433838e-05,0.000370936820925984,2.03962634950476,"ENSSSCT00000040722.3","ENSSSCG00000015307","CDK14","CDK14","Significant"
"ENSSSCT00000019438.4",-1.80445028482496,-3.66843811783926,-4.6569485927679,4.07755107099965e-05,0.000353952276674315,2.03374069659916,"ENSSSCT00000019438.4","ENSSSCG00000017862","TRPV3","TRPV3","Significant"
"ENSSSCT00000009582.5",3.51218765071215,-0.16963499941135,4.62625876095295,4.47760650243422e-05,0.00038246759865173,2.03265965268504,"ENSSSCT00000009582.5","ENSSSCG00000008758","SLC34A2","SLC34A2","Significant"
"ENSSSCT00000010885.5",-1.09451406437494,3.81253935623641,-4.8612538235903,2.18083024806861e-05,0.000211618420857229,2.02939997984711,"ENSSSCT00000010885.5","ENSSSCG00000009933","UBE3B","UBE3B","Significant"
"ENSSSCT00000056500.3",-2.51883106658522,1.42943499175907,-4.64601235292105,4.2158921069181e-05,0.000363637423952269,2.02674474425247,"ENSSSCT00000056500.3","ENSSSCG00000018041","ALDH3A2","ALDH3A2","Significant"
"ENSSSCT00000057737.3",1.66906506928579,4.60013293833522,4.82032997362052,2.47294407059382e-05,0.000234792861029822,2.02168247979278,"ENSSSCT00000057737.3","ENSSSCG00000033228","SPAG9","SPAG9","Significant"
"ENSSSCT00000045222.3",1.55587215878273,4.8807753143685,4.91712649755186,1.83643947258877e-05,0.000184288311986101,2.02123314796451,"ENSSSCT00000045222.3","ENSSSCG00000023956","NEDD9","NEDD9","Significant"
"ENSSSCT00000066070.3",2.24569202889025,-0.937315280987549,4.62114978668435,4.54786374002556e-05,0.000387361658323342,2.01882259257102,"ENSSSCT00000066070.3","ENSSSCG00000015345","GLCCI1","GLCCI1","Significant"
"ENSSSCT00000100240.1",-1.73796965078513,-0.836767719597569,-4.62100413193218,4.54988260570211e-05,0.000387423276250488,2.01833090285129,"ENSSSCT00000100240.1","ENSSSCG00000061358",NA,"ENSSSCG00000061358","Significant"
"ENSSSCT00000022734.4",-1.21597890961061,3.52225067253404,-4.82227896892128,2.45819289624552e-05,0.000233596389359338,2.01828553227232,"ENSSSCT00000022734.4","ENSSSCG00000021241","ADAMTS13","ADAMTS13","Significant"
"ENSSSCT00000040622.2",1.66239521031654,4.33257527446347,4.84318502903718,2.30533688823018e-05,0.000221133285977808,2.01773307345857,"ENSSSCT00000040622.2","ENSSSCG00000004802","AQR","AQR","Significant"
"ENSSSCT00000085957.1",1.61114304071908,4.47588096007404,4.86605298437713,2.1488948829727e-05,0.000209079584495499,2.01740063246625,"ENSSSCT00000085957.1","ENSSSCG00000021229","MAT2B","MAT2B","Significant"
"ENSSSCT00000018091.5",-2.38526167289794,0.24901927234382,-4.62850923610753,4.4469992768961e-05,0.000380251676957567,2.01660117281105,"ENSSSCT00000018091.5","ENSSSCG00000016617","WNT16","WNT16","Significant"
"ENSSSCT00000052889.3",-2.21067407325978,3.938660878952,-4.83253017229269,2.38202705941825e-05,0.000227685752697956,2.01115861894377,"ENSSSCT00000052889.3","ENSSSCG00000008927","TMPRSS11A","TMPRSS11A","Significant"
"ENSSSCT00000043312.2",1.06295502160601,5.34277154208465,4.93486747087828,1.73879910429882e-05,0.000176337172309571,2.01053548940282,"ENSSSCT00000043312.2","ENSSSCG00000012006",NA,"ENSSSCG00000012006","Significant"
"ENSSSCT00000059421.3",3.38491559035222,-3.45405866142321,4.6296419370405,4.4316723347163e-05,0.000379040516267288,2.00402594791391,"ENSSSCT00000059421.3","ENSSSCG00000015402","CACNA2D1","CACNA2D1","Significant"
"ENSSSCT00000066204.3",1.55029503118501,2.48354783701454,4.70871225629602,3.48120895998893e-05,0.000309605392611782,1.99086978855566,"ENSSSCT00000066204.3","ENSSSCG00000003716","SS18","SS18","Significant"
"ENSSSCT00000071142.1",2.39683248197143,-2.80723586221741,4.62506319742337,4.49395099766165e-05,0.00038356224693131,1.9907833256677,"ENSSSCT00000071142.1","ENSSSCG00000009946","SART3","SART3","Significant"
"ENSSSCT00000054295.3",3.70219241119059,0.083903666128931,4.60968290248235,4.70953641807709e-05,0.000398416516281747,1.98469240812154,"ENSSSCT00000054295.3","ENSSSCG00000040731","TMEM65","TMEM65","Significant"
"ENSSSCT00000057442.3",3.80309383737881,2.20534987649716,4.67563881169648,3.85142121352819e-05,0.000336992260168757,1.98279566694892,"ENSSSCT00000057442.3","ENSSSCG00000001499","DST","DST","Significant"
"ENSSSCT00000039757.3",4.07612770291286,2.4694633923929,4.64514732945057,4.22703006721139e-05,0.000364501688207776,1.98172074453318,"ENSSSCT00000039757.3","ENSSSCG00000001554","SRPK1","SRPK1","Significant"
"ENSSSCT00000068927.2",-1.69579972309991,0.0736163019913886,-4.61610677080449,4.61828002659333e-05,0.000392262904694263,1.98077248282332,"ENSSSCT00000068927.2","ENSSSCG00000017058","MED7","MED7","Significant"
"ENSSSCT00000080986.1",-1.68253975411673,-1.1084901415404,-4.60710452736201,4.74666247381885e-05,0.00040124496576715,1.97984267500697,"ENSSSCT00000080986.1","ENSSSCG00000035254","DPH6","DPH6","Significant"
"ENSSSCT00000061466.3",-3.31930458993907,-0.729273334930487,-4.60784992863199,4.73589987361745e-05,0.000400439002799335,1.97938275444963,"ENSSSCT00000061466.3","ENSSSCG00000012122","TCEANC","TCEANC","Significant"
"ENSSSCT00000031565.4",-2.08341480653757,-3.36848213354251,-4.6386732764083,4.31131628186961e-05,0.000370300727223596,1.9754180161743,"ENSSSCT00000031565.4","ENSSSCG00000029443","TKTL1","TKTL1","Significant"
"ENSSSCT00000027155.2",-1.09344108695118,2.99562117277597,-4.75279637612597,3.04188435769622e-05,0.000277032395526055,1.96157430165366,"ENSSSCT00000027155.2","ENSSSCG00000029279","GNA11","GNA11","Significant"
"ENSSSCT00000042585.3",1.02103508775342,6.49067001133895,4.97417052095976,1.54043385355637e-05,0.000159797344452281,1.95922568824648,"ENSSSCT00000042585.3","ENSSSCG00000011782","ABCC5","ABCC5","Significant"
"ENSSSCT00000033040.4",-2.17497178786085,-3.45530915441188,-4.63475803234381,4.36309154424796e-05,0.000373959612798792,1.95753474707314,"ENSSSCT00000033040.4","ENSSSCG00000010718",NA,"ENSSSCG00000010718","Significant"
"ENSSSCT00000031187.4",4.29787150453631,-0.509815103784299,4.59872938744745,4.8692587104631e-05,0.000409782166891854,1.95445775081586,"ENSSSCT00000031187.4","ENSSSCG00000022777","SLC35C2","SLC35C2","Significant"
"ENSSSCT00000081626.1",-3.48074462186733,3.19354459310502,-4.67708240385793,3.83447959550439e-05,0.000335892994980723,1.95323778285839,"ENSSSCT00000081626.1","ENSSSCG00000000290","COPZ1","COPZ1","Significant"
"ENSSSCT00000046364.3",-2.27838121821588,-3.7503155887097,-4.64083540982372,4.28298448838051e-05,0.000368473664351453,1.94985978537102,"ENSSSCT00000046364.3","ENSSSCG00000004630","SCG3","SCG3","Significant"
"ENSSSCT00000044370.3",4.40890578466806,0.422317365476881,4.59709121043866,4.89360104624459e-05,0.000411213836370512,1.9485058665721,"ENSSSCT00000044370.3","ENSSSCG00000014913","PICALM","PICALM","Significant"
"ENSSSCT00000083542.2",-1.6817783243361,-2.93298714871575,-4.61638494244141,4.61436801081672e-05,0.000392106696498737,1.94512321696466,"ENSSSCT00000083542.2","ENSSSCG00000048108",NA,"ENSSSCG00000048108","Significant"
"ENSSSCT00000046178.4",5.35967841948539,3.24290610218257,4.60608396972982,4.7614370922254e-05,0.000402181075012738,1.94356271091752,"ENSSSCT00000046178.4","ENSSSCG00000001400","DDX39B","DDX39B","Significant"
"ENSSSCT00000038208.3",-1.10291523692786,0.832896596809789,-4.61758999425089,4.59745869862333e-05,0.000390861912411773,1.93197290657331,"ENSSSCT00000038208.3","ENSSSCG00000005490","WHRN","WHRN","Significant"
"ENSSSCT00000084832.2",-1.74658126119413,-1.23540618793886,-4.59109861989654,4.98367394268065e-05,0.000417230866097239,1.93019162485894,"ENSSSCT00000084832.2","ENSSSCG00000049464",NA,"ENSSSCG00000049464","Significant"
"ENSSSCT00000063922.3",-1.73486108370759,3.36087665998178,-4.77839598775306,2.81240906612747e-05,0.000260647484911939,1.92888707500832,"ENSSSCT00000063922.3","ENSSSCG00000015987","NFE2L2","NFE2L2","Significant"
"ENSSSCT00000060010.2",-1.05340970699983,3.56006590634931,-4.78113704055945,2.78887659576051e-05,0.000258719825486138,1.91745457205927,"ENSSSCT00000060010.2","ENSSSCG00000032509","LRRC26","LRRC26","Significant"
"ENSSSCT00000070219.1",1.62945120613865,1.42258922565437,4.62560255628007,4.48657017357394e-05,0.000383032558102133,1.91700908517386,"ENSSSCT00000070219.1","ENSSSCG00000000486","NUP107","NUP107","Significant"
"ENSSSCT00000065349.3",3.11273689794651,-3.44073945277851,4.60938706363169,4.71378161908787e-05,0.000398672207285969,1.91578490606412,"ENSSSCT00000065349.3","ENSSSCG00000015045","NCAM1","NCAM1","Significant"
"ENSSSCT00000091541.2",1.8616038520207,2.71342444500145,4.67774020327001,3.82678425484088e-05,0.000335308986414491,1.9119814486963,"ENSSSCT00000091541.2","ENSSSCG00000011183","ATP2C1","ATP2C1","Significant"
"ENSSSCT00000083796.1",1.96185006266442,-1.9190777227323,4.59442181817399,4.93352392137683e-05,0.000413928496995806,1.90812108205224,"ENSSSCT00000083796.1","ENSSSCG00000022256","DEPP1","DEPP1","Significant"
"ENSSSCT00000087220.2",-2.71972365633142,-1.65638240236267,-4.58199791371162,5.12359875670356e-05,0.000426803108954276,1.90783509983235,"ENSSSCT00000087220.2","ENSSSCG00000062050","TUBB2A","TUBB2A","Significant"
"ENSSSCT00000024572.4",-1.04419398784744,1.59834141543147,-4.63942791132924,4.30140688192185e-05,0.000369741813810124,1.89583199197918,"ENSSSCT00000024572.4","ENSSSCG00000000203","KCNH3","KCNH3","Significant"
"ENSSSCT00000087966.2",1.44965091748831,-0.705997819442967,4.57574004207734,5.22205431607802e-05,0.00043312098428239,1.8913711137112,"ENSSSCT00000087966.2","ENSSSCG00000035676","G3BP1","G3BP1","Significant"
"ENSSSCT00000033635.4",3.21463768472255,-0.187574215799517,4.57247683457724,5.27413194353185e-05,0.000436773680180118,1.88290804403926,"ENSSSCT00000033635.4","ENSSSCG00000012126",NA,"ENSSSCG00000012126","Significant"
"ENSSSCT00000105941.1",-2.12827705493684,1.30651302718556,-4.59329164872489,4.95052310060848e-05,0.000414927648257684,1.87460326246973,"ENSSSCT00000105941.1","ENSSSCG00000006604","CRNN","CRNN","Significant"
"ENSSSCT00000054680.3",1.65300336158008,0.641070483180585,4.58294885092178,5.10879861724895e-05,0.000426003248380524,1.87274035267443,"ENSSSCT00000054680.3","ENSSSCG00000004013","SMOC2","SMOC2","Significant"
"ENSSSCT00000093067.1",2.82517438363447,-1.60826877345525,4.58001687088554,5.15456705881979e-05,0.00042886446055371,1.87118741399824,"ENSSSCT00000093067.1","ENSSSCG00000027820","CD200","CD200","Significant"
"ENSSSCT00000027420.4",-2.0379844507682,-2.80523891122133,-4.5928056289444,4.9578511981709e-05,0.000415221629758962,1.86952935106366,"ENSSSCT00000027420.4","ENSSSCG00000024305","MT3","MT3","Significant"
"ENSSSCT00000096461.1",2.99014372766,-3.81289517453165,4.58749145770172,5.03867814577322e-05,0.000421154243793705,1.86777272585887,"ENSSSCT00000096461.1","ENSSSCG00000038727","GDNF","GDNF","Significant"
"ENSSSCT00000030953.3",-1.16134641570829,0.712461687649313,-4.58439740994112,5.08633457765451e-05,0.00042445572707921,1.86514023910755,"ENSSSCT00000030953.3","ENSSSCG00000027322","PGLYRP3","PGLYRP3","Significant"
"ENSSSCT00000029235.3",-2.12657490432229,2.99199384407003,-4.75503643114359,3.02108669519269e-05,0.000275425768218608,1.86436434672189,"ENSSSCT00000029235.3","ENSSSCG00000022739","DSG2","DSG2","Significant"
"ENSSSCT00000011180.4",-2.79001191792309,-3.03192188149765,-4.57763553965563,5.19203706408736e-05,0.00043085053814585,1.86150954965843,"ENSSSCT00000011180.4","ENSSSCG00000010214","CDK1","CDK1","Significant"
"ENSSSCT00000017714.4",-4.39750466422827,-2.48198764767536,-4.56756859627485,5.35342804034409e-05,0.000442665908768397,1.85950169794462,"ENSSSCT00000017714.4","ENSSSCG00000016267","ITM2C","ITM2C","Significant"
"ENSSSCT00000058853.3",2.66024740964838,-3.99049064403608,4.59648969053968,4.90256935858201e-05,0.000411755207025265,1.85173009834097,"ENSSSCT00000058853.3","ENSSSCG00000009489","GPC6","GPC6","Significant"
"ENSSSCT00000053781.3",1.73137681864535,0.800686142221782,4.57839471579129,5.18006244529224e-05,0.000430404576876422,1.85072724129119,"ENSSSCT00000053781.3","ENSSSCG00000039807",NA,"ENSSSCG00000039807","Significant"
"ENSSSCT00000074410.2",1.61524018050585,-2.0516442460102,4.57190717562171,5.28327547931512e-05,0.000437308742644301,1.84805900979089,"ENSSSCT00000074410.2","ENSSSCG00000043842","TMEM225B","TMEM225B","Significant"
"ENSSSCT00000037806.3",3.6067036758005,0.39416794967572,4.5622530402667,5.44063010419077e-05,0.000448738436420531,1.84342849581988,"ENSSSCT00000037806.3","ENSSSCG00000007043","GPCPD1","GPCPD1","Significant"
"ENSSSCT00000006013.5",-2.78905499740467,1.07798555207774,-4.5799924627149,5.15494976355659e-05,0.00042886446055371,1.84290537868671,"ENSSSCT00000006013.5","ENSSSCG00000005467","HSDL2","HSDL2","Significant"
"ENSSSCT00000095097.1",-1.87963611969216,-1.67911809278,-4.56397287142819,5.41226407056064e-05,0.000446850994572193,1.83877068550369,"ENSSSCT00000095097.1","ENSSSCG00000018046",NA,"ENSSSCG00000018046","Significant"
"ENSSSCT00000090242.1",2.31919069853899,1.45348149250751,4.58396662855352,5.09300487970745e-05,0.000424903610793198,1.8377144780882,"ENSSSCT00000090242.1","ENSSSCG00000003790","ANKRD13C","ANKRD13C","Significant"
"ENSSSCT00000065528.3",-3.52728283727273,-3.0126878402042,-4.57475086777762,5.23778681583804e-05,0.000434129459302412,1.83762225648813,"ENSSSCT00000065528.3","ENSSSCG00000003268","TSEN34","TSEN34","Significant"
"ENSSSCT00000053880.3",2.13030748209645,-0.90118351838481,4.55396785489835,5.57934773332679e-05,0.000457632838987136,1.83173711493164,"ENSSSCT00000053880.3","ENSSSCG00000015769","SPCS3","SPCS3","Significant"
"ENSSSCT00000006358.5",-1.24024326761751,-0.169505506628288,-4.55223525736297,5.60879392829363e-05,0.000459357278503934,1.82575391711907,"ENSSSCT00000006358.5","ENSSSCG00000005782","TM2D3","TM2D3","Significant"
"ENSSSCT00000052554.3",1.76937615793066,-1.56245224104527,4.55865843008968,5.50039172579776e-05,0.00045235617650266,1.82558921225699,"ENSSSCT00000052554.3","ENSSSCG00000056133","SHC4","SHC4","Significant"
"ENSSSCT00000071567.1",-1.02391065693938,1.25387873533801,-4.60011511333236,4.84876088868324e-05,0.000408604290552154,1.8255328601748,"ENSSSCT00000071567.1","ENSSSCG00000045385",NA,"ENSSSCG00000045385","Significant"
"ENSSSCT00000066703.2",3.14263183435189,1.83602102597068,4.57804681423593,5.1855465749513e-05,0.00043064075529728,1.82115190436843,"ENSSSCT00000066703.2","ENSSSCG00000013380",NA,"ENSSSCG00000013380","Significant"
"ENSSSCT00000012230.5",1.4696955556482,-2.28109766489454,4.55978683725674,5.48156224971156e-05,0.000451543344086902,1.81744218264815,"ENSSSCT00000012230.5","ENSSSCG00000011168","ZNF510","ZNF510","Significant"
"ENSSSCT00000081549.2",-1.72726361600052,-4.9430124543359,-4.60202044891676,4.82071579530822e-05,0.000406843538345533,1.81729780683967,"ENSSSCT00000081549.2","ENSSSCG00000014725","HBB","HBB","Significant"
"ENSSSCT00000045973.3",1.63164757970722,-2.30836833546886,4.55985464553325,5.48043277355758e-05,0.000451543344086902,1.81581830142268,"ENSSSCT00000045973.3","ENSSSCG00000039318","HS3ST3B1","HS3ST3B1","Significant"
"ENSSSCT00000103447.1",1.11691595406303,-0.630669889915406,4.54833269471682,5.67568155931254e-05,0.000464133236919554,1.81463277084477,"ENSSSCT00000103447.1","ENSSSCG00000060833",NA,"ENSSSCG00000060833","Significant"
"ENSSSCT00000068466.2",1.15734302778517,2.31745596248943,4.64072754733168,4.28439351477229e-05,0.000368473664351453,1.80213387227558,"ENSSSCT00000068466.2","ENSSSCG00000004792","FAM98B","FAM98B","Significant"
"ENSSSCT00000012393.4",2.13646978018837,-2.04633703810778,4.5453970354621,5.72651436547345e-05,0.000467586462238659,1.7989270930492,"ENSSSCT00000012393.4","ENSSSCG00000011318","CXCR6","CXCR6","Significant"
"ENSSSCT00000062132.3",4.01215078891845,-1.77658314911572,4.54300958620132,5.76818503673026e-05,0.000470871068947304,1.79447490895173,"ENSSSCT00000062132.3","ENSSSCG00000016857","DAB2","DAB2","Significant"
"ENSSSCT00000087299.1",-3.01691292848216,-1.31350475886304,-4.53856124807356,5.84662487215412e-05,0.000475963439030494,1.78937307384972,"ENSSSCT00000087299.1","ENSSSCG00000036835","OSBPL2","OSBPL2","Significant"
"ENSSSCT00000062290.3",1.15495996192891,5.89019349865078,4.8775561180448,2.07422135474015e-05,0.000203147831330573,1.78893273142276,"ENSSSCT00000062290.3","ENSSSCG00000036350","HNRNPA2B1","HNRNPA2B1","Significant"
"ENSSSCT00000105846.1",-1.13226100228731,0.142700709893802,-4.53800129322214,5.85657300166916e-05,0.000476535328541106,1.78022425914148,"ENSSSCT00000105846.1","ENSSSCG00000058832","NAT14","NAT14","Significant"
"ENSSSCT00000049722.2",2.26399764582031,-2.55573059426791,4.55605984421731,5.54399645931904e-05,0.00045553543487812,1.77925217918229,"ENSSSCT00000049722.2","ENSSSCG00000025141","PCDHGB1","PCDHGB1","Significant"
"ENSSSCT00000106035.1",1.5466489479301,-3.08677596036837,4.55545161177975,5.55425179736685e-05,0.000456148175318259,1.76691818679194,"ENSSSCT00000106035.1","ENSSSCG00000061756",NA,"ENSSSCG00000061756","Significant"
"ENSSSCT00000017867.4",-1.33295074507625,-1.59930931029123,-4.53558769546991,5.89964401715183e-05,0.000479763059571295,1.76406297545215,"ENSSSCT00000017867.4","ENSSSCG00000016410","MNX1","MNX1","Significant"
"ENSSSCT00000025800.4",1.09739235551956,3.78262186561999,4.75601193222594,3.01207369949884e-05,0.000274854886365687,1.75970812322328,"ENSSSCT00000025800.4","ENSSSCG00000022081","PHLDB2","PHLDB2","Significant"
"ENSSSCT00000049435.3",-1.44191441317402,5.21223849150338,-4.85813599174988,2.20182873362801e-05,0.000213022029766195,1.7572986689308,"ENSSSCT00000049435.3","ENSSSCG00000002414","SEL1L","SEL1L","Significant"
"ENSSSCT00000062323.3",-2.20653051192967,-1.01323663598362,-4.52838706073572,6.03000277687237e-05,0.000488938598699694,1.75723453045849,"ENSSSCT00000062323.3","ENSSSCG00000028976","PPP2R2B","PPP2R2B","Significant"
"ENSSSCT00000012403.5",2.14465982649747,-3.51748673632083,4.55415517151719,5.57617335005876e-05,0.000457487558896115,1.74958999109548,"ENSSSCT00000012403.5","ENSSSCG00000011327","PRSS50","PRSS50","Significant"
"ENSSSCT00000009023.4",2.66466223401757,-2.07529096296216,4.53039325128336,5.99340070245206e-05,0.00048657578810445,1.74720721606253,"ENSSSCT00000009023.4","ENSSSCG00000008240",NA,"ENSSSCG00000008240","Significant"
"ENSSSCT00000018831.5",-2.00705620928621,1.43165677304854,-4.56122791825497,5.45760758610347e-05,0.000449797365362279,1.7450803608419,"ENSSSCT00000018831.5","ENSSSCG00000017297","CYB561","CYB561","Significant"
"ENSSSCT00000059222.2",3.00086694581659,-3.45138960685778,4.54012963252255,5.81884955006189e-05,0.000474175882854831,1.73681764611153,"ENSSSCT00000059222.2","ENSSSCG00000034039","SLC11A2","SLC11A2","Significant"
"ENSSSCT00000068283.1",-1.57313830659007,-0.776044017719316,-4.51918286241098,6.20077093718996e-05,0.000500296796921904,1.73551704995201,"ENSSSCT00000068283.1","ENSSSCG00000006869","TRMT13","TRMT13","Significant"
"ENSSSCT00000051284.3",-3.37388707458777,-1.59745572131809,-4.51870466463604,6.20977204898198e-05,0.000500651354809616,1.73273223657419,"ENSSSCT00000051284.3","ENSSSCG00000011720","MBNL1","MBNL1","Significant"
"ENSSSCT00000083716.2",3.67424868531557,0.212231367877268,4.51920568498444,6.20034166948725e-05,0.000500296796921904,1.73131416695527,"ENSSSCT00000083716.2","ENSSSCG00000010142","RYR2","RYR2","Significant"
"ENSSSCT00000035929.4",-3.71634194872734,2.02937229209053,-4.57066158886542,5.30332272240117e-05,0.000438745328701263,1.72997036824907,"ENSSSCT00000035929.4","ENSSSCG00000001727","TNFRSF21","TNFRSF21","Significant"
"ENSSSCT00000062915.3",4.58294892493355,-0.369743606852255,4.51283655185285,6.3212806338598e-05,0.000508327327278949,1.71799581724066,"ENSSSCT00000062915.3","ENSSSCG00000014280","RAD50","RAD50","Significant"
"ENSSSCT00000050329.3",2.77203453191035,-3.20155730852273,4.5426611376906,5.77429180354067e-05,0.000471251589393341,1.71105402433497,"ENSSSCT00000050329.3","ENSSSCG00000010184","AGT","AGT","Significant"
"ENSSSCT00000052177.3",-2.98338007570286,-4.69991119382088,-4.5547611779729,5.56591577595086e-05,0.000456990979499124,1.71052774239272,"ENSSSCT00000052177.3","ENSSSCG00000011435","TWF2","TWF2","Significant"
"ENSSSCT00000096724.1",-3.23042883026855,-3.36507408595086,-4.51849318495606,6.21375683077746e-05,0.000500848770607339,1.70700191633569,"ENSSSCT00000096724.1","ENSSSCG00000010690","SEC23IP","SEC23IP","Significant"
"ENSSSCT00000059128.3",2.12746613937676,-2.51539209715009,4.51883218452378,6.20737048620531e-05,0.000500628927462394,1.68864214053487,"ENSSSCT00000059128.3","ENSSSCG00000011888","GPR156","GPR156","Significant"
"ENSSSCT00000066303.3",1.30052139066331,1.49692413273439,4.55955488603794,5.48542757411046e-05,0.000451633536935095,1.68348412873805,"ENSSSCT00000066303.3","ENSSSCG00000031706",NA,"ENSSSCG00000031706","Significant"
"ENSSSCT00000047360.3",-1.82535721121975,5.8064436591074,-4.83050246314052,2.39690521248746e-05,0.000228946421827331,1.68215746594333,"ENSSSCT00000047360.3","ENSSSCG00000039985","CES1","CES1","Significant"
"ENSSSCT00000045088.2",6.96069125341256,-0.905535128186825,4.50309457326423,6.5107708546011e-05,0.000520032270806992,1.67877471468529,"ENSSSCT00000045088.2","ENSSSCG00000000798","TWF1","TWF1","Significant"
"ENSSSCT00000074339.2",1.09601502389471,-1.2767664717269,4.50002231959092,6.57168064196129e-05,0.000523998717658366,1.67650206261498,"ENSSSCT00000074339.2","ENSSSCG00000042206",NA,"ENSSSCG00000042206","Significant"
"ENSSSCT00000105116.1",-1.90118857058798,-0.878074020604031,-4.49570231822882,6.65827789325379e-05,0.000528779607659773,1.67092732981211,"ENSSSCT00000105116.1","ENSSSCG00000002952","YIF1B","YIF1B","Significant"
"ENSSSCT00000024976.4",-1.63387751327355,-3.86936474835811,-4.52913508333121,6.01632976259013e-05,0.00048804158659213,1.66284959016697,"ENSSSCT00000024976.4","ENSSSCG00000027362","CIMAP2","CIMAP2","Significant"
"ENSSSCT00000053081.3",-2.31056172797477,-3.48010958080802,-4.52156139353068,6.15619039740953e-05,0.000498275396410328,1.66053998217327,"ENSSSCT00000053081.3","ENSSSCG00000031423","UPK3A","UPK3A","Significant"
"ENSSSCT00000080635.2",3.85536261088896,1.53501528099798,4.52319314985556,6.12578926119815e-05,0.000496211759185353,1.65819812375657,"ENSSSCT00000080635.2","ENSSSCG00000010745","FANK1","FANK1","Significant"
"ENSSSCT00000005740.4",-4.92422220476145,-2.09052092873866,-4.50542243991293,6.46498951315082e-05,0.000516755376530447,1.65762512566642,"ENSSSCT00000005740.4","ENSSSCG00000005208","RIC1","RIC1","Significant"
"ENSSSCT00000069641.2",1.76188215440384,3.01109393211669,4.5874690357132,5.03902191460938e-05,0.000421154243793705,1.65378489881891,"ENSSSCT00000069641.2","ENSSSCG00000045134","FASTKD5","FASTKD5","Significant"
"ENSSSCT00000071393.2",1.60944763626359,1.13557424585045,4.52030999737399,6.17960568564102e-05,0.000499330517409269,1.65104030393924,"ENSSSCT00000071393.2","ENSSSCG00000005997","COL14A1","COL14A1","Significant"
"ENSSSCT00000079071.1",1.17029798580394,2.47634391320836,4.5972121332278,4.89180011140263e-05,0.000411168473400802,1.63858786229906,"ENSSSCT00000079071.1","ENSSSCG00000016073","PGAP1","PGAP1","Significant"
"ENSSSCT00000022266.4",1.16122955497486,0.778766597283585,4.50962130170402,6.3832119487695e-05,0.00051210197435453,1.63368123710445,"ENSSSCT00000022266.4","ENSSSCG00000015796","PDLIM3","PDLIM3","Significant"
"ENSSSCT00000047518.2",-2.72100759727051,-3.45175231558495,-4.51202519478081,6.33685274725176e-05,0.000509101477903485,1.63185109739473,"ENSSSCT00000047518.2","ENSSSCG00000010315","ADK","ADK","Significant"
"ENSSSCT00000039107.2",-1.98293802481947,-0.146557820494093,-4.48739119271696,6.82805060350536e-05,0.000540212962573862,1.63103207680444,"ENSSSCT00000039107.2","ENSSSCG00000034639","MGAM","MGAM","Significant"
"ENSSSCT00000015451.5",1.09233641090115,1.06541790967895,4.52086488649134,6.16921216910957e-05,0.000498861591174724,1.62194504338574,"ENSSSCT00000015451.5","ENSSSCG00000014147","CCNH","CCNH","Significant"
"ENSSSCT00000086241.2",1.65842431968594,0.0175420149139518,4.47713079162614,7.04352655732265e-05,0.000554167808578542,1.61312722813483,"ENSSSCT00000086241.2","ENSSSCG00000025531","SSPN","SSPN","Significant"
"ENSSSCT00000094000.1",1.43179220757418,-3.07014147517841,4.50141183329425,6.54406330145264e-05,0.000522291228088466,1.60495965116387,"ENSSSCT00000094000.1","ENSSSCG00000061959",NA,"ENSSSCG00000061959","Significant"
"ENSSSCT00000076300.2",-1.37324608570892,1.08134563201319,-4.50936621197049,6.38815092057691e-05,0.000512115001038079,1.58808160270975,"ENSSSCT00000076300.2","ENSSSCG00000015031","PIH1D2","PIH1D2","Significant"
"ENSSSCT00000054198.4",2.26802710004452,-0.543122097198214,4.4662628674351,7.27905851190017e-05,0.000569732091748528,1.58805084774016,"ENSSSCT00000054198.4","ENSSSCG00000008749","SLIT2","SLIT2","Significant"
"ENSSSCT00000056615.3",2.21890972163668,1.56526086799375,4.50750807284876,6.42424135508418e-05,0.000514002368444575,1.58762552914266,"ENSSSCT00000056615.3","ENSSSCG00000010816","TGFB2","TGFB2","Significant"
"ENSSSCT00000042745.2",3.49436361897535,1.15327634459965,4.49163692838697,6.74079667672578e-05,0.000534385826721452,1.58562475042723,"ENSSSCT00000042745.2","ENSSSCG00000004441","DSE","DSE","Significant"
"ENSSSCT00000105847.1",2.03381315195946,1.26567239320764,4.4957405079837,6.65750745573885e-05,0.000528779607659773,1.57852704274367,"ENSSSCT00000105847.1","ENSSSCG00000004160","PEX7","PEX7","Significant"
"ENSSSCT00000066143.3",-2.03743044227255,-3.48081737074042,-4.49056997842241,6.76261972634365e-05,0.000535686233133402,1.57403603305129,"ENSSSCT00000066143.3","ENSSSCG00000004270","ADGRB3","ADGRB3","Significant"
"ENSSSCT00000005208.3",2.43821955453399,1.19892273849547,4.48700354291019,6.83607233492295e-05,0.000540716405647326,1.57364621418303,"ENSSSCT00000005208.3","ENSSSCG00000004716","TMEM62","TMEM62","Significant"
"ENSSSCT00000060297.3",-1.2210949923091,7.21379299578005,-4.86737832199382,2.14015747944246e-05,0.000208353820423237,1.57123817840765,"ENSSSCT00000060297.3","ENSSSCG00000022140","TMPRSS11E","TMPRSS11E","Significant"
"ENSSSCT00000056399.3",2.14470334169885,-2.33481893009974,4.46732643949127,7.25567065318397e-05,0.000568389923057208,1.56945911258482,"ENSSSCT00000056399.3","ENSSSCG00000033392","SCML4","SCML4","Significant"
"ENSSSCT00000044725.1",1.09524412288782,0.38284158629365,4.47302571203209,7.13159806914446e-05,0.000560150863518154,1.56710674614706,"ENSSSCT00000044725.1","ENSSSCG00000031589","ZNF37A","ZNF37A","Significant"
"ENSSSCT00000102723.1",-2.24753914832847,4.97450874080744,-4.72044695810869,3.35848989940334e-05,0.000301155678438247,1.56171721970567,"ENSSSCT00000102723.1","ENSSSCG00000060999","SEC14L3","SEC14L3","Significant"
"ENSSSCT00000042494.3",-2.88764298353063,-2.82219712634215,-4.46062641376607,7.40424710575694e-05,0.000578638716769174,1.55885891534681,"ENSSSCT00000042494.3","ENSSSCG00000012581","NXT2","NXT2","Significant"
"ENSSSCT00000057801.3",-1.88886971200054,3.48091532532607,-4.67372765425737,3.87396377203017e-05,0.000338351767541579,1.55117397468932,"ENSSSCT00000057801.3","ENSSSCG00000027444","STAU1","STAU1","Significant"
"ENSSSCT00000017787.5",-1.30230527550568,1.30273981052386,-4.49969621599317,6.57817873245237e-05,0.000524132305456689,1.55076290747312,"ENSSSCT00000017787.5","ENSSSCG00000016334","SCLY","SCLY","Significant"
"ENSSSCT00000040081.3",-2.76102085548053,-0.387871698887672,-4.45315247826944,7.57351822122519e-05,0.000589465237729353,1.54894756406953,"ENSSSCT00000040081.3","ENSSSCG00000000370","DGKA","DGKA","Significant"
"ENSSSCT00000055353.2",-1.08095899604365,3.06118160680951,-4.59857577285695,4.8715362497633e-05,0.000409782166891854,1.54788997563073,"ENSSSCT00000055353.2","ENSSSCG00000034615","TNFAIP8L1","TNFAIP8L1","Significant"
"ENSSSCT00000070528.2",2.28971645717077,2.00576850323273,4.50238170754696,6.52485425940529e-05,0.000521029508385133,1.54728144760692,"ENSSSCT00000070528.2","ENSSSCG00000008641","ADAM17","ADAM17","Significant"
"ENSSSCT00000009531.5",1.20945333802011,1.44825185769885,4.51788520088457,6.22522673110815e-05,0.000501281252530274,1.54674864634456,"ENSSSCT00000009531.5","ENSSSCG00000008712","PPP2R2C","PPP2R2C","Significant"
"ENSSSCT00000044203.3",-1.8283483237276,-5.26650172288751,-4.49267900664535,6.71954925759741e-05,0.000533051542566195,1.54027893830155,"ENSSSCT00000044203.3","ENSSSCG00000027320","SLC4A5","SLC4A5","Significant"
"ENSSSCT00000032511.4",1.48928637899265,1.68321537233807,4.52149780303689,6.1573781503411e-05,0.000498275396410328,1.53602730759674,"ENSSSCT00000032511.4","ENSSSCG00000022592","FIBIN","FIBIN","Significant"
"ENSSSCT00000074814.2",5.37103769603289,0.154581245934326,4.44596983848104,7.73977618293255e-05,0.000599877661459383,1.53324243267115,"ENSSSCT00000074814.2","ENSSSCG00000008633","PDIA6","PDIA6","Significant"
"ENSSSCT00000065958.3",2.1936422217818,-1.91288043085294,4.44922840603471,7.66390931722599e-05,0.000594938331854372,1.53268851174359,"ENSSSCT00000065958.3","ENSSSCG00000003578","FGR","FGR","Significant"
"ENSSSCT00000031591.3",-2.72865127058797,-3.35093892614345,-4.46518171185102,7.30290904373326e-05,0.00057099291717477,1.53074859845945,"ENSSSCT00000031591.3","ENSSSCG00000020686","SDHA","SDHA","Significant"
"ENSSSCT00000058874.3",-1.29006301815306,-0.912379999548528,-4.44515473049304,7.75886894199097e-05,0.000600736554226249,1.525456793193,"ENSSSCT00000058874.3","ENSSSCG00000037494","SPTBN4","SPTBN4","Significant"
"ENSSSCT00000055130.3",-1.15841117341066,-0.871694879870928,-4.43873267578353,7.91092537456841e-05,0.000609758418232691,1.51410312859865,"ENSSSCT00000055130.3","ENSSSCG00000033737",NA,"ENSSSCG00000033737","Significant"
"ENSSSCT00000100887.1",-1.46615590556883,-2.84898939303465,-4.45644422915908,7.49850205827807e-05,0.000584883160545689,1.50167363483132,"ENSSSCT00000100887.1","ENSSSCG00000036491","PCNP","PCNP","Significant"
"ENSSSCT00000041842.2",-1.44708075537768,-2.00727706236131,-4.44444800066419,7.77546057906985e-05,0.000601592588324617,1.4995191907024,"ENSSSCT00000041842.2","ENSSSCG00000040946","EIF5A2","EIF5A2","Significant"
"ENSSSCT00000038866.3",1.56293692823592,2.53297038830829,4.53840541277872,5.8493917613311e-05,0.000476069817739488,1.49472122194114,"ENSSSCT00000038866.3","ENSSSCG00000031498","PPP2R3C","PPP2R3C","Significant"
"ENSSSCT00000084539.2",2.50922679811187,-0.943216326589386,4.43099952716142,8.09791718145306e-05,0.000620212571726792,1.49140087976701,"ENSSSCT00000084539.2","ENSSSCG00000032849","MLPH","MLPH","Significant"
"ENSSSCT00000101650.1",2.0819785490533,-2.62744488886007,4.44483027093029,7.76648183270542e-05,0.000601183223346456,1.49001576889372,"ENSSSCT00000101650.1","ENSSSCG00000061465",NA,"ENSSSCG00000061465","Significant"
"ENSSSCT00000027266.4",-1.22623917397357,2.8363092940981,-4.60159041238028,4.82703159707345e-05,0.000407105629397485,1.48854336413452,"ENSSSCT00000027266.4","ENSSSCG00000022017","LGALS4","LGALS4","Significant"
"ENSSSCT00000102596.1",-3.123047134393,-2.51573724628332,-4.43713243287306,7.94926845231281e-05,0.000611557217128851,1.48445664645237,"ENSSSCT00000102596.1","ENSSSCG00000005636","SLC25A25","SLC25A25","Significant"
"ENSSSCT00000026950.4",2.4254082510697,2.44217917473078,4.49754915898483,6.6211201655466e-05,0.000526524394823125,1.48192636858855,"ENSSSCT00000026950.4","ENSSSCG00000005585","DENND1A","DENND1A","Significant"
"ENSSSCT00000055331.3",1.5579615971336,3.51721930492086,4.59927033249407,4.8612468403542e-05,0.000409503809955052,1.48150898815967,"ENSSSCT00000055331.3","ENSSSCG00000004899","RELCH","RELCH","Significant"
"ENSSSCT00000000915.5",-4.53925287052804,-2.19160111357591,-4.42845422378892,8.16040941500038e-05,0.000624119138087432,1.48025667989948,"ENSSSCT00000000915.5","ENSSSCG00000000841","APPL2","APPL2","Significant"
"ENSSSCT00000037786.3",1.52026478324509,1.07649225530319,4.4559044911239,7.51075193388018e-05,0.000585558479321448,1.47913723575664,"ENSSSCT00000037786.3","ENSSSCG00000016045","PMS1","PMS1","Significant"
"ENSSSCT00000050069.3",-3.47122399626356,-2.4150476548813,-4.44028618209336,7.87387613463867e-05,0.000607620964482271,1.47387889027888,"ENSSSCT00000050069.3","ENSSSCG00000034039","SLC11A2","SLC11A2","Significant"
"ENSSSCT00000009475.4",1.26266666531483,1.38038764595108,4.48072849396198,6.96722103646209e-05,0.000548959097807661,1.47202277928059,"ENSSSCT00000009475.4","ENSSSCG00000008659","ACP1","ACP1","Significant"
"ENSSSCT00000083206.1",3.62137237540328,-1.66162976616903,4.42219382444673,8.31613880107366e-05,0.000633799414376357,1.46863105185001,"ENSSSCT00000083206.1","ENSSSCG00000008337","AAK1","AAK1","Significant"
"ENSSSCT00000094688.1",1.4422484758115,-1.56309304156488,4.42451389662122,8.25808849779322e-05,0.000630111671851276,1.46859210985403,"ENSSSCT00000094688.1","ENSSSCG00000051868",NA,"ENSSSCG00000051868","Significant"
"ENSSSCT00000075685.2",2.06575029844741,0.835301449633136,4.44049806572069,7.86883620805049e-05,0.000607519620476624,1.46287920356437,"ENSSSCT00000075685.2","ENSSSCG00000006088","SDC2","SDC2","Significant"
"ENSSSCT00000027948.4",-3.59663325824832,0.194759788653515,-4.45597050805334,7.50925256004436e-05,0.000585558479321448,1.46109193006629,"ENSSSCT00000027948.4","ENSSSCG00000002505","PAPOLA","PAPOLA","Significant"
"ENSSSCT00000093825.1",1.32946335301157,2.18998161459698,4.50490373957094,6.47516309229266e-05,0.000517314916591791,1.46014648106285,"ENSSSCT00000093825.1","ENSSSCG00000061173",NA,"ENSSSCG00000061173","Significant"
"ENSSSCT00000070831.2",4.53835147968001,-2.54493460998482,4.43350421240357,8.03688158877375e-05,0.000616819234341929,1.4598479760025,"ENSSSCT00000070831.2","ENSSSCG00000002357","ALDH6A1","ALDH6A1","Significant"
"ENSSSCT00000086318.2",-4.20202207746118,-3.73343966652993,-4.4403390970866,7.87261718567281e-05,0.000607620964482271,1.45929632388965,"ENSSSCT00000086318.2","ENSSSCG00000012621","UBE2A","UBE2A","Significant"
"ENSSSCT00000059627.2",2.72208570046335,2.1514902190843,4.48139645724145,6.95314366470675e-05,0.000547982344800819,1.45671229270926,"ENSSSCT00000059627.2","ENSSSCG00000009010","ARFIP1","ARFIP1","Significant"
"ENSSSCT00000054114.3",-1.2226385268183,6.13594183110025,-4.7937842470188,2.68279511688823e-05,0.000250199805466316,1.45395372140269,"ENSSSCT00000054114.3","ENSSSCG00000010478","FFAR4","FFAR4","Significant"
"ENSSSCT00000010545.3",2.87256531036741,-3.27192324925178,4.42748014464058,8.18445021944861e-05,0.000625371021689483,1.45017507615263,"ENSSSCT00000010545.3","ENSSSCG00000009619","SFTPC","SFTPC","Significant"
"ENSSSCT00000092388.1",-2.92907829692441,-2.26062917384046,-4.41641105425379,8.46258053907465e-05,0.00064303832849532,1.44967070486543,"ENSSSCT00000092388.1","ENSSSCG00000000910","CRADD","CRADD","Significant"
"ENSSSCT00000033410.4",4.47288667083198,-1.15484651690928,4.41514570917424,8.49496030236595e-05,0.000645165818072069,1.44543036756888,"ENSSSCT00000033410.4","ENSSSCG00000012811","VBP1","VBP1","Significant"
"ENSSSCT00000006758.4",1.74293922755617,0.745263619798134,4.43943306326788,7.89420081076451e-05,0.000608613202256245,1.44060931077959,"ENSSSCT00000006758.4","ENSSSCG00000006164","WNT8B","WNT8B","Significant"
"ENSSSCT00000083953.2",-3.39150534014647,-0.635265268735239,-4.42486425132086,8.24935699602281e-05,0.00062959277972455,1.43641779271653,"ENSSSCT00000083953.2","ENSSSCG00000000779","KIF21A","KIF21A","Significant"
"ENSSSCT00000026298.4",1.20610659490084,1.11013185079893,4.45039365915607,7.63695749612345e-05,0.000593552710854849,1.43558308239377,"ENSSSCT00000026298.4","ENSSSCG00000015796","PDLIM3","PDLIM3","Significant"
"ENSSSCT00000038810.3",3.15974965931498,-3.23186122185198,4.4238357561222,8.27501486083255e-05,0.00063110780005283,1.43412987016117,"ENSSSCT00000038810.3","ENSSSCG00000035071","DCST1","DCST1","Significant"
"ENSSSCT00000044053.3",5.22702241488999,0.12928180913417,4.40906991909813,8.65214172969038e-05,0.000653904564104833,1.43276405167022,"ENSSSCT00000044053.3","ENSSSCG00000033189",NA,"ENSSSCG00000033189","Significant"
"ENSSSCT00000082397.2",1.42596575390261,6.07041582260087,4.74772755351019,3.0894693728491e-05,0.000280817004272015,1.43262751927029,"ENSSSCT00000082397.2","ENSSSCG00000004414","CD164","CD164","Significant"
"ENSSSCT00000018527.5",-1.2368408581242,3.44985244320857,-4.60990442473212,4.70636010738144e-05,0.000398354529961226,1.4318431275079,"ENSSSCT00000018527.5","ENSSSCG00000017015","RARS1","RARS1","Significant"
"ENSSSCT00000063632.2",1.43440044152833,3.3367605267458,4.57224763805776,5.27780887603205e-05,0.000436967192976508,1.43112688340107,"ENSSSCT00000063632.2","ENSSSCG00000005208","RIC1","RIC1","Significant"
"ENSSSCT00000062062.3",4.35622198951314,2.8547540299881,4.45480977133635,7.53565813631931e-05,0.000587079086921278,1.43042728127931,"ENSSSCT00000062062.3","ENSSSCG00000014255","SLC12A2","SLC12A2","Significant"
"ENSSSCT00000079637.2",3.58232747332379,-0.150968645216982,4.41029199902835,8.62029842778153e-05,0.000652253910279389,1.42908032028911,"ENSSSCT00000079637.2","ENSSSCG00000022372","SLC6A14","SLC6A14","Significant"
"ENSSSCT00000038182.3",-1.22560531443194,2.75772887523962,-4.55205737973661,5.61182568330864e-05,0.000459487605672011,1.42571101567333,"ENSSSCT00000038182.3","ENSSSCG00000039480","ERLIN2","ERLIN2","Significant"
"ENSSSCT00000071046.2",-2.96696008932436,-4.01584042422365,-4.43246020406378,8.06226740637091e-05,0.000617627270952343,1.42404897357848,"ENSSSCT00000071046.2","ENSSSCG00000009591","AUH","AUH","Significant"
"ENSSSCT00000016231.5",-1.54864982198863,-4.17985242084704,-4.43826966707024,7.92200069127704e-05,0.000610344551114519,1.42228307819265,"ENSSSCT00000016231.5","ENSSSCG00000058608",NA,"ENSSSCG00000058608","Significant"
"ENSSSCT00000048544.3",-2.10115578597822,-2.45529406559272,-4.41887580006283,8.39985641951227e-05,0.000639165222450609,1.42217780776382,"ENSSSCT00000048544.3","ENSSSCG00000034400","KLK8","KLK8","Significant"
"ENSSSCT00000091484.2",-2.27801807891638,-5.00862855095148,-4.44586385150463,7.74225616311215e-05,0.000599877661459383,1.41600580705446,"ENSSSCT00000091484.2","ENSSSCG00000008971","USO1","USO1","Significant"
"ENSSSCT00000088326.2",1.61265075070422,2.88260174959576,4.59487235874106,4.92676327665515e-05,0.000413574124284409,1.41474212878634,"ENSSSCT00000088326.2","ENSSSCG00000002444","FBLN5","FBLN5","Significant"
"ENSSSCT00000071678.1",6.15920321686863,0.614266142473315,4.40310709159832,8.80917863199314e-05,0.000664079676572265,1.4144279465566,"ENSSSCT00000071678.1","ENSSSCG00000003061","CADM4","CADM4","Significant"
"ENSSSCT00000102669.1",-1.00057214164434,5.7412806551376,-4.76939698450705,2.89105611996654e-05,0.000266346407842297,1.41182799306904,"ENSSSCT00000102669.1","ENSSSCG00000008358","ACTR2","ACTR2","Significant"
"ENSSSCT00000053791.3",-1.29343300120197,0.233272633061591,-4.41070344675832,8.60960341997644e-05,0.000651898536704394,1.41124033840454,"ENSSSCT00000053791.3","ENSSSCG00000035933","MAPK15","MAPK15","Significant"
"ENSSSCT00000096648.1",4.13006176175617,-0.720767184181937,4.39853110568087,8.93158802413231e-05,0.00067221951971101,1.40227812669794,"ENSSSCT00000096648.1","ENSSSCG00000011117","UPF2","UPF2","Significant"
"ENSSSCT00000049298.3",-1.1968342887924,2.68917280695914,-4.55617822147671,5.5420026838247e-05,0.000455486401571516,1.40210527613408,"ENSSSCT00000049298.3","ENSSSCG00000007151","CDC25B","CDC25B","Significant"
"ENSSSCT00000079355.1",-2.77254750110677,-4.86116126152256,-4.43309442710764,8.04683643094912e-05,0.000617170206997566,1.40111194302783,"ENSSSCT00000079355.1","ENSSSCG00000020954","PCGF6","PCGF6","Significant"
"ENSSSCT00000072871.1",-3.06169407455773,-4.63096250017447,-4.42972812538846,8.12907357171628e-05,0.00062201435046289,1.39728835991555,"ENSSSCT00000072871.1","ENSSSCG00000034444","EIF4EBP2","EIF4EBP2","Significant"
"ENSSSCT00000016705.5",-2.41026338480018,0.692873649626536,-4.40612178549926,8.72943678657671e-05,0.000659287831803445,1.39137419789225,"ENSSSCT00000016705.5","ENSSSCG00000015332","PON1","PON1","Significant"
"ENSSSCT00000102479.1",3.47358952211023,-2.70286072721416,4.40879707606598,8.65926687407724e-05,0.000654291395509651,1.39101421044631,"ENSSSCT00000102479.1","ENSSSCG00000013771","PRKACA","PRKACA","Significant"
"ENSSSCT00000000280.4",-1.08612481252005,0.367009710516287,-4.40984701114233,8.63187996217626e-05,0.000652675821629858,1.38872073316902,"ENSSSCT00000000280.4","ENSSSCG00000000261","IGFBP6","IGFBP6","Significant"
"ENSSSCT00000003852.5",-1.17469758264593,-1.98219367159976,-4.39811985462249,8.94267065356627e-05,0.000672898301382125,1.38478526402114,"ENSSSCT00000003852.5","ENSSSCG00000003466","TMEM82","TMEM82","Significant"
"ENSSSCT00000003388.5",-1.53488330762071,-0.01255377426028,-4.39210677988148,9.10626592160464e-05,0.000682059945113709,1.38082627889005,"ENSSSCT00000003388.5","ENSSSCG00000003051","CD177","CD177","Significant"
"ENSSSCT00000009083.5",4.08781930509327,-2.21078714968525,4.39162449040755,9.11951402982179e-05,0.000682581807686661,1.37674366589849,"ENSSSCT00000009083.5","ENSSSCG00000008294","ACTG2","ACTG2","Significant"
"ENSSSCT00000075193.2",3.00678997021082,-3.54246185681234,4.41006540285664,8.62619405253996e-05,0.000652548563547594,1.37210644443301,"ENSSSCT00000075193.2","ENSSSCG00000032220","CNOT10","CNOT10","Significant"
"ENSSSCT00000086782.2",2.99860441985905,-1.0633107910079,4.38435222636765,9.32158781326862e-05,0.000695630691379744,1.36250749904036,"ENSSSCT00000086782.2","ENSSSCG00000015846","RBPMS","RBPMS","Significant"
"ENSSSCT00000091074.2",-1.38292911454703,3.6581364754276,-4.58015665824525,5.15237582051602e-05,0.00042886446055371,1.35929220726444,"ENSSSCT00000091074.2","ENSSSCG00000016215",NA,"ENSSSCG00000016215","Significant"
"ENSSSCT00000011625.3",1.62576279178795,0.0102462895164278,4.38353738305439,9.34450201929592e-05,0.00069702160566718,1.35779648676139,"ENSSSCT00000011625.3","ENSSSCG00000010629","ADRA2A","ADRA2A","Significant"
"ENSSSCT00000033317.4",-2.70982856937147,-3.73156601836214,-4.41031598308149,8.6196746376739e-05,0.000652253910279389,1.3525106944637,"ENSSSCT00000033317.4","ENSSSCG00000012363","HEPH","HEPH","Significant"
"ENSSSCT00000100816.1",-4.803397779012,-2.36266665931384,-4.37872961207014,9.48083198429375e-05,0.000705813785055391,1.34467651357316,"ENSSSCT00000100816.1","ENSSSCG00000026082","DNAJC3","DNAJC3","Significant"
"ENSSSCT00000093424.1",-2.75123898529636,-3.68718200582313,-4.3991008845645,8.91625559460647e-05,0.000671375513640991,1.33765866581689,"ENSSSCT00000093424.1","ENSSSCG00000017094","MARCHF6","MARCHF6","Significant"
"ENSSSCT00000090067.2",6.92183819194215,-0.222992377028029,4.37794668767486,9.50321692935471e-05,0.000706919654950219,1.33490918440017,"ENSSSCT00000090067.2","ENSSSCG00000001638","MRPS10","MRPS10","Significant"
"ENSSSCT00000011231.5",-4.62502422013344,0.754908202985075,-4.38063271652991,9.42663519466756e-05,0.000702665783920762,1.32933503125669,"ENSSSCT00000011231.5","ENSSSCG00000010261","PPA1","PPA1","Significant"
"ENSSSCT00000012371.5",-1.548398069525,0.460047288027106,-4.38496191831751,9.30447877766941e-05,0.00069483102626462,1.32368726514641,"ENSSSCT00000012371.5","ENSSSCG00000011300","EXOSC7","EXOSC7","Significant"
"ENSSSCT00000086467.1",3.33760211070128,-0.610854357439514,4.37090286663622,9.70695853016872e-05,0.000719301240008182,1.3179784420046,"ENSSSCT00000086467.1","ENSSSCG00000006347","DUSP12","DUSP12","Significant"
"ENSSSCT00000091402.2",1.28496434054389,-1.2727157843454,4.36684907044416,9.82615254856603e-05,0.000726302148477549,1.31470807071097,"ENSSSCT00000091402.2","ENSSSCG00000011929","SLC35A5","SLC35A5","Significant"
"ENSSSCT00000080227.1",2.2015054333601,-4.37702094109736,4.39344379118123,9.06963807302468e-05,0.000680397302992814,1.31088274416422,"ENSSSCT00000080227.1","ENSSSCG00000028529","REM1","REM1","Significant"
"ENSSSCT00000031463.4",-2.55401066270466,0.268353951961038,-4.37638230845359,9.5481004074734e-05,0.000710088798854054,1.30927233311873,"ENSSSCT00000031463.4","ENSSSCG00000030155","PHF10","PHF10","Significant"
"ENSSSCT00000069523.2",1.34801659168076,2.30611132796906,4.45749245821177,7.47476760682066e-05,0.000583450617794543,1.29344576394761,"ENSSSCT00000069523.2","ENSSSCG00000037463","KGD4","KGD4","Significant"
"ENSSSCT00000002927.5",1.51002059052822,-0.812406070833359,4.35796919951256,0.000100922927490099,0.000741435585373409,1.29291734466056,"ENSSSCT00000002927.5","ENSSSCG00000002637","DBNDD1","DBNDD1","Significant"
"ENSSSCT00000048253.2",2.07923470944003,-2.71751515709271,4.3736697278448,9.62642085998801e-05,0.000714675445283748,1.29137733669784,"ENSSSCT00000048253.2","ENSSSCG00000038949","NALCN","NALCN","Significant"
"ENSSSCT00000004955.5",4.48991886569282,0.62913336388898,4.35872481569929,0.000100693732206463,0.00074025218598862,1.28368380573661,"ENSSSCT00000004955.5","ENSSSCG00000004484","COL12A1","COL12A1","Significant"
"ENSSSCT00000084794.1",-2.41186184506881,1.03872894941512,-4.38437670173806,9.32090039601634e-05,0.000695630691379744,1.28244451886271,"ENSSSCT00000084794.1","ENSSSCG00000002383","FOS","FOS","Significant"
"ENSSSCT00000017752.3",2.08571524499662,-4.39116577338943,4.38288514509048,9.36288346366909e-05,0.000698232965346448,1.28106256181786,"ENSSSCT00000017752.3","ENSSSCG00000016301","SAG","SAG","Significant"
"ENSSSCT00000004731.5",1.05932909468736,3.76294323839004,4.59398047668932,4.94015539623749e-05,0.000414378251965338,1.27197154625968,"ENSSSCT00000004731.5","ENSSSCG00000004281","KCNQ5","KCNQ5","Significant"
"ENSSSCT00000081503.1",-1.25292638684672,-0.63422997850785,-4.3474394904696,0.000104170628545357,0.000761008105107065,1.26441305178705,"ENSSSCT00000081503.1","ENSSSCG00000000951","CSRP2","CSRP2","Significant"
"ENSSSCT00000050105.3",1.30130946993075,5.3811663191693,4.69298920745765,3.65260477270287e-05,0.000322386372520856,1.26179643678911,"ENSSSCT00000050105.3","ENSSSCG00000039222",NA,"ENSSSCG00000039222","Significant"
"ENSSSCT00000016697.5",2.19701239233346,-2.20331356366582,4.35468578009213,0.000101924824995463,0.000747448716633396,1.259836746808,"ENSSSCT00000016697.5","ENSSSCG00000015324","GNG11","GNG11","Significant"
"ENSSSCT00000083371.2",1.18945078313728,5.14960091607283,4.67650271325669,3.8412738338727e-05,0.000336397776200875,1.25911514995804,"ENSSSCT00000083371.2","ENSSSCG00000031706",NA,"ENSSSCG00000031706","Significant"
"ENSSSCT00000008627.5",3.05115928462638,-0.859301020228774,4.34529619250412,0.000104844148715233,0.000764728998816877,1.25835909256118,"ENSSSCT00000008627.5","ENSSSCG00000007872","XYLT1","XYLT1","Significant"
"ENSSSCT00000012301.4",2.69230884539921,-2.86552303127932,4.35693926916858,0.000101236153474023,0.000743401699970054,1.25810595322383,"ENSSSCT00000012301.4","ENSSSCG00000011234","CMTM7","CMTM7","Significant"
"ENSSSCT00000004960.5",-1.14321092002381,10.3694581461286,-4.8270654255151,2.42233451014618e-05,0.000230659446170578,1.25580067649144,"ENSSSCT00000004960.5","ENSSSCG00000004489",NA,"ENSSSCG00000004489","Significant"
"ENSSSCT00000025810.3",2.14637178030089,-4.39827822517187,4.37916583271746,9.46838227828078e-05,0.000705293890338283,1.25494331851041,"ENSSSCT00000025810.3","ENSSSCG00000022804","RHOJ","RHOJ","Significant"
"ENSSSCT00000094043.1",-2.0037229347482,-4.72256454367443,-4.37984020747163,9.44916726588351e-05,0.000704184341798551,1.25294325321294,"ENSSSCT00000094043.1","ENSSSCG00000059124","BAALC","BAALC","Significant"
"ENSSSCT00000037084.3",3.70690977305824,-3.77322572450167,4.35833162228877,0.000100812932709157,0.000740961419758643,1.24971579316126,"ENSSSCT00000037084.3","ENSSSCG00000014280","RAD50","RAD50","Significant"
"ENSSSCT00000012556.5",2.99451771915504,1.52051859985569,4.37142694568361,9.6916530293876e-05,0.000718641472299643,1.24636204787618,"ENSSSCT00000012556.5","ENSSSCG00000011474","PXK","PXK","Significant"
"ENSSSCT00000086074.1",-4.22555640034871,-3.18862726094598,-4.349611578254,0.000103492395013124,0.000756901311576467,1.24470517892585,"ENSSSCT00000086074.1","ENSSSCG00000036610","ARMC8","ARMC8","Significant"
"ENSSSCT00000004223.5",1.00960663972496,0.0932617895362439,4.34802464494961,0.000103987486090287,0.000759978320900276,1.24023427198082,"ENSSSCT00000004223.5","ENSSSCG00000003816","ATG4C","ATG4C","Significant"
"ENSSSCT00000046026.3",-1.33557263938162,-1.535074804851,-4.33346872880099,0.000108638458202281,0.000786597444198791,1.22320027660024,"ENSSSCT00000046026.3","ENSSSCG00000013476","CELF5","CELF5","Significant"
"ENSSSCT00000006794.5",-1.78911278481937,-1.97876154681045,-4.33819307986815,0.000107106965094505,0.000777754006668428,1.22055695773523,"ENSSSCT00000006794.5","ENSSSCG00000006199","PREX2","PREX2","Significant"
"ENSSSCT00000047621.3",-1.09400764215015,2.26497941834196,-4.43987365793145,7.88369766406721e-05,0.000608091030610947,1.22009303377003,"ENSSSCT00000047621.3","ENSSSCG00000036261","CROCC2","CROCC2","Significant"
"ENSSSCT00000107002.1",-2.90782489522085,1.84106072827188,-4.39264073872597,9.09162055199903e-05,0.000681432635580175,1.21764066725789,"ENSSSCT00000107002.1","ENSSSCG00000025593","TAP2","TAP2","Significant"
"ENSSSCT00000026790.4",1.73882649150287,4.97979065571082,4.54618881164929,5.71276025413195e-05,0.000466814123623354,1.21651628008599,"ENSSSCT00000026790.4","ENSSSCG00000026082","DNAJC3","DNAJC3","Significant"
"ENSSSCT00000019485.4",-1.65922027410306,0.231837203188387,-4.34179260579318,0.000105954348462112,0.000771101691352385,1.20958063951459,"ENSSSCT00000019485.4","ENSSSCG00000017907","PFN1","PFN1","Significant"
"ENSSSCT00000005739.5",1.12214049505036,0.588707217002902,4.35903446918784,0.000100599955080041,0.000739729574972861,1.20584269381514,"ENSSSCT00000005739.5","ENSSSCG00000005207","ERMP1","ERMP1","Significant"
"ENSSSCT00000018449.5",1.83431069002275,-2.76906854280766,4.34166110205344,0.000105996242648199,0.000771234433229606,1.20143445803837,"ENSSSCT00000018449.5","ENSSSCG00000016941","RNF180","RNF180","Significant"
"ENSSSCT00000054082.3",2.62387329471336,1.90013003477064,4.37025620876271,9.72587661109791e-05,0.000720360020509397,1.19879696466243,"ENSSSCT00000054082.3","ENSSSCG00000037583","GNB4","GNB4","Significant"
"ENSSSCT00000022487.4",3.10110553002148,-0.553530407339304,4.32409541768964,0.000111740891430042,0.00080530504513375,1.19872580916072,"ENSSSCT00000022487.4","ENSSSCG00000025270","CHRD","CHRD","Significant"
"ENSSSCT00000027321.4",-1.68076565441366,-2.58644252895776,-4.34014897571896,0.000106479142616131,0.000774057071539874,1.19703166884556,"ENSSSCT00000027321.4","ENSSSCG00000021374","FXYD7","FXYD7","Significant"
"ENSSSCT00000098739.1",1.04624401127303,-0.123707030263936,4.33563609889975,0.000107933211924039,0.000782533787318513,1.19606852862249,"ENSSSCT00000098739.1","ENSSSCG00000007307","NFS1","NFS1","Significant"
"ENSSSCT00000104026.1",3.02043302849059,2.25169252853701,4.36808529609183,9.78965221512055e-05,0.000723932458203199,1.18928322431759,"ENSSSCT00000104026.1","ENSSSCG00000025901","LCLAT1","LCLAT1","Significant"
"ENSSSCT00000047809.3",1.95485124780305,3.02257273026392,4.46530035446526,7.30028801053669e-05,0.000570924898765983,1.18695186323772,"ENSSSCT00000047809.3","ENSSSCG00000009140","CASP6","CASP6","Significant"
"ENSSSCT00000095708.1",2.59187296303695,-1.71523817009441,4.3189897704005,0.000113467191892415,0.000816122727655039,1.18346057877018,"ENSSSCT00000095708.1","ENSSSCG00000057215",NA,"ENSSSCG00000057215","Significant"
"ENSSSCT00000006178.5",-1.11019281231482,2.59381574028715,-4.43526929242438,7.99414103511032e-05,0.000614429453815976,1.1791639262618,"ENSSSCT00000006178.5","ENSSSCG00000005618","CFAP157","CFAP157","Significant"
"ENSSSCT00000074553.2",1.62750947416556,-2.18145045171529,4.32209989245391,0.000112412520621086,0.000809364841718431,1.17766273258632,"ENSSSCT00000074553.2","ENSSSCG00000048420",NA,"ENSSSCG00000048420","Significant"
"ENSSSCT00000039103.2",-5.56986893308966,-1.37096510075147,-4.31550480579483,0.000114660511778954,0.00082162446726176,1.17754102886985,"ENSSSCT00000039103.2","ENSSSCG00000010569","OGA","OGA","Significant"
"ENSSSCT00000056727.3",2.61856956762489,1.88361623968408,4.36030918947118,0.000100214814219911,0.00073772946552856,1.1549082214303,"ENSSSCT00000056727.3","ENSSSCG00000006836","ELAPOR1","ELAPOR1","Significant"
"ENSSSCT00000042237.3",-2.23178479258782,-5.03801659444766,-4.34274765686352,0.000105650577553427,0.000769406171666727,1.15379073024931,"ENSSSCT00000042237.3","ENSSSCG00000014868","EMSY","EMSY","Significant"
"ENSSSCT00000072506.1",-3.41856674585412,-2.61391391951088,-4.30306117236493,0.000119022772487958,0.0008482226173109,1.13623752331749,"ENSSSCT00000072506.1","ENSSSCG00000017212","SUMO2","SUMO2","Significant"
"ENSSSCT00000094901.1",1.05757303198908,1.52639941904428,4.37631014011958,9.55017599980071e-05,0.000710088798854054,1.13614295879258,"ENSSSCT00000094901.1","ENSSSCG00000059465",NA,"ENSSSCG00000059465","Significant"
"ENSSSCT00000102172.1",3.04837212904236,1.35337826689307,4.31831177267619,0.000113698392862353,0.000817064668477881,1.13490664448452,"ENSSSCT00000102172.1","ENSSSCG00000014909","SYTL2","SYTL2","Significant"
"ENSSSCT00000076863.1",2.73516198814415,2.53884494910905,4.36369797919978,9.91979603361122e-05,0.000731896424258565,1.12939883481165,"ENSSSCT00000076863.1","ENSSSCG00000000512","TBC1D15","TBC1D15","Significant"
"ENSSSCT00000087808.2",2.37477004946546,4.03232200412963,4.49172776709787,6.73894189609593e-05,0.000534385826721452,1.12848592784101,"ENSSSCT00000087808.2","ENSSSCG00000009944","CORO1C","CORO1C","Significant"
"ENSSSCT00000054979.3",2.97925993426905,-1.07035806154038,4.29960404571668,0.000120263333130104,0.000854540270553822,1.12708323350017,"ENSSSCT00000054979.3","ENSSSCG00000025534","CSE1L","CSE1L","Significant"
"ENSSSCT00000063367.3",-2.11129117726966,-3.37326989116842,-4.3164154089608,0.000114347520457379,0.000820283070845406,1.12244734350845,"ENSSSCT00000063367.3","ENSSSCG00000010303","SYNPO2L","SYNPO2L","Significant"
"ENSSSCT00000106395.1",-1.51118648932165,1.54126821030218,-4.34670792948739,0.000104400038934387,0.000762151426473776,1.12166010649463,"ENSSSCT00000106395.1","ENSSSCG00000040617","TNFAIP8","TNFAIP8","Significant"
"ENSSSCT00000087375.1",1.01373643458321,-1.2977672965019,4.29406952362908,0.000122275798085455,0.000865728582145095,1.1191882879031,"ENSSSCT00000087375.1","ENSSSCG00000050739",NA,"ENSSSCG00000050739","Significant"
"ENSSSCT00000019639.3",-1.90158460187323,4.58677602666035,-4.54222652163331,5.78191763425251e-05,0.000471755862230152,1.10881403008591,"ENSSSCT00000019639.3","ENSSSCG00000018044","ALDH3A1","ALDH3A1","Significant"
"ENSSSCT00000087981.2",1.90887990564347,0.897818079768316,4.31946919310785,0.000113303984565495,0.000815128665660502,1.10772993938326,"ENSSSCT00000087981.2","ENSSSCG00000017735","RHOT1","RHOT1","Significant"
"ENSSSCT00000090950.1",-1.69539875745524,-2.50071673308936,-4.29813189549706,0.000120795443529435,0.00085748195968511,1.1074126844005,"ENSSSCT00000090950.1","ENSSSCG00000005355","EXOSC3","EXOSC3","Significant"
"ENSSSCT00000106991.1",-3.48186756412302,1.56650109531385,-4.32458625164515,0.000111576296890665,0.000804474476741097,1.10502486405376,"ENSSSCT00000106991.1","ENSSSCG00000025618","TAP1","TAP1","Significant"
"ENSSSCT00000066312.2",2.87296682356854,0.00610085549130348,4.29671992651228,0.000121307970354358,0.000860657949565446,1.10255150244736,"ENSSSCT00000066312.2","ENSSSCG00000022721","CDH16","CDH16","Significant"
"ENSSSCT00000073134.2",-2.67037157397525,-1.66270124894961,-4.28919238861524,0.000124076571182178,0.000875436599615608,1.1021545222996,"ENSSSCT00000073134.2","ENSSSCG00000004304","SLC35A1","SLC35A1","Significant"
"ENSSSCT00000035796.4",3.14399575466482,-0.20197955374436,4.28643318952081,0.000125106834666586,0.000881128452868904,1.09832144631573,"ENSSSCT00000035796.4","ENSSSCG00000012203","TAB3","TAB3","Significant"
"ENSSSCT00000059192.3",1.52119813424555,3.24868176587927,4.44807164081691,7.69075733727846e-05,0.000596596365035991,1.09727212780997,"ENSSSCT00000059192.3","ENSSSCG00000001710","RUNX2","RUNX2","Significant"
"ENSSSCT00000067422.1",2.66515523481018,1.2154467568223,4.33057023281411,0.000109588679633997,0.000791719324348957,1.09413761733775,"ENSSSCT00000067422.1","ENSSSCG00000008801","SLC30A9","SLC30A9","Significant"
"ENSSSCT00000014276.4",5.20267600246878,1.68946772970943,4.34924826163889,0.000103605537800493,0.000757558859485818,1.09219544603352,"ENSSSCT00000014276.4","ENSSSCG00000013060","SCGB1A1","SCGB1A1","Significant"
"ENSSSCT00000079259.2",-2.0758544107643,-0.704187622969082,-4.29044240024638,0.000123612569130517,0.000872729364212079,1.08962749923251,"ENSSSCT00000079259.2","ENSSSCG00000032015","SH3BGRL2","SH3BGRL2","Significant"
"ENSSSCT00000055791.3",-1.81694240279221,-2.79094688498,-4.29293516118668,0.000122692334965632,0.000867735550806826,1.08869900646744,"ENSSSCT00000055791.3","ENSSSCG00000009842","CCDC60","CCDC60","Significant"
"ENSSSCT00000007067.6",2.75379084675625,-1.57262780124466,4.28175338294974,0.000126873448096622,0.000891889155183758,1.08610956345719,"ENSSSCT00000007067.6","ENSSSCG00000058723","CD1D","CD1D","Significant"
"ENSSSCT00000078373.2",1.28702572767223,2.61914962472373,4.40094199937411,8.86688882073471e-05,0.000668275642883112,1.08225202104246,"ENSSSCT00000078373.2","ENSSSCG00000012234","SRPX","SRPX","Significant"
"ENSSSCT00000093167.1",3.35348090150195,-2.81666402481938,4.28289348915326,0.000126440821023495,0.000889231347853757,1.07657715211618,"ENSSSCT00000093167.1","ENSSSCG00000008615","VSNL1","VSNL1","Significant"
"ENSSSCT00000090659.2",1.04838279058868,4.38678107933175,4.57780568495426,5.18935096234619e-05,0.000430737267760528,1.07507408331846,"ENSSSCT00000090659.2","ENSSSCG00000016715","OSBPL3","OSBPL3","Significant"
"ENSSSCT00000042336.2",4.53085704474658,2.44496328527706,4.30223801477174,0.00011931701226191,0.000849576734611777,1.07498750505393,"ENSSSCT00000042336.2","ENSSSCG00000036712","TPD52L2","TPD52L2","Significant"
"ENSSSCT00000017933.4",2.27220167151935,0.958016676036413,4.30185523979019,0.000119454079049138,0.00085018135632353,1.0722946905727,"ENSSSCT00000017933.4","ENSSSCG00000016469","TRPV6","TRPV6","Significant"
"ENSSSCT00000082777.1",1.46662166535318,-0.666561595146724,4.27738313834988,0.000128545274317527,0.000900922210629546,1.07124079043392,"ENSSSCT00000082777.1","ENSSSCG00000015346","ICA1","ICA1","Significant"
"ENSSSCT00000091709.1",1.02440821686784,2.35109256809914,4.44119978715697,7.85216749373299e-05,0.000606376288407557,1.0641138646908,"ENSSSCT00000091709.1","ENSSSCG00000055777",NA,"ENSSSCG00000055777","Significant"
"ENSSSCT00000046507.4",1.01299139246547,6.74048265726513,4.6901012839852,3.68497959103125e-05,0.000324979915028355,1.06184462005224,"ENSSSCT00000046507.4","ENSSSCG00000032931","CDH6","CDH6","Significant"
"ENSSSCT00000018649.5",-1.77809437895322,-1.83179895348126,-4.27428427400676,0.000129743804066959,0.000907955996522675,1.05614927414261,"ENSSSCT00000018649.5","ENSSSCG00000017131","FN3K","FN3K","Significant"
"ENSSSCT00000067689.2",4.64756933361209,-2.02950223663759,4.26978128820378,0.000131504944368328,0.000918309532273501,1.05093933270316,"ENSSSCT00000067689.2","ENSSSCG00000037549","GCLM","GCLM","Significant"
"ENSSSCT00000017704.5",-1.12240286195714,0.580390589642365,-4.28733539474179,0.000124769038679171,0.000879751240721389,1.0500626497036,"ENSSSCT00000017704.5","ENSSSCG00000016259","FBXO36","FBXO36","Significant"
"ENSSSCT00000024124.4",2.59697293455956,0.975322986441255,4.27978408310576,0.000127624143542653,0.000896200210222839,1.02428605653792,"ENSSSCT00000024124.4","ENSSSCG00000023269","EXOC1","EXOC1","Significant"
"ENSSSCT00000051680.1",-1.20174807569264,5.08728538860448,-4.61031382516913,4.7004954526356e-05,0.000397961448293252,1.02392922059172,"ENSSSCT00000051680.1","ENSSSCG00000038126","MGAT3","MGAT3","Significant"
"ENSSSCT00000014100.5",-2.67585651382345,0.291109784354117,-4.27969361583217,0.000127658734009355,0.000896250078303408,1.02136527302553,"ENSSSCT00000014100.5","ENSSSCG00000060071",NA,"ENSSSCG00000060071","Significant"
"ENSSSCT00000027667.3",1.29359971076746,1.75940287524576,4.36514855513204,9.87657976296617e-05,0.000729368078350507,1.02058992255018,"ENSSSCT00000027667.3","ENSSSCG00000023743","CLDN6","CLDN6","Significant"
"ENSSSCT00000048101.2",-1.70391285254454,0.564200487399649,-4.28326049397981,0.000126301864586092,0.000888445737425017,1.012028573656,"ENSSSCT00000048101.2","ENSSSCG00000007909","ABAT","ABAT","Significant"
"ENSSSCT00000029639.4",-1.30273060843666,1.11021452124947,-4.29956836607175,0.000120276202354665,0.000854540270553822,1.0019157806628,"ENSSSCT00000029639.4","ENSSSCG00000023714","SLC31A2","SLC31A2","Significant"
"ENSSSCT00000041018.3",1.36074078607619,1.50644259133336,4.29881952154054,0.000120546613546826,0.000856088387732679,1.0009467458406,"ENSSSCT00000041018.3","ENSSSCG00000031354","DMAC2L","DMAC2L","Significant"
"ENSSSCT00000072340.2",-2.04356248823576,-3.98030178857928,-4.27418595578343,0.000129782008777825,0.000908028457981157,0.996147471737296,"ENSSSCT00000072340.2","ENSSSCG00000029805","RHOBTB3","RHOBTB3","Significant"
"ENSSSCT00000103808.1",-4.79582911151492,-2.05227356185088,-4.24895101286379,0.000139961395533625,0.000967006005505045,0.995251277955538,"ENSSSCT00000103808.1","ENSSSCG00000010834","MIA3","MIA3","Significant"
"ENSSSCT00000076627.2",1.49080492826672,0.383524596879386,4.26087422001028,0.000135057830328237,0.000938496483380613,0.990268846873676,"ENSSSCT00000076627.2","ENSSSCG00000049524",NA,"ENSSSCG00000049524","Significant"
"ENSSSCT00000086270.1",1.08442143241118,1.81806570545755,4.34240119459896,0.00010576067707684,0.000770035979324097,0.990151599166301,"ENSSSCT00000086270.1","ENSSSCG00000002446",NA,"ENSSSCG00000002446","Significant"
"ENSSSCT00000087345.2",2.98226461309072,1.20625778762458,4.26619873383903,0.00013292281711505,0.000926424867297798,0.986786282873996,"ENSSSCT00000087345.2","ENSSSCG00000017094","MARCHF6","MARCHF6","Significant"
"ENSSSCT00000103814.1",1.02544117336621,2.07439961459509,4.35217907105448,0.000102696285529022,0.000752091126097989,0.979550524065925,"ENSSSCT00000103814.1","ENSSSCG00000015955","ITGA6","ITGA6","Significant"
"ENSSSCT00000106519.1",3.69531672282039,-2.19794691333244,4.24292440550438,0.000142505856213323,0.000980844613886256,0.979090755280649,"ENSSSCT00000106519.1","ENSSSCG00000015790","SLC25A4","SLC25A4","Significant"
"ENSSSCT00000071330.2",1.08870132694756,3.92183633035565,4.51196527685887,6.33800422896039e-05,0.000509101477903485,0.974179700927939,"ENSSSCT00000071330.2","ENSSSCG00000022081","PHLDB2","PHLDB2","Significant"
"ENSSSCT00000080189.1",2.75602384732578,-3.30122405447646,4.24729865417204,0.000140654565746016,0.000971383491121183,0.970118238470583,"ENSSSCT00000080189.1","ENSSSCG00000006981","MICU3","MICU3","Significant"
"ENSSSCT00000063498.3",-1.74406163590221,4.32836788602721,-4.4915693364605,6.74217712135753e-05,0.000534385826721452,0.968974145680689,"ENSSSCT00000063498.3","ENSSSCG00000009881","OAS2","OAS2","Significant"
"ENSSSCT00000003006.5",-1.01158824169874,3.37880566808676,-4.48198348304944,6.94079516629904e-05,0.000547141406194425,0.968938457738335,"ENSSSCT00000003006.5","ENSSSCG00000002712","LDHD","LDHD","Significant"
"ENSSSCT00000026021.4",-1.16213229070384,3.27378572291033,-4.44768241808729,7.69981180965194e-05,0.000597156670413635,0.964606948002386,"ENSSSCT00000026021.4","ENSSSCG00000022190","UBE2V2","UBE2V2","Significant"
"ENSSSCT00000079273.1",2.24162517726109,-2.4395369970882,4.23891600538875,0.000144223257164685,0.000990782780572563,0.961377328357028,"ENSSSCT00000079273.1","ENSSSCG00000044320",NA,"ENSSSCG00000044320","Significant"
"ENSSSCT00000007116.4",1.1967060129544,-0.511626985868926,4.23785320839751,0.000144682003146847,0.000993097269599954,0.960575956499222,"ENSSSCT00000007116.4","ENSSSCG00000006497","MEX3A","MEX3A","Significant"
"ENSSSCT00000095741.1",5.54521093783749,-1.02576752292884,4.23477584398941,0.000146018393705437,0.00100121634245469,0.959456147740817,"ENSSSCT00000095741.1","ENSSSCG00000028019","LRRC59","LRRC59","Significant"
"ENSSSCT00000054964.3",-2.42977255263682,-3.89104802947491,-4.25207739385952,0.000138659013251765,0.000959227343106417,0.951085422485407,"ENSSSCT00000054964.3","ENSSSCG00000033937","DYNC2H1","DYNC2H1","Significant"
"ENSSSCT00000091408.2",1.90286083950683,-4.39935290723432,4.25642973457866,0.000136865675860762,0.000948431136187944,0.949885529260987,"ENSSSCT00000091408.2","ENSSSCG00000016443","TMEM176A","TMEM176A","Significant"
"ENSSSCT00000042449.3",-1.40309414858683,-2.24211237052472,-4.23806021708862,0.000144592537913065,0.000992719774516042,0.943924241356711,"ENSSSCT00000042449.3","ENSSSCG00000000113","SLC16A8","SLC16A8","Significant"
"ENSSSCT00000006012.4",1.57857500859786,3.6919402885271,4.43343851910167,8.03847664924198e-05,0.000616819234341929,0.941484985383463,"ENSSSCT00000006012.4","ENSSSCG00000005466","PTBP3","PTBP3","Significant"
"ENSSSCT00000107539.1",-3.8381451376704,-2.99425144431483,-4.23345736057683,0.00014659465738813,0.00100411180871483,0.939092577006498,"ENSSSCT00000107539.1","ENSSSCG00000001471","BRD2","BRD2","Significant"
"ENSSSCT00000018936.5",-1.02160742822622,0.519007102279939,-4.24774625301234,0.000140466465024237,0.000970289963061491,0.935799189135896,"ENSSSCT00000018936.5","ENSSSCG00000017396","PSMC3IP","PSMC3IP","Significant"
"ENSSSCT00000017452.3",1.47785274227266,3.95322379644016,4.46989010598555,7.19959929175211e-05,0.000564404268594099,0.925002054499618,"ENSSSCT00000017452.3","ENSSSCG00000016027","ITGAV","ITGAV","Significant"
"ENSSSCT00000041836.3",1.44863246322436,1.60320512873978,4.28593147447198,0.000125295070349179,0.000881934471861965,0.919040831468203,"ENSSSCT00000041836.3","ENSSSCG00000011618","GATA2","GATA2","Significant"
"ENSSSCT00000082979.2",-4.12038105908912,-1.5891227284897,-4.2188014272989,0.000153152161398731,0.00104158804135257,0.916643368901727,"ENSSSCT00000082979.2","ENSSSCG00000026389","SYNJ2BP","SYNJ2BP","Significant"
"ENSSSCT00000018713.5",-2.24744886075134,-1.51259209866881,-4.2188370024877,0.000153135901397408,0.00104158804135257,0.916615315036807,"ENSSSCT00000018713.5","ENSSSCG00000017188","ZACN","ZACN","Significant"
"ENSSSCT00000032179.4",-1.13510451819454,3.76768142651009,-4.48336528183097,6.91181318693006e-05,0.000545516236133304,0.916250595571376,"ENSSSCT00000032179.4","ENSSSCG00000026958","WNT10A","WNT10A","Significant"
"ENSSSCT00000057841.3",1.35303900043521,2.4671193349401,4.37293615197007,9.64770959503116e-05,0.000715871469359117,0.909150206847991,"ENSSSCT00000057841.3","ENSSSCG00000015380","CDCA7L","CDCA7L","Significant"
"ENSSSCT00000061004.3",-1.79358975755848,-2.18928567551039,-4.21957676590034,0.000152798167795888,0.00104004832209126,0.905580308743913,"ENSSSCT00000061004.3","ENSSSCG00000026900","CDIN1","CDIN1","Significant"
"ENSSSCT00000071385.1",5.54442547429264,3.42383139307913,4.25429822837052,0.000137741083051439,0.00095368661537675,0.905524617575693,"ENSSSCT00000071385.1","ENSSSCG00000017799","CPD","CPD","Significant"
"ENSSSCT00000069065.2",2.1550477312846,5.04143254269324,4.52043371065873,6.17728694439965e-05,0.000499266890270714,0.901907740706186,"ENSSSCT00000069065.2","ENSSSCG00000023522","TGM2","TGM2","Significant"
"ENSSSCT00000096726.1",1.55845699555727,-3.13974061930044,4.22410326462216,0.000150747456660958,0.00102759148588206,0.897800333849395,"ENSSSCT00000096726.1","ENSSSCG00000054823",NA,"ENSSSCG00000054823","Significant"
"ENSSSCT00000094870.1",1.33225285501461,-2.65968360245681,4.21062042925012,0.000156936612308703,0.00106112843378535,0.873294716123447,"ENSSSCT00000094870.1","ENSSSCG00000012035","SYNJ1","SYNJ1","Significant"
"ENSSSCT00000063146.3",2.94864523280211,-3.63356938753913,4.21458095206929,0.000155093216913384,0.00105237445249614,0.872783018744126,"ENSSSCT00000063146.3","ENSSSCG00000020785","DES","DES","Significant"
"ENSSSCT00000099173.1",1.19208017436571,-2.36544130206574,4.2113804632955,0.00015658120484675,0.001059384437191,0.871658705297585,"ENSSSCT00000099173.1","ENSSSCG00000037608","LRRC70","LRRC70","Significant"
"ENSSSCT00000075996.2",-3.77266272025551,-1.53542792903707,-4.20140665214722,0.000161308485782429,0.00108595950246755,0.867812553885758,"ENSSSCT00000075996.2","ENSSSCG00000004465","BCKDHB","BCKDHB","Significant"
"ENSSSCT00000051217.3",3.21784228933551,2.98400563528606,4.2906235364296,0.000123545473006277,0.000872444574809757,0.855925152841604,"ENSSSCT00000051217.3","ENSSSCG00000022739","DSG2","DSG2","Significant"
"ENSSSCT00000002526.4",1.05448491807339,-1.28585202723623,4.19584073407798,0.000164006999462682,0.0010997169428218,0.854535463230835,"ENSSSCT00000002526.4","ENSSSCG00000002268","AKAP5","AKAP5","Significant"
"ENSSSCT00000051443.2",1.15196324979889,0.398523912597156,4.21351787547895,0.000155585925949677,0.00105483957780479,0.854167672240453,"ENSSSCT00000051443.2","ENSSSCG00000004647","DTWD1","DTWD1","Significant"
"ENSSSCT00000058613.3",2.0678358658757,-2.19698132990577,4.19897758284121,0.000162480779961065,0.00109137275439855,0.853925371926629,"ENSSSCT00000058613.3","ENSSSCG00000034493","ST3GAL6","ST3GAL6","Significant"
"ENSSSCT00000026923.3",2.6123297425477,-3.63255672549592,4.20028701990824,0.000161847799821961,0.00108891573780339,0.848501650486316,"ENSSSCT00000026923.3","ENSSSCG00000023666","CTSB","CTSB","Significant"
"ENSSSCT00000016205.4",-2.49789848163845,0.100714990554296,-4.2231098836597,0.000151195182566575,0.00103002677974698,0.843703017051201,"ENSSSCT00000016205.4","ENSSSCG00000014853","GDPD5","GDPD5","Significant"
"ENSSSCT00000084606.1",1.88687499246918,-4.517281744872,4.21264736014031,0.00015599052869774,0.00105714304669738,0.842871556861231,"ENSSSCT00000084606.1","ENSSSCG00000041453",NA,"ENSSSCG00000041453","Significant"
"ENSSSCT00000103401.1",1.90554452771391,-4.8538513097312,4.21565247111219,0.000154598141027066,0.00104945196544794,0.841005920991019,"ENSSSCT00000103401.1","ENSSSCG00000058811",NA,"ENSSSCG00000058811","Significant"
"ENSSSCT00000040860.3",3.60111529890214,1.37655049656409,4.21129044679039,0.000156623257233267,0.00105944910349241,0.838055562735622,"ENSSSCT00000040860.3","ENSSSCG00000028132","NAA20","NAA20","Significant"
"ENSSSCT00000092084.1",-3.21746818852506,-3.36304541389019,-4.19710983242842,0.000163387842813144,0.00109611054055139,0.837422352097738,"ENSSSCT00000092084.1","ENSSSCG00000017168","SEPTIN9","SEPTIN9","Significant"
"ENSSSCT00000100524.1",4.91654480326569,-2.5154270249012,4.18857743572788,0.000167594981093385,0.00111903886208657,0.826598883916157,"ENSSSCT00000100524.1","ENSSSCG00000030528","LTN1","LTN1","Significant"
"ENSSSCT00000043706.3",-2.05571210573613,-3.16753758017327,-4.19580062084594,0.000164026606948302,0.0010997169428218,0.820530560858121,"ENSSSCT00000043706.3","ENSSSCG00000021129","PFKM","PFKM","Significant"
"ENSSSCT00000084020.2",1.49768303543047,0.240730313757907,4.19904371168039,0.000162448755355251,0.00109137275439855,0.815369842969254,"ENSSSCT00000084020.2","ENSSSCG00000008429","EPCAM","EPCAM","Significant"
"ENSSSCT00000008608.5",-1.49269237633031,1.90342797902073,-4.2771486125121,0.000128635599606883,0.000901167831882859,0.814277919124224,"ENSSSCT00000008608.5","ENSSSCG00000007857","ACSM3","ACSM3","Significant"
"ENSSSCT00000013861.5",1.030361421512,3.87382517199057,4.44533630905298,7.75461171367596e-05,0.000600549549436321,0.813961009299136,"ENSSSCT00000013861.5","ENSSSCG00000012679","GPC4","GPC4","Significant"
"ENSSSCT00000084494.1",-2.01937448928236,-1.26915653896824,-4.18056636325833,0.000171641455660658,0.00114324780804088,0.813616751460159,"ENSSSCT00000084494.1","ENSSSCG00000048453",NA,"ENSSSCG00000048453","Significant"
"ENSSSCT00000066299.2",2.50664788751152,-3.57022688541183,4.19130288962575,0.000166239725078246,0.00111181128132331,0.811958190184914,"ENSSSCT00000066299.2","ENSSSCG00000011962","ADGRG7","ADGRG7","Significant"
"ENSSSCT00000046768.2",-1.4634837805083,1.33664935842933,-4.23364432164262,0.000146512807813716,0.00100376204790049,0.811829140184739,"ENSSSCT00000046768.2","ENSSSCG00000038057","TAC4","TAC4","Significant"
"ENSSSCT00000048782.3",-2.51385730808777,-5.01756605163496,-4.20000928787541,0.000161981853123324,0.00108936805677245,0.811760188495925,"ENSSSCT00000048782.3","ENSSSCG00000021587","MESD","MESD","Significant"
"ENSSSCT00000075165.2",4.32475961688544,-1.59941568253078,4.17966384179384,0.000172103276294264,0.00114463403537632,0.811448059498495,"ENSSSCT00000075165.2","ENSSSCG00000011769","FXR1","FXR1","Significant"
"ENSSSCT00000096207.1",-1.75654974578849,-2.19279735585628,-4.18129920953553,0.000171267350068189,0.00114125312525868,0.809581570283779,"ENSSSCT00000096207.1","ENSSSCG00000054187",NA,"ENSSSCG00000054187","Significant"
"ENSSSCT00000062359.2",1.5885846420314,1.57401072951139,4.24510770519793,0.000141578865157323,0.000976319230031589,0.808132350461785,"ENSSSCT00000062359.2","ENSSSCG00000005029","RTRAF","RTRAF","Significant"
"ENSSSCT00000053923.3",1.38589237417798,1.33341454059894,4.22721613360378,0.000149352850594622,0.00101986861434376,0.807596934356865,"ENSSSCT00000053923.3","ENSSSCG00000016061","MYO1B","MYO1B","Significant"
"ENSSSCT00000018682.5",-1.1812032242465,1.71701692642301,-4.25959797703547,0.000135574547987417,0.000941718245038083,0.805159127166323,"ENSSSCT00000018682.5","ENSSSCG00000017158","CCDC40","CCDC40","Significant"
"ENSSSCT00000059882.3",3.26585241285095,-2.84471625916913,4.17874941355617,0.000172572429443747,0.00114710529859,0.802600156230183,"ENSSSCT00000059882.3","ENSSSCG00000011121",NA,"ENSSSCG00000011121","Significant"
"ENSSSCT00000098745.1",-1.37281052739605,4.3099221926733,-4.45005999680491,7.64466542872e-05,0.000594010180262123,0.79734234067367,"ENSSSCT00000098745.1","ENSSSCG00000005672","PTPA","PTPA","Significant"
"ENSSSCT00000045335.2",-1.10912982111917,2.61499050944683,-4.35065719748785,0.000103167448386501,0.000755371993530989,0.797179382947531,"ENSSSCT00000045335.2","ENSSSCG00000038616",NA,"ENSSSCG00000038616","Significant"
"ENSSSCT00000106439.1",-1.26821315121477,-1.77268433077234,-4.1772187706045,0.000173360536981905,0.00115093605126411,0.796544008325911,"ENSSSCT00000106439.1","ENSSSCG00000054064",NA,"ENSSSCG00000054064","Significant"
"ENSSSCT00000013235.5",3.27267681025448,-0.577501626473898,4.19023035679234,0.00016677176687006,0.00111491217695949,0.79439587613285,"ENSSSCT00000013235.5","ENSSSCG00000012101",NA,"ENSSSCG00000012101","Significant"
"ENSSSCT00000103888.1",3.2304284560426,-1.34301467501158,4.17270976106319,0.000175702685467163,0.00116340584016478,0.792149865025063,"ENSSSCT00000103888.1","ENSSSCG00000004405","FIG4","FIG4","Significant"
"ENSSSCT00000100135.1",-1.03810462819401,-0.515952237999781,-4.1735988691335,0.000175238412514118,0.00116116211039061,0.791889140218241,"ENSSSCT00000100135.1","ENSSSCG00000062966","SMKR1","SMKR1","Significant"
"ENSSSCT00000006282.5",-1.88977558382559,-1.95601529317532,-4.17356325721454,0.000175256985192988,0.00116116211039061,0.789548253167254,"ENSSSCT00000006282.5","ENSSSCG00000005710","LAMC3","LAMC3","Significant"
"ENSSSCT00000063855.2",1.36234887250635,-0.291712861650212,4.17846770054692,0.000172717216021059,0.00114783369570946,0.785831826121333,"ENSSSCT00000063855.2","ENSSSCG00000040031","SMIM32","SMIM32","Significant"
"ENSSSCT00000014306.4",-1.23600458009569,3.45085726331706,-4.3631567898658,9.93596692839663e-05,0.00073284708654632,0.782031937584829,"ENSSSCT00000014306.4","ENSSSCG00000013088","LRRC10B","LRRC10B","Significant"
"ENSSSCT00000074615.1",1.05400746059408,-1.5138646789392,4.16688437958115,0.000178774479077982,0.00117848020943359,0.777529963445432,"ENSSSCT00000074615.1","ENSSSCG00000017339","NMT1","NMT1","Significant"
"ENSSSCT00000068053.1",3.99974972321818,2.03064173152306,4.19586546719644,0.000163994910972681,0.0010997169428218,0.772288636677159,"ENSSSCT00000068053.1","ENSSSCG00000006386","COPA","COPA","Significant"
"ENSSSCT00000071287.2",-1.25471014453159,0.759571739872855,-4.20320271726164,0.000160447013880226,0.00108127623822879,0.768795818488879,"ENSSSCT00000071287.2","ENSSSCG00000004554","PCLAF","PCLAF","Significant"
"ENSSSCT00000093812.1",3.52713511265105,-3.95923149844728,4.17613356342306,0.000173921427699172,0.00115366187774711,0.768227695891792,"ENSSSCT00000093812.1","ENSSSCG00000037772","ATP5PB","ATP5PB","Significant"
"ENSSSCT00000089114.1",3.41495766862896,0.027280590532605,4.19918857779022,0.000162378621773134,0.00109136006679331,0.765367995825089,"ENSSSCT00000089114.1","ENSSSCG00000004484","COL12A1","COL12A1","Significant"
"ENSSSCT00000095206.1",2.53568248442458,-3.39115734056182,4.17770930982633,0.000173107582277198,0.00114972491598406,0.76534364354573,"ENSSSCT00000095206.1","ENSSSCG00000014248","LMNB1","LMNB1","Significant"
"ENSSSCT00000007237.5",-2.84964484204009,-0.486423157561196,-4.16375659164787,0.000180445409324001,0.00118709485988695,0.763823823520353,"ENSSSCT00000007237.5","ENSSSCG00000006604","CRNN","CRNN","Significant"
"ENSSSCT00000067903.2",3.19615642865944,-4.17656301905649,4.17034145142071,0.000176945244523909,0.00116946958424294,0.762551127416946,"ENSSSCT00000067903.2","ENSSSCG00000006156","TPD52","TPD52","Significant"
"ENSSSCT00000095363.1",-1.08158049667787,2.51342450776698,-4.29833707633482,0.000120721142431962,0.000857141142824844,0.76245155949388,"ENSSSCT00000095363.1","ENSSSCG00000015432","ATXN7L1","ATXN7L1","Significant"
"ENSSSCT00000000313.5",-3.36354136371484,-1.64985735692356,-4.15957650839903,0.000182702364122444,0.00119976392343367,0.75803041633994,"ENSSSCT00000000313.5","ENSSSCG00000000292","ZNF385A","ZNF385A","Significant"
"ENSSSCT00000097226.1",1.39821434934501,-3.57895009080691,4.1729314326678,0.000175586820886261,0.00116287481376714,0.753321598969403,"ENSSSCT00000097226.1","ENSSSCG00000032098",NA,"ENSSSCG00000032098","Significant"
"ENSSSCT00000041855.1",1.25943971627143,6.73120762179999,4.58162617724237,5.12939584959124e-05,0.000427174514125346,0.752081165005058,"ENSSSCT00000041855.1","ENSSSCG00000032241","GPNMB","GPNMB","Significant"
"ENSSSCT00000099215.1",1.79673722180237,-3.16229746245061,4.16546425563033,0.000179531255025109,0.00118203494322267,0.749254738192996,"ENSSSCT00000099215.1","ENSSSCG00000059569",NA,"ENSSSCG00000059569","Significant"
"ENSSSCT00000045951.3",-5.88238118483849,-1.56125543873391,-4.15572216710842,0.000184807890525869,0.00121017804031039,0.747853828358472,"ENSSSCT00000045951.3","ENSSSCG00000006135","CPNE3","CPNE3","Significant"
"ENSSSCT00000060714.1",1.87912951391956,-0.869754963574131,4.15775901042677,0.000183692276689213,0.00120438327797024,0.746883032143209,"ENSSSCT00000060714.1","ENSSSCG00000012233","SYTL5","SYTL5","Significant"
"ENSSSCT00000080636.1",1.66630581450286,-2.23953662201423,4.15612982950404,0.000184584077835194,0.00120944117237513,0.746231376161438,"ENSSSCT00000080636.1","ENSSSCG00000048017",NA,"ENSSSCG00000048017","Significant"
"ENSSSCT00000079807.2",-2.07702067169853,-4.55396158416141,-4.17646869966802,0.000173748022896683,0.00115303898606217,0.743886068524627,"ENSSSCT00000079807.2","ENSSSCG00000016780","CTNND2","CTNND2","Significant"
"ENSSSCT00000094371.1",4.07786370301032,-1.56208713980679,4.15342988941291,0.000186071334954163,0.00121674083530797,0.741776378814833,"ENSSSCT00000094371.1","ENSSSCG00000008887","NAF1","NAF1","Significant"
"ENSSSCT00000065774.2",-2.19871932530344,-0.155350108039313,-4.1817227019425,0.000171051528216813,0.00114071671629801,0.741330607837282,"ENSSSCT00000065774.2","ENSSSCG00000040224","RSPH1","RSPH1","Significant"
"ENSSSCT00000086392.2",1.63451926049239,0.78636440648708,4.17994125113422,0.000171961196554418,0.00114428706990795,0.735817294003765,"ENSSSCT00000086392.2","ENSSSCG00000016821","SLC45A2","SLC45A2","Significant"
"ENSSSCT00000058761.3",3.65089817027267,-0.495868861742084,4.15321240051772,0.000186191647003874,0.00121702615057114,0.73454160589317,"ENSSSCT00000058761.3","ENSSSCG00000015175","VWA5A","VWA5A","Significant"
"ENSSSCT00000070124.2",1.98595870473989,-4.67377306721161,4.17130066723776,0.000176440949380125,0.00116778722737755,0.7320592796595,"ENSSSCT00000070124.2","ENSSSCG00000013316","WT1","WT1","Significant"
"ENSSSCT00000075922.2",1.22989408668623,0.629182782996069,4.17639070406853,0.000173788363948027,0.00115307200206786,0.724132464682837,"ENSSSCT00000075922.2","ENSSSCG00000016821","SLC45A2","SLC45A2","Significant"
"ENSSSCT00000060918.3",2.91536473683903,-2.63988879662395,4.14742325975024,0.000189422231769686,0.0012329651516508,0.723840713003469,"ENSSSCT00000060918.3","ENSSSCG00000011121",NA,"ENSSSCG00000011121","Significant"
"ENSSSCT00000000051.4",-2.11797013026178,-0.92266255253051,-4.14707556457468,0.000189617995355405,0.00123399303803745,0.720588532542378,"ENSSSCT00000000051.4","ENSSSCG00000000046","CYP2D6","CYP2D6","Significant"
"ENSSSCT00000083928.1",2.4021957314987,0.942641133265361,4.19820927533289,0.000162853306049114,0.00109319933918577,0.719724740727348,"ENSSSCT00000083928.1","ENSSSCG00000025005","B4GALT6","B4GALT6","Significant"
"ENSSSCT00000019462.5",-1.56463684455933,0.613443737638507,-4.18151649860428,0.000171156581105901,0.00114118387942266,0.719568437296541,"ENSSSCT00000019462.5","ENSSSCG00000017885","SMTNL2","SMTNL2","Significant"
"ENSSSCT00000080190.2",-1.73278654510551,1.88358109046707,-4.24052431365575,0.000143531754864621,0.000986655984736689,0.71956391306392,"ENSSSCT00000080190.2","ENSSSCG00000039885","PTP4A2","PTP4A2","Significant"
"ENSSSCT00000079749.2",-3.08510086455737,1.50848902174575,-4.19928086375844,0.000162333959106571,0.001091285856229,0.713045659739995,"ENSSSCT00000079749.2","ENSSSCG00000016019","NCKAP1","NCKAP1","Significant"
"ENSSSCT00000063820.3",-1.3301583658525,2.61433314336382,-4.27212033094211,0.000130587228280376,0.000912682956238668,0.712380375298026,"ENSSSCT00000063820.3","ENSSSCG00000036914","PIERCE1","PIERCE1","Significant"
"ENSSSCT00000079668.1",2.66760931393108,1.79825475680294,4.20874889550545,0.000157815149922662,0.00106574257416704,0.710277913320982,"ENSSSCT00000079668.1","ENSSSCG00000015857","UGGT1","UGGT1","Significant"
"ENSSSCT00000092098.1",4.12721399209252,2.15170599783381,4.16439026357931,0.000180105659230699,0.00118533809316869,0.709455491160556,"ENSSSCT00000092098.1","ENSSSCG00000017294","DCAF7","DCAF7","Significant"
"ENSSSCT00000019212.5",-4.58116377475802,-0.252257379298722,-4.1444097906995,0.000191125498150277,0.00124206811674141,0.708546371054497,"ENSSSCT00000019212.5","ENSSSCG00000023727","TRIM37","TRIM37","Significant"
"ENSSSCT00000025860.3",-3.30770855354171,-3.38760037877383,-4.1492507043263,0.000188396565763673,0.00122800512398216,0.708272908713961,"ENSSSCT00000025860.3","ENSSSCG00000022009","DDC","DDC","Significant"
"ENSSSCT00000094626.1",1.89904130318776,-3.78658846138297,4.15266989630526,0.000186492084948182,0.00121851461676363,0.706280800276229,"ENSSSCT00000094626.1","ENSSSCG00000058581",NA,"ENSSSCG00000058581","Significant"
"ENSSSCT00000086862.2",-3.99775127998512,-3.21073410379625,-4.14406320306889,0.00019132235314195,0.00124309964165806,0.70466664774306,"ENSSSCT00000086862.2","ENSSSCG00000033424","PARL","PARL","Significant"
"ENSSSCT00000027194.3",1.68238812923849,5.54637580420697,4.49625669179812,6.64710260301913e-05,0.000528332845609058,0.702992270087252,"ENSSSCT00000027194.3","ENSSSCG00000016535","CALD1","CALD1","Significant"
"ENSSSCT00000016475.5",-1.9030816114288,-0.432260618628805,-4.14144941675594,0.000192813330350557,0.00125178929166658,0.697168461456531,"ENSSSCT00000016475.5","ENSSSCG00000051840","DRC12","DRC12","Significant"
"ENSSSCT00000047546.3",2.38197578639975,-1.63785723670539,4.13471126726915,0.00019670953896316,0.00127252337467358,0.691488490009832,"ENSSSCT00000047546.3","ENSSSCG00000036008","TACR1","TACR1","Significant"
"ENSSSCT00000032473.3",2.82239312897123,-1.2176337972563,4.13722130478995,0.000195249244761056,0.00126458211684336,0.691057263725644,"ENSSSCT00000032473.3","ENSSSCG00000006970","DLC1","DLC1","Significant"
"ENSSSCT00000010107.5",1.64307391593053,-3.47210044285263,4.13983702324733,0.000193738743333585,0.00125654624779157,0.675382308541399,"ENSSSCT00000010107.5","ENSSSCG00000009228","MAPK10","MAPK10","Significant"
"ENSSSCT00000057975.3",2.01683437765617,-4.49483941247299,4.14680286044206,0.000189771674966808,0.00123454444516262,0.672147627397876,"ENSSSCT00000057975.3","ENSSSCG00000006463","PEAR1","PEAR1","Significant"
"ENSSSCT00000090476.1",3.56112859793622,-1.38974925183717,4.12385314000493,0.00020315052366988,0.00130307292420476,0.663019701497756,"ENSSSCT00000090476.1","ENSSSCG00000008548","SUPT7L","SUPT7L","Significant"
"ENSSSCT00000045649.3",1.90558415828764,0.724365864567485,4.1663515236524,0.000179058068520992,0.00118011103013107,0.662650040024097,"ENSSSCT00000045649.3","ENSSSCG00000039368","SLC35D2","SLC35D2","Significant"
"ENSSSCT00000095596.1",-1.37965281874656,-1.8515651350505,-4.12181621532801,0.000204381567453291,0.0013091663310898,0.657318921120956,"ENSSSCT00000095596.1","ENSSSCG00000060957","LTB4R","LTB4R","Significant"
"ENSSSCT00000011843.5",-1.43866526900271,1.89770059366072,-4.23060306459267,0.000147849813123325,0.00101164644429651,0.656373582344421,"ENSSSCT00000011843.5","ENSSSCG00000010825","MARK1","MARK1","Significant"
"ENSSSCT00000070372.1",4.29642744200099,-2.69732788598788,4.12060822912486,0.000205115070930499,0.00131309086444493,0.652737343225772,"ENSSSCT00000070372.1","ENSSSCG00000010823","IARS2","IARS2","Significant"
"ENSSSCT00000004964.3",-1.57990910272849,-2.83235419022116,-4.12778904774878,0.000200792296995363,0.00129128820914525,0.649108172573527,"ENSSSCT00000004964.3","ENSSSCG00000004493","SIGLEC15","SIGLEC15","Significant"
"ENSSSCT00000080474.2",-2.24361561949094,-3.91154333937251,-4.13086480354294,0.00019896807843351,0.00128280704553019,0.647591014570856,"ENSSSCT00000080474.2","ENSSSCG00000004081",NA,"ENSSSCG00000004081","Significant"
"ENSSSCT00000055200.3",-2.47528634961255,2.00405148756972,-4.21161134508722,0.000156473395930478,0.00105909458188028,0.64718680518736,"ENSSSCT00000055200.3","ENSSSCG00000048918",NA,"ENSSSCG00000048918","Significant"
"ENSSSCT00000054876.3",1.51716083821503,3.77264390747465,4.3554252511973,0.000101698335405593,0.000746627454979496,0.643012729920025,"ENSSSCT00000054876.3","ENSSSCG00000008475","MAP4K3","MAP4K3","Significant"
"ENSSSCT00000018565.5",2.81777028193645,-3.58519388146737,4.12358103377986,0.000203314554565633,0.00130386855567622,0.641144542558477,"ENSSSCT00000018565.5","ENSSSCG00000017052","ADAM19","ADAM19","Significant"
"ENSSSCT00000097258.1",-2.47537388934179,-2.24841700799643,-4.1159179196078,0.000207987543244784,0.00132756966717951,0.641034758496126,"ENSSSCT00000097258.1","ENSSSCG00000033539","CRYBG2","CRYBG2","Significant"
"ENSSSCT00000024669.4",-4.01291109597717,-0.589376761275532,-4.13809121764033,0.000194745622147822,0.00126207240399674,0.639400608514129,"ENSSSCT00000024669.4","ENSSSCG00000025592","TP63","TP63","Significant"
"ENSSSCT00000052592.2",4.56393974803458,-1.19162198669623,4.11739857958706,0.000207076527623638,0.00132279057731996,0.63584944707275,"ENSSSCT00000052592.2","ENSSSCG00000010461","ANKRD1","ANKRD1","Significant"
"ENSSSCT00000005449.5",1.02426110433972,2.02019099760328,4.22669288027981,0.000149586388272092,0.00102117139933486,0.63317980646635,"ENSSSCT00000005449.5","ENSSSCG00000004938","DENND4A","DENND4A","Significant"
"ENSSSCT00000057635.2",-3.26436766897545,1.77025936511163,-4.18664158082234,0.000168564162997554,0.00112504932863301,0.630821715512243,"ENSSSCT00000057635.2","ENSSSCG00000011070","MPP7","MPP7","Significant"
"ENSSSCT00000101905.1",3.98657856092443,-1.2195094724743,4.11946496312101,0.000205811644451709,0.00131599977558414,0.630460804553558,"ENSSSCT00000101905.1","ENSSSCG00000021821","MYO1C","MYO1C","Significant"
"ENSSSCT00000075785.2",1.35967707503577,-0.57099612738819,4.11315186263268,0.000209699936029495,0.00133675349579662,0.62792798943328,"ENSSSCT00000075785.2","ENSSSCG00000034746","CAPN8","CAPN8","Significant"
"ENSSSCT00000006200.6",-1.14828991839177,10.6853774139832,-4.62045216170737,4.55754128262692e-05,0.000387771597021837,0.62400611034391,"ENSSSCT00000006200.6","ENSSSCG00000005638","LCN2","LCN2","Significant"
"ENSSSCT00000095010.1",1.01055757917249,-0.781330294503421,4.1101575336652,0.000211569172127985,0.00134451378831684,0.623640626599991,"ENSSSCT00000095010.1","ENSSSCG00000055484",NA,"ENSSSCG00000055484","Significant"
"ENSSSCT00000071726.1",-1.43974009150817,-0.488677643817601,-4.11246584555268,0.00021012675818187,0.00133819919497413,0.621745144476981,"ENSSSCT00000071726.1","ENSSSCG00000036735","VCPKMT","VCPKMT","Significant"
"ENSSSCT00000096112.1",-2.62176011642547,-4.92180568630774,-4.1286455227926,0.000200282689376201,0.00128848003244311,0.618280299365566,"ENSSSCT00000096112.1","ENSSSCG00000034756","PLB1","PLB1","Significant"
"ENSSSCT00000003864.5",-1.16988381542671,1.94672680443632,-4.21848139225486,0.000153298512695823,0.00104236594534611,0.618151264912426,"ENSSSCT00000003864.5","ENSSSCG00000003478","CROCC","CROCC","Significant"
"ENSSSCT00000088858.1",1.15702142166188,1.02236752005966,4.1608488571727,0.000182012477192842,0.00119595622861657,0.609562942127475,"ENSSSCT00000088858.1","ENSSSCG00000050540",NA,"ENSSSCG00000050540","Significant"
"ENSSSCT00000101589.1",-1.30572449795307,-0.567529886450613,-4.10393923905119,0.000215503144740111,0.0013667116380289,0.608320777398188,"ENSSSCT00000101589.1","ENSSSCG00000056234",NA,"ENSSSCG00000056234","Significant"
"ENSSSCT00000059702.3",1.31405518593581,0.945669422838729,4.13021438541316,0.00019935248336184,0.00128430203885933,0.60494555322403,"ENSSSCT00000059702.3","ENSSSCG00000004832","UBE3A","UBE3A","Significant"
"ENSSSCT00000041834.3",2.76105626977053,-0.067111963264238,4.10874607964966,0.000212455919929677,0.00134974918421418,0.603936871186559,"ENSSSCT00000041834.3","ENSSSCG00000004132","PHACTR2","PHACTR2","Significant"
"ENSSSCT00000047118.3",2.63715605468045,0.634461951481765,4.13348787129929,0.00019742515276918,0.00127498097492882,0.603637034447178,"ENSSSCT00000047118.3","ENSSSCG00000006872","AGL","AGL","Significant"
"ENSSSCT00000061711.1",3.30087183253285,0.772932730391616,4.11936542645347,0.000205872399802185,0.00131613014179421,0.593535252302962,"ENSSSCT00000061711.1","ENSSSCG00000025565",NA,"ENSSSCG00000025565","Significant"
"ENSSSCT00000019074.5",-1.41996802754896,2.46475801622693,-4.22161740132403,0.000151870306955351,0.00103438050720122,0.592945569651041,"ENSSSCT00000019074.5","ENSSSCG00000017520","LRRC46","LRRC46","Significant"
"ENSSSCT00000038940.2",2.32213500852772,2.55829984210708,4.20798117057076,0.000158176927266297,0.00106752236319403,0.590502152551863,"ENSSSCT00000038940.2","ENSSSCG00000005518",NA,"ENSSSCG00000005518","Significant"
"ENSSSCT00000073801.1",1.73624878103212,2.90065568076468,4.24464731899127,0.000141773844313539,0.000977457056459848,0.589060298130014,"ENSSSCT00000073801.1","ENSSSCG00000012149","RBBP7","RBBP7","Significant"
"ENSSSCT00000028395.4",1.60525173537237,-1.9515763834601,4.09570746829771,0.000220820993263364,0.00139501020429349,0.586304375954716,"ENSSSCT00000028395.4","ENSSSCG00000030461","HEPHL1","HEPHL1","Significant"
"ENSSSCT00000037319.3",-1.50434355159979,-3.09333720093491,-4.10058578837575,0.000217654252394935,0.00137820921442697,0.574502988530877,"ENSSSCT00000037319.3","ENSSSCG00000034127","SHISAL2A","SHISAL2A","Significant"
"ENSSSCT00000044583.3",1.48677232448369,0.98115527587987,4.14125242921803,0.000192926156737882,0.00125227242967985,0.573023023671762,"ENSSSCT00000044583.3","ENSSSCG00000008406","CCDC88A","CCDC88A","Significant"
"ENSSSCT00000103363.1",-2.8980169329399,-4.12379152288274,-4.10002424428561,0.000218016505097996,0.00137977955011745,0.570043777558646,"ENSSSCT00000103363.1","ENSSSCG00000028996","ALDH1A1","ALDH1A1","Significant"
"ENSSSCT00000012990.4",-2.78157787768189,-4.19626260753765,-4.10337498756901,0.00021586363128668,0.00136838308971731,0.563115585420094,"ENSSSCT00000012990.4","ENSSSCG00000011876","DTX3L","DTX3L","Significant"
"ENSSSCT00000082355.2",1.88588245311023,0.737603035551706,4.11076724094367,0.00021118724196147,0.00134299762764029,0.560493335276101,"ENSSSCT00000082355.2","ENSSSCG00000012000","GBE1","GBE1","Significant"
"ENSSSCT00000061621.2",-1.08098755795857,0.695354197693243,-4.13353981284977,0.000197394718397401,0.00127498097492882,0.5589534638241,"ENSSSCT00000061621.2","ENSSSCG00000015944","TLK1","TLK1","Significant"
"ENSSSCT00000056841.3",2.4822519903,2.560113586537,4.20896958518706,0.000157711303636312,0.00106570349093436,0.556791483718509,"ENSSSCT00000056841.3","ENSSSCG00000007606","TRRAP","TRRAP","Significant"
"ENSSSCT00000017987.5",2.37073346144766,-2.82079079762027,4.09175902621368,0.000223417016156008,0.00140977131696352,0.556614514689509,"ENSSSCT00000017987.5","ENSSSCG00000016519","AKR1D1","AKR1D1","Significant"
"ENSSSCT00000006779.4",-1.4433321748771,-3.17595308427384,-4.0931606187376,0.000222492102698867,0.00140502276126165,0.556261236090564,"ENSSSCT00000006779.4","ENSSSCG00000006185","KCNB2","KCNB2","Significant"
"ENSSSCT00000102712.1",-2.72925995540195,-1.09783439007001,-4.08267116451524,0.000229505858741224,0.00144057601260081,0.553692188926645,"ENSSSCT00000102712.1","ENSSSCG00000000059","XRCC6","XRCC6","Significant"
"ENSSSCT00000029759.4",1.22456981725933,2.37182080876835,4.2245240764247,0.000150558184655922,0.00102673061127832,0.550344760780432,"ENSSSCT00000029759.4","ENSSSCG00000023326","PNRC2","PNRC2","Significant"
"ENSSSCT00000106721.1",4.50071344232548,-3.07868062209695,4.08534033681441,0.000227700910948247,0.001432014269608,0.550028173263571,"ENSSSCT00000106721.1","ENSSSCG00000007642",NA,"ENSSSCG00000007642","Significant"
"ENSSSCT00000055275.2",5.75765369920459,-0.350175604887632,4.08139219839896,0.000230375664131633,0.00144473233893687,0.549944168596899,"ENSSSCT00000055275.2","ENSSSCG00000010312","PLAU","PLAU","Significant"
"ENSSSCT00000107882.1",-2.21590383684301,-1.46814551272698,-4.08193528518031,0.000230005926630212,0.00144296964245746,0.546146290240022,"ENSSSCT00000107882.1","ENSSSCG00000063585",NA,"ENSSSCG00000063585","Significant"
"ENSSSCT00000089928.3",-3.62181303999643,-4.1569521103607,-4.0899716905118,0.000224601930510257,0.0014161518743679,0.540094918487784,"ENSSSCT00000089928.3","ENSSSCG00000024125","KPNA3","KPNA3","Significant"
"ENSSSCT00000010823.3",-1.26012104160654,0.475859210096873,-4.10243366569414,0.000216466330279687,0.00137175281485693,0.539728476458365,"ENSSSCT00000010823.3","ENSSSCG00000009875","CFAP73","CFAP73","Significant"
"ENSSSCT00000025684.4",1.09068879133174,2.51007084138724,4.21649360175818,0.000154210596269741,0.00104769374469236,0.538892771954404,"ENSSSCT00000025684.4","ENSSSCG00000021862","PTGER2","PTGER2","Significant"
"ENSSSCT00000089532.2",-1.08257229990367,2.52335294800861,-4.22415098172482,0.000150725982837715,0.00102759148588206,0.536988399300744,"ENSSSCT00000089532.2","ENSSSCG00000007351","FAM83D","FAM83D","Significant"
"ENSSSCT00000014740.5",-2.02997176423107,-0.324514386465878,-4.08112980487982,0.000230554511425711,0.00144474328090023,0.535277000368874,"ENSSSCT00000014740.5","ENSSSCG00000013494","MATK","MATK","Significant"
"ENSSSCT00000011468.4",-1.3073132171176,-0.518493752929599,-4.08221058346291,0.00022981872285757,0.00144207267899311,0.531696397621102,"ENSSSCT00000011468.4","ENSSSCG00000010480","PDE6C","PDE6C","Significant"
"ENSSSCT00000077274.1",1.38589958551594,-3.94048925586257,4.0869518702048,0.000226617877667801,0.00142693110920838,0.530455344855522,"ENSSSCT00000077274.1","ENSSSCG00000043695",NA,"ENSSSCG00000043695","Significant"
"ENSSSCT00000017530.5",-1.45004232964285,-0.297386515801177,-4.07998364949363,0.000231337320876054,0.0014488777354093,0.526243151583381,"ENSSSCT00000017530.5","ENSSSCG00000016100",NA,"ENSSSCG00000016100","Significant"
"ENSSSCT00000030062.3",-1.37508474825386,-1.17395531837707,-4.07125285053175,0.000237386108650388,0.00148242418817032,0.521299246511373,"ENSSSCT00000030062.3","ENSSSCG00000023550","IL1RL2","IL1RL2","Significant"
"ENSSSCT00000106185.1",-1.34163990425183,1.55437825856084,-4.14888337219032,0.000188602296487306,0.00122885477111753,0.520189453123443,"ENSSSCT00000106185.1","ENSSSCG00000059456",NA,"ENSSSCG00000059456","Significant"
"ENSSSCT00000077557.2",-3.29713087808482,-4.1378837074709,-4.08499548646961,0.000227933323680226,0.00143290733145,0.518269049374515,"ENSSSCT00000077557.2","ENSSSCG00000008836","SCFD2","SCFD2","Significant"
"ENSSSCT00000029720.4",1.3573721476042,0.954959770623758,4.12476126222196,0.000202604025485447,0.00130033496986762,0.517553586720594,"ENSSSCT00000029720.4","ENSSSCG00000057415","DSC3","DSC3","Significant"
"ENSSSCT00000096961.1",2.38691374592542,-3.87871789567743,4.08321974320881,0.000229133762035394,0.00143915954101367,0.516199869946141,"ENSSSCT00000096961.1","ENSSSCG00000001723","PLA2G7","PLA2G7","Significant"
"ENSSSCT00000074233.2",1.61969155529624,4.16230682839135,4.30392221977957,0.000118715750490058,0.000846219573453839,0.508051058231423,"ENSSSCT00000074233.2","ENSSSCG00000017094","MARCHF6","MARCHF6","Significant"
"ENSSSCT00000052196.3",4.20682042306108,-2.67082638678278,4.06691674183257,0.000240447311501181,0.0014972391413645,0.503834929516871,"ENSSSCT00000052196.3","ENSSSCG00000007568","IQCE","IQCE","Significant"
"ENSSSCT00000028975.4",-1.57891580178869,-5.10928532310312,-4.08600368300801,0.000227254497598456,0.00143002344446172,0.499681600603403,"ENSSSCT00000028975.4","ENSSSCG00000030113","SHISA2","SHISA2","Significant"
"ENSSSCT00000040005.3",-1.05973493589675,2.15755242258114,-4.17095322728039,0.000176623448780463,0.00116831627592579,0.49909520764423,"ENSSSCT00000040005.3","ENSSSCG00000031963","SAXO2","SAXO2","Significant"
"ENSSSCT00000061901.1",2.16474011064356,-0.675838155694141,4.06609502901056,0.000241031750511056,0.00150001893370156,0.495447931914876,"ENSSSCT00000061901.1","ENSSSCG00000008963","AREG","AREG","Significant"
"ENSSSCT00000097434.1",1.17088904724576,0.208237862711149,4.08287386331531,0.000229368301035929,0.00144035517853918,0.494314365267621,"ENSSSCT00000097434.1","ENSSSCG00000063366",NA,"ENSSSCG00000063366","Significant"
"ENSSSCT00000090711.2",1.96413374557711,2.61793826955133,4.18713126969584,0.000168318484306608,0.00112363961145222,0.493954608634982,"ENSSSCT00000090711.2","ENSSSCG00000023408","SAMD4A","SAMD4A","Significant"
"ENSSSCT00000062923.3",-2.65078208973106,-1.21708835734994,-4.0602747951191,0.000245211232259526,0.00152225190719528,0.493394868371154,"ENSSSCT00000062923.3","ENSSSCG00000016888","MOCS2","MOCS2","Significant"
"ENSSSCT00000029402.3",-3.09608424600587,-0.619316856650903,-4.06854980328764,0.000239289907791286,0.00149088632784771,0.492560549666857,"ENSSSCT00000029402.3","ENSSSCG00000026276","ZBTB40","ZBTB40","Significant"
"ENSSSCT00000095749.1",1.8172571608062,-3.41410980792042,4.07048544787688,0.00023792509456552,0.00148380064713355,0.489769293559714,"ENSSSCT00000095749.1","ENSSSCG00000023618","FRMD7","FRMD7","Significant"
"ENSSSCT00000088529.2",-4.58165892289891,0.764398480253519,-4.07063989769255,0.000237816520683458,0.00148369112904008,0.484707159598245,"ENSSSCT00000088529.2","ENSSSCG00000016564","UBE2H","UBE2H","Significant"
"ENSSSCT00000062134.3",-2.13191376927192,-1.72806803449564,-4.05790220745379,0.000246935192682232,0.00153178748520006,0.482042518867766,"ENSSSCT00000062134.3","ENSSSCG00000016866","GHR","GHR","Significant"
"ENSSSCT00000088079.2",1.4077068058546,4.61913397797428,4.37522438883653,9.58145621258812e-05,0.000711927525877901,0.478475683391848,"ENSSSCT00000088079.2","ENSSSCG00000007478","ATP9A","ATP9A","Significant"
"ENSSSCT00000093573.1",-1.26593666487945,-1.80064326733814,-4.05453924040891,0.000249399056168055,0.00154530726478587,0.477468327499486,"ENSSSCT00000093573.1","ENSSSCG00000040510","KIF9","KIF9","Significant"
"ENSSSCT00000103342.1",-2.04564964291686,1.18912820194346,-4.11643318367105,0.000207670069884781,0.00132580281153777,0.47557414703537,"ENSSSCT00000103342.1","ENSSSCG00000008358","ACTR2","ACTR2","Significant"
"ENSSSCT00000054328.2",-2.80043840117278,-3.1763703870669,-4.0593757557875,0.000245863102269265,0.0015257176601422,0.474073824560855,"ENSSSCT00000054328.2","ENSSSCG00000032220","CNOT10","CNOT10","Significant"
"ENSSSCT00000031509.4",1.59724103113629,0.402897154851072,4.08643662428611,0.000226963601271366,0.00142883206330404,0.470601021317076,"ENSSSCT00000031509.4","ENSSSCG00000006474","NES","NES","Significant"
"ENSSSCT00000011513.5",-1.86954157511844,-2.16993188358412,-4.05048511560635,0.000252401193836931,0.00155902281125467,0.46873771835767,"ENSSSCT00000011513.5","ENSSSCG00000010523","HOGA1","HOGA1","Significant"
"ENSSSCT00000015634.6",2.93208691197096,-1.00094397468717,4.05098417655525,0.000252029737713998,0.00155775878074449,0.467545178690899,"ENSSSCT00000015634.6","ENSSSCG00000014310","CXCL14","CXCL14","Significant"
"ENSSSCT00000028144.4",-1.42902124248099,-1.14777441959181,-4.05027257591074,0.000252559551410719,0.00155955522996119,0.46732470880596,"ENSSSCT00000028144.4","ENSSSCG00000021971","DPEP1","DPEP1","Significant"
"ENSSSCT00000091165.1",-1.23587438461452,1.86492421374115,-4.13895321902135,0.000194247832388159,0.00125959751932847,0.467235509942095,"ENSSSCT00000091165.1","ENSSSCG00000000117","C22orf23","C22orf23","Significant"
"ENSSSCT00000012163.5",-1.73336510582975,1.20100494897309,-4.10805484147587,0.000212891514617057,0.00135225305719355,0.466971876185649,"ENSSSCT00000012163.5","ENSSSCG00000011114","SEC61A2","SEC61A2","Significant"
"ENSSSCT00000090508.2",1.16653310722904,4.41151655220578,4.33078599673605,0.000109517665098882,0.000791540069518471,0.464700097170089,"ENSSSCT00000090508.2","ENSSSCG00000002753","NOB1","NOB1","Significant"
"ENSSSCT00000016702.5",1.09572757488524,1.61148720929944,4.13423057821101,0.000196990410549848,0.00127358226166315,0.464310791945784,"ENSSSCT00000016702.5","ENSSSCG00000015329","PPP1R9A","PPP1R9A","Significant"
"ENSSSCT00000091287.1",2.94164444417084,-3.70954754477499,4.04765061450788,0.000254521095185331,0.00156840026222312,0.458792987006562,"ENSSSCT00000091287.1","ENSSSCG00000014831","PAAF1","PAAF1","Significant"
"ENSSSCT00000081668.1",6.28353205021068,-2.38611776602954,4.04888326333279,0.000253597080836911,0.00156418449179089,0.457835014691518,"ENSSSCT00000081668.1","ENSSSCG00000040710","SURF4","SURF4","Significant"
"ENSSSCT00000090071.2",2.83978051845833,-0.43121714748889,4.05511510629573,0.00024897545508936,0.00154297581025157,0.457463074825517,"ENSSSCT00000090071.2","ENSSSCG00000031572","MFF","MFF","Significant"
"ENSSSCT00000005079.5",2.84542730367,-2.17579091925285,4.04550430753463,0.000256137847430137,0.00157687280544037,0.452405345605121,"ENSSSCT00000005079.5","ENSSSCG00000004598","MYZAP","MYZAP","Significant"
"ENSSSCT00000074404.2",-4.11463591907039,-2.08790653988237,-4.04484725426348,0.000256634786850313,0.00157959061325973,0.450682155606088,"ENSSSCT00000074404.2","ENSSSCG00000011772","ATP11B","ATP11B","Significant"
"ENSSSCT00000054066.1",-1.39262107955272,2.61998791162076,-4.17989724110254,0.000171983729352095,0.00114428706990795,0.443413082974552,"ENSSSCT00000054066.1","ENSSSCG00000037270","DYNLT4","DYNLT4","Significant"
"ENSSSCT00000034136.3",-1.14989740123157,1.50821667655634,-4.13094938539911,0.000198918142801179,0.00128273875156045,0.437307278012884,"ENSSSCT00000034136.3","ENSSSCG00000012530","TCEAL2","TCEAL2","Significant"
"ENSSSCT00000023638.4",2.5376251499599,-4.45897829718044,4.05308411304729,0.000250472568820385,0.00155078002921,0.434411633201933,"ENSSSCT00000023638.4","ENSSSCG00000027114","PODN","PODN","Significant"
"ENSSSCT00000106579.1",-2.01604231209163,-4.07765303299657,-4.05233917389414,0.000251023887277964,0.0015536034208069,0.432943009574998,"ENSSSCT00000106579.1","ENSSSCG00000023032","SCG2","SCG2","Significant"
"ENSSSCT00000080532.2",-2.19667566183027,-3.98366419566506,-4.0508654371646,0.000252118068264739,0.00155800938167239,0.432337565439146,"ENSSSCT00000080532.2","ENSSSCG00000025013","RTN1","RTN1","Significant"
"ENSSSCT00000068729.2",1.71946212762386,3.34118817301877,4.20575402637515,0.000159231031178248,0.00107419171126332,0.426873144578142,"ENSSSCT00000068729.2","ENSSSCG00000005282","VPS13A","VPS13A","Significant"
"ENSSSCT00000080519.1",-2.44291244423752,2.28319106576694,-4.13986490107717,0.000193722706378957,0.00125654624779157,0.425467551723742,"ENSSSCT00000080519.1","ENSSSCG00000035949","FTO","FTO","Significant"
"ENSSSCT00000049613.3",-3.46358375826962,-0.54808495083441,-4.04124495341166,0.000259376019603701,0.00159379867002621,0.424343184766966,"ENSSSCT00000049613.3","ENSSSCG00000006108","TMEM67","TMEM67","Significant"
"ENSSSCT00000061624.3",1.37538107413598,-0.976687129626808,4.03378314945945,0.000265145361462971,0.00162435162817338,0.422438744054976,"ENSSSCT00000061624.3","ENSSSCG00000034308","LRMDA","LRMDA","Significant"
"ENSSSCT00000093030.1",-3.19967063739633,-0.24592769117161,-4.05403457018865,0.000249770864537502,0.00154715293394226,0.422297923239074,"ENSSSCT00000093030.1","ENSSSCG00000029478","CUL4B","CUL4B","Significant"
"ENSSSCT00000077973.2",1.10793923532348,2.23988050778423,4.16792920138376,0.000178219692667691,0.00117553608329707,0.418588517863892,"ENSSSCT00000077973.2","ENSSSCG00000011822","OPA1","OPA1","Significant"
"ENSSSCT00000091592.2",-1.79787773493068,0.297717900383861,-4.05332282965162,0.000250296148266185,0.00154998207370763,0.416906584957073,"ENSSSCT00000091592.2","ENSSSCG00000008681","NELFA","NELFA","Significant"
"ENSSSCT00000053091.3",-1.801531016109,-4.9196639735899,-4.04703034867476,0.000254987298281031,0.00157067936390605,0.411894069721312,"ENSSSCT00000053091.3","ENSSSCG00000005349","GRHPR","GRHPR","Significant"
"ENSSSCT00000046887.3",1.03311211063994,-1.06196507456282,4.03148489483655,0.000266947408468267,0.00163416321924509,0.411502698593217,"ENSSSCT00000046887.3","ENSSSCG00000003976","NFYC","NFYC","Significant"
"ENSSSCT00000079772.2",-1.21443259644447,-0.665371842832878,-4.0307624349666,0.000267516348049669,0.00163641707538676,0.411388629006081,"ENSSSCT00000079772.2","ENSSSCG00000001884","COMMD4","COMMD4","Significant"
"ENSSSCT00000106965.1",-1.01681221206225,0.885251122692477,-4.08387301261607,0.000228691422710944,0.00143721186315876,0.409055667128918,"ENSSSCT00000106965.1","ENSSSCG00000003419","MAD2L2","MAD2L2","Significant"
"ENSSSCT00000061063.3",-3.03302016089015,-4.09470975993024,-4.03526661750756,0.000263988489539521,0.00161817648297547,0.408331140363463,"ENSSSCT00000061063.3","ENSSSCG00000001723","PLA2G7","PLA2G7","Significant"
"ENSSSCT00000059078.3",-2.2534663786892,-3.75139574532016,-4.02982360471277,0.000268257446989385,0.00163941252139492,0.389331927325304,"ENSSSCT00000059078.3","ENSSSCG00000036724","CRYAB","CRYAB","Significant"
"ENSSSCT00000055569.3",1.53437877721385,-1.02802924584512,4.01983566588615,0.000276266763827591,0.0016829973034071,0.382226628403952,"ENSSSCT00000055569.3","ENSSSCG00000010685","TIAL1","TIAL1","Significant"
"ENSSSCT00000028929.4",1.39555987113478,2.97500450823518,4.19475213126582,0.000164539926724901,0.00110202542541879,0.37802517448841,"ENSSSCT00000028929.4","ENSSSCG00000009925","GIT2","GIT2","Significant"
"ENSSSCT00000091317.2",-2.62022480016335,-4.95313435313552,-4.03470590375115,0.000264425178286804,0.00162054859264341,0.377365831717881,"ENSSSCT00000091317.2","ENSSSCG00000010248","KIFBP","KIFBP","Significant"
"ENSSSCT00000082627.2",1.00967390184431,4.4434561335775,4.33943814650754,0.000106706892555342,0.000775539796004096,0.374763407538724,"ENSSSCT00000082627.2","ENSSSCG00000024578","PHLDB1","PHLDB1","Significant"
"ENSSSCT00000087801.2",2.11863307583889,2.53055737452848,4.16234267286594,0.000181205758559944,0.00119137579191135,0.37264122437294,"ENSSSCT00000087801.2","ENSSSCG00000015555","LAMC1","LAMC1","Significant"
"ENSSSCT00000018446.4",1.72813051942892,1.82537050802325,4.08529328332521,0.000227732609125183,0.001432014269608,0.371678546631821,"ENSSSCT00000018446.4","ENSSSCG00000016938","IPO11","IPO11","Significant"
"ENSSSCT00000043395.3",-3.32247812867364,-4.62483448862067,-4.02406387543816,0.000272848104558213,0.00166528259098015,0.369549710829149,"ENSSSCT00000043395.3","ENSSSCG00000015710","ACTR3","ACTR3","Significant"
"ENSSSCT00000049605.3",2.69752349094173,1.72196781672521,4.06233949154128,0.00024372055239462,0.00151386261959882,0.368666435492432,"ENSSSCT00000049605.3","ENSSSCG00000039860",NA,"ENSSSCG00000039860","Significant"
"ENSSSCT00000001670.5",1.63617589644484,-1.63750242368597,4.01102748663955,0.000283523131607062,0.00172141306944444,0.365371854850356,"ENSSSCT00000001670.5","ENSSSCG00000001498","BEND6","BEND6","Significant"
"ENSSSCT00000058815.3",2.04033634027303,3.51224644934509,4.16580439480717,0.000179349711936422,0.0011813167692879,0.364597728292668,"ENSSSCT00000058815.3","ENSSSCG00000015214","STT3A","STT3A","Significant"
"ENSSSCT00000048448.3",3.39728941105751,2.58919507967537,4.12210232018641,0.000204208216986095,0.00130831297044894,0.363042491160468,"ENSSSCT00000048448.3","ENSSSCG00000006752","CSDE1","CSDE1","Significant"
"ENSSSCT00000103396.1",-2.33383714882516,-4.0281329405185,-4.0219740166209,0.000274532643466773,0.00167399706519369,0.362058643327154,"ENSSSCT00000103396.1","ENSSSCG00000058083",NA,"ENSSSCG00000058083","Significant"
"ENSSSCT00000014803.4",2.1508858083286,-1.02944747628328,4.00893973676916,0.000285270112903813,0.00172944342899143,0.350895876328999,"ENSSSCT00000014803.4","ENSSSCG00000013553","VAV1","VAV1","Significant"
"ENSSSCT00000066373.3",4.02564026223761,-3.62700401190532,4.00814026888389,0.000285941863638415,0.00173254943729174,0.346529836790573,"ENSSSCT00000066373.3","ENSSSCG00000036549","DPYSL3","DPYSL3","Significant"
"ENSSSCT00000093103.1",2.17995140292478,-3.65467669818889,4.010920495431,0.000283612405339389,0.00172163449333187,0.344650357010812,"ENSSSCT00000093103.1","ENSSSCG00000060477",NA,"ENSSSCG00000060477","Significant"
"ENSSSCT00000012079.5",3.38013447912206,-0.154439333385223,4.00873789033874,0.000285439568531478,0.00173014904116012,0.344056652340895,"ENSSSCT00000012079.5","ENSSSCG00000011036","STAM","STAM","Significant"
"ENSSSCT00000038026.3",-1.28817200547469,1.40434143618658,-4.06839688486511,0.000239398054890471,0.00149127515889356,0.342710885555976,"ENSSSCT00000038026.3","ENSSSCG00000010104",NA,"ENSSSCG00000010104","Significant"
"ENSSSCT00000088016.2",2.09644016142729,3.3159157911629,4.17901522134223,0.000172435926248019,0.00114643167605841,0.342124529892799,"ENSSSCT00000088016.2","ENSSSCG00000007735","RABGEF1","RABGEF1","Significant"
"ENSSSCT00000000951.4",-1.70607710106464,3.74801177223711,-4.23719438267708,0.000144967096190408,0.000994637896998584,0.334998191041661,"ENSSSCT00000000951.4","ENSSSCG00000000871","SLC5A8","SLC5A8","Significant"
"ENSSSCT00000053541.2",-3.31236155497777,-3.43032255285113,-4.00035013229953,0.00029256872775735,0.00176613790035191,0.331214028673321,"ENSSSCT00000053541.2","ENSSSCG00000004936","INTS14","INTS14","Significant"
"ENSSSCT00000061522.3",1.48871461519041,0.634285413173036,4.03954177460107,0.000260682006529495,0.00160031559798299,0.329634245671222,"ENSSSCT00000061522.3","ENSSSCG00000013174","CTNND1","CTNND1","Significant"
"ENSSSCT00000059574.2",1.64354967795319,-0.234687909496955,4.01883090844192,0.000277085266883349,0.00168735301484212,0.328170342528474,"ENSSSCT00000059574.2","ENSSSCG00000015537","XPR1","XPR1","Significant"
"ENSSSCT00000094883.1",-2.34196328411028,-5.03490024918346,-4.01401457997641,0.000281041721671345,0.00170921176895589,0.32757090788842,"ENSSSCT00000094883.1","ENSSSCG00000014020","CANX","CANX","Significant"
"ENSSSCT00000028726.4",-1.02052325462362,1.34441110482914,-4.0698898297618,0.00023834425060034,0.00148584626129512,0.326801299684417,"ENSSSCT00000028726.4","ENSSSCG00000026962","A4GALT","A4GALT","Significant"
"ENSSSCT00000018598.5",3.76601008422472,-1.69014202808975,3.99590586147385,0.000296416150935313,0.0017848996942239,0.325463887371455,"ENSSSCT00000018598.5","ENSSSCG00000017082","SPARC","SPARC","Significant"
"ENSSSCT00000016810.4",1.14246498568307,2.08939400027652,4.12481822177833,0.00020256979575945,0.00130033496986762,0.321844467900735,"ENSSSCT00000016810.4","ENSSSCG00000015430","RINT1","RINT1","Significant"
"ENSSSCT00000010445.4",-1.78623552642215,-2.3101416791247,-3.99550197052031,0.000296768234736772,0.0017848996942239,0.318891981367389,"ENSSSCT00000010445.4","ENSSSCG00000009527","FGF14","FGF14","Significant"
"ENSSSCT00000007080.5",1.73849569165911,-4.81679213803572,4.00915252729086,0.000285091575581739,0.00172868248656631,0.318882193119451,"ENSSSCT00000007080.5","ENSSSCG00000006463","PEAR1","PEAR1","Significant"
"ENSSSCT00000028456.4",-2.28482989746197,-4.01019644046715,-4.00422470279002,0.000289254237154272,0.00174936841925021,0.316813317277528,"ENSSSCT00000028456.4","ENSSSCG00000026701",NA,"ENSSSCG00000026701","Significant"
"ENSSSCT00000093556.1",-5.50663999006776,-0.160863670169115,-4.00313354835539,0.000290183942435685,0.00175368994609325,0.313681488478855,"ENSSSCT00000093556.1","ENSSSCG00000010569","OGA","OGA","Significant"
"ENSSSCT00000005004.5",1.34173877552939,-2.62621046548915,3.99546276927212,0.00029680242932148,0.0017848996942239,0.310421321354432,"ENSSSCT00000005004.5","ENSSSCG00000004530","STARD6","STARD6","Significant"
"ENSSSCT00000085140.2",-1.84868433479729,-0.693996727367282,-4.00209396986665,0.000291072411593923,0.00175873330385624,0.306058471889813,"ENSSSCT00000085140.2","ENSSSCG00000009524","TMTC4","TMTC4","Significant"
"ENSSSCT00000067577.2",2.68330291232524,-3.41394172124527,3.99039592593044,0.000301254616491781,0.001806530350579,0.304711101970965,"ENSSSCT00000067577.2","ENSSSCG00000006287","SELL","SELL","Significant"
"ENSSSCT00000087317.3",-4.40222644024931,-0.659571571834108,-3.99207025343695,0.000299776250310292,0.00179898856343029,0.298782688983032,"ENSSSCT00000087317.3","ENSSSCG00000006543","ADAR","ADAR","Significant"
"ENSSSCT00000103190.1",-2.50193882238088,-3.22440292237151,-3.99217753188758,0.000299681768932968,0.0017987526499062,0.297556475028748,"ENSSSCT00000103190.1","ENSSSCG00000061966","RAD51D","RAD51D","Significant"
"ENSSSCT00000036817.3",1.72548492982054,3.29713604360832,4.14392329788793,0.00019140187269181,0.00124336853103084,0.296707228843615,"ENSSSCT00000036817.3","ENSSSCG00000010882","CNST","CNST","Significant"
"ENSSSCT00000049337.2",-2.78543695643829,-0.16399320543432,-3.99950697065786,0.000293294896239412,0.00176986614787892,0.294936613651095,"ENSSSCT00000049337.2","ENSSSCG00000017301","TLK2","TLK2","Significant"
"ENSSSCT00000029139.4",-1.00362530547458,2.32717779907435,-4.12166403697731,0.000204473830642323,0.00130950005387199,0.294461097484242,"ENSSSCT00000029139.4","ENSSSCG00000026689",NA,"ENSSSCG00000026689","Significant"
"ENSSSCT00000049225.3",2.2801669634744,0.498574606773844,4.00766573983752,0.000286341314264869,0.00173464738206834,0.285639136809258,"ENSSSCT00000049225.3","ENSSSCG00000003792",NA,"ENSSSCG00000003792","Significant"
"ENSSSCT00000012494.6",1.04749968406984,-0.545019963376086,3.98677799172351,0.000304473408752397,0.00182348475734077,0.281091830795287,"ENSSSCT00000012494.6","ENSSSCG00000040581","CISH","CISH","Significant"
"ENSSSCT00000079646.2",-2.46136439624417,-1.15281392846616,-3.97596377231203,0.000314295583146122,0.0018750765220304,0.268103405032489,"ENSSSCT00000079646.2","ENSSSCG00000002026","EFS","EFS","Significant"
"ENSSSCT00000027631.4",-1.48324495041943,-0.00200780879278762,-3.98847331715385,0.000302960967169796,0.00181509360044175,0.266464065138638,"ENSSSCT00000027631.4","ENSSSCG00000028661","ENKD1","ENKD1","Significant"
"ENSSSCT00000014769.4",1.16064583387205,5.47029417480961,4.34574971406869,0.000104701276309108,0.00076389238547767,0.264334446516239,"ENSSSCT00000014769.4","ENSSSCG00000013522","SAFB","SAFB","Significant"
"ENSSSCT00000056618.2",1.17707401095019,5.26893682709172,4.33729082611405,0.000107397802484037,0.000779345193009026,0.263071434598435,"ENSSSCT00000056618.2","ENSSSCG00000040546","PXN","PXN","Significant"
"ENSSSCT00000087021.2",-3.5572235348889,-3.0455897314298,-3.97156902825738,0.000318374764445365,0.00189455937579425,0.260729506645407,"ENSSSCT00000087021.2","ENSSSCG00000027859","HDAC7","HDAC7","Significant"
"ENSSSCT00000070344.2",-4.19005415201338,-2.96216959672118,-3.96657351961976,0.000323074195591101,0.00191657770615944,0.248353104156118,"ENSSSCT00000070344.2","ENSSSCG00000003909","PIK3R3","PIK3R3","Significant"
"ENSSSCT00000008142.3",-1.09603875149211,4.02503882241314,-4.2641180705777,0.000133753150828848,0.000931216683669395,0.246996859442292,"ENSSSCT00000008142.3","ENSSSCG00000007438","NCOA5","NCOA5","Significant"
"ENSSSCT00000088589.2",-1.62014783253933,-2.94257830804585,-3.96834823190908,0.000321396984014042,0.00190905944011547,0.246730798758374,"ENSSSCT00000088589.2","ENSSSCG00000046261","TEX26","TEX26","Significant"
"ENSSSCT00000041632.2",2.15797993414119,4.31521168316972,4.16612543098733,0.000179178529442644,0.0011806662841447,0.241260798076973,"ENSSSCT00000041632.2","ENSSSCG00000010627","PDCD4","PDCD4","Significant"
"ENSSSCT00000088305.2",-2.49294768813777,-3.50391719377667,-3.97074261037245,0.0003191475799439,0.00189846518819393,0.24119022247211,"ENSSSCT00000088305.2","ENSSSCG00000062259","ICAM2","ICAM2","Significant"
"ENSSSCT00000048062.3",-1.0283268479947,2.80103460881449,-4.17099906938076,0.000176599358781177,0.00116831627592579,0.238777173241929,"ENSSSCT00000048062.3","ENSSSCG00000010203",NA,"ENSSSCG00000010203","Significant"
"ENSSSCT00000080880.1",1.29270200680302,1.45639194430167,4.05284944515007,0.000250646115479871,0.00155155989160921,0.23835098462435,"ENSSSCT00000080880.1","ENSSSCG00000028336","YIPF6","YIPF6","Significant"
"ENSSSCT00000038210.3",-3.26285478797514,-3.73840505044765,-3.96437860632776,0.000325160313604616,0.00192860230394122,0.233560275714539,"ENSSSCT00000038210.3","ENSSSCG00000011524","CHL1","CHL1","Significant"
"ENSSSCT00000040681.2",-2.97273908933059,-3.39564555595732,-3.96706084074599,0.000322612800443629,0.00191418885271412,0.233176904981383,"ENSSSCT00000040681.2","ENSSSCG00000026626","RER1","RER1","Significant"
"ENSSSCT00000045836.3",1.09327434683602,3.22119015971547,4.20192037254633,0.000161061621637187,0.00108474553023318,0.231486798192447,"ENSSSCT00000045836.3","ENSSSCG00000035027","ZDHHC14","ZDHHC14","Significant"
"ENSSSCT00000035618.3",3.73917355758645,-3.22536939563776,3.96092640616257,0.000328467960427172,0.00194432995311683,0.231102143955209,"ENSSSCT00000035618.3","ENSSSCG00000012576","CHRDL1","CHRDL1","Significant"
"ENSSSCT00000074513.2",-2.64841747825853,-4.90281370564386,-3.97429183411127,0.000315841434198303,0.00188223252067291,0.227918993970627,"ENSSSCT00000074513.2","ENSSSCG00000024618","FBXO28","FBXO28","Significant"
"ENSSSCT00000080680.2",-1.18956554151457,2.957956496096,-4.16801791731201,0.000178172663335993,0.00117547718504404,0.22663057070998,"ENSSSCT00000080680.2","ENSSSCG00000011261","WDR48","WDR48","Significant"
"ENSSSCT00000081100.2",1.22500459007646,2.08148894183326,4.07958072444656,0.000231613129478875,0.0014499835778666,0.225955855984423,"ENSSSCT00000081100.2","ENSSSCG00000006306","MPZL1","MPZL1","Significant"
"ENSSSCT00000017061.5",1.85887883812904,-4.57269820258705,3.97051392608028,0.000319361754004772,0.00189939267193937,0.222829401285654,"ENSSSCT00000017061.5","ENSSSCG00000054337","C4BPA","C4BPA","Significant"
"ENSSSCT00000093284.1",1.80828777729993,-2.62533269338111,3.95746838672325,0.00033181401391547,0.00196164353757026,0.222628928719889,"ENSSSCT00000093284.1","ENSSSCG00000017479","WIPF2","WIPF2","Significant"
"ENSSSCT00000006713.4",-1.19446651650326,1.27039228441529,-4.03934531853712,0.000260833059763096,0.00160094146847063,0.222110415590866,"ENSSSCT00000006713.4","ENSSSCG00000006121","PIP4P2","PIP4P2","Significant"
"ENSSSCT00000077697.2",-2.03558596451858,4.66347080515432,-4.255399265548,0.00013728820545474,0.000950752899457593,0.221718510551641,"ENSSSCT00000077697.2","ENSSSCG00000002825",NA,"ENSSSCG00000002825","Significant"
"ENSSSCT00000085342.2",-4.1974246836828,-1.55956870006846,-3.9570485631231,0.000332222496056483,0.00196236128526797,0.221517149757569,"ENSSSCT00000085342.2","ENSSSCG00000008635","NOL10","NOL10","Significant"
"ENSSSCT00000084180.1",-2.35878924867435,-4.69276161575325,-3.96430174912922,0.000325233598380257,0.00192868611160238,0.215298053487236,"ENSSSCT00000084180.1","ENSSSCG00000034581","LRIG2","LRIG2","Significant"
"ENSSSCT00000030108.4",1.06397995810134,4.39781909915658,4.26708258650024,0.000132571627394893,0.000924570126114027,0.214939195257378,"ENSSSCT00000030108.4","ENSSSCG00000024253","CTCF","CTCF","Significant"
"ENSSSCT00000026214.4",-1.0039655057474,3.45003949504046,-4.21741729974688,0.000153786105042573,0.00104524539687472,0.210955861262608,"ENSSSCT00000026214.4","ENSSSCG00000025901","LCLAT1","LCLAT1","Significant"
"ENSSSCT00000073396.2",-1.38052094358169,-0.0911361586715682,-3.97548054603203,0.000314741608838015,0.00187705056055508,0.210589885960288,"ENSSSCT00000073396.2","ENSSSCG00000001867","PSTPIP1","PSTPIP1","Significant"
"ENSSSCT00000016349.4",-2.80230607740042,-2.82058867117394,-3.95309257884486,0.00033609572673734,0.00198156692125574,0.208312024206439,"ENSSSCT00000016349.4","ENSSSCG00000059078","MMP3","MMP3","Significant"
"ENSSSCT00000079241.2",-2.14863214995799,-4.03092871919924,-3.96334855765261,0.000326143821829874,0.00193267778388608,0.208012022450136,"ENSSSCT00000079241.2","ENSSSCG00000055891","ELK1","ELK1","Significant"
"ENSSSCT00000103419.1",-3.07511598364413,0.875942518142452,-3.98639052310237,0.00030482011031637,0.00182455569611803,0.207082261933881,"ENSSSCT00000103419.1","ENSSSCG00000017509",NA,"ENSSSCG00000017509","Significant"
"ENSSSCT00000079690.2",-2.25205675268995,2.99700738986012,-4.111804449702,0.000210539065176936,0.00134018267884202,0.205562133033321,"ENSSSCT00000079690.2","ENSSSCG00000007381","YWHAB","YWHAB","Significant"
"ENSSSCT00000023295.4",1.33128904433475,0.953523886609786,4.00193820353754,0.000291205764455598,0.00175921303396522,0.202292662287577,"ENSSSCT00000023295.4","ENSSSCG00000022029","RAP1GAP","RAP1GAP","Significant"
"ENSSSCT00000036941.3",-1.23113758306734,2.4956023927854,-4.08262673658626,0.000229536019674311,0.00144057601260081,0.201012457446592,"ENSSSCT00000036941.3","ENSSSCG00000017676","BCAS3","BCAS3","Significant"
"ENSSSCT00000008185.5",-4.7627512723895,1.24466207162121,-3.97297111376273,0.000317067786442235,0.00188781557873678,0.200329436014556,"ENSSSCT00000008185.5","ENSSSCG00000007478","ATP9A","ATP9A","Significant"
"ENSSSCT00000047593.3",2.70761899476008,0.0575611969865071,3.96311118868167,0.000326370876105356,0.00193367182346702,0.199412493587755,"ENSSSCT00000047593.3","ENSSSCG00000004961","ITGA11","ITGA11","Significant"
"ENSSSCT00000001722.5",-3.50875936130111,-2.8899520482785,-3.94690471570013,0.000342242447760092,0.00200981137730008,0.191511306822905,"ENSSSCT00000001722.5","ENSSSCG00000001544","TEAD3","TEAD3","Significant"
"ENSSSCT00000084860.1",-2.59595152815396,-0.996677717014454,-3.95122879112958,0.000337935724790042,0.00198850650494536,0.186458695971826,"ENSSSCT00000084860.1","ENSSSCG00000010059","GUCD1","GUCD1","Significant"
"ENSSSCT00000086010.1",1.97520950568085,2.76895882421271,4.08060438864605,0.000230913042433642,0.00144671192073529,0.175517072231873,"ENSSSCT00000086010.1","ENSSSCG00000000706","LTBR","LTBR","Significant"
"ENSSSCT00000018442.5",2.3356366351301,0.310233671565518,3.95940228903512,0.000329938660556561,0.00195161830348079,0.166625978303331,"ENSSSCT00000018442.5","ENSSSCG00000016934","ERCC8","ERCC8","Significant"
"ENSSSCT00000030407.4",2.32008583910232,0.142426542492335,3.94800834811622,0.000341138194266641,0.00200440974695793,0.165961973070752,"ENSSSCT00000030407.4","ENSSSCG00000022618","CMTM8","CMTM8","Significant"
"ENSSSCT00000054442.2",2.00935621463462,3.1834623677826,4.11146627931102,0.000210750182192365,0.00134074125662437,0.165584219696718,"ENSSSCT00000054442.2","ENSSSCG00000011070","MPP7","MPP7","Significant"
"ENSSSCT00000068268.1",-2.84175006493181,1.85615083986115,-4.03217140347273,0.000266407874045845,0.00163116663387619,0.164070920159006,"ENSSSCT00000068268.1","ENSSSCG00000023273","SH3YL1","SH3YL1","Significant"
"ENSSSCT00000038878.3",2.68456505765678,-2.32770508938305,3.93437012693155,0.000355030768564437,0.00207036722916739,0.160397984314722,"ENSSSCT00000038878.3","ENSSSCG00000026746",NA,"ENSSSCG00000026746","Significant"
"ENSSSCT00000059311.3",-2.03378623670675,-4.3459656627884,-3.94242900031344,0.000346756449708205,0.00202937484945006,0.158009580683246,"ENSSSCT00000059311.3","ENSSSCG00000030371",NA,"ENSSSCG00000030371","Significant"
"ENSSSCT00000019312.5",1.15976129337257,0.857537641723333,3.97554927301913,0.000314678135132631,0.00187701535270112,0.157399209058994,"ENSSSCT00000019312.5","ENSSSCG00000017744","SUZ12","SUZ12","Significant"
"ENSSSCT00000051796.3",2.23325698436934,-2.63924613317504,3.93391563047988,0.00035550309437928,0.00207205630302255,0.155736567640672,"ENSSSCT00000051796.3","ENSSSCG00000047476",NA,"ENSSSCG00000047476","Significant"
"ENSSSCT00000071956.2",-1.03428460969815,4.21443655958329,-4.2560814807204,0.000137008329793051,0.000949217931273403,0.15036756680835,"ENSSSCT00000071956.2","ENSSSCG00000012066","KCNJ15","KCNJ15","Significant"
"ENSSSCT00000073483.2",-1.16482882359112,-2.11518985912244,-3.92757928949252,0.000362152018137876,0.00210284376723752,0.147394494567529,"ENSSSCT00000073483.2","ENSSSCG00000057823",NA,"ENSSSCG00000057823","Significant"
"ENSSSCT00000079284.1",-3.32450340112584,-2.42610245499297,-3.92758343300846,0.000362147630937939,0.00210284376723752,0.145955472071408,"ENSSSCT00000079284.1","ENSSSCG00000002446",NA,"ENSSSCG00000002446","Significant"
"ENSSSCT00000089345.1",1.0919055120429,2.87803450321105,4.13447640240065,0.000196846723995869,0.00127293246368975,0.144695335047986,"ENSSSCT00000089345.1","ENSSSCG00000025729","IRS1","IRS1","Significant"
"ENSSSCT00000059264.2",1.55242560627379,1.82418305452708,4.03438780422013,0.00026467323008553,0.00162176395296159,0.144622762808738,"ENSSSCT00000059264.2","ENSSSCG00000036756","ZNF496","ZNF496","Significant"
"ENSSSCT00000061263.3",-1.64247638501788,-2.22685674226755,-3.92579871485567,0.000364042102513735,0.00211083562339637,0.14222619925351,"ENSSSCT00000061263.3","ENSSSCG00000010317","DUSP29","DUSP29","Significant"
"ENSSSCT00000026612.4",1.92724731295487,2.77235324745419,4.0645522238895,0.000242132810170784,0.00150572156071109,0.141081841066812,"ENSSSCT00000026612.4","ENSSSCG00000029261",NA,"ENSSSCG00000029261","Significant"
"ENSSSCT00000075163.2",3.18526851913253,-0.344602445064804,3.92862200542136,0.000361049608101978,0.00209758756638576,0.139613737164934,"ENSSSCT00000075163.2","ENSSSCG00000022545","CALM3","CALM3","Significant"
"ENSSSCT00000017371.5",1.79096903547175,-2.63749652144938,3.92017465611076,0.000370075285335902,0.00214045885902085,0.127138040521209,"ENSSSCT00000017371.5","ENSSSCG00000015954","DLX2","DLX2","Significant"
"ENSSSCT00000105524.1",2.45039252313777,-2.49757153018153,3.91931299068629,0.000371008182522816,0.0021439827690489,0.125935736797917,"ENSSSCT00000105524.1","ENSSSCG00000007565","TTYH3","TTYH3","Significant"
"ENSSSCT00000051123.3",-1.08752444262542,0.710074843859402,-3.9701430961216,0.000319709351983067,0.00190076654122099,0.125492066820501,"ENSSSCT00000051123.3","ENSSSCG00000008578","ADCY3","ADCY3","Significant"
"ENSSSCT00000015591.4",3.24155752252953,1.51372275446351,3.97130078974826,0.000318625404736475,0.00189570487153796,0.123298280697576,"ENSSSCT00000015591.4","ENSSSCG00000014269","FNIP1","FNIP1","Significant"
"ENSSSCT00000088328.2",2.65466320363774,6.0928748824616,4.30841764741809,0.00011712539613565,0.000836346126939717,0.121192142914118,"ENSSSCT00000088328.2","ENSSSCG00000017082","SPARC","SPARC","Significant"
"ENSSSCT00000055183.2",-3.06931578393993,-4.20222861475734,-3.92011871436717,0.000370135782332216,0.00214045885902085,0.118657675004394,"ENSSSCT00000055183.2","ENSSSCG00000026044","FDFT1","FDFT1","Significant"
"ENSSSCT00000098328.1",1.6426181641334,-1.85797117298817,3.91081614260681,0.000380330769751534,0.00218584601039644,0.104530240654328,"ENSSSCT00000098328.1","ENSSSCG00000053108",NA,"ENSSSCG00000053108","Significant"
"ENSSSCT00000032330.4",2.07096406115405,0.883637152633042,3.9697690345424,0.000320060352353888,0.00190215962962927,0.0982707973671522,"ENSSSCT00000032330.4","ENSSSCG00000012328","HUWE1","HUWE1","Significant"
"ENSSSCT00000091777.1",1.92549023340704,-3.44767143114722,3.90949228342405,0.00038180364515098,0.00219291960400517,0.097058608471789,"ENSSSCT00000091777.1","ENSSSCG00000061752",NA,"ENSSSCG00000061752","Significant"
"ENSSSCT00000083673.2",1.03070240788786,-0.959176204665621,3.91563738194162,0.000375013396035398,0.00216291115590627,0.0955896425676102,"ENSSSCT00000083673.2","ENSSSCG00000001710","RUNX2","RUNX2","Significant"
"ENSSSCT00000027958.4",-1.59817261914853,-0.209982355202107,-3.91942734326049,0.000370884245204379,0.00214364650428002,0.0949884755958532,"ENSSSCT00000027958.4","ENSSSCG00000028203",NA,"ENSSSCG00000028203","Significant"
"ENSSSCT00000054362.3",-2.64102436804903,-2.70036020880978,-3.90639447961779,0.000385271849094752,0.00220995836873422,0.0925004799411884,"ENSSSCT00000054362.3","ENSSSCG00000013244","PACSIN3","PACSIN3","Significant"
"ENSSSCT00000022966.4",3.2360908783524,0.152620718321943,3.91629336901834,0.00037429551485619,0.00215915268336362,0.0915584063732293,"ENSSSCT00000022966.4","ENSSSCG00000039276","UGT2B31","UGT2B31","Significant"
"ENSSSCT00000098637.1",1.34505397310857,-3.27310707002818,3.90848819673663,0.000382924450739183,0.00219765336945966,0.0906164518304866,"ENSSSCT00000098637.1","ENSSSCG00000053447",NA,"ENSSSCG00000053447","Significant"
"ENSSSCT00000077980.2",-2.87468024164198,-4.16709302674907,-3.91334980193015,0.000377527306337475,0.00217480585448021,0.0869312304965995,"ENSSSCT00000077980.2","ENSSSCG00000010481","LGI1","LGI1","Significant"
"ENSSSCT00000081349.2",2.2931556547357,0.0659563831606432,3.94191760183041,0.000347275896309678,0.00203205012980631,0.0832505814372215,"ENSSSCT00000081349.2","ENSSSCG00000009320","FLT1","FLT1","Significant"
"ENSSSCT00000004943.4",3.30765595494216,-2.41811080926121,3.90226321261166,0.000389944781202856,0.00222891999409851,0.0822617508844123,"ENSSSCT00000004943.4","ENSSSCG00000004475","HTR1B","HTR1B","Significant"
"ENSSSCT00000056024.3",2.93006713971545,0.292275607833367,3.92315986508116,0.000366860907143836,0.00212453517167276,0.0818645702221747,"ENSSSCT00000056024.3","ENSSSCG00000012659","ZNF280C","ZNF280C","Significant"
"ENSSSCT00000033575.4",1.49299558585817,0.0919481700246599,3.92734422220432,0.000362400994632362,0.00210356454139105,0.0805407085760592,"ENSSSCT00000033575.4","ENSSSCG00000012233","SYTL5","SYTL5","Significant"
"ENSSSCT00000067965.2",-1.75798791320193,-3.37796038950219,-3.90599433381752,0.000385722067508608,0.00221137371004935,0.0759618629772136,"ENSSSCT00000067965.2","ENSSSCG00000041010",NA,"ENSSSCG00000041010","Significant"
"ENSSSCT00000074558.2",1.37369122143487,0.424899720348828,3.95423088950031,0.000334976746225572,0.0019774727202496,0.0759549622136246,"ENSSSCT00000074558.2","ENSSSCG00000029163","BCAT1","BCAT1","Significant"
"ENSSSCT00000043837.3",-2.86430405435757,-2.18444145592045,-3.89778349425361,0.000395074116135389,0.00224967319705065,0.0711337845406055,"ENSSSCT00000043837.3","ENSSSCG00000027565","ARHGAP45","ARHGAP45","Significant"
"ENSSSCT00000007892.5",-2.36608320098036,-2.2592420590287,-3.89666400633639,0.00039636615182484,0.00225534415603789,0.0668647723822717,"ENSSSCT00000007892.5","ENSSSCG00000007212","C20orf96","C20orf96","Significant"
"ENSSSCT00000043736.3",-1.43351614117075,-2.79249222052651,-3.8973876157737,0.000395530543188254,0.00225137531950242,0.0662744689858377,"ENSSSCT00000043736.3","ENSSSCG00000016621","KCND2","KCND2","Significant"
"ENSSSCT00000040198.1",-1.53487845549889,-3.1132197403108,-3.89998906245061,0.000392540568876472,0.00224100458813836,0.0653986467939802,"ENSSSCT00000040198.1","ENSSSCG00000038184","ACBD7","ACBD7","Significant"
"ENSSSCT00000087140.2",2.34838083580071,0.740093953337146,3.91217874207966,0.000378820563476157,0.00217985627454582,0.0546673043907484,"ENSSSCT00000087140.2","ENSSSCG00000012459","APOOL","APOOL","Significant"
"ENSSSCT00000056579.3",1.51355759127548,1.56069861466452,3.98625160381774,0.000304944507007031,0.00182496525448921,0.0520244505291565,"ENSSSCT00000056579.3","ENSSSCG00000032372","ZFP90","ZFP90","Significant"
"ENSSSCT00000071995.1",1.23963610781471,0.137344353169435,3.91116888165987,0.000379939258765965,0.00218460196673045,0.0467547659685934,"ENSSSCT00000071995.1","ENSSSCG00000044633",NA,"ENSSSCG00000044633","Significant"
"ENSSSCT00000022523.3",-1.33387154780055,2.06363458683661,-4.01158898562063,0.000283055064342018,0.0017195318274282,0.0450018100088414,"ENSSSCT00000022523.3","ENSSSCG00000004508","DYM","DYM","Significant"
"ENSSSCT00000064889.2",-1.44769176404636,2.19899898670474,-4.02718454900107,0.00027035141897799,0.00165128094124361,0.043722145027524,"ENSSSCT00000064889.2","ENSSSCG00000007485","BCAS1","BCAS1","Significant"
"ENSSSCT00000077581.2",3.22336799067618,-3.29417530965844,3.89105533331548,0.000402901377002615,0.00228536426672583,0.0416119316283874,"ENSSSCT00000077581.2","ENSSSCG00000015876",NA,"ENSSSCG00000015876","Significant"
"ENSSSCT00000087306.2",-2.72524553043639,-4.60179821355719,-3.89796259200943,0.000394867794089525,0.00224956658369647,0.0398751237708224,"ENSSSCT00000087306.2","ENSSSCG00000004076","MTRF1L","MTRF1L","Significant"
"ENSSSCT00000079034.2",1.46916452054264,-1.48226524554912,3.88865190163463,0.000405733799546162,0.00229901717073394,0.0397347277999414,"ENSSSCT00000079034.2","ENSSSCG00000015808","ADAM9","ADAM9","Significant"
"ENSSSCT00000065619.3",2.10103231219713,-1.16612261477117,3.89105331442433,0.000402903748164031,0.00228536426672583,0.0355003754048324,"ENSSSCT00000065619.3","ENSSSCG00000026939","LMAN2L","LMAN2L","Significant"
"ENSSSCT00000042927.2",-2.2638997993357,-4.12745780400334,-3.88838572602896,0.000406048672754943,0.00230000189828043,0.0353325077144291,"ENSSSCT00000042927.2","ENSSSCG00000033107","DYNLT1","DYNLT1","Significant"
"ENSSSCT00000065097.3",1.5569666106016,2.34817904964864,4.00469943461543,0.000288850654303893,0.00174725171297294,0.0347696472092558,"ENSSSCT00000065097.3","ENSSSCG00000015958","PDK1","PDK1","Significant"
"ENSSSCT00000015711.5",1.82026188138966,-0.506631521831784,3.89396776991366,0.000399494842537056,0.00226958178185715,0.0345085238475358,"ENSSSCT00000015711.5","ENSSSCG00000027852",NA,"ENSSSCG00000027852","Significant"
"ENSSSCT00000005301.4",-3.60829803684747,0.153901997565942,-3.94542282965436,0.000343730640638996,0.00201566040900067,0.0330073171466383,"ENSSSCT00000005301.4","ENSSSCG00000004802","AQR","AQR","Significant"
"ENSSSCT00000075477.2",2.64427763147623,-1.95788475218857,3.88447341312866,0.000410704241635099,0.00232153278333405,0.0283187081056662,"ENSSSCT00000075477.2","ENSSSCG00000015861","WDR33","WDR33","Significant"
"ENSSSCT00000096583.1",3.64756325087714,-0.626329012289123,3.9154297021618,0.000375240949872706,0.00216345816616264,0.0279881562381545,"ENSSSCT00000096583.1","ENSSSCG00000006033","EIF3E","EIF3E","Significant"
"ENSSSCT00000035619.3",1.87102209861499,-3.14756725828739,3.88106692907916,0.000414800094671976,0.00234103207316689,0.0252695912810967,"ENSSSCT00000035619.3","ENSSSCG00000038192",NA,"ENSSSCG00000038192","Significant"
"ENSSSCT00000055519.2",1.09290535436199,2.43177903353913,4.02501429116143,0.000272085356075239,0.00166124924147511,0.0237345799573125,"ENSSSCT00000055519.2","ENSSSCG00000013764","RFX1","RFX1","Significant"
"ENSSSCT00000061160.3",2.22897245871584,-2.18227070268065,3.88053619229706,0.000415441799561495,0.00234289722575458,0.0228003269599339,"ENSSSCT00000061160.3","ENSSSCG00000003687","EPB41L3","EPB41L3","Significant"
"ENSSSCT00000016566.5",3.1537092363237,-4.28778589520642,3.8842550402224,0.000410965623482735,0.002322607590229,0.0187726091207745,"ENSSSCT00000016566.5","ENSSSCG00000015200","ESAM","ESAM","Significant"
"ENSSSCT00000090574.2",1.40363434782832,1.5751397468569,3.96226536469196,0.000327181197351631,0.00193812059564908,0.0148663930471651,"ENSSSCT00000090574.2","ENSSSCG00000034730","PIAS2","PIAS2","Significant"
"ENSSSCT00000040581.3",-3.00344214005395,0.265424619286881,-3.91089899297379,0.000380238777507409,0.00218570259200486,0.0115292223168835,"ENSSSCT00000040581.3","ENSSSCG00000057024","PPP3CC","PPP3CC","Significant"
"ENSSSCT00000044155.1",-1.36447665740275,2.35951151006102,-4.020812503704,0.000275473264950587,0.00167879071597177,0.010865382381394,"ENSSSCT00000044155.1","ENSSSCG00000039929","ERCC2","ERCC2","Significant"
"ENSSSCT00000066739.2",-1.73616388273945,0.970486716329297,-3.96784395172905,0.000321872695397517,0.00191118873806968,0.0100467407117328,"ENSSSCT00000066739.2","ENSSSCG00000006525",NA,"ENSSSCG00000006525","Significant"
"ENSSSCT00000074990.2",1.65142808331124,-3.16520984982892,3.878810285206,0.000417535239979864,0.00235077170856562,0.00916231764324937,"ENSSSCT00000074990.2","ENSSSCG00000047073",NA,"ENSSSCG00000047073","Significant"
"ENSSSCT00000054716.3",2.00336073606607,1.61666755762235,3.95996083634357,0.000329398946449277,0.0019491330762309,0.00868444314612304,"ENSSSCT00000054716.3","ENSSSCG00000011928","CCDC80","CCDC80","Significant"
"ENSSSCT00000048349.3",-2.09397376615582,-4.19742284870997,-3.88064074725,0.000415315307687624,0.00234289722575458,0.00689859416769512,"ENSSSCT00000048349.3","ENSSSCG00000039903","SPATS1","SPATS1","Significant"
"ENSSSCT00000038131.2",-1.74008504068034,1.04984610776585,-3.92604717806908,0.000363777783296495,0.0021101891736876,0.00344391844398917,"ENSSSCT00000038131.2","ENSSSCG00000003976","NFYC","NFYC","Significant"
"ENSSSCT00000005069.5",-2.7219091925079,0.10336708049948,-3.89769404543064,0.000395177201128441,0.00224975684749287,0.00197496877824754,"ENSSSCT00000005069.5","ENSSSCG00000004588","CCNB2","CCNB2","Significant"
"ENSSSCT00000016184.4",-1.38983492762728,1.31271365884521,-3.94159027093874,0.000347608775923839,0.00203326812526388,0.00100870840003875,"ENSSSCT00000016184.4","ENSSSCG00000014832","DNAJB13","DNAJB13","Significant"
"ENSSSCT00000100928.1",-1.3861918349128,0.811850406361283,-3.94354484911438,0.000345625663643183,0.002024210371371,-0.00178519712765191,"ENSSSCT00000100928.1","ENSSSCG00000040185","TFAM","TFAM","Significant"
"ENSSSCT00000070333.2",-3.6885969038766,0.166285660073977,-3.88284562758905,0.000412656514971492,0.00233014426985288,-0.00217843465086265,"ENSSSCT00000070333.2","ENSSSCG00000008789","WDR19","WDR19","Significant"
"ENSSSCT00000006892.5",3.1897619923448,-3.47285010699631,3.87094773012906,0.000427202537269217,0.00239733416955689,-0.0073850028509943,"ENSSSCT00000006892.5","ENSSSCG00000006289","F5","F5","Significant"
"ENSSSCT00000101980.1",-2.47850386491234,-4.96771378496471,-3.87888039996836,0.000417449994849057,0.00235069769120184,-0.00944180864349153,"ENSSSCT00000101980.1","ENSSSCG00000000509","ZFC3H1","ZFC3H1","Significant"
"ENSSSCT00000003136.5",-1.39536028874121,-0.960910079784409,-3.87486375612548,0.000422360770677125,0.00237465952184118,-0.00968614074999863,"ENSSSCT00000003136.5","ENSSSCG00000002835","TOX3","TOX3","Significant"
"ENSSSCT00000059735.3",1.31668260477709,-1.07622474538741,3.86819594914793,0.000430637043231942,0.00241328466097185,-0.0123437522720016,"ENSSSCT00000059735.3","ENSSSCG00000021307","USP44","USP44","Significant"
"ENSSSCT00000075565.2",-3.59921082192273,-0.722112388341496,-3.86921835466819,0.000429357856141842,0.00240735744482349,-0.0156914933304639,"ENSSSCT00000075565.2","ENSSSCG00000002684","CDH13","CDH13","Significant"
"ENSSSCT00000035127.4",1.49166711541527,2.36798957116846,4.02848020429603,0.000269321390823504,0.00164542839280237,-0.0184532807796156,"ENSSSCT00000035127.4","ENSSSCG00000004485","CD109","CD109","Significant"
"ENSSSCT00000006719.5",4.11312283444276,0.358804837741853,3.88449787966742,0.000410674966432375,0.00232153278333405,-0.0184741699870354,"ENSSSCT00000006719.5","ENSSSCG00000006127","NBN","NBN","Significant"
"ENSSSCT00000012170.5",2.58028842363571,0.961525537901758,3.89989820317086,0.000392644626764988,0.00224100458813836,-0.0189715225322793,"ENSSSCT00000012170.5","ENSSSCG00000011120","USP6NL","USP6NL","Significant"
"ENSSSCT00000033807.4",-1.74461353864944,1.08451740280564,-3.94177567508443,0.000347420190806699,0.00203252967899904,-0.0217279794446599,"ENSSSCT00000033807.4","ENSSSCG00000012825","IKBKG","IKBKG","Significant"
"ENSSSCT00000066536.2",-1.69186394068263,-2.47231336119521,-3.860851310015,0.000439935747231905,0.00245694845884704,-0.0263943773398738,"ENSSSCT00000066536.2","ENSSSCG00000006235","TOX","TOX","Significant"
"ENSSSCT00000016411.5",2.08183131045864,-4.39271791088457,3.86493174390789,0.000434745891344686,0.00243338283972569,-0.0309226006796051,"ENSSSCT00000016411.5","ENSSSCG00000015045","NCAM1","NCAM1","Significant"
"ENSSSCT00000039137.2",-1.7145836849825,0.309487235529369,-3.88514489838574,0.000409901517809041,0.00231860324195801,-0.0313415268725015,"ENSSSCT00000039137.2","ENSSSCG00000031354","DMAC2L","DMAC2L","Significant"
"ENSSSCT00000106351.1",2.16481462654235,-2.61260285470035,3.85854155191329,0.00044290011717514,0.00247138720184465,-0.0323320004905492,"ENSSSCT00000106351.1","ENSSSCG00000013545","TUBB4A","TUBB4A","Significant"
"ENSSSCT00000089929.1",-2.8664794349036,-4.22878522785801,-3.86123473418233,0.000439445524606903,0.00245514515631892,-0.0378713569580595,"ENSSSCT00000089929.1","ENSSSCG00000032381",NA,"ENSSSCG00000032381","Significant"
"ENSSSCT00000045442.3",1.34257201928096,0.250985498574966,3.90099600491542,0.000391389146954486,0.00223599995572175,-0.0398475803322524,"ENSSSCT00000045442.3","ENSSSCG00000033655","TUBB2B","TUBB2B","Significant"
"ENSSSCT00000080539.2",-1.77491934646142,-3.37593350597247,-3.85908247922146,0.000442204150365238,0.00246919406037133,-0.043043576834668,"ENSSSCT00000080539.2","ENSSSCG00000003374","ESPN","ESPN","Significant"
"ENSSSCT00000066397.3",-3.48479192638377,-0.58743965325063,-3.86777410405026,0.000431165914628339,0.00241541812380453,-0.0482986898986066,"ENSSSCT00000066397.3","ENSSSCG00000030183","GOSR2","GOSR2","Significant"
"ENSSSCT00000067620.2",-2.3340671366234,-2.98292855212203,-3.85510901209579,0.000447341338644225,0.00249193231448435,-0.0494332088252305,"ENSSSCT00000067620.2","ENSSSCG00000017549","PHB1","PHB1","Significant"
"ENSSSCT00000107045.1",2.14210543959564,-1.43510603394879,3.85618900503403,0.0004459393383936,0.00248621856856787,-0.0503401016007077,"ENSSSCT00000107045.1","ENSSSCG00000033526","BAG2","BAG2","Significant"
"ENSSSCT00000088988.2",3.57503351547616,0.595596424722355,3.8769961572911,0.000419746735520353,0.00236240679525386,-0.0534854603910748,"ENSSSCT00000088988.2","ENSSSCG00000003857","ZYG11B","ZYG11B","Significant"
"ENSSSCT00000079737.1",1.76464726586161,-4.52835548937892,3.85817034593222,0.000443378332761765,0.00247363230002816,-0.0544855180246282,"ENSSSCT00000079737.1","ENSSSCG00000043139",NA,"ENSSSCG00000043139","Significant"
"ENSSSCT00000057550.3",2.50621475838831,-3.44281111114721,3.85049243951498,0.000453382773485637,0.00252082059118788,-0.0571496064659387,"ENSSSCT00000057550.3","ENSSSCG00000035293",NA,"ENSSSCG00000035293","Significant"
"ENSSSCT00000069952.2",2.56717634506554,-0.95009037019011,3.84651607954273,0.000458649835573682,0.00254403185420965,-0.0631532485693107,"ENSSSCT00000069952.2","ENSSSCG00000015227","SRPRA","SRPRA","Significant"
"ENSSSCT00000026862.3",1.24899160834964,-0.915894835370651,3.85519779123424,0.000447225928132188,0.00249193231448435,-0.0643768053454608,"ENSSSCT00000026862.3","ENSSSCG00000015810",NA,"ENSSSCG00000015810","Significant"
"ENSSSCT00000045532.3",3.17352073751185,-2.44826853277094,3.84532774812126,0.000460235387419612,0.0025506569048834,-0.064852042869874,"ENSSSCT00000045532.3","ENSSSCG00000011689","PLOD2","PLOD2","Significant"
"ENSSSCT00000060753.2",2.0490806208716,-0.759362663434318,3.849760402316,0.00045434799493491,0.0025253259507088,-0.0679100321540469,"ENSSSCT00000060753.2","ENSSSCG00000010893",NA,"ENSSSCG00000010893","Significant"
"ENSSSCT00000015755.5",3.35486632908931,2.67924094665104,3.92923583676376,0.000360402162977632,0.00209457257071706,-0.0688631770454817,"ENSSSCT00000015755.5","ENSSSCG00000014416","TCERG1","TCERG1","Significant"
"ENSSSCT00000076968.2",-1.33208521043328,0.705743865948913,-3.89415012159468,0.000399282488486889,0.00226916615907731,-0.069539085898036,"ENSSSCT00000076968.2","ENSSSCG00000021082","NRG2","NRG2","Significant"
"ENSSSCT00000079105.2",-2.61097757409996,-1.22701954358078,-3.84731046891161,0.000457592866313219,0.00253946515970659,-0.0748624002159159,"ENSSSCT00000079105.2","ENSSSCG00000000703",NA,"ENSSSCG00000000703","Significant"
"ENSSSCT00000029863.3",3.0994023260918,1.6085005025267,3.90770947953569,0.000383795890972342,0.00220226702380539,-0.0770001789425683,"ENSSSCT00000029863.3","ENSSSCG00000003613","HDAC1","HDAC1","Significant"
"ENSSSCT00000075779.1",-2.10130338864069,-4.97042092903669,-3.85223942887187,0.000451087333050725,0.0025093416493407,-0.0770440715646545,"ENSSSCT00000075779.1","ENSSSCG00000030005","LGALSL","LGALSL","Significant"
"ENSSSCT00000035593.4",1.28009826097369,2.34779602308659,3.96947122829359,0.000320340066869156,0.00190347503922033,-0.0853310778884753,"ENSSSCT00000035593.4","ENSSSCG00000035249","GADD45G","GADD45G","Significant"
"ENSSSCT00000002967.3",-1.37870043245681,1.94462152120997,-3.94705726252381,0.000342089608157956,0.00200963776295171,-0.0881361882996172,"ENSSSCT00000002967.3","ENSSSCG00000002675","DNAAF1","DNAAF1","Significant"
"ENSSSCT00000061455.2",3.16764004539861,-1.30792388061231,3.84020613913201,0.000467130077969315,0.00258053355847366,-0.0882027863385479,"ENSSSCT00000061455.2","ENSSSCG00000006037","OXR1","OXR1","Significant"
"ENSSSCT00000066384.2",4.26761976127351,-0.838480620163183,3.84203312509572,0.000464659171076576,0.0025712402603158,-0.0887188396799603,"ENSSSCT00000066384.2","ENSSSCG00000016853","RICTOR","RICTOR","Significant"
"ENSSSCT00000102872.1",-1.05523970696107,3.75192371455061,-4.14577129212151,0.000190354107017489,0.00123779523438337,-0.089107750242019,"ENSSSCT00000102872.1","ENSSSCG00000017623","VEZF1","VEZF1","Significant"
"ENSSSCT00000045674.3",-4.61341390897033,1.45476518075482,-3.86866412807203,0.000430050820366586,0.0024108282233893,-0.0964983585662367,"ENSSSCT00000045674.3","ENSSSCG00000008398","PPP4R3B","PPP4R3B","Significant"
"ENSSSCT00000088406.2",-4.5859623505043,0.272077844452115,-3.87117929639277,0.00042691473551833,0.00239613152639691,-0.0968770431004238,"ENSSSCT00000088406.2","ENSSSCG00000030820","STK4","STK4","Significant"
"ENSSSCT00000067671.1",-2.77725505556122,-4.84964206025965,-3.84047685270191,0.000466763148244174,0.00257954230918661,-0.102527586497786,"ENSSSCT00000067671.1","ENSSSCG00000030415","DPP3","DPP3","Significant"
"ENSSSCT00000018355.5",2.01938050958681,-3.1337064100973,3.83335105822967,0.000476515429164413,0.0026212770461408,-0.10280235453154,"ENSSSCT00000018355.5","ENSSSCG00000016855","FYB1","FYB1","Significant"
"ENSSSCT00000034076.4",-1.59236151287601,1.58997161510611,-3.93898313103766,0.000350271218692938,0.00204663849718003,-0.103598536355464,"ENSSSCT00000034076.4","ENSSSCG00000011877","CD86","CD86","Significant"
"ENSSSCT00000059942.3",-1.74183906798672,-4.47911128143362,-3.83733977705508,0.000471032408922314,0.00259856863967904,-0.106461827822872,"ENSSSCT00000059942.3","ENSSSCG00000006455",NA,"ENSSSCG00000006455","Significant"
"ENSSSCT00000094175.1",2.98631478344384,-2.81055307612236,3.8282046150465,0.000483681470228621,0.002651303069155,-0.107897250443285,"ENSSSCT00000094175.1","ENSSSCG00000009320","FLT1","FLT1","Significant"
"ENSSSCT00000103009.1",-2.94796616427136,-4.42566145421935,-3.83200874967683,0.000478374500223439,0.00262956965361708,-0.115462613796312,"ENSSSCT00000103009.1","ENSSSCG00000028190","HOMEZ","HOMEZ","Significant"
"ENSSSCT00000071887.2",-1.62773046976662,-3.97045085872249,-3.82912275669503,0.000482395407899535,0.00264685946008625,-0.120011924193757,"ENSSSCT00000071887.2","ENSSSCG00000021374","FXYD7","FXYD7","Significant"
"ENSSSCT00000034032.2",-1.63667835487065,-2.68388449300183,-3.82303248557511,0.000490988581483881,0.002685487621322,-0.122118665072545,"ENSSSCT00000034032.2","ENSSSCG00000012138","ACE2","ACE2","Significant"
"ENSSSCT00000008086.5",-1.20171528446483,4.11570125094272,-4.12278435137581,0.00020379555467707,0.0013061824778241,-0.123015261237538,"ENSSSCT00000008086.5","ENSSSCG00000035053",NA,"ENSSSCG00000035053","Significant"
"ENSSSCT00000076779.2",1.45918666121277,4.48859088307804,4.16766167019539,0.000178361587549711,0.0011762340615839,-0.123990130955042,"ENSSSCT00000076779.2","ENSSSCG00000040706","DBN1","DBN1","Significant"
"ENSSSCT00000034632.4",1.21491379270083,-0.510730029347348,3.83077095486802,0.000480095058002673,0.00263607599715715,-0.127536694357925,"ENSSSCT00000034632.4","ENSSSCG00000022390","RGN","RGN","Significant"
"ENSSSCT00000046810.3",-2.94038319343149,-3.23124643747044,-3.8214379380023,0.000493262854687927,0.00269566579186141,-0.127733056130531,"ENSSSCT00000046810.3","ENSSSCG00000006202","CSPP1","CSPP1","Significant"
"ENSSSCT00000032254.3",3.92605128239821,-2.19945006852342,3.81987883608006,0.000495496452200526,0.00270465547425959,-0.129358778897822,"ENSSSCT00000032254.3","ENSSSCG00000008406","CCDC88A","CCDC88A","Significant"
"ENSSSCT00000012331.4",-2.02668798052112,0.969899532453447,-3.88853550713246,0.000405871459556717,0.00229939757904208,-0.130734279126818,"ENSSSCT00000012331.4","ENSSSCG00000011263","TTC21A","TTC21A","Significant"
"ENSSSCT00000016940.5",1.97851133042027,1.4923477872343,3.91650547688033,0.000374063680112853,0.00215819717331436,-0.13087609243016,"ENSSSCT00000016940.5","ENSSSCG00000015550","RGS16","RGS16","Significant"
"ENSSSCT00000082433.2",2.40867167255772,-3.9951196089601,3.82360380061106,0.000490176203647066,0.00268239425037075,-0.130905332784159,"ENSSSCT00000082433.2","ENSSSCG00000041935","HSPB7","HSPB7","Significant"
"ENSSSCT00000074690.1",1.38969811539253,1.01220848023601,3.88042447062755,0.000415577003185845,0.00234298333250411,-0.134064393116318,"ENSSSCT00000074690.1","ENSSSCG00000006904","GLMN","GLMN","Significant"
"ENSSSCT00000016492.5",4.47299952872682,-2.52147501112427,3.81795391310432,0.000498267669009904,0.00271573371454345,-0.134246195772811,"ENSSSCT00000016492.5","ENSSSCG00000015126","TRIM29","TRIM29","Significant"
"ENSSSCT00000012937.4",1.35205763733488,3.01181609010793,4.01936515908335,0.00027664975772723,0.00168501563626725,-0.134874146517287,"ENSSSCT00000012937.4","ENSSSCG00000011825","ATP13A3","ATP13A3","Significant"
"ENSSSCT00000040943.3",-1.74748864416425,0.897167476811979,-3.8796270245981,0.000416543300932453,0.00234680798057745,-0.136430586029425,"ENSSSCT00000040943.3","ENSSSCG00000013532","CAPS","CAPS","Significant"
"ENSSSCT00000041019.3",-2.22613670360834,-0.192958414478663,-3.83192974138612,0.000478484144209651,0.00262956965361708,-0.136939813760011,"ENSSSCT00000041019.3","ENSSSCG00000037046","TUBB4B","TUBB4B","Significant"
"ENSSSCT00000102592.1",-2.50822101246553,-0.150960450658482,-3.85117421743811,0.000452485611615246,0.00251626144995795,-0.140312621189936,"ENSSSCT00000102592.1","ENSSSCG00000055857","CHD9NB","CHD9NB","Significant"
"ENSSSCT00000027605.4",-2.50490368814287,1.27451593559808,-3.91307870044545,0.000377826314169161,0.00217490274491019,-0.143049086103907,"ENSSSCT00000027605.4","ENSSSCG00000011769","FXR1","FXR1","Significant"
"ENSSSCT00000053122.3",3.96381238342738,1.53811347361157,3.89112827955321,0.000402815711691593,0.00228536426672583,-0.143712145692949,"ENSSSCT00000053122.3","ENSSSCG00000033854","LGALS1","LGALS1","Significant"
"ENSSSCT00000060009.3",-2.83304895840156,-4.23916529977658,-3.81780065869665,0.000498488946830729,0.00271603168824684,-0.150483160210401,"ENSSSCT00000060009.3","ENSSSCG00000017917","MINK1","MINK1","Significant"
"ENSSSCT00000018405.5",3.36615641107519,-2.71584198183992,3.81099419717165,0.000508413225050799,0.00275844248357287,-0.151461038636148,"ENSSSCT00000018405.5","ENSSSCG00000016900","ESM1","ESM1","Significant"
"ENSSSCT00000061128.3",4.04872869199842,-1.76983296077452,3.81095389214845,0.000508472559387589,0.00275844248357287,-0.152469756736628,"ENSSSCT00000061128.3","ENSSSCG00000030167","SLC25A39","SLC25A39","Significant"
"ENSSSCT00000069750.1",1.02701028335492,-1.22019042877609,3.81374835769832,0.00050437460400184,0.00274259999814476,-0.15530565940807,"ENSSSCT00000069750.1","ENSSSCG00000043454",NA,"ENSSSCG00000043454","Significant"
"ENSSSCT00000087025.2",1.82592635676051,-0.0827092649894193,3.83124778589154,0.000479431544140171,0.00263365087995314,-0.157823719724633,"ENSSSCT00000087025.2","ENSSSCG00000028148","DMD","DMD","Significant"
"ENSSSCT00000022551.4",-1.04793674506465,-1.02565923688204,-3.81038805461043,0.000509306256531465,0.00276158676001196,-0.158153875207564,"ENSSSCT00000022551.4","ENSSSCG00000024714","LRRC34","LRRC34","Significant"
"ENSSSCT00000063688.3",-1.85659488643236,-4.97699557156805,-3.81826536455123,0.000497818270438582,0.00271379110459703,-0.159577470069925,"ENSSSCT00000063688.3","ENSSSCG00000006618","CELF3","CELF3","Significant"
"ENSSSCT00000065198.3",1.56924183658139,1.36952323523796,3.87967378720539,0.000416486576579136,0.00234680798057745,-0.161153896115326,"ENSSSCT00000065198.3","ENSSSCG00000035058","PID1","PID1","Significant"
"ENSSSCT00000051777.2",-1.05368513471971,6.14390298388796,-4.2574373611467,0.000136453744844621,0.000946552106040307,-0.162233302113262,"ENSSSCT00000051777.2","ENSSSCG00000017754",NA,"ENSSSCG00000017754","Significant"
"ENSSSCT00000061813.3",-1.06199635560719,1.72109176908984,-3.89776666605569,0.000395093507738683,0.00224967319705065,-0.16575865191378,"ENSSSCT00000061813.3","ENSSSCG00000033546","UBXN11","UBXN11","Significant"
"ENSSSCT00000106264.1",2.46324631349663,-2.80808574600835,3.8066947853072,0.000514780523862584,0.00278709800730915,-0.166471188110608,"ENSSSCT00000106264.1","ENSSSCG00000027820","CD200","CD200","Significant"
"ENSSSCT00000042765.2",-1.80120800829626,0.244128276682811,-3.85284509916246,0.000450294155376781,0.00250535676483013,-0.166555064109215,"ENSSSCT00000042765.2","ENSSSCG00000000516","KCNC2","KCNC2","Significant"
"ENSSSCT00000070158.2",1.04413563628922,-0.650468329580399,3.81888246589661,0.000496929005450314,0.00271070324472177,-0.172240150940946,"ENSSSCT00000070158.2","ENSSSCG00000037673","BFAR","BFAR","Significant"
"ENSSSCT00000091849.1",1.25753952108901,-1.44583472960665,3.80399876618456,0.000518812623791604,0.00280437292435491,-0.172890424669689,"ENSSSCT00000091849.1","ENSSSCG00000024193","LYSMD3","LYSMD3","Significant"
"ENSSSCT00000090530.1",3.79728569508291,-1.02902446153761,3.8031873637407,0.000520032121071999,0.00281039736042292,-0.174368518331838,"ENSSSCT00000090530.1","ENSSSCG00000048553",NA,"ENSSSCG00000048553","Significant"
"ENSSSCT00000025158.4",-1.65872185603032,-0.44008452765215,-3.81784460281749,0.000498425487951895,0.00271603168824684,-0.174979024598112,"ENSSSCT00000025158.4","ENSSSCG00000030303","ACHE","ACHE","Significant"
"ENSSSCT00000073104.1",1.53590535780196,2.75702548321904,3.97016408853094,0.000319689664885392,0.00190076654122099,-0.177107522127415,"ENSSSCT00000073104.1","ENSSSCG00000007487","PFDN4","PFDN4","Significant"
"ENSSSCT00000009054.5",-1.38642351355773,4.54044926430535,-4.12548324263212,0.000202170570804116,0.00129857551034227,-0.177160551588723,"ENSSSCT00000009054.5","ENSSSCG00000008268","AUP1","AUP1","Significant"
"ENSSSCT00000016695.5",2.83017166161272,-0.897149298701225,3.80711641005015,0.000514152706294486,0.00278462372691452,-0.185035357089805,"ENSSSCT00000016695.5","ENSSSCG00000015322","TFPI2","TFPI2","Significant"
"ENSSSCT00000091618.2",2.34690771482127,-3.77892576364439,3.80139165737478,0.000522740868165809,0.00282222938660011,-0.185063976371108,"ENSSSCT00000091618.2","ENSSSCG00000018019","ARHGAP44","ARHGAP44","Significant"
"ENSSSCT00000089159.2",-2.48478994354862,0.414692775918228,-3.84533460554945,0.000460226222531298,0.0025506569048834,-0.19161861496151,"ENSSSCT00000089159.2","ENSSSCG00000002269","MTHFD1","MTHFD1","Significant"
"ENSSSCT00000015445.5",1.025037213917,-0.661855982721457,3.8040588692418,0.000518722402296156,0.00280437292435491,-0.192144161993274,"ENSSSCT00000015445.5","ENSSSCG00000014141","RFESD","RFESD","Significant"
"ENSSSCT00000087159.2",2.25375619612252,-3.12549725675625,3.79716541657006,0.00052917006995554,0.00284979134060039,-0.19245966032131,"ENSSSCT00000087159.2","ENSSSCG00000009361","POSTN","POSTN","Significant"
"ENSSSCT00000040872.1",-1.61968342514935,-3.42693612163651,-3.79501963147469,0.000532463638835718,0.0028621805280653,-0.1954035858832,"ENSSSCT00000040872.1","ENSSSCG00000029515","PON3","PON3","Significant"
"ENSSSCT00000038465.2",6.29133687260748,-1.93433798922644,3.79498890034863,0.000532510952129927,0.0028621805280653,-0.197373379939799,"ENSSSCT00000038465.2","ENSSSCG00000032092","DDX5","DDX5","Significant"
"ENSSSCT00000089427.1",1.56372507920544,-3.39124361955655,3.79473984274299,0.000532894548793693,0.00286377021079109,-0.200161207488555,"ENSSSCT00000089427.1","ENSSSCG00000044843",NA,"ENSSSCG00000044843","Significant"
"ENSSSCT00000001930.4",-1.16519916560092,4.90136030247347,-4.15605032370134,0.000184627706881985,0.00120948397733178,-0.201310500546305,"ENSSSCT00000001930.4","ENSSSCG00000001726","ADGRF1","ADGRF1","Significant"
"ENSSSCT00000010516.3",-1.31717854537701,3.86831235693534,-4.10332967068014,0.000215892608683163,0.00136838308971731,-0.203053808668378,"ENSSSCT00000010516.3","ENSSSCG00000009594","SPTLC1","SPTLC1","Significant"
"ENSSSCT00000064967.2",-1.08986703058739,2.86850829415543,-3.99953717341629,0.000293268853970614,0.00176986614787892,-0.203253417233706,"ENSSSCT00000064967.2","ENSSSCG00000037811","RNF34","RNF34","Significant"
"ENSSSCT00000035425.4",-1.28908760127584,0.727203594925024,-3.87373078119039,0.000423756071153674,0.00238168297602041,-0.207135719016776,"ENSSSCT00000035425.4","ENSSSCG00000010698","FGFR2","FGFR2","Significant"
"ENSSSCT00000104571.1",1.34570012785434,1.20186934083682,3.86999280881067,0.00042839135197985,0.00240345747368842,-0.208501146740874,"ENSSSCT00000104571.1","ENSSSCG00000021728","LGALS2","LGALS2","Significant"
"ENSSSCT00000106887.1",-4.59104921465092,-2.30862341220522,-3.78911246027367,0.000541633549347262,0.00290116974583836,-0.209520373156081,"ENSSSCT00000106887.1","ENSSSCG00000012617","UPF3B","UPF3B","Significant"
"ENSSSCT00000076934.2",1.46398151187329,-3.24455940303952,3.79009717227672,0.000540094385869278,0.0028938763117308,-0.212672816693536,"ENSSSCT00000076934.2","ENSSSCG00000022496","STK39","STK39","Significant"
"ENSSSCT00000004122.4",1.755970502621,-3.76941623819694,3.79035673117805,0.000539689386408075,0.00289218158357148,-0.2158161077925,"ENSSSCT00000004122.4","ENSSSCG00000003722","CDH2","CDH2","Significant"
"ENSSSCT00000091969.1",2.54662926942784,-2.76456379394962,3.78558026180833,0.000547189639842086,0.00292708302172459,-0.216129951512132,"ENSSSCT00000091969.1","ENSSSCG00000011121",NA,"ENSSSCG00000011121","Significant"
"ENSSSCT00000088170.1",1.18341140545795,4.72458501854755,4.12013756126937,0.000205401561838887,0.00131432362479469,-0.217393313130819,"ENSSSCT00000088170.1","ENSSSCG00000013639","SLC44A2","SLC44A2","Significant"
"ENSSSCT00000053106.3",2.30014407780744,-2.59072282350328,3.78457567035175,0.000548779908973905,0.00293414564647183,-0.219104393814828,"ENSSSCT00000053106.3","ENSSSCG00000007240","HCK","HCK","Significant"
"ENSSSCT00000059235.3",-2.18901738046894,-5.08309555637441,-3.79444233076389,0.000533353125648093,0.00286529004920587,-0.219787371202813,"ENSSSCT00000059235.3","ENSSSCG00000016634","CAV1","CAV1","Significant"
"ENSSSCT00000002002.6",-1.49235399243501,-1.16296409173115,-3.78611810726127,0.000546340066671749,0.00292301797403441,-0.227421710375459,"ENSSSCT00000002002.6","ENSSSCG00000001787","IL16","IL16","Significant"
"ENSSSCT00000015710.5",1.58965943958321,-0.807688340470965,3.79092691205711,0.000538800745196327,0.00288847574919742,-0.228293121786846,"ENSSSCT00000015710.5","ENSSSCG00000053951",NA,"ENSSSCG00000053951","Significant"
"ENSSSCT00000034108.4",2.38988807234993,-0.290482130607517,3.7940831739815,0.000533907229800668,0.00286732191079245,-0.231729010078963,"ENSSSCT00000034108.4","ENSSSCG00000011102","NRP1","NRP1","Significant"
"ENSSSCT00000057618.3",1.33375440551447,3.79311535127587,4.03837238371309,0.000261582399490708,0.00160523857575664,-0.233646032167817,"ENSSSCT00000057618.3","ENSSSCG00000011594","NR2C2","NR2C2","Significant"
"ENSSSCT00000005554.4",3.65057287763931,-3.53602158796357,3.77996242188635,0.000556140378922568,0.00296705850023118,-0.235228022258188,"ENSSSCT00000005554.4","ENSSSCG00000005038","PSMC6","PSMC6","Significant"
"ENSSSCT00000044776.1",-2.42563110545198,1.16942860317594,-3.84142825802232,0.00046547581537811,0.00257357528990807,-0.236573467223281,"ENSSSCT00000044776.1","ENSSSCG00000000037","ARFGAP3","ARFGAP3","Significant"
"ENSSSCT00000037462.3",-2.48584971604527,-1.37178988218102,-3.78028040021901,0.000555629987381677,0.00296493618798563,-0.237545482766481,"ENSSSCT00000037462.3","ENSSSCG00000040366","ADAMTSL1","ADAMTSL1","Significant"
"ENSSSCT00000074973.2",-2.29532242629579,-3.38990353422412,-3.77789926448914,0.000559463036108099,0.00298099899154575,-0.242454570311239,"ENSSSCT00000074973.2","ENSSSCG00000011698","GYG1","GYG1","Significant"
"ENSSSCT00000055825.3",-1.18392252860992,2.5414776061331,-3.93088455345334,0.000358668747408937,0.00208598570112754,-0.244067366235236,"ENSSSCT00000055825.3","ENSSSCG00000031421","DYNLRB2","DYNLRB2","Significant"
"ENSSSCT00000033416.4",2.75127096779729,-1.5051469638794,3.77826348379753,0.00055887507628002,0.00297835289098297,-0.244696223500608,"ENSSSCT00000033416.4","ENSSSCG00000023215","MAOB","MAOB","Significant"
"ENSSSCT00000065954.3",2.36536700832752,0.134486595589023,3.79249401708502,0.000536365672579178,0.00287851092950389,-0.255209579929476,"ENSSSCT00000065954.3","ENSSSCG00000004193","ENPP1","ENPP1","Significant"
"ENSSSCT00000011905.5",-4.00204862294169,-3.47643637440501,-3.77232441299376,0.000568537673102402,0.00302391554548625,-0.255617954856743,"ENSSSCT00000011905.5","ENSSSCG00000010882","CNST","CNST","Significant"
"ENSSSCT00000103202.1",-1.86495203521982,-5.22155752311002,-3.77949681072552,0.00055688855778329,0.00296970797153523,-0.255619845881906,"ENSSSCT00000103202.1","ENSSSCG00000013754","CACNA1A","CACNA1A","Significant"
"ENSSSCT00000086279.1",-1.76824660177914,0.0148679192222585,-3.79245117157647,0.000536432106725115,0.00287851092950389,-0.263679686724207,"ENSSSCT00000086279.1","ENSSSCG00000039985","CES1","CES1","Significant"
"ENSSSCT00000013323.4",1.05320647511876,-1.05807216719241,3.97285785792493,0.000317173165536594,0.00188809820871921,-0.265589395509243,"ENSSSCT00000013323.4","ENSSSCG00000012179","ZFY","ZFY","Significant"
"ENSSSCT00000103307.1",1.30071209618325,-1.76040733142453,3.76754076546007,0.000576437948099092,0.00306094183384736,-0.265717039571187,"ENSSSCT00000103307.1","ENSSSCG00000060968",NA,"ENSSSCG00000060968","Significant"
"ENSSSCT00000012239.4",1.19737852354779,1.52410054009417,3.88229658182477,0.00041331704061453,0.00233346992072661,-0.266562782898797,"ENSSSCT00000012239.4","ENSSSCG00000011176","SUSD4","SUSD4","Significant"
"ENSSSCT00000087400.2",3.34931933533281,1.17260271507824,3.79977402548508,0.000525192706396666,0.00283243257724951,-0.269095393854184,"ENSSSCT00000087400.2","ENSSSCG00000040678","TYMS","TYMS","Significant"
"ENSSSCT00000097451.1",-1.7702426160005,0.70463445553019,-3.82935065363635,0.000482076701724243,0.0026460654516864,-0.27222254433457,"ENSSSCT00000097451.1","ENSSSCG00000038423","GLA","GLA","Significant"
"ENSSSCT00000018712.5",-1.40033040351355,4.17333563057676,-4.05400612566399,0.000249791836715498,0.00154715293394226,-0.283792899224375,"ENSSSCT00000018712.5","ENSSSCG00000017187","FOXJ1","FOXJ1","Significant"
"ENSSSCT00000100252.1",1.68752322762105,1.15656282525508,3.83191339490256,0.000478506832134404,0.00262956965361708,-0.292558289836808,"ENSSSCT00000100252.1","ENSSSCG00000033303","MBD4","MBD4","Significant"
"ENSSSCT00000063468.3",4.06530791861779,-3.42134823581171,3.75490730417095,0.000597816996740106,0.00315927744042608,-0.293553820923174,"ENSSSCT00000063468.3","ENSSSCG00000034314","LSM4","LSM4","Significant"
"ENSSSCT00000037637.3",-1.48417245243291,-3.04531605513613,-3.75688644450977,0.000594417781163121,0.00314463691985111,-0.293872654970302,"ENSSSCT00000037637.3","ENSSSCG00000017044","IL12B","IL12B","Significant"
"ENSSSCT00000102522.1",1.11541595353587,-2.12043088954702,3.75442211685867,0.00059865318486891,0.00316088881610785,-0.294835605271188,"ENSSSCT00000102522.1","ENSSSCG00000052762",NA,"ENSSSCG00000052762","Significant"
"ENSSSCT00000025519.4",1.0874646476951,0.663621942410146,3.81424307317272,0.000503652471657294,0.00274004424927656,-0.296702829250658,"ENSSSCT00000025519.4","ENSSSCG00000026360","CLGN","CLGN","Significant"
"ENSSSCT00000047132.1",-1.26892478699529,0.513150603009279,-3.8081277275976,0.000512649835493556,0.00277740698511663,-0.298395497819167,"ENSSSCT00000047132.1","ENSSSCG00000033507","ASCL2","ASCL2","Significant"
"ENSSSCT00000037560.3",1.30573982417271,-2.05845609185645,3.75159634045506,0.000603545775813192,0.00318002690281405,-0.301719722643511,"ENSSSCT00000037560.3","ENSSSCG00000033721",NA,"ENSSSCG00000033721","Significant"
"ENSSSCT00000078285.2",3.19084425493721,-2.93212714270739,3.75141862888254,0.000603854758874675,0.00318062690764942,-0.303315103084088,"ENSSSCT00000078285.2","ENSSSCG00000014927","NOX4","NOX4","Significant"
"ENSSSCT00000043295.2",-2.45657478581514,-3.98853939213037,-3.75454443319979,0.000598442274063456,0.00316033268092055,-0.305093847683692,"ENSSSCT00000043295.2","ENSSSCG00000004318","RRAGD","RRAGD","Significant"
"ENSSSCT00000099024.1",1.18777509943476,-1.32366468831322,3.75280179341573,0.000601453919675988,0.00317208081480361,-0.305839350418786,"ENSSSCT00000099024.1","ENSSSCG00000062435",NA,"ENSSSCG00000062435","Significant"
"ENSSSCT00000105917.1",-1.25610811836188,2.35805835139684,-3.92694564290356,0.000362823538905986,0.00210526760321957,-0.308025702700999,"ENSSSCT00000105917.1","ENSSSCG00000011653","PCCB","PCCB","Significant"
"ENSSSCT00000012274.5",-1.3237266152342,-0.543885425935235,-3.76625633662255,0.000578577250088676,0.00306880310100719,-0.319773918116148,"ENSSSCT00000012274.5","ENSSSCG00000011208","ZNF385D","ZNF385D","Significant"
"ENSSSCT00000003744.5",-2.88093947603452,-3.64016846271016,-3.74438194115986,0.000616213141261596,0.00323370565873058,-0.323798035754071,"ENSSSCT00000003744.5","ENSSSCG00000003374","ESPN","ESPN","Significant"
"ENSSSCT00000042881.3",1.48202660231779,1.66285338171865,3.84325563747237,0.000463012873974649,0.00256387088027674,-0.329295546562767,"ENSSSCT00000042881.3","ENSSSCG00000006252","TMEM68","TMEM68","Significant"
"ENSSSCT00000079390.2",-1.29614509182697,-4.20104355773239,-3.74560044471587,0.000614055721007731,0.00322549907003964,-0.330545082967638,"ENSSSCT00000079390.2","ENSSSCG00000051569",NA,"ENSSSCG00000051569","Significant"
"ENSSSCT00000027928.4",-2.10586462710069,-2.10973525889692,-3.73540189917863,0.000632340600934507,0.00330345024080575,-0.344073045478022,"ENSSSCT00000027928.4","ENSSSCG00000010299","ANXA7","ANXA7","Significant"
"ENSSSCT00000017620.4",-1.54734969068448,-1.70100694669458,-3.73733642119707,0.000628832189486428,0.00328775572578824,-0.344492734627359,"ENSSSCT00000017620.4","ENSSSCG00000016182","RUFY4","RUFY4","Significant"
"ENSSSCT00000009843.5",1.75562683176478,-0.410046020638091,3.75323067222101,0.000600711368890605,0.00316918988208888,-0.351913514679758,"ENSSSCT00000009843.5","ENSSSCG00000008986","SEPTIN11","SEPTIN11","Significant"
"ENSSSCT00000084776.2",1.89529014789605,-0.790932717016441,3.7423114454149,0.000619895894088537,0.0032504158460699,-0.352605420726399,"ENSSSCT00000084776.2","ENSSSCG00000012548","PWWP3B","PWWP3B","Significant"
"ENSSSCT00000018815.5",2.12235963429716,-4.43376747112175,3.73631234018016,0.000630687089333644,0.00329534004176829,-0.353210129552116,"ENSSSCT00000018815.5","ENSSSCG00000017283","CD79B","CD79B","Significant"
"ENSSSCT00000077675.2",2.02309504352977,-3.63470043586763,3.73364712315733,0.000635539409079904,0.00331644156428316,-0.354392195161653,"ENSSSCT00000077675.2","ENSSSCG00000016444","TMEM176B","TMEM176B","Significant"
"ENSSSCT00000092140.1",-1.06276574046695,1.1568467450723,-3.80506470396531,0.000517214786270086,0.00279841866769829,-0.355707765739163,"ENSSSCT00000092140.1","ENSSSCG00000015565",NA,"ENSSSCG00000015565","Significant"
"ENSSSCT00000058313.3",1.89187932636534,-0.873728660712131,3.74177009562259,0.000620862291147268,0.0032544363570041,-0.356265382050989,"ENSSSCT00000058313.3","ENSSSCG00000015097","DDX6","DDX6","Significant"
"ENSSSCT00000046305.1",1.98376719767369,-2.7009655702099,3.72934314311455,0.000643451650870856,0.00335236459331949,-0.357891308392234,"ENSSSCT00000046305.1","ENSSSCG00000009250","PRKG2","PRKG2","Significant"
"ENSSSCT00000047988.3",1.51301801835574,4.26230379779694,4.04054931369506,0.00025990865901834,0.00159628007724729,-0.361970835670111,"ENSSSCT00000047988.3","ENSSSCG00000010092","PI4KA","PI4KA","Significant"
"ENSSSCT00000075256.2",-2.60452861911716,-2.17693592154129,-3.74026959483031,0.000623548557555102,0.00326641664050876,-0.363490816720181,"ENSSSCT00000075256.2","ENSSSCG00000013862","MED26","MED26","Significant"
"ENSSSCT00000030501.4",1.0036633615478,3.91988912282494,4.01648889639887,0.000279002322687996,0.00169744200950167,-0.36380921499456,"ENSSSCT00000030501.4","ENSSSCG00000024125","KPNA3","KPNA3","Significant"
"ENSSSCT00000095797.1",1.78178765594176,-4.42962929110587,3.73249826524511,0.000637642156666815,0.00332481666702633,-0.364098217681819,"ENSSSCT00000095797.1","ENSSSCG00000052972",NA,"ENSSSCG00000052972","Significant"
"ENSSSCT00000083682.1",-1.32770377817503,-2.96091583129592,-3.72860988073272,0.000644809116377603,0.00335759149709523,-0.364378232030397,"ENSSSCT00000083682.1","ENSSSCG00000051450",NA,"ENSSSCG00000051450","Significant"
"ENSSSCT00000094783.1",2.37873404725745,1.07936632954384,3.78534041029315,0.00054756891862898,0.00292863140140736,-0.366655074103849,"ENSSSCT00000094783.1","ENSSSCG00000006571","INTS3","INTS3","Significant"
"ENSSSCT00000068995.2",3.76139421286489,-2.08437000835168,3.72530821471843,0.000650955792909921,0.00338551007689186,-0.367901293593749,"ENSSSCT00000068995.2","ENSSSCG00000016863","OXCT1","OXCT1","Significant"
"ENSSSCT00000106695.1",-1.94821003071936,-1.34466592870317,-3.72895999089046,0.00064416062315726,0.00335498609543439,-0.368929741761292,"ENSSSCT00000106695.1","ENSSSCG00000027621","NDUFA4L2","NDUFA4L2","Significant"
"ENSSSCT00000094129.1",1.62753726477564,3.26421628114661,3.91802445805845,0.00037240750372593,0.00215046492824506,-0.369581323789091,"ENSSSCT00000094129.1","ENSSSCG00000036081","TBC1D20","TBC1D20","Significant"
"ENSSSCT00000060578.3",1.82275832170491,3.51340796310498,3.91892767905231,0.000371426086594864,0.00214563715934425,-0.382313960147854,"ENSSSCT00000060578.3","ENSSSCG00000016845","NUP155","NUP155","Significant"
"ENSSSCT00000105950.1",1.07514981576612,-1.56419164901016,3.7225930948311,0.000656052947452465,0.00340550076400894,-0.385567859551363,"ENSSSCT00000105950.1","ENSSSCG00000058986",NA,"ENSSSCG00000058986","Significant"
"ENSSSCT00000085180.1",-1.37900817280976,1.8098202688523,-3.84719188926952,0.000457750491357264,0.00253990759363721,-0.385596169699246,"ENSSSCT00000085180.1","ENSSSCG00000033544","NTF3","NTF3","Significant"
"ENSSSCT00000019388.4",-1.42021594751807,2.28351217477925,-3.84502304855948,0.000460642794396751,0.0025520471824149,-0.387176379309454,"ENSSSCT00000019388.4","ENSSSCG00000017814",NA,"ENSSSCG00000017814","Significant"
"ENSSSCT00000006535.5",-1.14756791997687,1.95003082432511,-3.8371718738369,0.000471261974508984,0.0025993952659264,-0.389111659280307,"ENSSSCT00000006535.5","ENSSSCG00000005952","DNAAF11","DNAAF11","Significant"
"ENSSSCT00000064366.3",3.43246165494414,-2.95225216791466,3.71555854036039,0.000669439341093274,0.00345901747654597,-0.392536393157003,"ENSSSCT00000064366.3","ENSSSCG00000040681","FABP4","FABP4","Significant"
"ENSSSCT00000031474.4",1.03387429669156,0.200636586696213,3.78042308791856,0.000555401104895406,0.00296419997119166,-0.393593170050153,"ENSSSCT00000031474.4","ENSSSCG00000022200","SYT17","SYT17","Significant"
"ENSSSCT00000071106.1",1.95467944221459,-1.62656551009402,3.71606693127853,0.000668463107177674,0.00345452070794435,-0.394279686728832,"ENSSSCT00000071106.1","ENSSSCG00000012649","SMARCA1","SMARCA1","Significant"
"ENSSSCT00000044291.3",1.7161430971535,-1.69632693091219,3.71899299960388,0.000662871061873853,0.00343106018436817,-0.395879364326447,"ENSSSCT00000044291.3","ENSSSCG00000015345","GLCCI1","GLCCI1","Significant"
"ENSSSCT00000066374.3",1.81470288752918,-4.86831618453654,3.71770415280819,0.000665328593905475,0.00344104909195655,-0.397238006098326,"ENSSSCT00000066374.3","ENSSSCG00000034211","SPIB","SPIB","Significant"
"ENSSSCT00000038709.3",2.38330769000747,-4.67214257095822,3.71441640102672,0.000671637557572364,0.00346733490651371,-0.406102319406246,"ENSSSCT00000038709.3","ENSSSCG00000001746","PKHD1","PKHD1","Significant"
"ENSSSCT00000032409.4",-2.16947460155763,3.69017121616462,-3.93098704186193,0.000358561262079167,0.00208573262958593,-0.408224945554016,"ENSSSCT00000032409.4","ENSSSCG00000026230","SRP19","SRP19","Significant"
"ENSSSCT00000095525.1",1.20003532439511,-1.20598414938401,3.72345009017647,0.000654439934859341,0.00339875113669225,-0.410123307550117,"ENSSSCT00000095525.1","ENSSSCG00000051820",NA,"ENSSSCG00000051820","Significant"
"ENSSSCT00000085721.2",-2.33393895024384,-4.82263053917921,-3.71480924224531,0.000670880689832766,0.00346481767959885,-0.410795179943638,"ENSSSCT00000085721.2","ENSSSCG00000039940","NELL1","NELL1","Significant"
"ENSSSCT00000092141.1",1.42890743091618,-0.771206105643491,3.72123972924487,0.000658608050229216,0.00341604468178068,-0.412496915204961,"ENSSSCT00000092141.1","ENSSSCG00000059682",NA,"ENSSSCG00000059682","Significant"
"ENSSSCT00000079400.2",-1.94170948992768,-3.32241421857824,-3.70850256082261,0.000683131749300451,0.00351140273595963,-0.412753293036651,"ENSSSCT00000079400.2","ENSSSCG00000025160","DPF1","DPF1","Significant"
"ENSSSCT00000007943.4",-2.37336036798107,-1.18856059576292,-3.71506356588922,0.000670391137057241,0.00346338656831156,-0.413655988959047,"ENSSSCT00000007943.4","ENSSSCG00000007259","BPIFA2","BPIFA2","Significant"
"ENSSSCT00000026364.4",-1.01913150246136,-1.07340426847791,-3.70988906569225,0.000680419973801786,0.00350077526050709,-0.417045077107921,"ENSSSCT00000026364.4","ENSSSCG00000002700",NA,"ENSSSCG00000002700","Significant"
"ENSSSCT00000066380.2",2.21135270487448,-0.549501831761768,3.75360231784699,0.000600068628278964,0.003167155767521,-0.417561176139492,"ENSSSCT00000066380.2","ENSSSCG00000008305","SMYD5","SMYD5","Significant"
"ENSSSCT00000061779.3",1.66700022046324,-3.69538713462237,3.70758734337509,0.000684927487659189,0.00351809284299399,-0.419824763042056,"ENSSSCT00000061779.3","ENSSSCG00000010201","RASGEF1A","RASGEF1A","Significant"
"ENSSSCT00000094525.1",2.10489700353159,-1.16640755670695,3.72133439864342,0.000658429005278721,0.00341565939349362,-0.420701523491529,"ENSSSCT00000094525.1","ENSSSCG00000056642",NA,"ENSSSCG00000056642","Significant"
"ENSSSCT00000079433.2",-3.15455444964065,-0.500480301248964,-3.73308867750624,0.000636560689163493,0.00332070795351785,-0.421306913380785,"ENSSSCT00000079433.2","ENSSSCG00000039012","GLTP","GLTP","Significant"
"ENSSSCT00000100272.1",-2.38229174384777,-4.54597954187926,-3.70695253005705,0.000686175728486835,0.00352260643230747,-0.427959074535549,"ENSSSCT00000100272.1","ENSSSCG00000012560","PRPS1","PRPS1","Significant"
"ENSSSCT00000023382.3",1.57530556820951,-4.80398935821772,3.70647958617798,0.000687107113250822,0.00352543420308765,-0.429688625915571,"ENSSSCT00000023382.3","ENSSSCG00000026707","XCR1","XCR1","Significant"
"ENSSSCT00000095027.1",1.81913410262538,4.08367354936551,4.049953561913,0.000252797422051025,0.00156072848864829,-0.432447692305562,"ENSSSCT00000095027.1","ENSSSCG00000035987","EHD3","EHD3","Significant"
"ENSSSCT00000050902.3",-1.02889235194867,2.96743490202816,-3.92528141215082,0.000364593017070856,0.00211290272459619,-0.434466268594615,"ENSSSCT00000050902.3","ENSSSCG00000000148",NA,"ENSSSCG00000000148","Significant"
"ENSSSCT00000037330.3",-1.35373143754788,-0.956262068222208,-3.70284375151901,0.000694308226604699,0.00355372455576446,-0.437697684342124,"ENSSSCT00000037330.3","ENSSSCG00000012757","CETN2","CETN2","Significant"
"ENSSSCT00000051565.3",-1.4724968544904,0.481125905529886,-3.74109628590227,0.000622067188073809,0.00325970405013797,-0.450018496101431,"ENSSSCT00000051565.3","ENSSSCG00000025610","AGAP3","AGAP3","Significant"
"ENSSSCT00000071090.2",1.55894590711616,-2.23507973907773,3.69214994655072,0.000715913784032521,0.00365055567948019,-0.450941784884454,"ENSSSCT00000071090.2","ENSSSCG00000010055","GGT5","GGT5","Significant"
"ENSSSCT00000031125.3",-1.51182704527897,0.635764183933261,-3.72926532843351,0.000643595575470122,0.00335257870947881,-0.45232028020464,"ENSSSCT00000031125.3","ENSSSCG00000023156","C2orf81","C2orf81","Significant"
"ENSSSCT00000012848.5",-1.26810324317632,-4.77721067279886,-3.69823107675208,0.000703549136093873,0.00359312594505085,-0.452768526430422,"ENSSSCT00000012848.5","ENSSSCG00000011737","SERPINI2","SERPINI2","Significant"
"ENSSSCT00000070669.2",1.73099155713567,-4.12917160562376,3.69542466267661,0.000709229493975941,0.00361930167813297,-0.45281221801178,"ENSSSCT00000070669.2","ENSSSCG00000049113",NA,"ENSSSCG00000049113","Significant"
"ENSSSCT00000068155.2",1.12119990032965,-0.576084843844522,3.71198978836694,0.000676331132318367,0.00348689124574763,-0.452826090036794,"ENSSSCT00000068155.2","ENSSSCG00000037213","TRAPPC3","TRAPPC3","Significant"
"ENSSSCT00000063183.3",-2.49218464607877,2.97770887176623,-3.90883050614149,0.000382541991040863,0.00219623156821559,-0.457967032053761,"ENSSSCT00000063183.3","ENSSSCG00000011524","CHL1","CHL1","Significant"
"ENSSSCT00000081508.2",-1.39995112648812,-1.89075049158089,-3.68860753544032,0.000723213049031525,0.00368029315602058,-0.459986817330408,"ENSSSCT00000081508.2","ENSSSCG00000033213","LYRM7","LYRM7","Significant"
"ENSSSCT00000010349.5",-1.51570761954644,3.61553709974323,-3.97939050660329,0.000311150265423175,0.00185869242467152,-0.460272660516564,"ENSSSCT00000010349.5","ENSSSCG00000009442","CNMD","CNMD","Significant"
"ENSSSCT00000041098.3",2.09163932773433,1.78512707019148,3.8277889285203,0.000484264825473181,0.00265271679598918,-0.462255270296566,"ENSSSCT00000041098.3","ENSSSCG00000003807","DNAJC6","DNAJC6","Significant"
"ENSSSCT00000076947.2",1.42376061810419,-3.29928838213592,3.68663799407139,0.000727302420044757,0.00369706393874949,-0.464999328170916,"ENSSSCT00000076947.2","ENSSSCG00000016941","RNF180","RNF180","Significant"
"ENSSSCT00000000208.4",-1.16026850084783,-2.20918869992702,-3.68601234102899,0.000728606138108211,0.00370096299077698,-0.466488075472124,"ENSSSCT00000000208.4","ENSSSCG00000000195","PRPH","PRPH","Significant"
"ENSSSCT00000055679.3",1.598154622529,2.39809582558812,3.80953559622544,0.000510564760420353,0.00276795035729052,-0.470499456449198,"ENSSSCT00000055679.3","ENSSSCG00000011710","EIF2A","EIF2A","Significant"
"ENSSSCT00000034705.4",2.09355440401964,2.20029843336486,3.7849271518314,0.000548223004735054,0.0029316488184979,-0.471763819533541,"ENSSSCT00000034705.4","ENSSSCG00000005467","HSDL2","HSDL2","Significant"
"ENSSSCT00000042378.3",-1.9860408909305,-5.19055971652766,-3.6841090688412,0.000732586023531718,0.00371638940582358,-0.481979226132797,"ENSSSCT00000042378.3","ENSSSCG00000025545","HDAC6","HDAC6","Significant"
"ENSSSCT00000101771.1",1.19104157985721,-0.0969723132297181,3.71439068480007,0.000671687132546332,0.00346733490651371,-0.484852950950638,"ENSSSCT00000101771.1","ENSSSCG00000014136","VCAN","VCAN","Significant"
"ENSSSCT00000015389.5",-1.30611791531556,4.19536532255625,-4.06593801391014,0.000241143584354295,0.00150042851608539,-0.487619842822884,"ENSSSCT00000015389.5","ENSSSCG00000014088","IQGAP2","IQGAP2","Significant"
"ENSSSCT00000015228.3",-1.55468886932711,-3.30639946604716,-3.67747508542749,0.000746623075572268,0.00377760688329581,-0.491704605159041,"ENSSSCT00000015228.3","ENSSSCG00000013942",NA,"ENSSSCG00000013942","Significant"
"ENSSSCT00000002568.5",1.831328702533,-2.77741496149621,3.67484844177193,0.000752252390993652,0.00380136964599458,-0.494093023529988,"ENSSSCT00000002568.5","ENSSSCG00000002306","GALNT16","GALNT16","Significant"
"ENSSSCT00000029881.3",-2.47167054171775,1.53875234272957,-3.77991924662499,0.000556209715170316,0.00296705850023118,-0.499169607983844,"ENSSSCT00000029881.3","ENSSSCG00000027176","SACM1L","SACM1L","Significant"
"ENSSSCT00000035951.4",1.02375351464503,1.83691555736807,3.80585528601593,0.000516032789270269,0.00279248681516479,-0.501072667260374,"ENSSSCT00000035951.4","ENSSSCG00000000530","FGD4","FGD4","Significant"
"ENSSSCT00000094248.1",1.46916433467231,-2.40784044208605,3.67173325646658,0.00075898189459734,0.00382588832582741,-0.501841331429166,"ENSSSCT00000094248.1","ENSSSCG00000054266",NA,"ENSSSCG00000054266","Significant"
"ENSSSCT00000096859.2",1.88823649994778,-0.148613900348432,3.69012226690576,0.000720083129894449,0.00366665475044177,-0.502427694651698,"ENSSSCT00000096859.2","ENSSSCG00000004738","MAPKBP1","MAPKBP1","Significant"
"ENSSSCT00000075108.2",1.57031878070864,2.20424197529561,3.82170409711743,0.000492882527678668,0.00269403888221883,-0.504257085072388,"ENSSSCT00000075108.2","ENSSSCG00000008583","ITSN2","ITSN2","Significant"
"ENSSSCT00000104704.1",1.03427277094657,3.35051721006035,3.91991333510323,0.000370357967811062,0.0021413639266735,-0.504618836984525,"ENSSSCT00000104704.1","ENSSSCG00000002502","ATG2B","ATG2B","Significant"
"ENSSSCT00000090864.2",-2.12416759907404,-0.363072038544831,-3.72036243072839,0.000660269496767026,0.00342248436766171,-0.505198560289657,"ENSSSCT00000090864.2","ENSSSCG00000037267","MAX","MAX","Significant"
"ENSSSCT00000076727.2",2.83033355816998,-2.25023510555733,3.67605014132916,0.000749671887181791,0.00379009182969067,-0.511054199321276,"ENSSSCT00000076727.2","ENSSSCG00000039259",NA,"ENSSSCG00000039259","Significant"
"ENSSSCT00000086815.1",-1.7472154513101,-1.99989780034836,-3.66752862800262,0.000768157124232973,0.00386616160520097,-0.515372546243785,"ENSSSCT00000086815.1","ENSSSCG00000047161",NA,"ENSSSCG00000047161","Significant"
"ENSSSCT00000049533.2",-1.13259946895656,-2.24016295541097,-3.66605256434286,0.000771403488376153,0.00387890797887355,-0.516031728986667,"ENSSSCT00000049533.2","ENSSSCG00000031644",NA,"ENSSSCG00000031644","Significant"
"ENSSSCT00000012782.5",-2.95637104506892,0.228078745663242,-3.69205821530918,0.000716101898210419,0.00365094390762353,-0.517058083788861,"ENSSSCT00000012782.5","ENSSSCG00000011676",NA,"ENSSSCG00000011676","Significant"
"ENSSSCT00000087440.1",-2.78651167018687,-2.58525234873674,-3.66478738760641,0.00077419658435659,0.0038881554892733,-0.519488447022091,"ENSSSCT00000087440.1","ENSSSCG00000001533","TAF11","TAF11","Significant"
"ENSSSCT00000088441.2",-1.261076822966,3.04751970911086,-3.90363101256263,0.000388391575365948,0.00222224656826393,-0.524003442149298,"ENSSSCT00000088441.2","ENSSSCG00000040359","GOLGA7B","GOLGA7B","Significant"
"ENSSSCT00000102921.1",1.57634272652614,-2.62119316249131,3.66226879752941,0.00077978591233342,0.00391126302948224,-0.525773868884053,"ENSSSCT00000102921.1","ENSSSCG00000032220","CNOT10","CNOT10","Significant"
"ENSSSCT00000070672.2",-2.61938351352138,-0.928059057055368,-3.67176223429082,0.000758919028797262,0.00382588832582741,-0.527925908855927,"ENSSSCT00000070672.2","ENSSSCG00000017498","PPP1R1B","PPP1R1B","Significant"
"ENSSSCT00000047669.2",1.18212931019699,-2.06123638554002,3.66235153043022,0.00077960169158682,0.00391108379019798,-0.528676163093008,"ENSSSCT00000047669.2","ENSSSCG00000032078","ZNF362","ZNF362","Significant"
"ENSSSCT00000025675.4",-3.51759159816008,-1.98623245961025,-3.66491107602701,0.000773923090603635,0.00388797972974436,-0.533609449634624,"ENSSSCT00000025675.4","ENSSSCG00000013585","EVI5L","EVI5L","Significant"
"ENSSSCT00000010582.5",-1.87362157143611,-0.291205492052545,-3.68441515336078,0.000731944563103905,0.00371429113392058,-0.535122330620001,"ENSSSCT00000010582.5","ENSSSCG00000009652","KCTD9","KCTD9","Significant"
"ENSSSCT00000030777.3",1.06447828675982,1.09289278776481,3.73790126864906,0.000627811351789994,0.00328452524290131,-0.535611054069888,"ENSSSCT00000030777.3","ENSSSCG00000022994","CYB5R4","CYB5R4","Significant"
"ENSSSCT00000074128.2",-1.27484927620396,3.53517881787422,-3.9465197878241,0.000342628409899957,0.00201135338069467,-0.54813107057459,"ENSSSCT00000074128.2","ENSSSCG00000037808",NA,"ENSSSCG00000037808","Significant"
"ENSSSCT00000048710.2",1.37078612090553,-0.386460839814097,3.66458884080635,0.000774635796478264,0.00388976212973623,-0.548656403275947,"ENSSSCT00000048710.2","ENSSSCG00000038735","SNAP23","SNAP23","Significant"
"ENSSSCT00000038762.2",1.05706198677717,7.18496017228707,4.14851780520688,0.000188807256678146,0.00122920762714342,-0.552495002895906,"ENSSSCT00000038762.2","ENSSSCG00000037360","CST3","CST3","Significant"
"ENSSSCT00000028904.4",-2.74844547849226,-4.32115007244231,-3.65257982290874,0.000801653512340286,0.00400323343794497,-0.552851020547099,"ENSSSCT00000028904.4","ENSSSCG00000012411","PHKA1","PHKA1","Significant"
"ENSSSCT00000028177.4",-1.4174744560548,0.266768812986443,-3.69458613968874,0.000710935302454623,0.00362630391133144,-0.553901462713334,"ENSSSCT00000028177.4","ENSSSCG00000023957","CFAP126","CFAP126","Significant"
"ENSSSCT00000075502.1",1.69147293110267,-2.89056758358352,3.65157983377414,0.000803943863797103,0.00401098481028933,-0.554622117886542,"ENSSSCT00000075502.1","ENSSSCG00000008423","PPP1R21","PPP1R21","Significant"
"ENSSSCT00000042570.3",1.23738812441718,1.03380949326708,3.72162075270876,0.000657887720355202,0.00341339453126369,-0.557199765740885,"ENSSSCT00000042570.3","ENSSSCG00000055828",NA,"ENSSSCG00000055828","Significant"
"ENSSSCT00000075096.2",-3.84488176158106,-1.24631853535209,-3.66222774246755,0.00077987734494737,0.00391126302948224,-0.563241175895949,"ENSSSCT00000075096.2","ENSSSCG00000014020","CANX","CANX","Significant"
"ENSSSCT00000091251.1",1.37100227350632,-3.26443946748277,3.64811370499628,0.000811931604902624,0.00404240502414607,-0.56366992696181,"ENSSSCT00000091251.1","ENSSSCG00000042083",NA,"ENSSSCG00000042083","Significant"
"ENSSSCT00000090635.1",3.0617874419113,-3.55141035124784,3.6477196130189,0.000812844631325144,0.00404548715611738,-0.564225122602035,"ENSSSCT00000090635.1","ENSSSCG00000002424","SPATA7","SPATA7","Significant"
"ENSSSCT00000014542.4",1.50948381574907,-5.07474806179259,3.65104791166102,0.000805164738396439,0.00401640335258152,-0.565840940520741,"ENSSSCT00000014542.4","ENSSSCG00000013316","WT1","WT1","Significant"
"ENSSSCT00000008500.5",-1.72527370105147,1.81039867705633,-3.75337966173858,0.000600453619721993,0.0031683427443625,-0.566516942441261,"ENSSSCT00000008500.5","ENSSSCG00000007753","RUSF1","RUSF1","Significant"
"ENSSSCT00000106964.1",-2.36988303339512,-3.07866119520389,-3.64653673431227,0.000815591063200493,0.00405667902739723,-0.567318584763084,"ENSSSCT00000106964.1","ENSSSCG00000003419","MAD2L2","MAD2L2","Significant"
"ENSSSCT00000006970.5",1.48827269357199,2.79861448913562,3.83391791779152,0.000475732447056338,0.00261785328334596,-0.570379670209698,"ENSSSCT00000006970.5","ENSSSCG00000006361","PPOX","PPOX","Significant"
"ENSSSCT00000046615.3",2.24674183921996,4.58368502295019,3.91797650263678,0.000372459681321307,0.00215046492824506,-0.571090253773736,"ENSSSCT00000046615.3","ENSSSCG00000006063","PABPC1","PABPC1","Significant"
"ENSSSCT00000072428.2",-2.2183690334798,-4.5536762473173,-3.64610503628475,0.000816595617938704,0.00406105605968174,-0.573423530145106,"ENSSSCT00000072428.2","ENSSSCG00000005194","PTPRD","PTPRD","Significant"
"ENSSSCT00000069573.2",-2.23797375913755,-3.47658147563271,-3.64464884197701,0.000819992977004125,0.00407484392962086,-0.573476239667308,"ENSSSCT00000069573.2","ENSSSCG00000016556","CEP41","CEP41","Significant"
"ENSSSCT00000079130.2",1.55034016629064,-4.32340364164732,3.64586844986543,0.000817146657477443,0.00406220412966154,-0.573953919211717,"ENSSSCT00000079130.2","ENSSSCG00000027093","FOLH1B","FOLH1B","Significant"
"ENSSSCT00000106053.1",1.55034016629064,-4.32340364164732,3.64586844986543,0.000817146657477443,0.00406220412966154,-0.573953919211717,"ENSSSCT00000106053.1","ENSSSCG00000027093","FOLH1B","FOLH1B","Significant"
"ENSSSCT00000103222.1",2.28144932530574,-4.74387371865348,3.6458454492178,0.000817200248020183,0.00406220412966154,-0.575517811438997,"ENSSSCT00000103222.1","ENSSSCG00000059948",NA,"ENSSSCG00000059948","Significant"
"ENSSSCT00000058854.3",-1.51314468614807,-5.42912446385705,-3.64854927671311,0.000810923630687463,0.00404024359030166,-0.576981664389842,"ENSSSCT00000058854.3","ENSSSCG00000033806",NA,"ENSSSCG00000033806","Significant"
"ENSSSCT00000047604.2",1.00604813995651,2.44431655611839,3.82906385834184,0.00048247780849796,0.00264685946008625,-0.577304131329671,"ENSSSCT00000047604.2","ENSSSCG00000016597","POT1","POT1","Significant"
"ENSSSCT00000008039.4",2.88403958507562,1.24074620688006,3.68585009559068,0.000728944589171785,0.00370137196470283,-0.582944701301591,"ENSSSCT00000008039.4","ENSSSCG00000007345","RALGAPB","RALGAPB","Significant"
"ENSSSCT00000053532.3",1.23083279774899,3.40672152829195,3.89986945080787,0.000392677561404565,0.00224100458813836,-0.585100941846619,"ENSSSCT00000053532.3","ENSSSCG00000029538","PPP2R1B","PPP2R1B","Significant"
"ENSSSCT00000005306.4",-1.64821593645815,-1.87189058088492,-3.63771046183901,0.000836368745435135,0.00413549764193092,-0.587437497177717,"ENSSSCT00000005306.4","ENSSSCG00000004807","SCG5","SCG5","Significant"
"ENSSSCT00000070709.2",-1.55103529808962,-1.71430418154499,-3.64275754287734,0.000824425825271814,0.00409312922295755,-0.589258652817466,"ENSSSCT00000070709.2","ENSSSCG00000000457","USP15","USP15","Significant"
"ENSSSCT00000005288.6",1.76291735321173,7.01272739322454,4.12695790728363,0.000201288041842608,0.00129418168334379,-0.591173765970707,"ENSSSCT00000005288.6","ENSSSCG00000004789","THBS1","THBS1","Significant"
"ENSSSCT00000027694.4",-1.98145098125057,-0.801913473293017,-3.64201037314843,0.000826183416483283,0.0040974876956223,-0.592361888313724,"ENSSSCT00000027694.4","ENSSSCG00000029365","MSI1","MSI1","Significant"
"ENSSSCT00000024099.2",-1.22467486085678,7.86257726350472,-4.15494376099028,0.000185235984377682,0.0012124942852138,-0.593769524644799,"ENSSSCT00000024099.2","ENSSSCG00000023467",NA,"ENSSSCG00000023467","Significant"
"ENSSSCT00000043542.3",1.40037282521083,1.28122355117734,3.70934313461151,0.000681486480330375,0.00350460334458857,-0.595875649057129,"ENSSSCT00000043542.3","ENSSSCG00000026890","GALNT6","GALNT6","Significant"
"ENSSSCT00000052825.3",-1.24547847298475,0.176372083854769,-3.68457462357662,0.000731610576947633,0.00371317422957668,-0.598543338562851,"ENSSSCT00000052825.3","ENSSSCG00000035655",NA,"ENSSSCG00000035655","Significant"
"ENSSSCT00000103452.1",2.07918484921746,-2.96073361060892,3.63312156841784,0.000847372242920537,0.00417589549700441,-0.598814005092827,"ENSSSCT00000103452.1","ENSSSCG00000053955",NA,"ENSSSCG00000053955","Significant"
"ENSSSCT00000081949.2",2.25007585617725,1.31132368646331,3.71665257706973,0.00066734023199639,0.00344926457260785,-0.599212660538048,"ENSSSCT00000081949.2","ENSSSCG00000010746","ADAM12","ADAM12","Significant"
"ENSSSCT00000014052.5",4.25564799767731,-2.57653914991466,3.63282398917559,0.000848090597305083,0.00417817253468343,-0.5994314037672,"ENSSSCT00000014052.5","ENSSSCG00000012856","NAP1L4","NAP1L4","Significant"
"ENSSSCT00000075154.1",1.3281922784513,-4.22894230233013,3.63093347591632,0.000852668027891497,0.00419755222427516,-0.606776067372822,"ENSSSCT00000075154.1","ENSSSCG00000051167",NA,"ENSSSCG00000051167","Significant"
"ENSSSCT00000066386.3",2.06374918127626,-0.883454704731941,3.6590560472389,0.000786972325057193,0.00393957403441805,-0.60743531956091,"ENSSSCT00000066386.3","ENSSSCG00000005585","DENND1A","DENND1A","Significant"
"ENSSSCT00000083481.1",-2.71868554956395,-4.37019944030933,-3.62977232720581,0.000855491282100314,0.00420827365141802,-0.610963816419203,"ENSSSCT00000083481.1","ENSSSCG00000014927","NOX4","NOX4","Significant"
"ENSSSCT00000082662.1",1.63441640523278,-4.33347023662731,3.62942150974758,0.000856346043631921,0.00421120760280168,-0.612635678862919,"ENSSSCT00000082662.1","ENSSSCG00000049449",NA,"ENSSSCG00000049449","Significant"
"ENSSSCT00000039931.3",-2.39168278791631,2.54614062638042,-3.76796157005556,0.000575738737855834,0.00305822512366432,-0.614317897459302,"ENSSSCT00000039931.3","ENSSSCG00000053466","CIRBP","CIRBP","Significant"
"ENSSSCT00000049096.3",1.00498001416622,1.31338526687223,3.72978779255486,0.0006426298327292,0.00334861803840544,-0.617082107552885,"ENSSSCT00000049096.3","ENSSSCG00000017868","P2RX5","P2RX5","Significant"
"ENSSSCT00000089054.1",-2.71394777792399,-1.36944209463292,-3.62880083847229,0.000857860318920296,0.00421674624424504,-0.618586185802551,"ENSSSCT00000089054.1","ENSSSCG00000040845",NA,"ENSSSCG00000040845","Significant"
"ENSSSCT00000053826.3",3.99990646865669,-1.60833330718871,3.62572319492981,0.000865407208194586,0.00424807838241136,-0.620964360745461,"ENSSSCT00000053826.3","ENSSSCG00000029331","PALLD","PALLD","Significant"
"ENSSSCT00000018511.5",1.74752107773213,-3.14796439528721,3.62301607101524,0.000872098437039525,0.00427513117444545,-0.622764733102481,"ENSSSCT00000018511.5","ENSSSCG00000016999","TLX3","TLX3","Significant"
"ENSSSCT00000012337.4",-2.23295282895634,-3.02277774280664,-3.6227102238183,0.000872857533319619,0.00427756606288183,-0.623684093338099,"ENSSSCT00000012337.4","ENSSSCG00000011269","MYRIP","MYRIP","Significant"
"ENSSSCT00000077504.2",1.20031257146204,6.1788916446498,4.0856564801436,0.000227488048681605,0.00143102842740016,-0.625904999312024,"ENSSSCT00000077504.2","ENSSSCG00000015987","NFE2L2","NFE2L2","Significant"
"ENSSSCT00000009267.5",-1.24613127827668,-1.92524929488069,-3.61774436497527,0.000885272074725204,0.0043297681261049,-0.637796319619781,"ENSSSCT00000009267.5","ENSSSCG00000008465","KCNG3","KCNG3","Significant"
"ENSSSCT00000093120.1",1.15851777461972,-0.761078722800578,3.6282675791188,0.000859163395078694,0.00422124221415698,-0.639772908232382,"ENSSSCT00000093120.1","ENSSSCG00000053925",NA,"ENSSSCG00000053925","Significant"
"ENSSSCT00000017375.4",-2.93136059379011,1.40116916826003,-3.68344806461498,0.000733973142120363,0.00372168900866132,-0.643155149023253,"ENSSSCT00000017375.4","ENSSSCG00000015958","PDK1","PDK1","Significant"
"ENSSSCT00000070343.2",2.40929477268498,-2.81428247019615,3.61617731821674,0.000889224885650582,0.00434471574580422,-0.643591170449674,"ENSSSCT00000070343.2","ENSSSCG00000042741",NA,"ENSSSCG00000042741","Significant"
"ENSSSCT00000080767.2",-2.32354807137783,-3.00330611403011,-3.61395032002288,0.000894871693894269,0.00436837800684665,-0.645237941334663,"ENSSSCT00000080767.2","ENSSSCG00000002507","BCL11B","BCL11B","Significant"
"ENSSSCT00000005290.4",1.75165642563338,-0.352294835892046,3.63402955902158,0.000845183986508493,0.00416889238973115,-0.645643931989309,"ENSSSCT00000005290.4","ENSSSCG00000004791","RASGRP1","RASGRP1","Significant"
"ENSSSCT00000075753.2",-2.20618097900884,0.390728935395368,-3.65824170079005,0.000788804024617432,0.00394692547861062,-0.646510684600618,"ENSSSCT00000075753.2","ENSSSCG00000015399","SEMA3E","SEMA3E","Significant"
"ENSSSCT00000005447.5",1.52875949950028,0.111061037243199,3.64046720089004,0.000829824925514935,0.00411367065097901,-0.649661588807569,"ENSSSCT00000005447.5","ENSSSCG00000004936","INTS14","INTS14","Significant"
"ENSSSCT00000094082.1",-1.24403987020574,-2.79471031602082,-3.61174915174573,0.000900486981143296,0.00438921775051518,-0.650859296427281,"ENSSSCT00000094082.1","ENSSSCG00000053115","FNDC10","FNDC10","Significant"
"ENSSSCT00000100802.1",1.0606870435942,-1.21969152610479,3.61631603589536,0.000888874290425069,0.00434430480662853,-0.652480629896857,"ENSSSCT00000100802.1","ENSSSCG00000063455",NA,"ENSSSCG00000063455","Significant"
"ENSSSCT00000029328.3",1.79804586198275,-3.12765164642694,3.61097042824539,0.000902481667486025,0.00439696836322689,-0.653225347030606,"ENSSSCT00000029328.3","ENSSSCG00000021414",NA,"ENSSSCG00000021414","Significant"
"ENSSSCT00000040706.2",-3.36018202493785,-4.04193669787354,-3.61047150153641,0.000903761898029001,0.00440254787439676,-0.653602976666205,"ENSSSCT00000040706.2","ENSSSCG00000008974","SDAD1","SDAD1","Significant"
"ENSSSCT00000066749.2",-1.12523327684041,2.45658031126977,-3.82112909738482,0.000493704528114637,0.00269720567255906,-0.66034978738495,"ENSSSCT00000066749.2","ENSSSCG00000017445",NA,"ENSSSCG00000017445","Significant"
"ENSSSCT00000038101.2",-1.82903327130242,2.97657835348759,-3.85027129131251,0.000453674156518763,0.00252201060513857,-0.660910764891487,"ENSSSCT00000038101.2","ENSSSCG00000014985","MMP1","MMP1","Significant"
"ENSSSCT00000011997.4",-1.64453119458916,2.10235280915496,-3.7557612349252,0.000596348050015622,0.00315331362677738,-0.661884450021279,"ENSSSCT00000011997.4","ENSSSCG00000010960","SLC28A3","SLC28A3","Significant"
"ENSSSCT00000063654.3",-2.20978147482324,-4.968382558746,-3.60822501019063,0.000909548051941295,0.00442742679687877,-0.666366019253501,"ENSSSCT00000063654.3","ENSSSCG00000009834","ATXN2","ATXN2","Significant"
"ENSSSCT00000038045.2",2.79443744225035,0.937470734207353,3.66451597107032,0.000774797054461359,0.00388997276927289,-0.666733800523807,"ENSSSCT00000038045.2","ENSSSCG00000035949","FTO","FTO","Significant"
"ENSSSCT00000045815.2",2.22578704990266,0.0384503313935621,3.63039791582854,0.000853969087087927,0.0042026880174211,-0.671427098643138,"ENSSSCT00000045815.2","ENSSSCG00000014913","PICALM","PICALM","Significant"
"ENSSSCT00000043663.3",1.19965082399225,-2.42091054986124,3.60332391233722,0.000922295744636247,0.0044814501427899,-0.673254478334178,"ENSSSCT00000043663.3","ENSSSCG00000004199","EPB41L2","EPB41L2","Significant"
"ENSSSCT00000093022.1",-1.05729359986284,-1.09831249483187,-3.60940928790353,0.000906493340987198,0.00441387528219035,-0.676840550983635,"ENSSSCT00000093022.1","ENSSSCG00000050566",NA,"ENSSSCG00000050566","Significant"
"ENSSSCT00000014214.5",-2.62387031523237,-3.37120099031426,-3.60097965403713,0.000928453861084901,0.00450197942992447,-0.676986835408216,"ENSSSCT00000014214.5","ENSSSCG00000013003","ZNHIT2","ZNHIT2","Significant"
"ENSSSCT00000091173.1",7.36361760220598,-2.16604576722216,3.60284815779485,0.000923542307730699,0.00448483369098179,-0.677119183692922,"ENSSSCT00000091173.1","ENSSSCG00000015657","PIGR","PIGR","Significant"
"ENSSSCT00000004670.5",1.7694702036742,-1.18431326392543,3.62365552048536,0.000870513414912269,0.00426864481573163,-0.677164866712949,"ENSSSCT00000004670.5","ENSSSCG00000004225","TPD52L1","TPD52L1","Significant"
"ENSSSCT00000043618.3",-1.7116004420247,1.87869837744688,-3.75195111920392,0.000602929387893323,0.00317832009100629,-0.677250756083026,"ENSSSCT00000043618.3","ENSSSCG00000008487","ATL2","ATL2","Significant"
"ENSSSCT00000074080.2",1.03268350701951,0.210380376048774,3.63436507147936,0.000844376782395763,0.00416680196961275,-0.680856898107334,"ENSSSCT00000074080.2","ENSSSCG00000006163","PKIA","PKIA","Significant"
"ENSSSCT00000073228.2",-1.88099869340776,-2.08738821857591,-3.60055233757416,0.000929580638777745,0.00450485721421145,-0.68459260471294,"ENSSSCT00000073228.2","ENSSSCG00000028643","SLC6A20","SLC6A20","Significant"
"ENSSSCT00000009191.4",1.63606337904063,-0.834787141956784,3.60479601092964,0.000918448846095812,0.00446475416402383,-0.684864169625697,"ENSSSCT00000009191.4","ENSSSCG00000008394","FANCL","FANCL","Significant"
"ENSSSCT00000009503.4",-1.16780304176371,0.562021773763522,-3.63945923009854,0.000832211848724075,0.00412111711965367,-0.686012307618513,"ENSSSCT00000009503.4","ENSSSCG00000063120","NICOL1","NICOL1","Significant"
"ENSSSCT00000106923.1",-1.52272752627834,-2.74665254149747,-3.59555517724201,0.000942855727375157,0.00455690307372363,-0.69020576158433,"ENSSSCT00000106923.1","ENSSSCG00000062255",NA,"ENSSSCG00000062255","Significant"
"ENSSSCT00000018946.5",3.97842874638136,-2.33307845295058,3.59896630100367,0.000933774347415492,0.00452239732963974,-0.696746217306577,"ENSSSCT00000018946.5","ENSSSCG00000017401","ATP6V0A1","ATP6V0A1","Significant"
"ENSSSCT00000038482.3",1.55357607375912,-3.59042063021526,3.59338529207699,0.000948676812932891,0.00457689535496656,-0.697405841970848,"ENSSSCT00000038482.3","ENSSSCG00000002838","ZNF423","ZNF423","Significant"
"ENSSSCT00000072736.2",-2.054565369543,0.667079519936186,-3.68222899217131,0.000736538027891746,0.00373286302950086,-0.698488588165468,"ENSSSCT00000072736.2","ENSSSCG00000034844","TBCE","TBCE","Significant"
"ENSSSCT00000046129.3",3.95322683305043,2.67413399710454,3.68817128251791,0.00072411692316721,0.00368259369255088,-0.698832703746979,"ENSSSCT00000046129.3","ENSSSCG00000040786","SPTBN1","SPTBN1","Significant"
"ENSSSCT00000019373.4",-1.0471308781323,-1.59069091677587,-3.5965228807419,0.00094027081247206,0.0045471061361375,-0.699768519278213,"ENSSSCT00000019373.4","ENSSSCG00000017801","TRARG1","TRARG1","Significant"
"ENSSSCT00000104221.1",2.59446163686879,-1.04632218300941,3.59730204146242,0.000938194495508577,0.00454043243751843,-0.701099096728648,"ENSSSCT00000104221.1","ENSSSCG00000010337","MAT1A","MAT1A","Significant"
"ENSSSCT00000099897.1",1.95791713571114,-2.49281138042542,3.59080561064115,0.000955642318866531,0.00460500530601054,-0.702906414442869,"ENSSSCT00000099897.1","ENSSSCG00000053064",NA,"ENSSSCG00000053064","Significant"
"ENSSSCT00000009841.5",3.13070428885021,-2.24548250428881,3.59377794191521,0.0009476209025693,0.00457408505522058,-0.705700301133569,"ENSSSCT00000009841.5","ENSSSCG00000008984",NA,"ENSSSCG00000008984","Significant"
"ENSSSCT00000054543.3",2.11064411179223,-2.27557306793526,3.58906461848704,0.000960371072562895,0.00462373574274079,-0.707162553752959,"ENSSSCT00000054543.3","ENSSSCG00000029662","RASSF4","RASSF4","Significant"
"ENSSSCT00000052124.3",3.09983941795265,0.360762803519261,3.62930444869938,0.000856631444445399,0.00421197581280317,-0.708617812497974,"ENSSSCT00000052124.3","ENSSSCG00000001074","KDM1B","KDM1B","Significant"
"ENSSSCT00000038290.3",-1.74288012572624,-0.133732620019481,-3.63882564971681,0.000833715587641559,0.0041266833185768,-0.712511967999641,"ENSSSCT00000038290.3","ENSSSCG00000006820","EPS8L3","EPS8L3","Significant"
"ENSSSCT00000062520.3",2.62269117864179,-3.43329524036157,3.58530376442067,0.000970663109617469,0.00466570839244699,-0.715772137256159,"ENSSSCT00000062520.3","ENSSSCG00000035527",NA,"ENSSSCG00000035527","Significant"
"ENSSSCT00000105691.1",1.3040406011542,4.0239457561444,3.90103610515297,0.000391343361045718,0.00223599995572175,-0.717489060168183,"ENSSSCT00000105691.1","ENSSSCG00000016824","RAI14","RAI14","Significant"
"ENSSSCT00000000188.5",-1.14434557049562,1.93287038639199,-3.72237979894272,0.000656455004387442,0.00340704536183511,-0.719045351379092,"ENSSSCT00000000188.5","ENSSSCG00000000179","CCDC65","CCDC65","Significant"
"ENSSSCT00000022371.4",-1.63108402012078,-3.12789569141838,-3.58291217516583,0.000977263177652337,0.00469189937331421,-0.721554984690531,"ENSSSCT00000022371.4","ENSSSCG00000023057","LMO1","LMO1","Significant"
"ENSSSCT00000012610.5",1.89522956299996,-1.41356512314199,3.58853144467381,0.00096182374421297,0.0046300459702229,-0.721599420991229,"ENSSSCT00000012610.5","ENSSSCG00000011522","CNTN3","CNTN3","Significant"
"ENSSSCT00000035638.3",-1.55429686316992,-1.15600656415453,-3.58386883602364,0.000974617908791982,0.00468195702051772,-0.725922574826825,"ENSSSCT00000035638.3","ENSSSCG00000029830",NA,"ENSSSCG00000029830","Significant"
"ENSSSCT00000079712.2",2.29661191009958,-4.29703227728629,3.5804983326822,0.000983968490544967,0.0047171458117524,-0.728215252453081,"ENSSSCT00000079712.2","ENSSSCG00000039185","EPB41L5","EPB41L5","Significant"
"ENSSSCT00000073618.1",-2.57359666949656,-4.80343157072043,-3.58177170212632,0.000980425745851845,0.00470431214389309,-0.732399333485666,"ENSSSCT00000073618.1","ENSSSCG00000010440",NA,"ENSSSCG00000010440","Significant"
"ENSSSCT00000010227.4",-1.39121139364647,-3.48776940882563,-3.57804025065965,0.00099084223333996,0.00474304369849014,-0.73338776523784,"ENSSSCT00000010227.4","ENSSSCG00000009333",NA,"ENSSSCG00000009333","Significant"
"ENSSSCT00000037015.3",-1.32425247728426,-4.49423110796146,-3.58074506925729,0.000983281062721214,0.00471454349543566,-0.73471924290747,"ENSSSCT00000037015.3","ENSSSCG00000047189",NA,"ENSSSCG00000047189","Significant"
"ENSSSCT00000094412.1",1.22940114566687,4.08144599919002,3.89889101968525,0.000393799915631738,0.00224505201071117,-0.737330289707582,"ENSSSCT00000094412.1","ENSSSCG00000062714","CEP350","CEP350","Significant"
"ENSSSCT00000002668.4",-1.10591707507694,1.06276078966329,-3.65658839502766,0.000792535457380468,0.00396316350497435,-0.737631755447765,"ENSSSCT00000002668.4","ENSSSCG00000002400",NA,"ENSSSCG00000002400","Significant"
"ENSSSCT00000037196.4",1.3123426912875,0.196362802685662,3.64310100743031,0.000823619093977179,0.00409036967860349,-0.738393360010295,"ENSSSCT00000037196.4","ENSSSCG00000001400","DDX39B","DDX39B","Significant"
"ENSSSCT00000081667.1",2.13350780181698,-1.89700805862272,3.5897607905042,0.000958477482487569,0.00461598225096376,-0.742684484533276,"ENSSSCT00000081667.1","ENSSSCG00000016887","ITGA2","ITGA2","Significant"
"ENSSSCT00000042646.2",2.4736531502142,-0.773689070764894,3.58651917117113,0.000967325432175705,0.00465240867246742,-0.748211730873204,"ENSSSCT00000042646.2","ENSSSCG00000015588","ANGEL2","ANGEL2","Significant"
"ENSSSCT00000101152.1",-1.76017060285031,-2.82360997136205,-3.57149185178992,0.00100938057314857,0.00481560494687384,-0.749533119985199,"ENSSSCT00000101152.1","ENSSSCG00000054303",NA,"ENSSSCG00000054303","Significant"
"ENSSSCT00000002129.4",-1.69275504740376,-1.14703660656598,-3.60318436809836,0.000922661207610971,0.00448190058260302,-0.750862442930087,"ENSSSCT00000002129.4","ENSSSCG00000001901","CYP1A2","CYP1A2","Significant"
"ENSSSCT00000058821.3",1.69526649884726,1.08374280932143,3.65927778877692,0.000786474276440596,0.00393768539758433,-0.751504759232795,"ENSSSCT00000058821.3","ENSSSCG00000010252","HKDC1","HKDC1","Significant"
"ENSSSCT00000081863.2",3.46560626797623,-0.712286733271969,3.59386761870384,0.000947379903504581,0.00457402256387729,-0.753284586689749,"ENSSSCT00000081863.2","ENSSSCG00000021606","FLVCR2","FLVCR2","Significant"
"ENSSSCT00000070238.2",1.33624201254741,-1.39860790211239,3.57827687981822,0.000990178520284635,0.004741366445472,-0.754478156486909,"ENSSSCT00000070238.2","ENSSSCG00000050259",NA,"ENSSSCG00000050259","Significant"
"ENSSSCT00000026073.4",1.70622202405226,0.032217753862722,3.61385070098857,0.000895125095710008,0.00436896087133669,-0.756435044772592,"ENSSSCT00000026073.4","ENSSSCG00000027443","MRAS","MRAS","Significant"
"ENSSSCT00000104249.1",-3.10690491390672,-2.77157917964731,-3.57064664570522,0.00101179753265139,0.00482572363290898,-0.758221903337654,"ENSSSCT00000104249.1","ENSSSCG00000010896","ASPM","ASPM","Significant"
"ENSSSCT00000052550.3",1.8197509283865,2.25794099914216,3.71141073277131,0.000677455826113392,0.00348827696693004,-0.76198033775232,"ENSSSCT00000052550.3","ENSSSCG00000037811","RNF34","RNF34","Significant"
"ENSSSCT00000078156.1",-1.64180131478994,-3.56103382038491,-3.56630932476648,0.00102428852564888,0.00487189467113679,-0.762844577717452,"ENSSSCT00000078156.1","ENSSSCG00000025940",NA,"ENSSSCG00000025940","Significant"
"ENSSSCT00000074450.1",-1.30905035065568,-1.04290211675965,-3.59674820992997,0.000939669897724943,0.00454554856757033,-0.763492625108016,"ENSSSCT00000074450.1","ENSSSCG00000029030","SMCHD1","SMCHD1","Significant"
"ENSSSCT00000048931.3",-2.43858492738396,-1.95596491777307,-3.56781880522164,0.00101992463882748,0.00485808954336468,-0.764592628348714,"ENSSSCT00000048931.3","ENSSSCG00000009172","PPP3CA","PPP3CA","Significant"
"ENSSSCT00000070595.2",3.13390001414236,1.20148428287779,3.63856601242161,0.000834332567685957,0.00412848369051949,-0.766602730190781,"ENSSSCT00000070595.2","ENSSSCG00000013107","PRPF19","PRPF19","Significant"
"ENSSSCT00000045345.3",2.16649644252154,-3.14803058006954,3.56429900575611,0.00103012825505748,0.00489113393963547,-0.766752493183549,"ENSSSCT00000045345.3","ENSSSCG00000000531","BICD1","BICD1","Significant"
"ENSSSCT00000037625.2",1.27222622274558,-2.2826258999551,3.56507612561007,0.00102786702640123,0.00488379139154557,-0.768372630896179,"ENSSSCT00000037625.2","ENSSSCG00000056769",NA,"ENSSSCG00000056769","Significant"
"ENSSSCT00000057595.2",-2.98584280041361,-4.28712140599586,-3.56453714105889,0.00102943483106789,0.00488981544757249,-0.770096611235346,"ENSSSCT00000057595.2","ENSSSCG00000016658","ANLN","ANLN","Significant"
"ENSSSCT00000088809.2",1.41454009283929,-1.23156336726958,3.57290616285634,0.00100534862778281,0.00480269401615102,-0.771793157030625,"ENSSSCT00000088809.2","ENSSSCG00000014011","RASGEF1C","RASGEF1C","Significant"
"ENSSSCT00000032588.5",1.69058714396428,0.881865356110513,3.64219734982557,0.000825743246295823,0.00409592770458376,-0.772399597707534,"ENSSSCT00000032588.5","ENSSSCG00000014136","VCAN","VCAN","Significant"
"ENSSSCT00000022463.4",-2.05490330460257,-0.122767487905356,-3.59036764071436,0.000956829783571447,0.00460940872688585,-0.772746561599956,"ENSSSCT00000022463.4","ENSSSCG00000038969","DMPK","DMPK","Significant"
"ENSSSCT00000082164.2",1.71489099200588,3.08091182263504,3.69127134484176,0.00071771750535943,0.00365860874683222,-0.773968478120399,"ENSSSCT00000082164.2","ENSSSCG00000004012","THBS2","THBS2","Significant"
"ENSSSCT00000016247.4",2.04330793506506,-2.87149644997028,3.55996549716246,0.00104282579608135,0.00493759690029571,-0.777335375452278,"ENSSSCT00000016247.4","ENSSSCG00000014892","USP35","USP35","Significant"
"ENSSSCT00000056752.3",1.57273721657211,-1.64050688161628,3.68283893281978,0.000735253653287033,0.00372760225653404,-0.779178359234737,"ENSSSCT00000056752.3","ENSSSCG00000032661",NA,"ENSSSCG00000032661","Significant"
"ENSSSCT00000031102.3",-3.02834419078899,-4.79712695396681,-3.56094286238582,0.00103994894090118,0.00492612164305418,-0.780737846879533,"ENSSSCT00000031102.3","ENSSSCG00000028444","ARMC10","ARMC10","Significant"
"ENSSSCT00000029906.4",-1.40295027558086,1.3531199545739,-3.70044775566207,0.000699093555299694,0.00357316919219176,-0.781220811969185,"ENSSSCT00000029906.4","ENSSSCG00000023710","REEP1","REEP1","Significant"
"ENSSSCT00000009386.5",1.64511259267528,-0.849994469942263,3.57412540002261,0.00100188525703356,0.00478895571328578,-0.781957275068101,"ENSSSCT00000009386.5","ENSSSCG00000008577","DNAJC27","DNAJC27","Significant"
"ENSSSCT00000060749.3",-2.16091163726958,2.73719419555381,-3.82500899513156,0.000488183640361038,0.00267238740939075,-0.78282729261042,"ENSSSCT00000060749.3","ENSSSCG00000017498","PPP1R1B","PPP1R1B","Significant"
"ENSSSCT00000103470.1",-2.03973074916315,-2.70052868864438,-3.55726946498288,0.00105080128630019,0.00496598422068871,-0.784226986350313,"ENSSSCT00000103470.1","ENSSSCG00000004336","EPHA7","EPHA7","Significant"
"ENSSSCT00000005341.5",-1.75632304238741,-1.04143424755356,-3.57341215100491,0.00100390991801879,0.0047972715839452,-0.786097878977127,"ENSSSCT00000005341.5","ENSSSCG00000004839",NA,"ENSSSCG00000004839","Significant"
"ENSSSCT00000097950.1",-1.5722155920069,-5.3713484649156,-3.5593444591694,0.00104465778855446,0.00494339949753694,-0.789248704762197,"ENSSSCT00000097950.1","ENSSSCG00000008973","NAAA","NAAA","Significant"
"ENSSSCT00000086234.1",3.37636793132568,-3.65629192664148,3.55468677446204,0.00105849653277349,0.00499728076376295,-0.790271404644172,"ENSSSCT00000086234.1","ENSSSCG00000009460","DIS3","DIS3","Significant"
"ENSSSCT00000071485.2",-2.72916933635837,-4.31349486253018,-3.55567183654711,0.00105555511659753,0.00498628209526888,-0.79126521391457,"ENSSSCT00000071485.2","ENSSSCG00000027667","EML1","EML1","Significant"
"ENSSSCT00000083297.1",-1.42170036947551,-3.38268341622372,-3.55164159201466,0.00106763949074271,0.00503534181342042,-0.798154958706752,"ENSSSCT00000083297.1","ENSSSCG00000045641",NA,"ENSSSCG00000045641","Significant"
"ENSSSCT00000057726.2",-1.17015360722006,0.938350937541646,-3.65526187754902,0.000795541663123589,0.00397575726310262,-0.798279859910966,"ENSSSCT00000057726.2","ENSSSCG00000035012","ELOVL7","ELOVL7","Significant"
"ENSSSCT00000004284.5",-4.36857835806962,-1.81365901323588,-3.56272943616192,0.0010347099342596,0.00490517240553637,-0.798530642356567,"ENSSSCT00000004284.5","ENSSSCG00000003872","EPS15","EPS15","Significant"
"ENSSSCT00000014523.4",-1.75698738578285,2.52603870798976,-3.73907072836348,0.00062570290611202,0.00327507104685765,-0.801220079777952,"ENSSSCT00000014523.4","ENSSSCG00000013297","CD44","CD44","Significant"
"ENSSSCT00000072039.2",3.82357573362202,-1.20335019019758,3.56175473209952,0.00103756502972433,0.00491625784466385,-0.801416353975735,"ENSSSCT00000072039.2","ENSSSCG00000000167","RIC8B","RIC8B","Significant"
"ENSSSCT00000049472.2",1.27521262524122,1.38927633109461,3.66865940520276,0.000765679093175332,0.00385548953608876,-0.801650808593981,"ENSSSCT00000049472.2","ENSSSCG00000032249","GBX1","GBX1","Significant"
"ENSSSCT00000042579.2",-1.95223537613665,-5.10177653866508,-3.55289599502946,0.00106386405927741,0.00501898767018965,-0.802835451627403,"ENSSSCT00000042579.2","ENSSSCG00000013861","SLC35E1","SLC35E1","Significant"
"ENSSSCT00000107612.1",1.84223979073633,-3.80727861311759,3.54953297870128,0.00107401495187907,0.0050602866316568,-0.803631312354866,"ENSSSCT00000107612.1","ENSSSCG00000001456",NA,"ENSSSCG00000001456","Significant"
"ENSSSCT00000053276.3",2.46622200617849,-0.314668314560676,3.5814668498572,0.000981272779619592,0.00470699098230354,-0.803759631327048,"ENSSSCT00000053276.3","ENSSSCG00000005388","INVS","INVS","Significant"
"ENSSSCT00000060972.3",1.51832331389752,0.379404872602005,3.59721761735013,0.000938419256250119,0.00454084616069737,-0.80545664864503,"ENSSSCT00000060972.3","ENSSSCG00000006143","CA13","CA13","Significant"
"ENSSSCT00000064895.3",1.23726700955784,-3.27948763188514,3.54861684936197,0.00107679630255199,0.00506972803587078,-0.805779504112771,"ENSSSCT00000064895.3","ENSSSCG00000023426",NA,"ENSSSCG00000023426","Significant"
"ENSSSCT00000048928.3",1.28946976894202,1.17700727818546,3.65344378475051,0.000799679788436283,0.00399398894334812,-0.807000589123097,"ENSSSCT00000048928.3","ENSSSCG00000006533","ADAM15","ADAM15","Significant"
"ENSSSCT00000018409.4",3.06956162454171,-2.76076174213855,3.54816363382304,0.00107817481765866,0.00507440071527513,-0.809057605239216,"ENSSSCT00000018409.4","ENSSSCG00000016903","GZMA","GZMA","Significant"
"ENSSSCT00000107905.1",2.41856688552671,-0.094513207431181,3.58482247136562,0.000971987872579084,0.00467069898269248,-0.809447682989348,"ENSSSCT00000107905.1","ENSSSCG00000001430","ATF6B","ATF6B","Significant"
"ENSSSCT00000087574.2",3.00777202490139,1.36597815889002,3.6007173410534,0.000929145390012614,0.00450399290751877,-0.813482720197977,"ENSSSCT00000087574.2","ENSSSCG00000008844","KDR","KDR","Significant"
"ENSSSCT00000084254.2",3.81887959203042,0.245459138379162,3.57815065954941,0.000990532497897719,0.00474233796790855,-0.815328084538652,"ENSSSCT00000084254.2","ENSSSCG00000004012","THBS2","THBS2","Significant"
"ENSSSCT00000033826.5",1.53415583122969,-0.84719809479544,3.56284647362576,0.00103436761815469,0.00490517240553637,-0.816459090056867,"ENSSSCT00000033826.5","ENSSSCG00000001435","AGPAT1","AGPAT1","Significant"
"ENSSSCT00000098350.1",2.51243840796132,-2.07416312385936,3.54483287585252,0.00108835799243301,0.00511308702958011,-0.817527319699789,"ENSSSCT00000098350.1","ENSSSCG00000036438","GPX3","GPX3","Significant"
"ENSSSCT00000041857.3",-1.57556185542181,0.858067803442459,-3.61770594201447,0.000885368792072794,0.0043297681261049,-0.818310232291983,"ENSSSCT00000041857.3","ENSSSCG00000017818","SERPINF1","SERPINF1","Significant"
"ENSSSCT00000090349.2",2.07245318463834,-4.49529519883968,3.54418344461553,0.00109035426140338,0.0051195147377298,-0.819703171140874,"ENSSSCT00000090349.2","ENSSSCG00000006183","SBSPON","SBSPON","Significant"
"ENSSSCT00000077752.1",-1.22183020689467,1.45351649465213,-3.66081017588557,0.000783040727495863,0.00392411003370352,-0.82378269355725,"ENSSSCT00000077752.1","ENSSSCG00000014433","PCYOX1L","PCYOX1L","Significant"
"ENSSSCT00000018852.5",-3.29120761365299,-0.946311525135462,-3.57271276252941,0.00100589906020748,0.00480391576959202,-0.824551460355797,"ENSSSCT00000018852.5","ENSSSCG00000017316","NSF","NSF","Significant"
"ENSSSCT00000102445.1",-1.91167322693106,-1.15034558595702,-3.5538998269947,0.00106085204225057,0.00500622665878384,-0.825703731405248,"ENSSSCT00000102445.1","ENSSSCG00000059099","NCBP2AS2","NCBP2AS2","Significant"
"ENSSSCT00000057027.2",2.41035950353511,-2.24327689883394,3.54052904578745,0.00110165327927307,0.0051629011811728,-0.825755381726711,"ENSSSCT00000057027.2","ENSSSCG00000016469","TRPV6","TRPV6","Significant"
"ENSSSCT00000002810.4",-1.8970976724303,-5.00765339794255,-3.54343145149009,0.00109267019463683,0.00512743509296764,-0.825770831885221,"ENSSSCT00000002810.4","ENSSSCG00000002531","MOK","MOK","Significant"
"ENSSSCT00000048991.3",-1.22779670473427,0.760924849696671,-3.62375762668582,0.000870260578718106,0.00426804691764819,-0.826147075425171,"ENSSSCT00000048991.3","ENSSSCG00000032691","ANKRD66","ANKRD66","Significant"
"ENSSSCT00000101783.1",-3.88357102396315,-1.66422581721438,-3.5514661594043,0.00106816852470278,0.00503710827009103,-0.832058349572786,"ENSSSCT00000101783.1","ENSSSCG00000015430","RINT1","RINT1","Significant"
"ENSSSCT00000075100.1",-2.18579664043988,1.8229537273364,-3.67279387460237,0.000756684216243835,0.00381725703023581,-0.832141608069334,"ENSSSCT00000075100.1","ENSSSCG00000006083","LAPTM4B","LAPTM4B","Significant"
"ENSSSCT00000053884.3",1.25711680789246,1.84768266891575,3.68206613210289,0.000736881334943616,0.00373353209704766,-0.834852404030332,"ENSSSCT00000053884.3","ENSSSCG00000027053","PACSIN1","PACSIN1","Significant"
"ENSSSCT00000027352.3",1.86383827478742,2.27132289140214,3.68866982765948,0.000723084074544919,0.00368021123422768,-0.835674866338475,"ENSSSCT00000027352.3","ENSSSCG00000023738","COG3","COG3","Significant"
"ENSSSCT00000098175.1",1.02509578273408,-1.94110784543748,3.53850060989759,0.00110797352414601,0.0051843238779071,-0.835979592363823,"ENSSSCT00000098175.1","ENSSSCG00000056430",NA,"ENSSSCG00000056430","Significant"
"ENSSSCT00000031964.4",1.24014844675788,2.49803468166564,3.72653233100919,0.000648670284065581,0.00337470016621576,-0.838082548972255,"ENSSSCT00000031964.4","ENSSSCG00000024999","PPIP5K2","PPIP5K2","Significant"
"ENSSSCT00000079652.2",-1.21928905093777,-0.912228959698186,-3.5520271538387,0.0010664776779185,0.00503059001893155,-0.839841201237225,"ENSSSCT00000079652.2","ENSSSCG00000049415",NA,"ENSSSCG00000049415","Significant"
"ENSSSCT00000082874.1",1.14672399222151,-1.08724710602511,3.54658131826864,0.00108300096828275,0.00509232240696435,-0.842700477716421,"ENSSSCT00000082874.1","ENSSSCG00000003580","EYA3","EYA3","Significant"
"ENSSSCT00000104986.1",-2.81543108640657,-4.00724217945116,-3.53180018410484,0.00112909974045641,0.00527258205927251,-0.84620157381976,"ENSSSCT00000104986.1","ENSSSCG00000000107","CSNK1E","CSNK1E","Significant"
"ENSSSCT00000019583.4",-1.34742836217861,1.79819342515927,-3.65099934121069,0.000805276307073531,0.00401640335258152,-0.848321530497736,"ENSSSCT00000019583.4","ENSSSCG00000017994","CFAP52","CFAP52","Significant"
"ENSSSCT00000082621.1",1.47990250364932,-3.43214222405915,3.52972664297834,0.00113571568438524,0.00529589161523116,-0.851890055143496,"ENSSSCT00000082621.1","ENSSSCG00000041254",NA,"ENSSSCG00000041254","Significant"
"ENSSSCT00000055836.3",-2.39893994081281,-4.43710078564837,-3.5307399050477,0.00113247807482022,0.00528296560989493,-0.852729148643097,"ENSSSCT00000055836.3","ENSSSCG00000031940","GAS2","GAS2","Significant"
"ENSSSCT00000054444.2",2.40127952805232,-2.02447072583606,3.53126879494054,0.00113079167579799,0.005277459461454,-0.853395404396955,"ENSSSCT00000054444.2","ENSSSCG00000013940","NLRP3","NLRP3","Significant"
"ENSSSCT00000004604.4",1.66723136632245,-0.868070629429066,3.53893928791343,0.00110660373209849,0.00518162580171186,-0.853498332827679,"ENSSSCT00000004604.4","ENSSSCG00000004165","PDE7B","PDE7B","Significant"
"ENSSSCT00000051548.3",-2.0158104556012,-4.97023124093937,-3.53086545219993,0.00113207754092494,0.00528270447177857,-0.855223544778744,"ENSSSCT00000051548.3","ENSSSCG00000004854","TJP1","TJP1","Significant"
"ENSSSCT00000065903.3",1.41014495858578,2.70833667842287,3.73243605649071,0.00063775620891862,0.00332481666702633,-0.86051951980021,"ENSSSCT00000065903.3","ENSSSCG00000010699","ATE1","ATE1","Significant"
"ENSSSCT00000076719.1",-3.95913152240653,-3.59951875009047,-3.52519729950118,0.00115029715355328,0.0053489444325126,-0.86235760156065,"ENSSSCT00000076719.1","ENSSSCG00000003111","SAE1","SAE1","Significant"
"ENSSSCT00000049698.3",-1.37809446786638,-0.264875732525794,-3.55453710093998,0.00105894415098942,0.00499867020397552,-0.867281597115686,"ENSSSCT00000049698.3","ENSSSCG00000032633","FAM53A","FAM53A","Significant"
"ENSSSCT00000001120.4",1.64049833425369,-2.46100973299595,3.52517353351828,0.00115037413693959,0.0053489444325126,-0.867886189174228,"ENSSSCT00000001120.4","ENSSSCG00000001027","BMP6","BMP6","Significant"
"ENSSSCT00000081023.2",-2.20078939042513,-5.06594501034973,-3.52481935127924,0.00115152200049285,0.00535199191790007,-0.868119187007721,"ENSSSCT00000081023.2","ENSSSCG00000022674","DAZAP2","DAZAP2","Significant"
"ENSSSCT00000004468.4",-1.19319810286881,-4.54970571759558,-3.52496740452943,0.0011510420431661,0.00535128686373698,-0.868144261653225,"ENSSSCT00000004468.4","ENSSSCG00000004040","SLC22A2","SLC22A2","Significant"
"ENSSSCT00000013013.5",-1.09514710176095,0.943571765750535,-3.60542742369193,0.000916803578519747,0.00445875057787259,-0.868333161224111,"ENSSSCT00000013013.5","ENSSSCG00000011892","CFAP91","CFAP91","Significant"
"ENSSSCT00000030104.4",2.63035138959139,-4.04452496944814,3.52235581616322,0.00115953656042852,0.0053830517761378,-0.868880388618506,"ENSSSCT00000030104.4","ENSSSCG00000020785","DES","DES","Significant"
"ENSSSCT00000046783.2",-1.51471750296384,7.43884612821049,-4.04821200758341,0.000254099858888302,0.00156669285158741,-0.869059436137505,"ENSSSCT00000046783.2","ENSSSCG00000040575","ISG15","ISG15","Significant"
"ENSSSCT00000104913.1",1.88039109788614,0.0229440155124069,3.57944052679677,0.000986920873221502,0.00472970060669482,-0.870666246168008,"ENSSSCT00000104913.1","ENSSSCG00000003895","EFCAB14","EFCAB14","Significant"
"ENSSSCT00000100447.1",4.01706934355109,-1.77422003690265,3.52375059059995,0.00115499241019709,0.00536506233680953,-0.873660239457813,"ENSSSCT00000100447.1","ENSSSCG00000001955","SRP54","SRP54","Significant"
"ENSSSCT00000047738.3",-1.1470987430097,3.08442539365631,-3.79791460189926,0.000528024802673462,0.00284463328922101,-0.873685415296791,"ENSSSCT00000047738.3","ENSSSCG00000014852","ARRB1","ARRB1","Significant"
"ENSSSCT00000039002.2",-2.83657700210211,-3.74608320648671,-3.51998128842713,0.00116731230362941,0.00540765137077766,-0.874595834433619,"ENSSSCT00000039002.2","ENSSSCG00000005701","ASS1","ASS1","Significant"
"ENSSSCT00000069713.1",-1.64844412078681,1.88144149855866,-3.66688287625299,0.000769575724092335,0.00387210600436829,-0.875463344488003,"ENSSSCT00000069713.1","ENSSSCG00000014976","ARHGAP42","ARHGAP42","Significant"
"ENSSSCT00000089273.1",1.52926120916124,-3.24906333069108,3.51936057913758,0.00116935315956748,0.0054147976728502,-0.876931627580754,"ENSSSCT00000089273.1","ENSSSCG00000049811",NA,"ENSSSCG00000049811","Significant"
"ENSSSCT00000049058.3",-2.10342665412191,-2.77477967024017,-3.51897831909859,0.00117061171477024,0.00541831691487347,-0.877440706138594,"ENSSSCT00000049058.3","ENSSSCG00000038359",NA,"ENSSSCG00000038359","Significant"
"ENSSSCT00000080988.1",-1.32029374433505,-3.53152294256672,-3.51826566764224,0.00117296153079009,0.00542652062788416,-0.879094797929216,"ENSSSCT00000080988.1","ENSSSCG00000017494","IKZF3","IKZF3","Significant"
"ENSSSCT00000097102.1",-1.33326108718272,-1.37895126193787,-3.52809986274401,0.00114093225578672,0.00531641493035159,-0.880003540512337,"ENSSSCT00000097102.1","ENSSSCG00000047853",NA,"ENSSSCG00000047853","Significant"
"ENSSSCT00000085749.1",-2.19110151776537,-0.529330112982586,-3.54196885938828,0.00109718814149282,0.00514641377718775,-0.880349372486152,"ENSSSCT00000085749.1","ENSSSCG00000013532","CAPS","CAPS","Significant"
"ENSSSCT00000068573.2",2.39958552122359,0.869685690493112,3.55845445512716,0.00104728860349828,0.00495225491348194,-0.884020013792513,"ENSSSCT00000068573.2","ENSSSCG00000004607","PYGO1","PYGO1","Significant"
"ENSSSCT00000100161.1",2.85610431765415,-3.92619328515675,3.51670040104299,0.00117813859294053,0.00544351417919687,-0.884046696886053,"ENSSSCT00000100161.1","ENSSSCG00000011733","IFT80","IFT80","Significant"
"ENSSSCT00000078590.2",-2.37705081735174,-2.86322454779407,-3.515937102283,0.0011806711372127,0.00545249316681061,-0.884495699417906,"ENSSSCT00000078590.2","ENSSSCG00000040001","TNFRSF25","TNFRSF25","Significant"
"ENSSSCT00000009410.5",-1.35158193949255,-2.70089488150246,-3.5144347343714,0.00118567113142975,0.00547325804461779,-0.887987236491669,"ENSSSCT00000009410.5","ENSSSCG00000008599",NA,"ENSSSCG00000008599","Significant"
"ENSSSCT00000073850.2",1.08179293622496,1.93508575097593,3.6426210537776,0.000824746623290024,0.00409349345765773,-0.88828180797969,"ENSSSCT00000073850.2","ENSSSCG00000004508","DYM","DYM","Significant"
"ENSSSCT00000088855.2",2.33896422700876,0.333235813348597,3.57013967797852,0.00101324993571646,0.00483123733607771,-0.889036248555434,"ENSSSCT00000088855.2","ENSSSCG00000012889","CHKA","CHKA","Significant"
"ENSSSCT00000072299.2",-2.01737796572792,-5.21590305625899,-3.51525491381141,0.0011829389945528,0.0054621927458433,-0.892981082759793,"ENSSSCT00000072299.2","ENSSSCG00000015423","DNAJC2","DNAJC2","Significant"
"ENSSSCT00000047458.3",-1.24912011550974,2.4884159935376,-3.73372858350204,0.000635390567766589,0.00331619562533406,-0.895575477705012,"ENSSSCT00000047458.3","ENSSSCG00000011474","PXK","PXK","Significant"
"ENSSSCT00000032423.2",-1.03354350088884,-0.0193758783931327,-3.55308724930441,0.00106328956313679,0.00501700331642719,-0.897489934184351,"ENSSSCT00000032423.2","ENSSSCG00000024428","CHRNA9","CHRNA9","Significant"
"ENSSSCT00000023508.4",-2.21160435494192,-4.04091134112415,-3.51063639489699,0.00119840324457387,0.00551718997261879,-0.897922598962497,"ENSSSCT00000023508.4","ENSSSCG00000026293","STX5","STX5","Significant"
"ENSSSCT00000018005.5",1.36231873017912,3.24745209758395,3.7621524897446,0.000585464146544215,0.0031007915909564,-0.898249615007614,"ENSSSCT00000018005.5","ENSSSCG00000016535","CALD1","CALD1","Significant"
"ENSSSCT00000045816.2",2.78988376890565,-0.669247709221914,3.52034743110433,0.00116611005425645,0.00540515385399165,-0.898445277954817,"ENSSSCT00000045816.2","ENSSSCG00000003805","PDE4B","PDE4B","Significant"
"ENSSSCT00000102490.1",-2.81287277153933,0.383679971154051,-3.58496394823884,0.00097159827568918,0.0046695150619944,-0.899468154542397,"ENSSSCT00000102490.1","ENSSSCG00000062444","ACAD8","ACAD8","Significant"
"ENSSSCT00000018630.3",2.52685811336932,-2.15842799140082,3.51261880672598,0.00119174185061323,0.00549195071341254,-0.900988153782761,"ENSSSCT00000018630.3","ENSSSCG00000017112","IRX4","IRX4","Significant"
"ENSSSCT00000057585.2",1.53739905642658,1.87308562592766,3.64256977735254,0.000824867172291856,0.00409349345765773,-0.901231941853891,"ENSSSCT00000057585.2","ENSSSCG00000016792","RETREG1","RETREG1","Significant"
"ENSSSCT00000071878.2",1.18248280212632,-1.45219466421216,3.51942782529422,0.00116913189253207,0.00541454207728914,-0.90215012463743,"ENSSSCT00000071878.2","ENSSSCG00000024568",NA,"ENSSSCG00000024568","Significant"
"ENSSSCT00000000643.4",1.59893868413121,-3.49802472529627,3.50810878896618,0.00120694854683239,0.00554869577283182,-0.903364278292472,"ENSSSCT00000000643.4","ENSSSCG00000000598","SLC15A5","SLC15A5","Significant"
"ENSSSCT00000069962.2",-3.22635956285016,-3.61040352748862,-3.50826112686016,0.0012064318703425,0.00554788500714341,-0.903945256156545,"ENSSSCT00000069962.2","ENSSSCG00000013421","PTBP1","PTBP1","Significant"
"ENSSSCT00000101551.1",1.13264864130822,1.20585678487601,3.61164363688399,0.000900757006367943,0.0043898776435905,-0.904704919901371,"ENSSSCT00000101551.1","ENSSSCG00000038657","ATPAF1","ATPAF1","Significant"
"ENSSSCT00000087439.1",3.80425610578069,1.07698821980572,3.59451867161829,0.000945632022158565,0.00456761280747524,-0.906195580603274,"ENSSSCT00000087439.1","ENSSSCG00000029331","PALLD","PALLD","Significant"
"ENSSSCT00000092136.1",-1.3285457145513,-5.48628550448911,-3.51007732205672,0.0012002883283236,0.00552508833215624,-0.906324089556843,"ENSSSCT00000092136.1","ENSSSCG00000027320","SLC4A5","SLC4A5","Significant"
"ENSSSCT00000035268.4",-2.23437390467754,3.74639482210031,-3.75463432831224,0.0005982873132537,0.00316033268092055,-0.908016102817592,"ENSSSCT00000035268.4","ENSSSCG00000061268","IFIT3","IFIT3","Significant"
"ENSSSCT00000073233.2",-1.87982121523726,-4.32228398856634,-3.50764270241416,0.0012085306693772,0.00555265450728338,-0.908368850300086,"ENSSSCT00000073233.2","ENSSSCG00000036758","HSPA12A","HSPA12A","Significant"
"ENSSSCT00000091394.2",-2.27316004617598,-5.07882989646511,-3.5081707085426,0.00120673851178548,0.00554851254241346,-0.908425667586997,"ENSSSCT00000091394.2","ENSSSCG00000016845","NUP155","NUP155","Significant"
"ENSSSCT00000049922.3",-1.10099544854022,1.35728049393853,-3.62543528996593,0.000866116465788538,0.00425028014006164,-0.909160727779395,"ENSSSCT00000049922.3","ENSSSCG00000017335","HEXIM2","HEXIM2","Significant"
"ENSSSCT00000038901.3",2.99188377745397,-2.71696985241131,3.50619818351397,0.00121344673502948,0.00556930658195052,-0.914020320137416,"ENSSSCT00000038901.3","ENSSSCG00000036026","SRARP","SRARP","Significant"
"ENSSSCT00000050951.3",2.01211100840493,-3.68959784340219,3.50345785323144,0.00122282563970724,0.00560587839665562,-0.914722532881552,"ENSSSCT00000050951.3","ENSSSCG00000026129","ADGRL3","ADGRL3","Significant"
"ENSSSCT00000070012.1",-1.60593812100727,2.09593867740228,-3.69028926515128,0.000719738860551053,0.00366660948058112,-0.91488177485163,"ENSSSCT00000070012.1","ENSSSCG00000029230","ECM1","ECM1","Significant"
"ENSSSCT00000096770.1",-1.0766273620453,-1.6701020985649,-3.50742131655542,0.00120928285782018,0.00555394538616273,-0.915181496770789,"ENSSSCT00000096770.1","ENSSSCG00000009185","ADH5","ADH5","Significant"
"ENSSSCT00000048777.3",1.72187085635781,-1.17207499136926,3.53071323353223,0.00113256318268169,0.00528296560989493,-0.91671298224126,"ENSSSCT00000048777.3","ENSSSCG00000033262","CD74","CD74","Significant"
"ENSSSCT00000095353.1",1.29822564386243,-3.81624301018283,3.50259078391121,0.00122580770438692,0.005616071474999,-0.917542688028067,"ENSSSCT00000095353.1","ENSSSCG00000061483",NA,"ENSSSCG00000061483","Significant"
"ENSSSCT00000005920.5",-2.83528780749443,-1.27983468327128,-3.5296231928112,0.00113604673229929,0.00529667777204147,-0.924225890813156,"ENSSSCT00000005920.5","ENSSSCG00000005380","COL15A1","COL15A1","Significant"
"ENSSSCT00000089414.2",1.66093704319731,-1.38774332452859,3.5054223127833,0.00121609514860713,0.0055789455783294,-0.924999773841388,"ENSSSCT00000089414.2","ENSSSCG00000021973","GPX8","GPX8","Significant"
"ENSSSCT00000067771.2",2.14245795101132,1.15775627058968,3.6170970264899,0.000886902900702748,0.00433662000217643,-0.926459730060646,"ENSSSCT00000067771.2","ENSSSCG00000024168","AIMP1","AIMP1","Significant"
"ENSSSCT00000045642.3",2.22310736465608,-2.48553084371452,3.49940065374427,0.00123683961512527,0.00565739601733224,-0.927245795932364,"ENSSSCT00000045642.3","ENSSSCG00000035069","CHSY3","CHSY3","Significant"
"ENSSSCT00000047765.3",1.06137551499391,3.54521450899231,3.82435117766879,0.000489115444079695,0.00267703876763042,-0.928298799935083,"ENSSSCT00000047765.3","ENSSSCG00000016090","SPATS2L","SPATS2L","Significant"
"ENSSSCT00000093737.1",3.76353916543919,-1.22607805313431,3.50730346965449,0.00120968344211642,0.00555422038399717,-0.929449859819946,"ENSSSCT00000093737.1","ENSSSCG00000021669","MARK3","MARK3","Significant"
"ENSSSCT00000003836.5",-1.67804423364363,-0.254479163526028,-3.55965959274482,0.00104372779294618,0.00494105547326845,-0.930627775198413,"ENSSSCT00000003836.5","ENSSSCG00000003455","FHAD1","FHAD1","Significant"
"ENSSSCT00000040765.2",2.65983826252837,-4.67785932525455,3.49576134439555,0.00124954134454395,0.00570995036941969,-0.933490037599759,"ENSSSCT00000040765.2","ENSSSCG00000010723","ACADSB","ACADSB","Significant"
"ENSSSCT00000081830.2",-2.75441482883182,-4.29510549242797,-3.49620322145611,0.00124799246971622,0.00570520842437291,-0.933624742402752,"ENSSSCT00000081830.2","ENSSSCG00000046747","DNAH3","DNAH3","Significant"
"ENSSSCT00000040732.3",2.73429668724209,-0.621648995892635,3.52116618905431,0.00116342592446478,0.00539501334678562,-0.933627523501508,"ENSSSCT00000040732.3","ENSSSCG00000005126","PLAA","PLAA","Significant"
"ENSSSCT00000087434.1",-2.33959885503615,0.00357300094026803,-3.57722429391444,0.000993134170918069,0.00475200271626251,-0.93592697719177,"ENSSSCT00000087434.1","ENSSSCG00000046209",NA,"ENSSSCG00000046209","Significant"
"ENSSSCT00000055877.3",-1.83056611675958,-1.61009654349433,-3.50057844980638,0.00123275557023657,0.00564425819575803,-0.936326719424546,"ENSSSCT00000055877.3","ENSSSCG00000007485","BCAS1","BCAS1","Significant"
"ENSSSCT00000039636.3",-1.85786816973881,-5.08796068083604,-3.49449134717708,0.00125400324843473,0.00572626357310445,-0.941217427084994,"ENSSSCT00000039636.3","ENSSSCG00000015913","SCN9A","SCN9A","Significant"
"ENSSSCT00000070373.1",6.02119076708063,-0.432872017061252,3.50352074340961,0.00122260961629313,0.00560567626629466,-0.941636248862971,"ENSSSCT00000070373.1","ENSSSCG00000010476","MYOF","MYOF","Significant"
"ENSSSCT00000068871.2",-2.66166529101876,-4.66090240513195,-3.49224318862492,0.00126193930034091,0.00575122574060873,-0.944977856394519,"ENSSSCT00000068871.2","ENSSSCG00000012862","OSBPL5","OSBPL5","Significant"
"ENSSSCT00000059466.3",2.25760428248521,1.17850136887563,3.56685455148944,0.00102271021257324,0.00486611974755717,-0.944986140564699,"ENSSSCT00000059466.3","ENSSSCG00000026697","BLTP3B","BLTP3B","Significant"
"ENSSSCT00000071412.1",1.05850270044716,4.42248572243936,3.89915444568634,0.000393497434385976,0.00224411235800601,-0.945854930812192,"ENSSSCT00000071412.1","ENSSSCG00000004570","TPM1","TPM1","Significant"
"ENSSSCT00000093916.1",-1.22060949191977,-3.18441693741975,-3.48801789827362,0.00127698540954304,0.00581086284616066,-0.951740372758255,"ENSSSCT00000093916.1","ENSSSCG00000054931",NA,"ENSSSCG00000054931","Significant"
"ENSSSCT00000090898.2",3.67817982585889,-0.795427943325535,3.5048668175245,0.00121799472802585,0.00558608807322477,-0.952469495196552,"ENSSSCT00000090898.2","ENSSSCG00000017513","NPEPPS","NPEPPS","Significant"
"ENSSSCT00000056069.3",-1.18555578732648,2.74715963113272,-3.75006477799344,0.00060621370179599,0.00319150517251033,-0.952738725751532,"ENSSSCT00000056069.3","ENSSSCG00000010274","SGPL1","SGPL1","Significant"
"ENSSSCT00000105841.1",-1.9023093007347,-3.84366450482207,-3.48333867045615,0.00129384902534857,0.00587693697721715,-0.962972963875128,"ENSSSCT00000105841.1","ENSSSCG00000000579","GOLT1B","GOLT1B","Significant"
"ENSSSCT00000096174.1",3.86274921862434,-1.24737447596393,3.50295203013844,0.00122456444146544,0.00561148264926765,-0.965458944628267,"ENSSSCT00000096174.1","ENSSSCG00000003673","SEH1L","SEH1L","Significant"
"ENSSSCT00000081708.2",2.76851044710654,-4.2655646512662,3.48221589418748,0.00129792713622558,0.00589135686335777,-0.965778291857141,"ENSSSCT00000081708.2","ENSSSCG00000023331",NA,"ENSSSCG00000023331","Significant"
"ENSSSCT00000038107.3",1.55378393325186,2.35525853067042,3.643945960049,0.00082163770664688,0.00408239496914277,-0.965798403062557,"ENSSSCT00000038107.3","ENSSSCG00000011068",NA,"ENSSSCG00000011068","Significant"
"ENSSSCT00000079844.2",-1.96384828837769,-4.1755254214198,-3.48193407293735,0.00129895269442232,0.0058951912094857,-0.967556557680299,"ENSSSCT00000079844.2","ENSSSCG00000016519","AKR1D1","AKR1D1","Significant"
"ENSSSCT00000106582.1",1.58782676599194,-0.411356090832512,3.51238704115871,0.00119251879895629,0.00549397808692539,-0.969939831583073,"ENSSSCT00000106582.1","ENSSSCG00000014136","VCAN","VCAN","Significant"
"ENSSSCT00000010959.4",3.13071684619902,2.42004081117304,3.58584928110425,0.00096916367402237,0.00466056230498899,-0.970244052773182,"ENSSSCT00000010959.4","ENSSSCG00000010002","SF3A1","SF3A1","Significant"
"ENSSSCT00000037285.3",-1.01397716675421,2.86977285685018,-3.69436771201952,0.000711380300891089,0.00362800615208088,-0.972339474759716,"ENSSSCT00000037285.3","ENSSSCG00000038735","SNAP23","SNAP23","Significant"
"ENSSSCT00000024407.4",-1.17603814153529,1.48954409001435,-3.60230385267351,0.000924970477973483,0.00449043142701719,-0.974513082729259,"ENSSSCT00000024407.4","ENSSSCG00000022250","SPACA9","SPACA9","Significant"
"ENSSSCT00000080245.1",2.05314936916116,-4.27248571888554,3.47848768437448,0.00131155734516428,0.0059432961336673,-0.976100782718623,"ENSSSCT00000080245.1","ENSSSCG00000043284",NA,"ENSSSCG00000043284","Significant"
"ENSSSCT00000090693.1",-1.74705466748559,-4.87321718285453,-3.47906619101054,0.00130943337258028,0.00593614650717568,-0.977691331189718,"ENSSSCT00000090693.1","ENSSSCG00000001720","SLC25A27","SLC25A27","Significant"
"ENSSSCT00000105851.1",1.01159556078828,5.89201861960078,3.95397683618906,0.00033522617056086,0.00197858690531612,-0.978561905894171,"ENSSSCT00000105851.1","ENSSSCG00000039426","FSTL1","FSTL1","Significant"
"ENSSSCT00000105096.1",-2.69900440080847,-4.47908289393586,-3.4766103276341,0.00131847282309978,0.00596882642659614,-0.979725860000617,"ENSSSCT00000105096.1","ENSSSCG00000012571","COL4A6","COL4A6","Significant"
"ENSSSCT00000074415.1",-1.36477167724048,2.51565467843743,-3.71171422932474,0.000676866122446309,0.00348793500436502,-0.979824845958581,"ENSSSCT00000074415.1","ENSSSCG00000045134","FASTKD5","FASTKD5","Significant"
"ENSSSCT00000069864.2",3.34692701418369,-3.88894185254398,3.47564813423086,0.0013220307389418,0.00598161118685242,-0.981684804925096,"ENSSSCT00000069864.2","ENSSSCG00000011769","FXR1","FXR1","Significant"
"ENSSSCT00000046576.3",2.56651747656742,0.511962719495903,3.54545906483318,0.00108643649796566,0.00510700339960676,-0.987876760618143,"ENSSSCT00000046576.3","ENSSSCG00000011973","COL8A1","COL8A1","Significant"
"ENSSSCT00000083792.2",2.55983494504165,-4.66145704138189,3.47293996174113,0.00133209433744646,0.00602129540802779,-0.989288082041673,"ENSSSCT00000083792.2","ENSSSCG00000016078","HSPE1","HSPE1","Significant"
"ENSSSCT00000065266.3",-3.20096896488753,-2.60322598571674,-3.47421975706955,0.00132732947268731,0.00600278836145654,-0.989777006756237,"ENSSSCT00000065266.3","ENSSSCG00000036033","THRB","THRB","Significant"
"ENSSSCT00000018885.4",2.13319874231731,-2.94860999368846,3.47184580481564,0.00133618106010485,0.00603809387160892,-0.995424494736604,"ENSSSCT00000018885.4","ENSSSCG00000017349","ADAM11","ADAM11","Significant"
"ENSSSCT00000055938.2",-1.13761448988612,5.90341493264875,-3.93073081017915,0.00035883004536657,0.00208655159606414,-0.996105560664084,"ENSSSCT00000055938.2","ENSSSCG00000035053",NA,"ENSSSCG00000035053","Significant"
"ENSSSCT00000106905.1",-2.00173593321568,1.93721860253119,-3.63315674826815,0.000847287357805763,0.00417589549700441,-0.999072851421214,"ENSSSCT00000106905.1","ENSSSCG00000017278","TEX2","TEX2","Significant"
"ENSSSCT00000016707.6",-1.60798466396789,-0.0661655223000717,-3.50921077140835,0.00120321580045901,0.00553543783803661,-1.00225016701798,"ENSSSCT00000016707.6","ENSSSCG00000015334","PDK4","PDK4","Significant"
"ENSSSCT00000106177.1",-2.76998047618754,-3.81711452472944,-3.4669884948692,0.00135446907767675,0.00610381614493058,-1.00248480339384,"ENSSSCT00000106177.1","ENSSSCG00000016934","ERCC8","ERCC8","Significant"
"ENSSSCT00000049536.3",1.22742738798576,3.35722471375779,3.71949200534893,0.000661921933660019,0.00342900364211518,-1.00629440946168,"ENSSSCT00000049536.3","ENSSSCG00000003859","TUT4","TUT4","Significant"
"ENSSSCT00000099378.1",-3.65818807771902,-3.79886024917961,-3.46630149988002,0.00135707496178573,0.00611471421421532,-1.00632460661741,"ENSSSCT00000099378.1","ENSSSCG00000024168","AIMP1","AIMP1","Significant"
"ENSSSCT00000036720.3",2.30863680181117,-4.17460509923471,3.4643879495528,0.00136435876253576,0.0061392676862455,-1.00993075856023,"ENSSSCT00000036720.3","ENSSSCG00000036610","ARMC8","ARMC8","Significant"
"ENSSSCT00000012798.4",1.2586569698371,1.02687083384143,3.55511411500392,0.00105721951720909,0.00499342099653559,-1.01161613110701,"ENSSSCT00000012798.4","ENSSSCG00000011690","PLSCR4","PLSCR4","Significant"
"ENSSSCT00000018167.4",-1.0561081501655,4.83321322862758,-3.87668775610262,0.000420123819080794,0.00236412098676393,-1.01802419388549,"ENSSSCT00000018167.4","ENSSSCG00000016686","PRR15","PRR15","Significant"
"ENSSSCT00000032079.3",-2.18102687047788,-4.04121351071805,-3.46016718008319,0.00138055771792973,0.00619995920597535,-1.01873246356381,"ENSSSCT00000032079.3","ENSSSCG00000025969","PTPRR","PTPRR","Significant"
"ENSSSCT00000025061.4",-1.5190005504414,-3.33874997947377,-3.46005167716802,0.00138100359240211,0.00620110744066635,-1.01904433574047,"ENSSSCT00000025061.4","ENSSSCG00000029121","WFDC10A","WFDC10A","Significant"
"ENSSSCT00000008694.5",2.32764956882013,-3.90909854776418,3.45945414873991,0.00138331243134828,0.00620720045577752,-1.02065059822433,"ENSSSCT00000008694.5","ENSSSCG00000007932",NA,"ENSSSCG00000007932","Significant"
"ENSSSCT00000014612.5",-1.29594295618179,-2.30412599679828,-3.46045287095958,0.00137945546230009,0.00619927855173426,-1.0206724280487,"ENSSSCT00000014612.5","ENSSSCG00000013378","ABCC8","ABCC8","Significant"
"ENSSSCT00000059770.2",3.47577036379849,-1.30932915002144,3.48087309270691,0.00130282062538976,0.00591192257066216,-1.02212530116168,"ENSSSCT00000059770.2","ENSSSCG00000014074","GFM2","GFM2","Significant"
"ENSSSCT00000063241.3",-2.44697002338728,-4.57813391986516,-3.45922641738386,0.00138419335561469,0.00621029863306196,-1.0221399755519,"ENSSSCT00000063241.3","ENSSSCG00000017777","FLOT2","FLOT2","Significant"
"ENSSSCT00000067817.1",1.13978397822943,-0.63596757519477,3.48268014588002,0.00129623940201048,0.00588533483681237,-1.02232679097564,"ENSSSCT00000067817.1","ENSSSCG00000038001","RBKS","RBKS","Significant"
"ENSSSCT00000065926.3",-1.70320742871487,-3.42139944169483,-3.45870486952612,0.00138621286726009,0.00621679289190483,-1.02333590976988,"ENSSSCT00000065926.3","ENSSSCG00000006199","PREX2","PREX2","Significant"
"ENSSSCT00000065106.2",1.11985246329733,4.69320146937932,3.84567107283115,0.000459776754711532,0.0025498488366414,-1.02350864689239,"ENSSSCT00000065106.2","ENSSSCG00000010243","CCAR1","CCAR1","Significant"
"ENSSSCT00000001345.6",-1.83913717606936,-3.54496374667528,-3.45627982289332,0.00139564020419696,0.00625305114987463,-1.02798392698114,"ENSSSCT00000001345.6","ENSSSCG00000001235","TRIM15","TRIM15","Significant"
"ENSSSCT00000099250.1",-1.50208102495921,-0.899142921886637,-3.47784247304849,0.00131393012445614,0.00595118010204158,-1.028509198302,"ENSSSCT00000099250.1","ENSSSCG00000033546","UBXN11","UBXN11","Significant"
"ENSSSCT00000042404.3",2.09805282832243,0.422398025284574,3.51001741865073,0.00120049047980935,0.00552523879216601,-1.02997004106914,"ENSSSCT00000042404.3","ENSSSCG00000001080","CDKAL1","CDKAL1","Significant"
"ENSSSCT00000084888.1",2.11814262943474,0.747792616009732,3.53163064301171,0.00112963929213202,0.00527359099093247,-1.03399591188325,"ENSSSCT00000084888.1","ENSSSCG00000037416","CLIC5","CLIC5","Significant"
"ENSSSCT00000070535.1",1.03918569343574,-0.746782284285714,3.4728690449144,0.00133235885074915,0.00602165621982609,-1.03490661245812,"ENSSSCT00000070535.1","ENSSSCG00000049691",NA,"ENSSSCG00000049691","Significant"
"ENSSSCT00000087739.2",2.72122135878352,0.966558465415641,3.52177876068071,0.00116142162023702,0.00538878475967094,-1.03717626993211,"ENSSSCT00000087739.2","ENSSSCG00000050540",NA,"ENSSSCG00000050540","Significant"
"ENSSSCT00000084672.2",-2.5946236294469,0.190320418399468,-3.52152533171551,0.00116225042435171,0.00539109586506802,-1.04013306882597,"ENSSSCT00000084672.2","ENSSSCG00000008887","NAF1","NAF1","Significant"
"ENSSSCT00000062937.3",-1.38848416573692,2.44735644236837,-3.63548939199727,0.00084167721741691,0.00415662587044243,-1.04310098447235,"ENSSSCT00000062937.3","ENSSSCG00000023325","ACY1","ACY1","Significant"
"ENSSSCT00000053409.2",2.51098637808458,-1.00388197713326,3.47804860424573,0.00131317162460935,0.00594895757242785,-1.04514303684976,"ENSSSCT00000053409.2","ENSSSCG00000027675","FOXP1","FOXP1","Significant"
"ENSSSCT00000065636.2",-1.73887351923464,1.48173416965428,-3.59605717224686,0.000941513952160427,0.00455155535076552,-1.04870252526152,"ENSSSCT00000065636.2","ENSSSCG00000039751","NLRC5","NLRC5","Significant"
"ENSSSCT00000014226.3",-1.1988271740816,-1.96939313827915,-3.44924092154098,0.00142335350777687,0.0063510356873624,-1.05070306762558,"ENSSSCT00000014226.3","ENSSSCG00000013015","GPHA2","GPHA2","Significant"
"ENSSSCT00000000551.5",-2.95363940479675,0.729035172905304,-3.52020746391177,0.0011665695034983,0.00540574645992871,-1.05095290909382,"ENSSSCT00000000551.5","ENSSSCG00000000512","TBC1D15","TBC1D15","Significant"
"ENSSSCT00000047384.3",-2.04932599695443,-0.696935600194437,-3.47868871351783,0.00131081889695221,0.00594077555132471,-1.05192274458409,"ENSSSCT00000047384.3","ENSSSCG00000032919","ATG4B","ATG4B","Significant"
"ENSSSCT00000077717.2",2.92917535705942,-4.28707804647192,3.44623843886215,0.00143533469887048,0.0063947563776124,-1.05234679266554,"ENSSSCT00000077717.2","ENSSSCG00000011051","HSPA14","HSPA14","Significant"
"ENSSSCT00000075015.1",1.61086814772693,1.36635601712701,3.59221315440416,0.000951835664211733,0.0045907766266212,-1.05256255747244,"ENSSSCT00000075015.1","ENSSSCG00000000039","POLDIP3","POLDIP3","Significant"
"ENSSSCT00000104148.1",1.5829119838499,-3.05476356958077,3.44611146874633,0.00143584348984685,0.00639538813428506,-1.05262419357863,"ENSSSCT00000104148.1","ENSSSCG00000027675","FOXP1","FOXP1","Significant"
"ENSSSCT00000096535.1",1.08143770111157,-2.42309471782868,3.44622353736044,0.00143539440277977,0.0063947563776124,-1.05527145598705,"ENSSSCT00000096535.1","ENSSSCG00000052853",NA,"ENSSSCG00000052853","Significant"
"ENSSSCT00000051409.2",-2.44952925882328,-3.19987634208752,-3.44878205124971,0.00142517836607347,0.00635743815124635,-1.05620725448665,"ENSSSCT00000051409.2","ENSSSCG00000008989","CNOT6L","CNOT6L","Significant"
"ENSSSCT00000011165.5",-1.64094415546581,-1.5960337473108,-3.45129906689944,0.00141519610821534,0.00632069231674696,-1.05722966169026,"ENSSSCT00000011165.5","ENSSSCG00000010199","RET","RET","Significant"
"ENSSSCT00000095474.1",1.22144555576973,0.621907125788542,3.52911844409365,0.00113766329580389,0.00530345640497428,-1.05850536442471,"ENSSSCT00000095474.1","ENSSSCG00000050398",NA,"ENSSSCG00000050398","Significant"
"ENSSSCT00000007723.3",1.06654426209313,5.11137794703137,3.85298707719906,0.000450108418860143,0.00250475079169075,-1.07011661698673,"ENSSSCT00000007723.3","ENSSSCG00000007052","FERMT1","FERMT1","Significant"
"ENSSSCT00000096727.1",-2.82975104565629,-4.10590775414089,-3.43875824901279,0.00146560598931366,0.00650927907309395,-1.0702276308095,"ENSSSCT00000096727.1","ENSSSCG00000014411","LARS1","LARS1","Significant"
"ENSSSCT00000022387.4",3.61998466233596,-1.3928124827318,3.45299594092428,0.00140850434549816,0.00629770648390319,-1.07081717155713,"ENSSSCT00000022387.4","ENSSSCG00000021791","SENP7","SENP7","Significant"
"ENSSSCT00000037387.3",-1.79966565838758,-4.76193903746672,-3.43888387307895,0.00146509258874716,0.00650788951870886,-1.07152660201897,"ENSSSCT00000037387.3","ENSSSCG00000016397","NEB","NEB","Significant"
"ENSSSCT00000002911.4",-1.53872567528635,4.9962355287292,-3.87145537459618,0.00042657185829451,0.002394619295426,-1.07472600371234,"ENSSSCT00000002911.4","ENSSSCG00000052947","GSTA1","GSTA1","Significant"
"ENSSSCT00000041161.2",1.12731021543051,-0.924656010643898,3.44986845255787,0.00142086153921688,0.00634165224156429,-1.0788105070594,"ENSSSCT00000041161.2","ENSSSCG00000037579","PPBP","PPBP","Significant"
"ENSSSCT00000027940.4",2.95487701642563,-2.85426049327736,3.43386689158981,0.00148573065465766,0.0065825196717568,-1.08334537040918,"ENSSSCT00000027940.4","ENSSSCG00000028662","PDE3A","PDE3A","Significant"
"ENSSSCT00000073802.1",-1.19245100496051,-0.231637748917113,-3.46879143226434,0.00134765306337963,0.00607814088787239,-1.08430846434415,"ENSSSCT00000073802.1","ENSSSCG00000048602",NA,"ENSSSCG00000048602","Significant"
"ENSSSCT00000083785.2",2.23351094586402,-3.70984326423469,3.43306738498603,0.00148904517938869,0.00658914617654573,-1.08469406512017,"ENSSSCT00000083785.2","ENSSSCG00000009490","DCT","DCT","Significant"
"ENSSSCT00000053051.3",1.46777736457923,-1.7961006846668,3.43339084399271,0.00148770335831068,0.0065867843963011,-1.08719598602804,"ENSSSCT00000053051.3","ENSSSCG00000015378","SP4","SP4","Significant"
"ENSSSCT00000071325.2",-2.75990390487818,-2.447618657881,-3.44842078738011,0.00142661663696939,0.00636298342431601,-1.08755889647004,"ENSSSCT00000071325.2","ENSSSCG00000010882","CNST","CNST","Significant"
"ENSSSCT00000019301.5",-2.14946592026882,-0.826020733095774,-3.44121163954472,0.00145561061536719,0.00646929232598579,-1.09062635123153,"ENSSSCT00000019301.5","ENSSSCG00000017734","RHBDL3","RHBDL3","Significant"
"ENSSSCT00000019165.5",-1.12823044451493,2.88046017443936,-3.69018983486218,0.000719943818389241,0.00366660948058112,-1.09085372332216,"ENSSSCT00000019165.5","ENSSSCG00000017604","HLF","HLF","Significant"
"ENSSSCT00000018567.4",2.29342461531553,0.263197663036279,3.53924113762442,0.00110566213907181,0.0051787111596462,-1.09173433339953,"ENSSSCT00000018567.4","ENSSSCG00000017054","CYFIP2","CYFIP2","Significant"
"ENSSSCT00000061049.2",-1.20305973157561,1.39759835836006,-3.58560046628583,0.000969847302370682,0.00466316198886502,-1.09246223978581,"ENSSSCT00000061049.2","ENSSSCG00000014283","KIF3A","KIF3A","Significant"
"ENSSSCT00000094871.1",-1.83827223603844,2.64235190524159,-3.7379082339192,0.000627798773611416,0.00328452524290131,-1.09376289970456,"ENSSSCT00000094871.1","ENSSSCG00000010476","MYOF","MYOF","Significant"
"ENSSSCT00000102232.1",1.85437091866321,-3.95324107097057,3.42858330721515,0.00150776664591321,0.00665663151297957,-1.09419469339343,"ENSSSCT00000102232.1","ENSSSCG00000058288",NA,"ENSSSCG00000058288","Significant"
"ENSSSCT00000107582.1",2.32075834155881,6.50123833750456,3.93861473050497,0.000350649030184131,0.00204811196347607,-1.09641873660286,"ENSSSCT00000107582.1","ENSSSCG00000016174","FN1","FN1","Significant"
"ENSSSCT00000076672.2",-1.08706820455627,0.855702103690358,-3.50312048351617,0.00122398510765323,0.00560961631289371,-1.09925308591197,"ENSSSCT00000076672.2","ENSSSCG00000012278","CFP","CFP","Significant"
"ENSSSCT00000067392.1",-1.76955738426221,-4.47817101764007,-3.42658607888303,0.00151617770724781,0.00668652211106553,-1.10002771468961,"ENSSSCT00000067392.1","ENSSSCG00000042557",NA,"ENSSSCG00000042557","Significant"
"ENSSSCT00000049417.3",-1.30016882765401,1.06410320059871,-3.5633400126313,0.00103292529352901,0.00490068339205758,-1.10168500506632,"ENSSSCT00000049417.3","ENSSSCG00000000292","ZNF385A","ZNF385A","Significant"
"ENSSSCT00000078835.1",-3.15955527784882,-2.70437447311096,-3.42572757217371,0.00151980699792384,0.00669980899950095,-1.1029700044791,"ENSSSCT00000078835.1","ENSSSCG00000015840","WRN","WRN","Significant"
"ENSSSCT00000077284.2",1.77649499423411,3.03834363679439,3.6231411676518,0.000871788137460307,0.00427425269680539,-1.10460206102644,"ENSSSCT00000077284.2","ENSSSCG00000029196","DIP2B","DIP2B","Significant"
"ENSSSCT00000073243.1",1.9123524328979,3.19316906937871,3.63243775373117,0.000849023843544909,0.00418087500301136,-1.10640282259546,"ENSSSCT00000073243.1","ENSSSCG00000032554",NA,"ENSSSCG00000032554","Significant"
"ENSSSCT00000013792.6",3.26341087928695,-2.39514891745653,3.42591952057391,0.00151899482444975,0.00669713417935896,-1.10759704300023,"ENSSSCT00000013792.6","ENSSSCG00000012613","NKAP","NKAP","Significant"
"ENSSSCT00000002907.5",-1.20375800757667,3.06826670517939,-3.65374535961064,0.000798991944962546,0.00399116491091755,-1.10845831594359,"ENSSSCT00000002907.5","ENSSSCG00000002620","EFHC1","EFHC1","Significant"
"ENSSSCT00000065524.3",2.75784412696047,-2.62323769779219,3.42928643285726,0.00150481618435335,0.00664900757211773,-1.10846697375313,"ENSSSCT00000065524.3","ENSSSCG00000015692","R3HDM1","R3HDM1","Significant"
"ENSSSCT00000100382.1",1.53692512280615,-4.87182900743254,3.42275772506477,0.00153242619555858,0.00674722804591382,-1.10929586990233,"ENSSSCT00000100382.1","ENSSSCG00000051822","C17orf107","C17orf107","Significant"
"ENSSSCT00000040220.2",1.32840572541016,0.074706567122708,3.4691655212459,0.00134624294812553,0.00607430183790266,-1.10988845567222,"ENSSSCT00000040220.2","ENSSSCG00000004701","CATSPER2","CATSPER2","Significant"
"ENSSSCT00000053551.2",2.42087647475974,-4.11216623518613,3.42151700409607,0.00153772783581664,0.0067641767888513,-1.11080715592874,"ENSSSCT00000053551.2","ENSSSCG00000022788","PPA2","PPA2","Significant"
"ENSSSCT00000059823.3",-2.11509609578063,-3.58308413604254,-3.42076050060338,0.00154096902038245,0.006771192534468,-1.11411185872802,"ENSSSCT00000059823.3","ENSSSCG00000017521","SCRN2","SCRN2","Significant"
"ENSSSCT00000009847.4",1.01410410212587,1.82585332735532,3.58161642612936,0.00098085709303611,0.00470568932627271,-1.11640939652057,"ENSSSCT00000009847.4","ENSSSCG00000008990",NA,"ENSSSCG00000008990","Significant"
"ENSSSCT00000093611.1",1.95670376061636,0.801109009792307,3.49434810860657,0.00125450745054432,0.00572696176386823,-1.11751501185412,"ENSSSCT00000093611.1","ENSSSCG00000026392","BSDC1","BSDC1","Significant"
"ENSSSCT00000085406.2",2.48268644189333,-3.11831158102394,3.42132894571816,0.0015385329476596,0.00676602523589482,-1.12012679422252,"ENSSSCT00000085406.2","ENSSSCG00000021803","RANBP10","RANBP10","Significant"
"ENSSSCT00000050406.3",-2.09449224225183,-3.8806549715627,-3.41564788793863,0.00156304587740186,0.00685335500091584,-1.12542597116086,"ENSSSCT00000050406.3","ENSSSCG00000004134","PEX3","PEX3","Significant"
"ENSSSCT00000052633.3",1.30530149565213,-0.121527941035507,3.46548717176459,0.00136017007373695,0.00612696671513119,-1.12628649448494,"ENSSSCT00000052633.3","ENSSSCG00000008227","ST3GAL5","ST3GAL5","Significant"
"ENSSSCT00000056817.3",-2.46190601031906,0.178793333192441,-3.48450265470796,0.00128963423236406,0.00585860868217887,-1.12685003040801,"ENSSSCT00000056817.3","ENSSSCG00000001865","SCAPER","SCAPER","Significant"
"ENSSSCT00000071271.2",3.84933961979697,-0.835113285468646,3.44677864088733,0.00143317194917466,0.00638697898180571,-1.12701002363825,"ENSSSCT00000071271.2","ENSSSCG00000037719","PDPK1","PDPK1","Significant"
"ENSSSCT00000039080.3",-3.38338855403214,-2.70734461037022,-3.41653291715959,0.00155920265185604,0.00683834318820476,-1.12838207539086,"ENSSSCT00000039080.3","ENSSSCG00000029573","NASP","NASP","Significant"
"ENSSSCT00000099899.1",-1.57113741054046,-1.45121368777122,-3.4280650132869,0.00150994506443844,0.00666444414254108,-1.12906526125428,"ENSSSCT00000099899.1","ENSSSCG00000013246","CSTPP1","CSTPP1","Significant"
"ENSSSCT00000084636.1",-1.94424106873052,-4.56288471234642,-3.41362725980446,0.0015718544682382,0.00688549551020264,-1.12949312245582,"ENSSSCT00000084636.1","ENSSSCG00000047970",NA,"ENSSSCG00000047970","Significant"
"ENSSSCT00000014630.5",2.93067877244614,-1.42828190147942,3.42262796728332,0.00153297983344913,0.00674784318749499,-1.13009737791095,"ENSSSCT00000014630.5","ENSSSCG00000013393","SPON1","SPON1","Significant"
"ENSSSCT00000045011.2",1.55630904813573,-0.823203804455173,3.44328225892756,0.00144722558967542,0.00643904791563557,-1.13086155422204,"ENSSSCT00000045011.2","ENSSSCG00000010872","AKT3","AKT3","Significant"
"ENSSSCT00000042047.3",1.31828660176591,-1.62954037738699,3.42682061335104,0.00151518767099766,0.00668486858257208,-1.13180203189687,"ENSSSCT00000042047.3","ENSSSCG00000038710","TMPRSS13","TMPRSS13","Significant"
"ENSSSCT00000005096.5",1.69242277686939,-3.88592014773828,3.41101167174504,0.0015833273292289,0.00692551707032184,-1.13582721995536,"ENSSSCT00000005096.5","ENSSSCG00000004615","WDR72","WDR72","Significant"
"ENSSSCT00000043870.1",1.6230171326111,-4.07969554243076,3.41084922130391,0.00158404253180942,0.00692771599022324,-1.13603939424887,"ENSSSCT00000043870.1","ENSSSCG00000033221",NA,"ENSSSCG00000033221","Significant"
"ENSSSCT00000029057.2",1.54966272027006,2.82293287587601,3.65416606634689,0.000798033335214087,0.00398698726039229,-1.13643935426465,"ENSSSCT00000029057.2","ENSSSCG00000005518",NA,"ENSSSCG00000005518","Significant"
"ENSSSCT00000040184.3",1.80064627919989,-4.30031959702577,3.41031609995892,0.00158639182108053,0.00693426986653833,-1.13742041980255,"ENSSSCT00000040184.3","ENSSSCG00000038003","ITK","ITK","Significant"
"ENSSSCT00000014554.5",1.49715423629481,-2.90986379294365,3.40802670844881,0.00159651840565808,0.00697572850416456,-1.14330279987765,"ENSSSCT00000014554.5","ENSSSCG00000013327","MPPED2","MPPED2","Significant"
"ENSSSCT00000038197.2",-1.88864141139498,-1.96759740916383,-3.42837044394247,0.00150866095742165,0.00665967802000749,-1.14448071180167,"ENSSSCT00000038197.2","ENSSSCG00000007076","NDUFAF5","NDUFAF5","Significant"
"ENSSSCT00000025548.4",-2.94534555221647,-3.66667311567383,-3.40695394890007,0.00160128478132867,0.00698999718977639,-1.14633653879604,"ENSSSCT00000025548.4","ENSSSCG00000022933","EFR3B","EFR3B","Significant"
"ENSSSCT00000039172.3",-1.42226312675903,0.197490401207508,-3.46025729883816,0.00138020992955538,0.00619995920597535,-1.14725592696761,"ENSSSCT00000039172.3","ENSSSCG00000028794","BCKDHA","BCKDHA","Significant"
"ENSSSCT00000053857.3",-3.55007640804568,-0.420537505477763,-3.47682391818097,0.00131768427420225,0.00596608499876271,-1.14788358466185,"ENSSSCT00000053857.3","ENSSSCG00000010651","ABLIM1","ABLIM1","Significant"
"ENSSSCT00000052114.3",-2.41472233142675,-3.56869844155791,-3.40714569310761,0.00160043184389384,0.00698814515043722,-1.14872100053119,"ENSSSCT00000052114.3","ENSSSCG00000032877","MEGF10","MEGF10","Significant"
"ENSSSCT00000088051.1",1.2008417371643,-2.5531456849387,3.4061504505831,0.00160486372711924,0.00700280740885918,-1.14962339382108,"ENSSSCT00000088051.1","ENSSSCG00000051266",NA,"ENSSSCG00000051266","Significant"
"ENSSSCT00000097862.1",1.11340088854863,-2.84002095826232,3.40469642845754,0.00161135972395468,0.00702363267912009,-1.15157691177679,"ENSSSCT00000097862.1","ENSSSCG00000056783",NA,"ENSSSCG00000056783","Significant"
"ENSSSCT00000006754.5",1.62140779656764,-4.19776143901219,3.40407914061882,0.00161412513038423,0.00703380590096863,-1.15221213428584,"ENSSSCT00000006754.5","ENSSSCG00000006160","STMN2","STMN2","Significant"
"ENSSSCT00000095183.1",1.05934469625918,-2.55195353313896,3.4054147625855,0.00160814734959552,0.00701338097728897,-1.15421593108888,"ENSSSCT00000095183.1","ENSSSCG00000058123",NA,"ENSSSCG00000058123","Significant"
"ENSSSCT00000078771.2",-1.21238857330577,5.03563207478047,-3.84332531053661,0.000462919219424972,0.002563787706834,-1.15647579987931,"ENSSSCT00000078771.2","ENSSSCG00000029484","EMB","EMB","Significant"
"ENSSSCT00000012427.5",-1.9034117734325,0.642706792068905,-3.48546242430466,0.00128616882343914,0.00584693925256687,-1.15792586328316,"ENSSSCT00000012427.5","ENSSSCG00000011350","CCDC51","CCDC51","Significant"
"ENSSSCT00000014681.5",2.72562329028584,-3.86262888656206,3.402506694523,0.00162119013002896,0.00705987484966798,-1.15980200014677,"ENSSSCT00000014681.5","ENSSSCG00000013437","TCF3","TCF3","Significant"
"ENSSSCT00000044530.3",-1.92093463224481,-4.97624322771805,-3.3993574383656,0.00163542888393849,0.00711238139681611,-1.16433596863635,"ENSSSCT00000044530.3","ENSSSCG00000014401","NR3C1","NR3C1","Significant"
"ENSSSCT00000059364.3",1.74608758267878,-4.6056915636121,3.39910509870348,0.00163657495643722,0.00711641636165365,-1.16436930521467,"ENSSSCT00000059364.3","ENSSSCG00000040300","RGS13","RGS13","Significant"
"ENSSSCT00000095960.1",-1.55295375794457,-5.34708021570728,-3.39612353816228,0.00165017492003513,0.00716599668258195,-1.17395310011432,"ENSSSCT00000095960.1","ENSSSCG00000057848",NA,"ENSSSCG00000057848","Significant"
"ENSSSCT00000088044.1",-2.34429777052755,0.0034446244361151,-3.43888364561337,0.00146509351819786,0.00650788951870886,-1.17528725689257,"ENSSSCT00000088044.1","ENSSSCG00000015346","ICA1","ICA1","Significant"
"ENSSSCT00000046661.3",-1.31533284369318,-4.16589815944405,-3.39436736274267,0.00165823603101161,0.00719583737211643,-1.17538361915211,"ENSSSCT00000046661.3","ENSSSCG00000013536","ACSBG2","ACSBG2","Significant"
"ENSSSCT00000036502.2",-1.11036002335906,1.73857743446942,-3.55696059937645,0.00105171872269212,0.0049695995992252,-1.17601824371704,"ENSSSCT00000036502.2","ENSSSCG00000012132","ASB9","ASB9","Significant"
"ENSSSCT00000058325.3",-2.42592092567798,-0.0944719910154966,-3.47159923884177,0.00133710365480903,0.00603975167101603,-1.17815599678307,"ENSSSCT00000058325.3","ENSSSCG00000004064","ARID1B","ARID1B","Significant"
"ENSSSCT00000071665.2",-3.20310112177339,-1.98822742258197,-3.41045872804986,0.00158576297949287,0.00693338020428933,-1.17840778544367,"ENSSSCT00000071665.2","ENSSSCG00000008225","PTCD3","PTCD3","Significant"
"ENSSSCT00000086926.2",2.30276705024272,-1.76563335067447,3.41745470854611,0.00155520941381947,0.00682450171307805,-1.17868027201118,"ENSSSCT00000086926.2","ENSSSCG00000008138","GCC2","GCC2","Significant"
"ENSSSCT00000059424.3",-3.69722843445588,1.23989634794333,-3.45694380085901,0.00139305290071344,0.0062431748144139,-1.1811330837599,"ENSSSCT00000059424.3","ENSSSCG00000025295","NDFIP1","NDFIP1","Significant"
"ENSSSCT00000011522.5",1.34709756602704,0.51136998151027,3.46942586588574,0.00134526242407855,0.0060707177958003,-1.18125201651947,"ENSSSCT00000011522.5","ENSSSCG00000010532","LOXL4","LOXL4","Significant"
"ENSSSCT00000073054.1",-1.57162008176853,-5.35771671373768,-3.39181954324129,0.00166999795957895,0.00723858195614357,-1.18286393824827,"ENSSSCT00000073054.1","ENSSSCG00000037267","MAX","MAX","Significant"
"ENSSSCT00000049689.2",-1.18042811361785,2.53037569879704,-3.61503956173619,0.000892105489932795,0.00435748425374814,-1.18478218458911,"ENSSSCT00000049689.2","ENSSSCG00000010528","ZFYVE27","ZFYVE27","Significant"
"ENSSSCT00000061113.3",1.45423852060959,2.31939724337382,3.59075684273769,0.000955774472634442,0.00460500530601054,-1.18655986601009,"ENSSSCT00000061113.3","ENSSSCG00000016778","NLN","NLN","Significant"
"ENSSSCT00000025027.4",-1.83172268807838,2.83067069395179,-3.60148101639145,0.000927133512635614,0.00449758384853021,-1.1867442436236,"ENSSSCT00000025027.4","ENSSSCG00000028431","HSD17B4","HSD17B4","Significant"
"ENSSSCT00000045522.3",2.92951282378837,-0.105234095476839,3.42880648640106,0.00150682953941446,0.00665429639754424,-1.18750271571241,"ENSSSCT00000045522.3","ENSSSCG00000005241",NA,"ENSSSCG00000005241","Significant"
"ENSSSCT00000084936.2",2.61161786968003,-1.9053372624564,3.39422386908898,0.00165889635203857,0.00719715990177851,-1.19341179506092,"ENSSSCT00000084936.2","ENSSSCG00000009179","MTTP","MTTP","Significant"
"ENSSSCT00000010772.4",1.42256413402674,2.72185198203912,3.59167925070949,0.000953277865366881,0.00459501353081339,-1.19409029748368,"ENSSSCT00000010772.4","ENSSSCG00000009828","PPP1CC","PPP1CC","Significant"
"ENSSSCT00000092239.1",1.01852964382259,-2.08762911284532,3.38784437014664,0.00168850887132975,0.00730812999347342,-1.20268757034857,"ENSSSCT00000092239.1","ENSSSCG00000059268",NA,"ENSSSCG00000059268","Significant"
"ENSSSCT00000007180.5",-1.67239934262203,0.612576892845283,-3.47997045862087,0.00130611999137958,0.00592277276758552,-1.202859452405,"ENSSSCT00000007180.5","ENSSSCG00000006555","CFAP141","CFAP141","Significant"
"ENSSSCT00000100018.1",1.02957966985369,-0.582618809475885,3.40119559664365,0.00162710352283276,0.00708184264563332,-1.20433510108093,"ENSSSCT00000100018.1","ENSSSCG00000038968","TMEM263","TMEM263","Significant"
"ENSSSCT00000067130.2",-1.7335425669709,-1.39963215724665,-3.39030145108629,0.00167704410979719,0.00726429469321479,-1.20866841340265,"ENSSSCT00000067130.2","ENSSSCG00000033509","SAMD11","SAMD11","Significant"
"ENSSSCT00000008274.4",1.70958315738052,-0.935882714218498,3.40041299832088,0.00163064308324942,0.00709346058522538,-1.20879394876311,"ENSSSCT00000008274.4","ENSSSCG00000007542","PRKAR1B","PRKAR1B","Significant"
"ENSSSCT00000022469.4",-1.5199767500234,-5.1621687993569,-3.38064669841069,0.00172252659876254,0.00742480925780721,-1.20883114841089,"ENSSSCT00000022469.4","ENSSSCG00000017988","CCDC42","CCDC42","Significant"
"ENSSSCT00000011061.5",-1.00424634617512,-0.50397897801052,-3.41211319337701,0.00157848593549636,0.00691083059499441,-1.20999667871807,"ENSSSCT00000011061.5","ENSSSCG00000010100","LRRC74B","LRRC74B","Significant"
"ENSSSCT00000070848.2",-3.37763921745182,-1.52201836171577,-3.40754732758245,0.00159864665989242,0.00698218519560142,-1.21081849083145,"ENSSSCT00000070848.2","ENSSSCG00000007878","PARN","PARN","Significant"
"ENSSSCT00000037506.3",-1.06760060870803,-0.643963712053871,-3.41496502312104,0.00156601740850916,0.00686361494650255,-1.21481153147906,"ENSSSCT00000037506.3","ENSSSCG00000017861","ASPA","ASPA","Significant"
"ENSSSCT00000071707.2",-3.48091257983208,-4.29774319032242,-3.37750817282982,0.0017375643911544,0.00747965345194899,-1.21486448510449,"ENSSSCT00000071707.2","ENSSSCG00000017506","FBXL20","FBXL20","Significant"
"ENSSSCT00000042610.1",-2.55558081268789,2.23194915729546,-3.53156749759246,0.00112984031101952,0.00527377430214464,-1.21532928536932,"ENSSSCT00000042610.1","ENSSSCG00000000841","APPL2","APPL2","Significant"
"ENSSSCT00000055065.2",1.18706889152257,0.0152996670126932,3.44435972581009,0.00144288070350957,0.00642146907688043,-1.21574140285292,"ENSSSCT00000055065.2","ENSSSCG00000004404",NA,"ENSSSCG00000004404","Significant"
"ENSSSCT00000090869.1",1.36277259491295,-4.07679247997634,3.3772743221669,0.00173868986696674,0.00748063399611818,-1.2157527452318,"ENSSSCT00000090869.1","ENSSSCG00000010473","EXOC6","EXOC6","Significant"
"ENSSSCT00000042242.3",2.227560097006,2.41739412138634,3.52195220883416,0.0011608547098296,0.00538692100189073,-1.21577635970596,"ENSSSCT00000042242.3","ENSSSCG00000006156","TPD52","TPD52","Significant"
"ENSSSCT00000064430.3",2.15581360442844,3.65899585183872,3.68826634929603,0.000723919860943937,0.00368259369255088,-1.21618068516897,"ENSSSCT00000064430.3","ENSSSCG00000038688","PGLYRP1","PGLYRP1","Significant"
"ENSSSCT00000100909.1",-1.54392956478338,1.1966588345238,-3.50838956033704,0.00120599643438891,0.00554666493818816,-1.21636330421385,"ENSSSCT00000100909.1","ENSSSCG00000023351","PLA2G4A","PLA2G4A","Significant"
"ENSSSCT00000072094.1",2.68205748594679,-3.54180114326378,3.38073454099125,0.00172210751046932,0.00742480925780721,-1.21658113512202,"ENSSSCT00000072094.1","ENSSSCG00000004385","SNX3","SNX3","Significant"
"ENSSSCT00000004642.3",1.81515971431762,-3.94730435105721,3.37599761489013,0.00174484670922615,0.0075021735602808,-1.21840934167674,"ENSSSCT00000004642.3","ENSSSCG00000004201","TMEM200A","TMEM200A","Significant"
"ENSSSCT00000032120.4",-1.54266561504356,1.03745618579261,-3.49299441696619,0.00125928209459427,0.00574232635134987,-1.22015985743153,"ENSSSCT00000032120.4","ENSSSCG00000022538","MARK4","MARK4","Significant"
"ENSSSCT00000093335.1",2.2247596797816,-1.65007379303727,3.38704231338447,0.00169226748866963,0.00732051070725551,-1.22054337641674,"ENSSSCT00000093335.1","ENSSSCG00000005316","TPM2","TPM2","Significant"
"ENSSSCT00000083660.2",-1.71957114454046,-5.13327567002521,-3.37501381995042,0.00174960522326277,0.00751470540103536,-1.22241301254097,"ENSSSCT00000083660.2","ENSSSCG00000006126","DECR1","DECR1","Significant"
"ENSSSCT00000009941.5",1.1812931514391,2.42238041785356,3.57844620347323,0.000989703853037687,0.00474045900168073,-1.22375634298456,"ENSSSCT00000009941.5","ENSSSCG00000009075","MFSD8","MFSD8","Significant"
"ENSSSCT00000040314.2",1.87525111509713,2.66080599971913,3.56751056385951,0.00102081430303591,0.00486060609403327,-1.22792207968839,"ENSSSCT00000040314.2","ENSSSCG00000009528","TPP2","TPP2","Significant"
"ENSSSCT00000075148.2",1.54385405111503,0.596062999090135,3.42906704011721,0.00150573620744158,0.00665217117986793,-1.22873578503501,"ENSSSCT00000075148.2","ENSSSCG00000034876","PET100","PET100","Significant"
"ENSSSCT00000026880.3",-1.32084966318602,4.58543081970625,-3.79700260328201,0.000529419278309917,0.00284979134060039,-1.23237817023863,"ENSSSCT00000026880.3","ENSSSCG00000032591",NA,"ENSSSCG00000032591","Significant"
"ENSSSCT00000028911.3",-2.14993054599792,3.31291073856178,-3.62490758478013,0.000867417930496359,0.00425538582694904,-1.23474928623896,"ENSSSCT00000028911.3","ENSSSCG00000062441","ADH7","ADH7","Significant"
"ENSSSCT00000014290.5",1.07373739196276,3.48126975792695,3.70352939537676,0.000692944684315692,0.00354785937302588,-1.23509139460969,"ENSSSCT00000014290.5","ENSSSCG00000013073","FADS3","FADS3","Significant"
"ENSSSCT00000084506.1",1.52952371987344,-2.64779925628993,3.3725825867661,0.00176141815612705,0.00755648388978503,-1.23513214779174,"ENSSSCT00000084506.1","ENSSSCG00000051661",NA,"ENSSSCG00000051661","Significant"
"ENSSSCT00000099462.1",1.63200907104164,-3.23296870878931,3.3672400909299,0.00178764501128593,0.00765087660120326,-1.24060586394458,"ENSSSCT00000099462.1","ENSSSCG00000005423","ABCA1","ABCA1","Significant"
"ENSSSCT00000061467.3",-1.34730393220736,1.99707048344428,-3.55899524581964,0.00104568928936595,0.00494612702603908,-1.24074044769625,"ENSSSCT00000061467.3","ENSSSCG00000028711","CASP1","CASP1","Significant"
"ENSSSCT00000025921.5",3.05419061093434,-3.4510369372202,3.36919649941466,0.00177799775022354,0.00761858833595589,-1.24160536436504,"ENSSSCT00000025921.5","ENSSSCG00000028516","LARP4","LARP4","Significant"
"ENSSSCT00000057470.3",2.42307258281729,-3.10456015341246,3.36651802274918,0.00179121823995409,0.00766114121677334,-1.24201720907026,"ENSSSCT00000057470.3","ENSSSCG00000027820","CD200","CD200","Significant"
"ENSSSCT00000084495.1",-2.02976404646836,-3.98839310962068,-3.36497208336262,0.00179889146197964,0.00768790892992322,-1.24422593042719,"ENSSSCT00000084495.1","ENSSSCG00000032076",NA,"ENSSSCG00000032076","Significant"
"ENSSSCT00000098353.1",1.85890917836137,-3.0691989730047,3.36603181444641,0.00179362813906077,0.00766843061184596,-1.24590952549556,"ENSSSCT00000098353.1","ENSSSCG00000057215",NA,"ENSSSCG00000057215","Significant"
"ENSSSCT00000053202.3",1.27306079004732,2.51767789872039,3.56919093520621,0.00101597336895854,0.00484209848290078,-1.24630495094137,"ENSSSCT00000053202.3","ENSSSCG00000034756","PLB1","PLB1","Significant"
"ENSSSCT00000085907.1",1.58902762891995,-0.583017550501955,3.38404520119684,0.001706383620222,0.00736984124436591,-1.24673216475624,"ENSSSCT00000085907.1","ENSSSCG00000055853",NA,"ENSSSCG00000055853","Significant"
"ENSSSCT00000068039.2",2.78953023426818,1.30340171339717,3.47647268060651,0.00131898123831935,0.00597029908290491,-1.24751770253552,"ENSSSCT00000068039.2","ENSSSCG00000029756","ADGRG2","ADGRG2","Significant"
"ENSSSCT00000078208.2",1.92718089300304,1.69620904599834,3.46527201857982,0.00136098896237018,0.00612896189628693,-1.25067227800938,"ENSSSCT00000078208.2","ENSSSCG00000015235","ETS1","ETS1","Significant"
"ENSSSCT00000080962.2",1.60762743310526,2.7759301700911,3.55402791910454,0.00106046829046791,0.00500514014800461,-1.25079691171898,"ENSSSCT00000080962.2","ENSSSCG00000027806","SAMHD1","SAMHD1","Significant"
"ENSSSCT00000096566.1",2.41810250156874,1.17640994019015,3.46709632206256,0.00135406050784666,0.00610281846804432,-1.25168083181145,"ENSSSCT00000096566.1","ENSSSCG00000015213","EI24","EI24","Significant"
"ENSSSCT00000038469.3",3.86000304582607,-1.86258873011886,3.3681458705791,0.00178317230676706,0.00763574335301197,-1.25395218981782,"ENSSSCT00000038469.3","ENSSSCG00000015013","RDX","RDX","Significant"
"ENSSSCT00000047031.3",3.86000304582607,-1.86258873011886,3.3681458705791,0.00178317230676706,0.00763574335301197,-1.25395218981782,"ENSSSCT00000047031.3","ENSSSCG00000015013","RDX","RDX","Significant"
"ENSSSCT00000049653.3",-2.17636764895448,-5.13044245955458,-3.36087505721516,0.00181937926543596,0.00776732245256962,-1.25514797930214,"ENSSSCT00000049653.3","ENSSSCG00000031652","RPGRIP1L","RPGRIP1L","Significant"
"ENSSSCT00000084887.1",-1.2544728153321,-1.38441166825971,-3.37073327106503,0.0017704547050505,0.00758826149644622,-1.26004114013537,"ENSSSCT00000084887.1","ENSSSCG00000049460",NA,"ENSSSCG00000049460","Significant"
"ENSSSCT00000048490.3",-1.06466687380549,1.68590728869481,-3.49368370973256,0.0012568486933033,0.00573363576276213,-1.26463046081925,"ENSSSCT00000048490.3","ENSSSCG00000016110","KIAA2012","KIAA2012","Significant"
"ENSSSCT00000072265.2",1.87539407327698,1.34154030562735,3.46981590843596,0.00134379470747982,0.00606744143846088,-1.26743211060622,"ENSSSCT00000072265.2","ENSSSCG00000003913","MAST2","MAST2","Significant"
"ENSSSCT00000068120.1",-1.72206798871087,-4.3297800241834,-3.35420520936967,0.00185321091537699,0.00789109163966975,-1.26993099225131,"ENSSSCT00000068120.1","ENSSSCG00000035822","FAM120C","FAM120C","Significant"
"ENSSSCT00000053864.3",1.54449462870485,-4.53616394309859,3.35356467386884,0.00185649138811007,0.00790299585036438,-1.27133654680594,"ENSSSCT00000053864.3","ENSSSCG00000009148","LEF1","LEF1","Significant"
"ENSSSCT00000072810.1",2.14779970670494,-3.77237654542336,3.35147775334468,0.00186721800311598,0.00793518975151115,-1.27765570774873,"ENSSSCT00000072810.1","ENSSSCG00000029615","VAMP7","VAMP7","Significant"
"ENSSSCT00000090449.2",2.30249653380209,-4.15848179445782,3.35084126156748,0.00187050129540063,0.0079450005517512,-1.28206153793389,"ENSSSCT00000090449.2","ENSSSCG00000032144","ZNF140","ZNF140","Significant"
"ENSSSCT00000017757.5",2.07243252525317,-3.83679661458186,3.34857640373647,0.00188222919576502,0.00798961081873748,-1.28266707060099,"ENSSSCT00000017757.5","ENSSSCG00000016306","USP40","USP40","Significant"
"ENSSSCT00000041604.2",-1.11330939079943,1.05854590712857,-3.44734390300012,0.00143091221570457,0.00637778016142608,-1.28291861980365,"ENSSSCT00000041604.2","ENSSSCG00000011686","SLC9A9","SLC9A9","Significant"
"ENSSSCT00000080199.2",-2.28287266958001,-4.20104085924646,-3.34792214786658,0.00188563012970629,0.00799779949901705,-1.28417946975095,"ENSSSCT00000080199.2","ENSSSCG00000054021","EFCAB10","EFCAB10","Significant"
"ENSSSCT00000010813.5",2.523962160518,-2.14421398891121,3.34915037567154,0.0018792504197738,0.0079790442357475,-1.28440094240911,"ENSSSCT00000010813.5","ENSSSCG00000009865","TBX3","TBX3","Significant"
"ENSSSCT00000059570.3",3.60891178923295,-1.15343104088547,3.35895079753447,0.00182907864696715,0.00779750002689813,-1.2851453457817,"ENSSSCT00000059570.3","ENSSSCG00000008406","CCDC88A","CCDC88A","Significant"
"ENSSSCT00000017183.5",1.70298041147486,-3.04917386698171,3.34830762208618,0.00188362565865909,0.00799345710984263,-1.28561223756026,"ENSSSCT00000017183.5","ENSSSCG00000015782","IRF2","IRF2","Significant"
"ENSSSCT00000051375.3",1.9818509959564,0.22854690174902,3.45230531745499,0.00141122420487031,0.0063064081655142,-1.28608712824505,"ENSSSCT00000051375.3","ENSSSCG00000011284","NKTR","NKTR","Significant"
"ENSSSCT00000062988.2",-1.18227090981314,2.46545008027321,-3.59184792889722,0.000952821997958053,0.00459485407800981,-1.28701509697327,"ENSSSCT00000062988.2","ENSSSCG00000014812","FOLR2","FOLR2","Significant"
"ENSSSCT00000097817.1",1.11248898494069,3.6806402233571,3.66404360823482,0.0007758431622089,0.00389462516715303,-1.28717710713193,"ENSSSCT00000097817.1","ENSSSCG00000008040","TSC2","TSC2","Significant"
"ENSSSCT00000057861.3",-1.44490158532844,-3.7667454154702,-3.3463396308315,0.00189388062393428,0.00802444234733635,-1.28793538094462,"ENSSSCT00000057861.3","ENSSSCG00000038946","SLC17A8","SLC17A8","Significant"
"ENSSSCT00000038361.3",-2.56136563098343,-4.05708715563656,-3.3454751590873,0.00189840212907848,0.00804255496575818,-1.29002665812168,"ENSSSCT00000038361.3","ENSSSCG00000022837","TMUB2","TMUB2","Significant"
"ENSSSCT00000042742.3",1.2356422045798,3.06081064229542,3.61179864941488,0.000900360337552651,0.00438921775051518,-1.29309749973234,"ENSSSCT00000042742.3","ENSSSCG00000017592","MBTD1","MBTD1","Significant"
"ENSSSCT00000009783.5",2.28033969357674,-0.178202386503091,3.38089683412737,0.00172133348255231,0.00742359217792797,-1.29456374760457,"ENSSSCT00000009783.5","ENSSSCG00000039276","UGT2B31","UGT2B31","Significant"
"ENSSSCT00000041965.3",-1.23263747830531,-1.60919406981928,-3.35249048414356,0.0018620052647769,0.00792128620787766,-1.29533755658274,"ENSSSCT00000041965.3","ENSSSCG00000021588","DAPK2","DAPK2","Significant"
"ENSSSCT00000074366.2",-1.60687245784374,-5.09484095294244,-3.34324691861973,0.00191010425913004,0.00808269810756865,-1.29626934500533,"ENSSSCT00000074366.2","ENSSSCG00000035161","TMEM237","TMEM237","Significant"
"ENSSSCT00000076018.2",2.70769835037868,-2.83901594959373,3.34384645398671,0.00190694889740394,0.00807142176437207,-1.29770428751736,"ENSSSCT00000076018.2","ENSSSCG00000009591","AUH","AUH","Significant"
"ENSSSCT00000025433.5",-1.08870472909817,-1.83033735287342,-3.34726969705489,0.00188902752891219,0.00801015935513866,-1.29821269662453,"ENSSSCT00000025433.5","ENSSSCG00000000223","BIN2","BIN2","Significant"
"ENSSSCT00000036999.3",-1.69962775540162,1.25531462909119,-3.48921387674612,0.00127270917784567,0.00579625786205896,-1.29891554731309,"ENSSSCT00000036999.3","ENSSSCG00000031271","STRADB","STRADB","Significant"
"ENSSSCT00000014148.5",-1.5406380739652,-0.208557970615941,-3.40070799302525,0.00162930800691927,0.00708859864659673,-1.30385939495406,"ENSSSCT00000014148.5","ENSSSCG00000012943","MRPL11","MRPL11","Significant"
"ENSSSCT00000053842.2",-1.22144548954031,-4.27228991470393,-3.33936517511602,0.001930654962979,0.00815351960298899,-1.30416540467132,"ENSSSCT00000053842.2","ENSSSCG00000036645","PDE6B","PDE6B","Significant"
"ENSSSCT00000071919.2",-2.50599239542359,-4.09017472043374,-3.33879502937865,0.00193369116083763,0.00816341662669299,-1.30579211464695,"ENSSSCT00000071919.2","ENSSSCG00000014063","SFXN1","SFXN1","Significant"
"ENSSSCT00000092666.1",2.30599011244339,-0.17157779282269,3.40125436230574,0.00162683803282381,0.00708163247292224,-1.309114156018,"ENSSSCT00000092666.1","ENSSSCG00000029200","TRIM2","TRIM2","Significant"
"ENSSSCT00000062392.3",2.90527431673718,-3.96933721570038,3.33738283634917,0.0019412311698748,0.00818957724081701,-1.30934925459922,"ENSSSCT00000062392.3","ENSSSCG00000037673","BFAR","BFAR","Significant"
"ENSSSCT00000077997.2",1.21799686056016,1.78910257592064,3.49757833257639,0.00124318420038655,0.00568402435414431,-1.31572733346723,"ENSSSCT00000077997.2","ENSSSCG00000000475","IRAK3","IRAK3","Significant"
"ENSSSCT00000023087.4",-1.10900290294807,-2.68743995230937,-3.33556791284681,0.00195096269761193,0.00821717966579764,-1.31857014411403,"ENSSSCT00000023087.4","ENSSSCG00000025131","GPR33","GPR33","Significant"
"ENSSSCT00000093533.1",-1.16824922698262,-2.8167004079741,-3.33463008595539,0.00195600952322116,0.0082341813421695,-1.31887302721699,"ENSSSCT00000093533.1","ENSSSCG00000055449",NA,"ENSSSCG00000055449","Significant"
"ENSSSCT00000016387.5",-1.1717850496532,0.812930759122227,-3.51107881552995,0.00119691350649424,0.00551266675600199,-1.32210167169766,"ENSSSCT00000016387.5","ENSSSCG00000015023","ALG9","ALG9","Significant"
"ENSSSCT00000077684.1",-2.25985499907562,-5.09754477617124,-3.33192438573935,0.00197063997695833,0.00828293745117304,-1.32210454285133,"ENSSSCT00000077684.1","ENSSSCG00000017553","KAT7","KAT7","Significant"
"ENSSSCT00000097048.1",1.66215133189226,-0.456765028298411,3.37510937188338,0.00174914250466612,0.00751470540103536,-1.32254794813164,"ENSSSCT00000097048.1","ENSSSCG00000059892",NA,"ENSSSCG00000059892","Significant"
"ENSSSCT00000039073.3",-1.567506733418,-5.00289489819527,-3.32731107316911,0.00199582675074143,0.00836344492747022,-1.33281111481552,"ENSSSCT00000039073.3","ENSSSCG00000013630","DNM2","DNM2","Significant"
"ENSSSCT00000046199.1",-1.50809320231717,-3.63378020535334,-3.3267754922819,0.0019987706390635,0.0083720346757485,-1.33432128577178,"ENSSSCT00000046199.1","ENSSSCG00000034586",NA,"ENSSSCG00000034586","Significant"
"ENSSSCT00000054491.3",-1.27110322243066,-4.33200744971287,-3.32637859577298,0.00200095490576584,0.00837727731588917,-1.33444121817314,"ENSSSCT00000054491.3","ENSSSCG00000031352","DYNLT5","DYNLT5","Significant"
"ENSSSCT00000037839.3",2.44298171622945,-2.79803005122157,3.32714617538978,0.00199673269084777,0.00836564798925734,-1.33628742345885,"ENSSSCT00000037839.3","ENSSSCG00000031147","ACAP2","ACAP2","Significant"
"ENSSSCT00000062525.2",-1.25802885575329,0.523995327729828,-3.42662976820318,0.00151599323530463,0.00668652211106553,-1.33737461422102,"ENSSSCT00000062525.2","ENSSSCG00000008742","CD38","CD38","Significant"
"ENSSSCT00000061380.3",-1.61818003095388,0.418802860866144,-3.38090029051786,0.00172131700154066,0.00742359217792797,-1.34627689730921,"ENSSSCT00000061380.3","ENSSSCG00000035221","ENTR1","ENTR1","Significant"
"ENSSSCT00000018027.3",1.61621265892976,-4.97626507622269,3.32149624271613,0.00202801144950805,0.00846406621860732,-1.34649974069998,"ENSSSCT00000018027.3","ENSSSCG00000016557","CPA1","CPA1","Significant"
"ENSSSCT00000037233.2",1.98488555708258,-2.22329991121274,3.32812862641422,0.00199134094893663,0.00834949592324199,-1.34651971724145,"ENSSSCT00000037233.2","ENSSSCG00000038071","RASL12","RASL12","Significant"
"ENSSSCT00000049895.3",1.17769511333102,-0.652127490897245,3.34795268497654,0.00188547126200555,0.00799779949901705,-1.34728903940093,"ENSSSCT00000049895.3","ENSSSCG00000034858","RAP1GAP2","RAP1GAP2","Significant"
"ENSSSCT00000104430.1",-1.24317906367708,-0.999438171067214,-3.34502588575951,0.00190075606580273,0.00804938963104717,-1.34954703332672,"ENSSSCT00000104430.1","ENSSSCG00000014854","KLHL35","KLHL35","Significant"
"ENSSSCT00000088348.2",1.43427443909554,2.03725535404014,3.49575741018216,0.00124955514310543,0.00570995036941969,-1.34956692131412,"ENSSSCT00000088348.2","ENSSSCG00000005441","ELP1","ELP1","Significant"
"ENSSSCT00000065189.3",2.26876580706136,-1.01101953598323,3.34888118810448,0.00188064687688637,0.00798393369453167,-1.3507598832086,"ENSSSCT00000065189.3","ENSSSCG00000029855","LHFPL6","LHFPL6","Significant"
"ENSSSCT00000075598.2",3.56186228208709,0.0164193919417522,3.36675288360906,0.00179005525791441,0.00765817630613323,-1.35207345182453,"ENSSSCT00000075598.2","ENSSSCG00000004293","SNX14","SNX14","Significant"
"ENSSSCT00000106560.1",1.06663285728968,-2.37797985913645,3.32092044270125,0.00203122529316638,0.00847167662972542,-1.35562788255064,"ENSSSCT00000106560.1","ENSSSCG00000053511",NA,"ENSSSCG00000053511","Significant"
"ENSSSCT00000002232.4",-3.03812630341254,-3.21457598937567,-3.32089025225724,0.00203139393605672,0.00847167662972542,-1.35817032811532,"ENSSSCT00000002232.4","ENSSSCG00000001994","TINF2","TINF2","Significant"
"ENSSSCT00000040247.3",1.77993157826618,-0.280308006144018,3.37080165520407,0.00177011976269532,0.00758782339507208,-1.35841257497916,"ENSSSCT00000040247.3","ENSSSCG00000005518",NA,"ENSSSCG00000005518","Significant"
"ENSSSCT00000081285.2",1.62381830583164,-1.65863448348849,3.33073524978219,0.00197710296856756,0.00830367965827343,-1.35921135266051,"ENSSSCT00000081285.2","ENSSSCG00000034854","SEC16A","SEC16A","Significant"
"ENSSSCT00000005577.4",1.07801790470289,-0.327782724386447,3.35246193741917,0.00186215201005156,0.00792128620787766,-1.36134356185862,"ENSSSCT00000005577.4","ENSSSCG00000005060","KTN1","KTN1","Significant"
"ENSSSCT00000092577.1",-2.67924388113704,-3.83127542086212,-3.31364298927566,0.00207226599841031,0.00861128735816592,-1.36475967237335,"ENSSSCT00000092577.1","ENSSSCG00000022611","CAPRIN2","CAPRIN2","Significant"
"ENSSSCT00000034512.4",3.28713283889203,-1.46014461281247,3.33340046688068,0.00196264549813735,0.00825891763310146,-1.3649136419493,"ENSSSCT00000034512.4","ENSSSCG00000009219","IBSP","IBSP","Significant"
"ENSSSCT00000053208.3",2.50447132681918,-2.7654994247883,3.31786723188993,0.00204834828765639,0.00853365034126615,-1.36796147551709,"ENSSSCT00000053208.3","ENSSSCG00000033120","PALM2AKAP2","PALM2AKAP2","Significant"
"ENSSSCT00000036560.4",1.92349484022021,-3.39385485466633,3.31145472995983,0.00208476052912476,0.00865658842225978,-1.36977430446353,"ENSSSCT00000036560.4","ENSSSCG00000012638","GRIA3","GRIA3","Significant"
"ENSSSCT00000062841.2",3.81228461696345,-1.87723688461932,3.32315527103475,0.00201877866202429,0.00843618014323932,-1.3737225875915,"ENSSSCT00000062841.2","ENSSSCG00000037595",NA,"ENSSSCG00000037595","Significant"
"ENSSSCT00000106445.1",-1.8439395453069,-0.380990671390519,-3.34121400386197,0.00192084069471013,0.00812050214648337,-1.37570802538269,"ENSSSCT00000106445.1","ENSSSCG00000000273","PRR13","PRR13","Significant"
"ENSSSCT00000028391.3",1.24703253879469,2.74867220770368,3.56869766503442,0.00101739211990269,0.00484744303336361,-1.37779902836048,"ENSSSCT00000028391.3","ENSSSCG00000027745","ABCG1","ABCG1","Significant"
"ENSSSCT00000005118.5",1.4455129094734,2.31731292193382,3.50771124762515,0.00120829786892047,0.00555255020694614,-1.3784544086624,"ENSSSCT00000005118.5","ENSSSCG00000004634","AP4E1","AP4E1","Significant"
"ENSSSCT00000065055.3",-1.89131777161697,-4.98930127980433,-3.30656720388302,0.00211292748597727,0.00875570510330489,-1.38050223726396,"ENSSSCT00000065055.3","ENSSSCG00000015052","USP28","USP28","Significant"
"ENSSSCT00000056085.3",2.84365164840748,-0.322514352154893,3.36615726845042,0.00179300602765838,0.00766677620010149,-1.38274485566411,"ENSSSCT00000056085.3","ENSSSCG00000005030","NID2","NID2","Significant"
"ENSSSCT00000048626.3",3.1218333880534,-2.16450611597561,3.32072020604287,0.0020323440586984,0.00847455501851933,-1.38588314132653,"ENSSSCT00000048626.3","ENSSSCG00000008870","GUCY1B1","GUCY1B1","Significant"
"ENSSSCT00000008313.5",1.93336822205731,-1.45607284626079,3.31926854545189,0.00204047241130793,0.00850407405592218,-1.39005211977723,"ENSSSCT00000008313.5","ENSSSCG00000007575","RADIL","RADIL","Significant"
"ENSSSCT00000059780.2",1.36160749351281,2.59134577067808,3.48899981430621,0.00127347354805293,0.00579811919574332,-1.39043419973146,"ENSSSCT00000059780.2","ENSSSCG00000021988","TUSC3","TUSC3","Significant"
"ENSSSCT00000095275.1",-1.32645092325642,-3.35491317156242,-3.30228580563499,0.00213789936311492,0.00884038911791083,-1.3920723878207,"ENSSSCT00000095275.1","ENSSSCG00000061538",NA,"ENSSSCG00000061538","Significant"
"ENSSSCT00000055894.3",-2.80939128816413,-2.84074216077251,-3.30718089464878,0.002109370933858,0.00874318966787518,-1.39291428139551,"ENSSSCT00000055894.3","ENSSSCG00000004322","ANKRD6","ANKRD6","Significant"
"ENSSSCT00000095166.1",-1.3389608644043,-4.15977725256776,-3.30035152523651,0.0021492734515691,0.00887810865513228,-1.3948445137302,"ENSSSCT00000095166.1","ENSSSCG00000056661",NA,"ENSSSCG00000056661","Significant"
"ENSSSCT00000066184.3",-2.84620441588443,-4.21886786170871,-3.29943757025988,0.00215466781387152,0.00889813671988183,-1.39847000688922,"ENSSSCT00000066184.3","ENSSSCG00000023983","AGPS","AGPS","Significant"
"ENSSSCT00000101408.1",-2.57125028718161,-3.90418392754676,-3.30057359809462,0.00214796467590377,0.00887495124739155,-1.39901807905988,"ENSSSCT00000101408.1","ENSSSCG00000000849","HSP90B1","HSP90B1","Significant"
"ENSSSCT00000015171.5",-1.61126692090479,0.395689559590129,-3.38470211957099,0.00170327998309288,0.00735744292164275,-1.39938138092404,"ENSSSCT00000015171.5","ENSSSCG00000013885","FCHO1","FCHO1","Significant"
"ENSSSCT00000007221.5",-1.25886398231019,-4.49281486097862,-3.29819733827048,0.00216200859304302,0.00892167170833752,-1.39985016625755,"ENSSSCT00000007221.5","ENSSSCG00000006592",NA,"ENSSSCG00000006592","Significant"
"ENSSSCT00000088355.2",1.77405416863798,-1.57650846107875,3.32647930218274,0.00200040046583296,0.0083767090660182,-1.40318483866376,"ENSSSCT00000088355.2","ENSSSCG00000009111","SYNPO2","SYNPO2","Significant"
"ENSSSCT00000043051.3",1.48082876159255,3.26011438780061,3.57561311252874,0.000997674818625678,0.00477162825091266,-1.40373031261117,"ENSSSCT00000043051.3","ENSSSCG00000009924","ANKRD13A","ANKRD13A","Significant"
"ENSSSCT00000050027.2",1.58457789329102,-0.92622327979205,3.31651179097344,0.00205599394924832,0.00855675602773705,-1.40423359901656,"ENSSSCT00000050027.2","ENSSSCG00000033578",NA,"ENSSSCG00000033578","Significant"
"ENSSSCT00000006789.5",-1.40255883302434,1.66124344738353,-3.5192775693208,0.00116962635094443,0.00541529360212896,-1.4067873044598,"ENSSSCT00000006789.5","ENSSSCG00000006194","NCOA2","NCOA2","Significant"
"ENSSSCT00000068711.2",-2.0982815336915,-1.30363579444903,-3.31968378699812,0.00203814416565307,0.00849548099935472,-1.40790250744589,"ENSSSCT00000068711.2","ENSSSCG00000035997","RPL10","RPL10","Significant"
"ENSSSCT00000079729.2",-1.75728370137609,-3.884073983483,-3.29429211926934,0.00218527924623673,0.00899265991976553,-1.40897396920249,"ENSSSCT00000079729.2","ENSSSCG00000043103",NA,"ENSSSCG00000043103","Significant"
"ENSSSCT00000064948.3",-1.56062812649959,-0.17687788404819,-3.35281229468212,0.00186035175277896,0.00791736177360724,-1.41020901344015,"ENSSSCT00000064948.3","ENSSSCG00000007909","ABAT","ABAT","Significant"
"ENSSSCT00000087628.2",3.57543606909611,-1.07376753702091,3.31488565549405,0.00206520247163382,0.0085895983397307,-1.4109573791165,"ENSSSCT00000087628.2","ENSSSCG00000016492","AGK","AGK","Significant"
"ENSSSCT00000107575.1",1.53495222108216,-4.28393325375447,3.2939237616455,0.00218748652571436,0.00900060710302762,-1.41100715634919,"ENSSSCT00000107575.1","ENSSSCG00000001457","SLA-DQB1","SLA-DQB1","Significant"
"ENSSSCT00000043993.3",1.21067205109639,-2.56326532358025,3.29744419839806,0.0021664779705784,0.00893785242980362,-1.41112343587265,"ENSSSCT00000043993.3","ENSSSCG00000011284","NKTR","NKTR","Significant"
"ENSSSCT00000095939.1",-1.53802403330028,0.294165463360823,-3.38150770831268,0.00171842301174959,0.00741594492059347,-1.41323898657646,"ENSSSCT00000095939.1","ENSSSCG00000056752",NA,"ENSSSCG00000056752","Significant"
"ENSSSCT00000047051.3",1.42702977364547,-0.902929061321078,3.32065650011436,0.00203270012085009,0.00847495584912995,-1.41376542084665,"ENSSSCT00000047051.3","ENSSSCG00000007073","ISM1","ISM1","Significant"
"ENSSSCT00000099090.1",1.25883687247496,2.29041553916542,3.50382113575276,0.00122157829519471,0.0056017354059815,-1.41392524496484,"ENSSSCT00000099090.1","ENSSSCG00000016109","ALS2","ALS2","Significant"
"ENSSSCT00000012390.3",2.93415602623269,-2.1933623322256,3.31252671353133,0.00207863075609503,0.008633334671557,-1.41399718024982,"ENSSSCT00000012390.3","ENSSSCG00000011317",NA,"ENSSSCG00000011317","Significant"
"ENSSSCT00000062781.3",1.1351339457916,-0.101731758375882,3.34221251150318,0.00191556008914993,0.0081026104237992,-1.42159144912033,"ENSSSCT00000062781.3","ENSSSCG00000016850","LIFR","LIFR","Significant"
"ENSSSCT00000038203.2",1.03841694883598,1.70146901228601,3.43597815776023,0.0014770119186812,0.00655279583571668,-1.42387310314227,"ENSSSCT00000038203.2","ENSSSCG00000029576","ZNF239","ZNF239","Significant"
"ENSSSCT00000004760.3",2.18135634743352,-1.86827066656697,3.29900986104359,0.00215719668149353,0.00890632399688682,-1.42400896105429,"ENSSSCT00000004760.3","ENSSSCG00000004303","RARS2","RARS2","Significant"
"ENSSSCT00000028050.4",1.90349388095448,2.4335681069521,3.47629251410492,0.00131964698856812,0.00597165446429908,-1.42797318128787,"ENSSSCT00000028050.4","ENSSSCG00000004684","SPG11","SPG11","Significant"
"ENSSSCT00000078397.2",1.41284513067676,0.934173750395987,3.38727003233175,0.00169119953350492,0.00731880403376618,-1.42864816956989,"ENSSSCT00000078397.2","ENSSSCG00000012739","TMEM185A","TMEM185A","Significant"
"ENSSSCT00000083430.1",-1.53786611269011,-5.4064358394384,-3.28517707739781,0.00224052755579967,0.00918176978749278,-1.43024738446535,"ENSSSCT00000083430.1","ENSSSCG00000010956","NAA35","NAA35","Significant"
"ENSSSCT00000072504.2",1.49427907494042,2.93972270812477,3.544356359685,0.00108982239858112,0.00511872730328147,-1.43031430179076,"ENSSSCT00000072504.2","ENSSSCG00000008641","ADAM17","ADAM17","Significant"
"ENSSSCT00000101511.1",2.22879418113233,0.00550967872646888,3.35090835620084,0.00187015493304064,0.00794456435659373,-1.43106071947051,"ENSSSCT00000101511.1","ENSSSCG00000011535","ARL8B","ARL8B","Significant"
"ENSSSCT00000045676.2",1.21394965200899,2.52968929039405,3.51242120340933,0.00119240424616249,0.00549397808692539,-1.43124289167987,"ENSSSCT00000045676.2","ENSSSCG00000008558","AGBL5","AGBL5","Significant"
"ENSSSCT00000076384.1",-3.15417218109251,-3.85625819318419,-3.28675065398673,0.00223089558396591,0.00915266130283258,-1.43134813546016,"ENSSSCT00000076384.1","ENSSSCG00000002368","LTBP2","LTBP2","Significant"
"ENSSSCT00000099046.1",-1.02813857353038,-0.17359114240396,-3.33183803940741,0.00197110859174349,0.00828383920149583,-1.43204385555385,"ENSSSCT00000099046.1","ENSSSCG00000060706",NA,"ENSSSCG00000060706","Significant"
"ENSSSCT00000014401.4",-1.45972670953185,0.630922063562239,-3.37157788805577,0.0017663220564248,0.00757353555071992,-1.43253896616269,"ENSSSCT00000014401.4","ENSSSCG00000013181","SERPING1","SERPING1","Significant"
"ENSSSCT00000016164.4",-1.58582179250425,-2.15478338657356,-3.29299609978271,0.00219305470317374,0.00902032282368469,-1.43406833430193,"ENSSSCT00000016164.4","ENSSSCG00000014813","PHOX2A","PHOX2A","Significant"
"ENSSSCT00000045234.3",1.09631841880478,1.51074334395271,3.45252264819083,0.00141036775564512,0.00630433295435113,-1.43541285801885,"ENSSSCT00000045234.3","ENSSSCG00000005208","RIC1","RIC1","Significant"
"ENSSSCT00000048999.3",2.06907499537111,-0.0169478237000562,3.32914440219142,0.00198578094033105,0.00833094275911952,-1.43643255661002,"ENSSSCT00000048999.3","ENSSSCG00000036381","RBMS3","RBMS3","Significant"
"ENSSSCT00000079933.2",-1.70820946345897,2.54264634210163,-3.54779004301883,0.00107931242046596,0.00507790795914461,-1.43709589790802,"ENSSSCT00000079933.2","ENSSSCG00000013576","STXBP2","STXBP2","Significant"
"ENSSSCT00000074145.2",1.83225724811047,-3.46661923652858,3.28307438831615,0.00225346016693919,0.0092278090031255,-1.43744804850962,"ENSSSCT00000074145.2","ENSSSCG00000012519","GPRASP1","GPRASP1","Significant"
"ENSSSCT00000096395.1",2.46702484889317,-2.49819892531192,3.29184211883404,0.00220000020181904,0.00904524673141338,-1.43777142187184,"ENSSSCT00000096395.1","ENSSSCG00000055507","TRH","TRH","Significant"
"ENSSSCT00000059433.3",-1.7420308431008,-4.37228092874197,-3.27900355897845,0.00227870038007002,0.00931829263662396,-1.44446883190309,"ENSSSCT00000059433.3","ENSSSCG00000016397","NEB","NEB","Significant"
"ENSSSCT00000054569.3",1.01662574805065,1.44869841379364,3.41920768441543,0.00154764247108559,0.00679404000636522,-1.44575278036535,"ENSSSCT00000054569.3","ENSSSCG00000031940","GAS2","GAS2","Significant"
"ENSSSCT00000062985.2",1.20502114151798,4.76982053871592,3.71835671803594,0.000664083203811048,0.00343624325933271,-1.44614673483099,"ENSSSCT00000062985.2","ENSSSCG00000036431","VPS13C","VPS13C","Significant"
"ENSSSCT00000089392.2",1.69998237638857,3.22493063707616,3.54101066944918,0.00110015772951776,0.00515869841827208,-1.4482147651893,"ENSSSCT00000089392.2","ENSSSCG00000016851","OSMR","OSMR","Significant"
"ENSSSCT00000090674.1",-1.90588868600223,-0.52160250845028,-3.30685150459526,0.00211127915331379,0.00874998671852584,-1.44843918732058,"ENSSSCT00000090674.1","ENSSSCG00000047367",NA,"ENSSSCG00000047367","Significant"
"ENSSSCT00000016402.4",-1.97577133774612,-4.39016201220928,-3.27631168888907,0.00229553845483187,0.00937538967572819,-1.45053162929645,"ENSSSCT00000016402.4","ENSSSCG00000015036",NA,"ENSSSCG00000015036","Significant"
"ENSSSCT00000091985.1",-1.06978969386636,2.30850543105338,-3.49204477921018,0.00126264200242715,0.0057528199898176,-1.45118166671234,"ENSSSCT00000091985.1","ENSSSCG00000062610",NA,"ENSSSCG00000062610","Significant"
"ENSSSCT00000058197.2",-1.71889696705058,-1.05390234561078,-3.29161388847266,0.00220137634106493,0.00904976348809493,-1.45206758984199,"ENSSSCT00000058197.2","ENSSSCG00000016919","SETD9","SETD9","Significant"
"ENSSSCT00000015589.5",3.80556534294643,-1.83896519349914,3.28634473260404,0.00223337647133978,0.00915821990586873,-1.45452970588397,"ENSSSCT00000015589.5","ENSSSCG00000014267","RAPGEF6","RAPGEF6","Significant"
"ENSSSCT00000070123.2",4.06142842227703,-1.20988850871757,3.28908597590272,0.0022166736633445,0.00910232092187457,-1.4548910141788,"ENSSSCT00000070123.2","ENSSSCG00000014339","CTNNA1","CTNNA1","Significant"
"ENSSSCT00000099729.1",1.95536690863106,0.312891634433613,3.33122188874062,0.00197445562690299,0.00829469801050704,-1.45499104425705,"ENSSSCT00000099729.1","ENSSSCG00000008493","CEBPZ","CEBPZ","Significant"
"ENSSSCT00000029625.4",1.66818929850485,-1.22989270549195,3.49956489650884,0.00123626931911288,0.00565558087278747,-1.45668746186355,"ENSSSCT00000029625.4","ENSSSCG00000027046",NA,"ENSSSCG00000027046","Significant"
"ENSSSCT00000018881.4",-1.31322532652455,-3.99380647823948,-3.27354578801355,0.00231296309448806,0.00942530292872001,-1.45690952382646,"ENSSSCT00000018881.4","ENSSSCG00000017345",NA,"ENSSSCG00000017345","Significant"
"ENSSSCT00000052360.3",3.71258324550646,-1.14250183695847,3.29298720180024,0.00219310817762693,0.00902032282368469,-1.45967093672927,"ENSSSCT00000052360.3","ENSSSCG00000011114","SEC61A2","SEC61A2","Significant"
"ENSSSCT00000071916.2",-2.41179724286309,-1.53084536345157,-3.29651808865149,0.0021719858902718,0.00895151409005458,-1.45978660088221,"ENSSSCT00000071916.2","ENSSSCG00000003477","NECAP2","NECAP2","Significant"
"ENSSSCT00000080338.2",-1.42073862769037,-3.57438827922052,-3.27236439602004,0.00232044398980767,0.00945224335878177,-1.4616039937762,"ENSSSCT00000080338.2","ENSSSCG00000050302",NA,"ENSSSCG00000050302","Significant"
"ENSSSCT00000073503.1",-1.93815046409973,2.99181618915711,-3.53439156929822,0.00112088364010313,0.00524172263366644,-1.46186222584877,"ENSSSCT00000073503.1","ENSSSCG00000036924","PSMA4","PSMA4","Significant"
"ENSSSCT00000094865.1",1.89455267454359,1.92451253468447,3.41553093598537,0.00156355441784165,0.00685466293388584,-1.46364026742409,"ENSSSCT00000094865.1","ENSSSCG00000009556","CUL4A","CUL4A","Significant"
"ENSSSCT00000083079.2",3.03465953597585,-3.06041719616152,3.27407094823856,0.00230964502173584,0.00941648946963554,-1.46463329717803,"ENSSSCT00000083079.2","ENSSSCG00000010604","SH3PXD2A","SH3PXD2A","Significant"
"ENSSSCT00000104428.1",-1.30710239327478,2.66139743022716,-3.54261068750543,0.00109520332565889,0.00513784305464497,-1.47054038416998,"ENSSSCT00000104428.1","ENSSSCG00000058200",NA,"ENSSSCG00000058200","Significant"
"ENSSSCT00000087469.2",1.34590007448442,-3.9977066527843,3.26998744188443,0.00233556543338686,0.00950315429803386,-1.47095247879357,"ENSSSCT00000087469.2","ENSSSCG00000026004","MSRB3","MSRB3","Significant"
"ENSSSCT00000055181.3",2.25948711606893,-2.51632239406364,3.27766978013465,0.00228702860995003,0.00934765962126249,-1.47159040751719,"ENSSSCT00000055181.3","ENSSSCG00000009645","ADAMDEC1","ADAMDEC1","Significant"
"ENSSSCT00000045445.2",3.58356363102911,-0.99861646511564,3.2971719122349,0.0021680959735337,0.00894084825686831,-1.47317323506661,"ENSSSCT00000045445.2","ENSSSCG00000006100","VIRMA","VIRMA","Significant"
"ENSSSCT00000076868.2",1.89756177615327,-1.94978929225986,3.27389809957377,0.00231073661480498,0.00941976201414124,-1.48117709423318,"ENSSSCT00000076868.2","ENSSSCG00000025653","THOC1","THOC1","Significant"
"ENSSSCT00000043425.3",2.15925613321778,0.56581905636123,3.35621442248532,0.0018429567390148,0.00785358273674535,-1.48356409910596,"ENSSSCT00000043425.3","ENSSSCG00000013397","BMAL1","BMAL1","Significant"
"ENSSSCT00000090906.1",2.30795238692908,-4.73786955346405,3.26199854101521,0.00238707941062669,0.0096885767588787,-1.48363890184696,"ENSSSCT00000090906.1","ENSSSCG00000000536","ERGIC2","ERGIC2","Significant"
"ENSSSCT00000043787.2",-1.3810153091795,-5.16260842490922,-3.26157569006486,0.00238983597890123,0.00969735062303618,-1.48426332459507,"ENSSSCT00000043787.2","ENSSSCG00000003177",NA,"ENSSSCG00000003177","Significant"
"ENSSSCT00000078444.2",3.08117828667523,-2.39953251699958,3.27513288331949,0.00230294934857437,0.00939738617794283,-1.4857204895889,"ENSSSCT00000078444.2","ENSSSCG00000029573","NASP","NASP","Significant"
"ENSSSCT00000052137.3",-1.68055537994461,-3.42878693114465,-3.26134956711051,0.002391311320058,0.00969971563562713,-1.4869158310184,"ENSSSCT00000052137.3","ENSSSCG00000026564",NA,"ENSSSCG00000026564","Significant"
"ENSSSCT00000007410.5",1.47464522849368,-3.56916106834987,3.26142449348322,0.00239082236621345,0.00969893896080918,-1.48801876336136,"ENSSSCT00000007410.5","ENSSSCG00000006764","PTPN22","PTPN22","Significant"
"ENSSSCT00000078707.2",-2.31868014329003,2.02467768368412,-3.43223300131464,0.00149251185340633,0.0066009029392919,-1.4891576959258,"ENSSSCT00000078707.2","ENSSSCG00000010481","LGI1","LGI1","Significant"
"ENSSSCT00000057168.3",-1.24317234559224,-3.25756266613934,-3.26364771329376,0.00237635735980113,0.00964866193760351,-1.49009069398299,"ENSSSCT00000057168.3","ENSSSCG00000034262","FIGN","FIGN","Significant"
"ENSSSCT00000001542.6",-2.90365060674715,1.24203760474074,-3.38721419624305,0.00169146133360218,0.00731896553692974,-1.49052940538378,"ENSSSCT00000001542.6","ENSSSCG00000001410","BAG6","BAG6","Significant"
"ENSSSCT00000048010.3",-1.54231840255793,-2.9148458341077,-3.26481906657542,0.00236876971946657,0.00962264738767606,-1.49193789505586,"ENSSSCT00000048010.3","ENSSSCG00000039706",NA,"ENSSSCG00000039706","Significant"
"ENSSSCT00000067008.2",1.82790318100949,-4.52368390184324,3.25850440988119,0.00240994886136545,0.00975831752061091,-1.49206229460047,"ENSSSCT00000067008.2","ENSSSCG00000039498","RBFOX3","RBFOX3","Significant"
"ENSSSCT00000105422.2",1.06098562648273,-2.55810569584121,3.26325268793145,0.00237892142055436,0.00965716261558754,-1.49285908176327,"ENSSSCT00000105422.2","ENSSSCG00000061647","CASQ2","CASQ2","Significant"
"ENSSSCT00000083305.2",-3.00674445873693,-3.9209463592124,-3.25896363866006,0.00240693129383294,0.00975094283102998,-1.49346706174909,"ENSSSCT00000083305.2","ENSSSCG00000012163","RPS6KA3","RPS6KA3","Significant"
"ENSSSCT00000045808.3",2.59179917765253,-1.60069063817988,3.28719412717093,0.00222818819325828,0.0091449959532972,-1.4939844650517,"ENSSSCT00000045808.3","ENSSSCG00000012639","THOC2","THOC2","Significant"
"ENSSSCT00000050574.2",2.78099295861255,4.73192202238141,3.48479851618882,0.00128856501998353,0.00585538312355998,-1.49559823712849,"ENSSSCT00000050574.2","ENSSSCG00000010569","OGA","OGA","Significant"
"ENSSSCT00000099082.1",2.35845164154933,-4.18685160402589,3.25709839339316,0.00241921013986621,0.0097873095173344,-1.49714300784748,"ENSSSCT00000099082.1","ENSSSCG00000045502","WDFY4","WDFY4","Significant"
"ENSSSCT00000107301.1",2.49461901153762,-2.89048215657671,3.25897348056617,0.00240686666260528,0.00975094283102998,-1.50059286942034,"ENSSSCT00000107301.1","ENSSSCG00000024259","PPP1R11","PPP1R11","Significant"
"ENSSSCT00000052578.3",1.13681466859105,1.20025882765881,3.38339166359058,0.00170947665479643,0.00738222209973284,-1.50107750548108,"ENSSSCT00000052578.3","ENSSSCG00000035941","DSEL","DSEL","Significant"
"ENSSSCT00000063782.2",1.71383159208958,0.327693174346643,3.32195066769376,0.00202547849237464,0.00845854029890966,-1.50211168694116,"ENSSSCT00000063782.2","ENSSSCG00000008724","ACOX3","ACOX3","Significant"
"ENSSSCT00000075905.2",1.21206824631195,-2.97643901830364,3.25607969862382,0.00242594133755327,0.00981088952736132,-1.50344089171752,"ENSSSCT00000075905.2","ENSSSCG00000062451",NA,"ENSSSCG00000062451","Significant"
"ENSSSCT00000047387.3",2.18012932360189,2.33284740780797,3.42901740778097,0.00150594441533218,0.00665218963792039,-1.50574703469025,"ENSSSCT00000047387.3","ENSSSCG00000004405","FIG4","FIG4","Significant"
"ENSSSCT00000030492.4",1.00650533023806,1.23408744587482,3.38118443951765,0.00171996261802321,0.00742030705520527,-1.50607811750419,"ENSSSCT00000030492.4","ENSSSCG00000030655","MAMDC2","MAMDC2","Significant"
"ENSSSCT00000039061.3",1.78819639069299,-4.64487274163498,3.24948119985689,0.00246997587975081,0.00995932396529746,-1.51207751212748,"ENSSSCT00000039061.3","ENSSSCG00000009619","SFTPC","SFTPC","Significant"
"ENSSSCT00000064425.2",1.76817747955553,2.25798580935503,3.40630780191418,0.0016041622494001,0.00700162061304431,-1.51263261020776,"ENSSSCT00000064425.2","ENSSSCG00000038987","CCDC59","CCDC59","Significant"
"ENSSSCT00000044468.1",-1.04067539645469,3.7474012367902,-3.61933549846267,0.000881275848412623,0.00431363425336213,-1.51272958520457,"ENSSSCT00000044468.1","ENSSSCG00000003875","TTC39A","TTC39A","Significant"
"ENSSSCT00000071788.1",1.09100043943721,-1.69520213516456,3.26574390813299,0.00236279521240018,0.00960316318936618,-1.51601780940376,"ENSSSCT00000071788.1","ENSSSCG00000013256","ARHGAP1","ARHGAP1","Significant"
"ENSSSCT00000057537.3",2.71966373855125,-0.822317759416833,3.26878488218624,0.00234325146889842,0.00953085964221108,-1.51664676233025,"ENSSSCT00000057537.3","ENSSSCG00000026731","CEP85","CEP85","Significant"
"ENSSSCT00000055795.3",1.8666668237536,-1.8122515568949,3.25818217970708,0.00241206836925909,0.00976447443646924,-1.52122616262654,"ENSSSCT00000055795.3","ENSSSCG00000035993","C1QTNF2","C1QTNF2","Significant"
"ENSSSCT00000087527.1",2.60962671515825,-4.45989205573444,3.24465773212098,0.00250264525885118,0.0100690910015445,-1.52344122161768,"ENSSSCT00000087527.1","ENSSSCG00000037053","AK6","AK6","Significant"
"ENSSSCT00000049787.3",2.32724223919118,-2.57744384401463,3.24931084966397,0.00247112271370902,0.00996271608232583,-1.52376850837535,"ENSSSCT00000049787.3","ENSSSCG00000015862","LIMS2","LIMS2","Significant"
"ENSSSCT00000082282.2",-2.97167411934272,-4.43020647661231,-3.24375113845131,0.00250883137050414,0.0100910360231824,-1.52609362502264,"ENSSSCT00000082282.2","ENSSSCG00000012654",NA,"ENSSSCG00000012654","Significant"
"ENSSSCT00000049852.3",2.30376242840781,-2.08597284619104,3.27653564768934,0.00229413304649986,0.00937199772560851,-1.53209786258237,"ENSSSCT00000049852.3","ENSSSCG00000036695","IGF2BP3","IGF2BP3","Significant"
"ENSSSCT00000053237.2",1.30822976419602,-0.513084978226793,3.28200391798764,0.00226007141376506,0.00924791269758985,-1.53446489202367,"ENSSSCT00000053237.2","ENSSSCG00000011895","PLA1A","PLA1A","Significant"
"ENSSSCT00000002294.5",1.25688919618645,4.28384040206332,3.62597001873488,0.000864799600691354,0.00424573500691777,-1.5357160420397,"ENSSSCT00000002294.5","ENSSSCG00000002051","ABHD4","ABHD4","Significant"
"ENSSSCT00000029227.4",1.38943499971007,-0.795766333207531,3.2801755985038,0.00227140593437269,0.00929079401383607,-1.53646750346434,"ENSSSCT00000029227.4","ENSSSCG00000037384","BLOC1S6","BLOC1S6","Significant"
"ENSSSCT00000042502.3",-1.51236586868552,3.96569835713206,-3.63346990832218,0.000846532098518179,0.00417364774536318,-1.53702525369472,"ENSSSCT00000042502.3","ENSSSCG00000038943","TOM1","TOM1","Significant"
"ENSSSCT00000063775.3",2.43816576498113,-3.2316415352624,3.24115539104612,0.00252662396452326,0.0101425815980444,-1.53858482970693,"ENSSSCT00000063775.3","ENSSSCG00000009360","ALG5","ALG5","Significant"
"ENSSSCT00000043583.3",-1.49862290467655,-1.54728587707466,-3.26482375804289,0.00236873937614451,0.00962264738767606,-1.54040768258655,"ENSSSCT00000043583.3","ENSSSCG00000033266","C7orf57","C7orf57","Significant"
"ENSSSCT00000007366.4",1.56858075943184,-4.31912447926574,3.23465251224288,0.00257172685890819,0.0102957493256192,-1.54678398110602,"ENSSSCT00000007366.4","ENSSSCG00000006725",NA,"ENSSSCG00000006725","Significant"
"ENSSSCT00000079003.2",-1.14823671704012,-2.40097986914606,-3.24097841073126,0.00252784144245743,0.0101462196712892,-1.54698196624495,"ENSSSCT00000079003.2","ENSSSCG00000042139",NA,"ENSSSCG00000042139","Significant"
"ENSSSCT00000065281.3",-2.33490713015184,3.5425826897749,-3.49330688718224,0.00125817842476207,0.00573809614784481,-1.54790146926053,"ENSSSCT00000065281.3","ENSSSCG00000006831","SORT1","SORT1","Significant"
"ENSSSCT00000076906.2",-1.60978253483423,0.6307669298081,-3.34083890693702,0.00192282798567985,0.00812702665868626,-1.54953916548508,"ENSSSCT00000076906.2","ENSSSCG00000015332","PON1","PON1","Significant"
"ENSSSCT00000024027.4",-2.2006642826162,-4.17012643932514,-3.23309590207185,0.00258263634113088,0.0103305453645235,-1.54983384494587,"ENSSSCT00000024027.4","ENSSSCG00000007337","CTNNBL1","CTNNBL1","Significant"
"ENSSSCT00000024674.3",1.15367204908881,2.12467112314369,3.42735910335551,0.0015129168965624,0.00667575348430375,-1.55444948202676,"ENSSSCT00000024674.3","ENSSSCG00000027378","SH3PXD2B","SH3PXD2B","Significant"
"ENSSSCT00000068865.1",-1.96108310681394,-4.70077643281082,-3.23115693737218,0.00259628714180713,0.0103728686527964,-1.55464287716189,"ENSSSCT00000068865.1","ENSSSCG00000005241",NA,"ENSSSCG00000005241","Significant"
"ENSSSCT00000040094.3",1.02701097107071,2.60614746153197,3.49560763229631,0.00125008057158502,0.00571075058931735,-1.55521838603472,"ENSSSCT00000040094.3","ENSSSCG00000008913","IGFBP7","IGFBP7","Significant"
"ENSSSCT00000054218.3",2.21498831570135,-2.99812397579078,3.23799285369784,0.0025484639485123,0.0102176732141287,-1.55593057535374,"ENSSSCT00000054218.3","ENSSSCG00000018019","ARHGAP44","ARHGAP44","Significant"
"ENSSSCT00000036602.4",1.73474728990996,1.9201511548821,3.39817857026494,0.00164078964872691,0.00713188984229997,-1.55662142571648,"ENSSSCT00000036602.4","ENSSSCG00000012163","RPS6KA3","RPS6KA3","Significant"
"ENSSSCT00000004218.5",1.43314820705072,-3.30073416143199,3.23104410863372,0.00259708359442326,0.0103743339270492,-1.55874093723163,"ENSSSCT00000004218.5","ENSSSCG00000003811","ROR1","ROR1","Significant"
"ENSSSCT00000002732.4",1.39278718489005,1.1106633778681,3.38956504667691,0.00168047233658935,0.00727721079322075,-1.55925545408299,"ENSSSCT00000002732.4","ENSSSCG00000002461","BTBD7","BTBD7","Significant"
"ENSSSCT00000010501.5",1.24158867542395,0.297764008002382,3.30398041709848,0.00212798180888062,0.0088068950110109,-1.56125056437861,"ENSSSCT00000010501.5","ENSSSCG00000009580","S1PR3","S1PR3","Significant"
"ENSSSCT00000083309.2",1.14995045871352,-1.78036477739224,3.2375738325899,0.00255137108559959,0.0102268137293938,-1.56146658932697,"ENSSSCT00000083309.2","ENSSSCG00000043595",NA,"ENSSSCG00000043595","Significant"
"ENSSSCT00000037243.3",-2.14785726469377,-4.74251742841324,-3.22376152178447,0.0026489855689132,0.0105506383445939,-1.5708684445903,"ENSSSCT00000037243.3","ENSSSCG00000000985","EXOC2","EXOC2","Significant"
"ENSSSCT00000056187.3",-1.75053220537829,0.938405343257147,-3.36220731152485,0.00181269276690499,0.00774181752320804,-1.57312205490936,"ENSSSCT00000056187.3","ENSSSCG00000000793","PPHLN1","PPHLN1","Significant"
"ENSSSCT00000016451.5",2.4656655456288,-2.5828522158487,3.22977024724758,0.00260609186244798,0.0104039450328461,-1.57337530513202,"ENSSSCT00000016451.5","ENSSSCG00000015085","IL10RA","IL10RA","Significant"
"ENSSSCT00000027731.4",-1.8373626999786,0.954712381500795,-3.33662622100366,0.00194528245312128,0.00820173142397082,-1.57507234950778,"ENSSSCT00000027731.4","ENSSSCG00000024990","MPI","MPI","Significant"
"ENSSSCT00000084551.1",-1.42103854065331,-3.31651322649857,-3.22360924392196,0.00265008129117063,0.0105537132548342,-1.57562508343916,"ENSSSCT00000084551.1","ENSSSCG00000047762",NA,"ENSSSCG00000047762","Significant"
"ENSSSCT00000051185.3",-2.84862387737844,-3.08861099619379,-3.23502433818852,0.00256912741728759,0.0102872935968881,-1.57815507234549,"ENSSSCT00000051185.3","ENSSSCG00000031459","KMT5B","KMT5B","Significant"
"ENSSSCT00000047663.2",-1.47559684650636,-0.527147689322428,-3.27435207166334,0.00230787068946552,0.00941160925069839,-1.57902511877495,"ENSSSCT00000047663.2","ENSSSCG00000038858","CFAP61","CFAP61","Significant"
"ENSSSCT00000057503.3",1.78560325650492,3.09944371065412,3.47806943310012,0.00131309500417864,0.00594895757242785,-1.57946210261449,"ENSSSCT00000057503.3","ENSSSCG00000053466","CIRBP","CIRBP","Significant"
"ENSSSCT00000098773.1",1.03240311520787,-2.78283000714717,3.22205425475765,0.00266129498941048,0.0105906092804515,-1.58141905102812,"ENSSSCT00000098773.1","ENSSSCG00000053219",NA,"ENSSSCG00000053219","Significant"
"ENSSSCT00000025561.4",1.04431317208807,1.61808687878437,3.39719810977428,0.00164526099004084,0.00714656132684408,-1.58306313591623,"ENSSSCT00000025561.4","ENSSSCG00000021669","MARK3","MARK3","Significant"
"ENSSSCT00000088905.2",-2.07747463915737,-5.16655874874684,-3.21705308521763,0.00269766733433749,0.010701392598703,-1.58585617560784,"ENSSSCT00000088905.2","ENSSSCG00000027063","DPY19L1","DPY19L1","Significant"
"ENSSSCT00000083921.2",-1.25598841028935,-2.18828124918492,-3.22298239539432,0.00265459634936374,0.0105704029524494,-1.58621358955714,"ENSSSCT00000083921.2","ENSSSCG00000043418",NA,"ENSSSCG00000043418","Significant"
"ENSSSCT00000067452.1",4.59091842894865,-0.0962402181437167,3.31350655657929,0.00207304290849274,0.00861341799267201,-1.58734521138705,"ENSSSCT00000067452.1","ENSSSCG00000001892","SCAMP2","SCAMP2","Significant"
"ENSSSCT00000037656.3",1.12664961704063,3.34669564184059,3.51373081034977,0.00118802084107091,0.00547974407479436,-1.58794066298493,"ENSSSCT00000037656.3","ENSSSCG00000009077","HSPA4L","HSPA4L","Significant"
"ENSSSCT00000069178.2",-1.28490276188581,-4.6595481847123,-3.21577551246066,0.00270703434302517,0.010724888469112,-1.58916817693353,"ENSSSCT00000069178.2","ENSSSCG00000002129","RPGRIP1","RPGRIP1","Significant"
"ENSSSCT00000075864.1",1.84530432206475,-4.14632692855321,3.21637517425336,0.00270263385080928,0.0107171824460941,-1.58999938795811,"ENSSSCT00000075864.1","ENSSSCG00000010315","ADK","ADK","Significant"
"ENSSSCT00000067959.2",1.76743425817907,-2.94259030713641,3.21968419024866,0.00267847339463733,0.0106381954633641,-1.5911436286055,"ENSSSCT00000067959.2","ENSSSCG00000010337","MAT1A","MAT1A","Significant"
"ENSSSCT00000036763.3",1.15655868480852,0.758433095648818,3.31637462930702,0.00205676915579186,0.00855888979648217,-1.59395596942419,"ENSSSCT00000036763.3","ENSSSCG00000014436","ARHGEF37","ARHGEF37","Significant"
"ENSSSCT00000106499.1",-2.62251277831966,-4.09210190543511,-3.21328212241985,0.00272540472061929,0.010784914313287,-1.59583131850365,"ENSSSCT00000106499.1","ENSSSCG00000000135","KCTD17","KCTD17","Significant"
"ENSSSCT00000087601.2",-1.60430303791936,-5.21382973383525,-3.21235349980551,0.00273227671095616,0.0108055624532924,-1.5963896229635,"ENSSSCT00000087601.2","ENSSSCG00000015427","ORC5","ORC5","Significant"
"ENSSSCT00000015373.4",-2.92795603363282,-1.60892496184241,-3.23251500568365,0.00258671881700198,0.0103430684706319,-1.59915091794652,"ENSSSCT00000015373.4","ENSSSCG00000014073","HEXB","HEXB","Significant"
"ENSSSCT00000008930.3",-1.41492443838308,1.14685769446437,-3.33633274531273,0.0019468560365006,0.00820624359587143,-1.60063153584685,"ENSSSCT00000008930.3","ENSSSCG00000008153","SLC9A2","SLC9A2","Significant"
"ENSSSCT00000023171.4",-1.12857486796051,2.42140421614986,-3.48671803207668,0.00128164874240647,0.00582882906924542,-1.60112922873934,"ENSSSCT00000023171.4","ENSSSCG00000000058","SNU13","SNU13","Significant"
"ENSSSCT00000033361.3",1.07178995289431,-3.01795741118346,3.21389906738852,0.00272084829433999,0.0107710706397112,-1.60159107566359,"ENSSSCT00000033361.3","ENSSSCG00000006734","CD101","CD101","Significant"
"ENSSSCT00000100938.1",-2.02352939995075,1.20552161675174,-3.33479535993975,0.0019551192127818,0.00823149623108703,-1.60194719371908,"ENSSSCT00000100938.1","ENSSSCG00000034976",NA,"ENSSSCG00000034976","Significant"
"ENSSSCT00000004043.5",2.57742201519687,-1.0447608856513,3.24773160656079,0.00248177867891406,0.00999545678174272,-1.60223213103338,"ENSSSCT00000004043.5","ENSSSCG00000003644","FHL3","FHL3","Significant"
"ENSSSCT00000017024.3",-2.03193772353922,-4.20015986338141,-3.21059913181412,0.00274530436035756,0.0108520736378635,-1.60349079217794,"ENSSSCT00000017024.3","ENSSSCG00000022009","DDC","DDC","Significant"
"ENSSSCT00000037633.2",-1.08700436293746,2.92683091881592,-3.51393840730306,0.00118732741410928,0.00547796698125083,-1.60364221030332,"ENSSSCT00000037633.2","ENSSSCG00000034379","MAP2K3","MAP2K3","Significant"
"ENSSSCT00000013092.5",1.71994403512476,-1.41573191151329,3.23198071550755,0.00259047916976574,0.0103555643515255,-1.60387049215253,"ENSSSCT00000013092.5","ENSSSCG00000011965","TMEM45A","TMEM45A","Significant"
"ENSSSCT00000078975.1",-2.2165994692314,-4.36865264616082,-3.20928531630324,0.00275509918395314,0.0108855130627252,-1.60407300085522,"ENSSSCT00000078975.1","ENSSSCG00000035668","CFAP95","CFAP95","Significant"
"ENSSSCT00000047704.3",-2.14084448512208,1.12373962933249,-3.34534166536227,0.0018991012692127,0.00804447158391721,-1.60428776179901,"ENSSSCT00000047704.3","ENSSSCG00000017091","TNIP1","TNIP1","Significant"
"ENSSSCT00000010769.5",-1.30319329483746,1.45284463094338,-3.34194623569171,0.00191696693029627,0.00810750937804899,-1.60808957012243,"ENSSSCT00000010769.5","ENSSSCG00000009826","TCTN1","TCTN1","Significant"
"ENSSSCT00000107600.1",-2.27633012917891,-4.58258371758252,-3.20735793506241,0.00276952842279099,0.0109306021906158,-1.60906793874753,"ENSSSCT00000107600.1","ENSSSCG00000001398",NA,"ENSSSCG00000001398","Significant"
"ENSSSCT00000039681.3",-1.29594894474002,-2.05717808860113,-3.2198285063554,0.00267742437282753,0.0106353245920649,-1.61028061621863,"ENSSSCT00000039681.3","ENSSSCG00000037318","TRABD2B","TRABD2B","Significant"
"ENSSSCT00000052902.2",1.33053299172763,2.05092139636011,3.45964882765679,0.00138255978906749,0.00620512974040653,-1.6117359524276,"ENSSSCT00000052902.2","ENSSSCG00000006970","DLC1","DLC1","Significant"
"ENSSSCT00000003747.3",-2.70486428563407,-4.35109498635765,-3.20575283150793,0.0027815997337968,0.0109585368613366,-1.61765661055767,"ENSSSCT00000003747.3","ENSSSCG00000003377","ACOT7","ACOT7","Significant"
"ENSSSCT00000063936.2",2.08216442377148,-0.910420307806818,3.24322792872976,0.00251240809567725,0.0100949353527024,-1.61809769274553,"ENSSSCT00000063936.2","ENSSSCG00000021106","GRIPAP1","GRIPAP1","Significant"
"ENSSSCT00000071651.2",-2.07036283720918,-4.17029920883819,-3.20291680213991,0.00280305064615996,0.0110242054604824,-1.61995310140453,"ENSSSCT00000071651.2","ENSSSCG00000000077","ADSL","ADSL","Significant"
"ENSSSCT00000047413.1",-1.1718872042543,-3.90760237122261,-3.20215332011064,0.00280885220654037,0.0110403637543149,-1.62133540052827,"ENSSSCT00000047413.1","ENSSSCG00000060949","LY6G6D","LY6G6D","Significant"
"ENSSSCT00000092710.1",-3.0633888409539,-1.82461823610336,-3.21324644404841,0.00272566844379478,0.010784914313287,-1.62326516950148,"ENSSSCT00000092710.1","ENSSSCG00000006108","TMEM67","TMEM67","Significant"
"ENSSSCT00000099603.1",-1.33232391606868,-3.26701328302535,-3.20313042719237,0.00280142938838221,0.0110218177602044,-1.62406713727725,"ENSSSCT00000099603.1","ENSSSCG00000007253","MAPRE1","MAPRE1","Significant"
"ENSSSCT00000093199.1",1.14133018702838,-2.74296158968477,3.20422535073341,0.00279313369926633,0.0109944864337655,-1.62871577466284,"ENSSSCT00000093199.1","ENSSSCG00000059521",NA,"ENSSSCG00000059521","Significant"
"ENSSSCT00000055741.3",2.23235845626333,-4.6736498567924,3.19840108585503,0.00283753096865453,0.011132955439472,-1.63142433117647,"ENSSSCT00000055741.3","ENSSSCG00000011563","FANCD2","FANCD2","Significant"
"ENSSSCT00000000740.5",-1.43622220081046,0.0675151637786046,-3.25915961339706,0.00240564465028255,0.00974936459637194,-1.6320440796315,"ENSSSCT00000000740.5","ENSSSCG00000000679","LRRC23","LRRC23","Significant"
"ENSSSCT00000107850.1",-2.00278983596868,0.987631449739677,-3.36027360849057,0.00182240561878136,0.00777515215843331,-1.63310382301686,"ENSSSCT00000107850.1","ENSSSCG00000039071",NA,"ENSSSCG00000039071","Significant"
"ENSSSCT00000105957.1",1.74332703067998,3.45669757264165,3.48834931158743,0.00127579905804288,0.00580627477504608,-1.63475032709991,"ENSSSCT00000105957.1","ENSSSCG00000013837","AKAP8","AKAP8","Significant"
"ENSSSCT00000073602.1",1.00289780934793,-3.01237666942851,3.19888289497315,0.00283383293802278,0.0111224616722397,-1.63746991825081,"ENSSSCT00000073602.1","ENSSSCG00000051030",NA,"ENSSSCG00000051030","Significant"
"ENSSSCT00000102451.1",-1.60715688282391,-5.36975173995426,-3.19310291737836,0.00287849958118813,0.0112625225423086,-1.6400403886245,"ENSSSCT00000102451.1","ENSSSCG00000029521","CD82","CD82","Significant"
"ENSSSCT00000069267.1",-2.73351853343224,-4.40307791447313,-3.19440707253378,0.00286836325280971,0.0112309493808824,-1.64031295385568,"ENSSSCT00000069267.1","ENSSSCG00000013446","SCAMP4","SCAMP4","Significant"
"ENSSSCT00000053680.3",1.99968462441437,-1.4451617570272,3.21332989671235,0.002725051626231,0.010784914313287,-1.64263490618793,"ENSSSCT00000053680.3","ENSSSCG00000031118","PREX1","PREX1","Significant"
"ENSSSCT00000002836.5",-1.27985888831585,-3.10716052731703,-3.19632075219243,0.00285355085994205,0.0111783217875226,-1.64493881724869,"ENSSSCT00000002836.5","ENSSSCG00000002552","TDRD9","TDRD9","Significant"
"ENSSSCT00000052121.3",-3.74759066969292,-1.19935390012119,-3.22226063077617,0.00265980412987804,0.0105885535837049,-1.64796157127281,"ENSSSCT00000052121.3","ENSSSCG00000011330","NBEAL2","NBEAL2","Significant"
"ENSSSCT00000099157.1",-2.36292093564467,-2.44506409975031,-3.20100737965428,0.00281758141888674,0.0110680029616124,-1.64827872984539,"ENSSSCT00000099157.1","ENSSSCG00000012324","IQSEC2","IQSEC2","Significant"
"ENSSSCT00000065304.3",-2.83828863137408,-4.0733894563937,-3.19047118631756,0.0028990579729871,0.0113239350846138,-1.64881930202455,"ENSSSCT00000065304.3","ENSSSCG00000038345","IKZF1","IKZF1","Significant"
"ENSSSCT00000035682.4",3.47330284911175,0.958382669273235,3.29715985966073,0.00216816762004117,0.00894084825686831,-1.65028413807735,"ENSSSCT00000035682.4","ENSSSCG00000016027","ITGAV","ITGAV","Significant"
"ENSSSCT00000078553.1",1.26162501830612,-2.37848809717612,3.19586935826614,0.00285703820676239,0.011189294137331,-1.65390939875402,"ENSSSCT00000078553.1","ENSSSCG00000004626","TMOD3","TMOD3","Significant"
"ENSSSCT00000019237.5",1.78871619587657,-0.430766083805233,3.30795223669053,0.0021049088396782,0.00872802337642987,-1.65487085236494,"ENSSSCT00000019237.5","ENSSSCG00000017673","INTS2","INTS2","Significant"
"ENSSSCT00000055567.2",-1.43688148549412,0.907366869819442,-3.30464051845654,0.0021241305202917,0.00879318835495057,-1.66235892286678,"ENSSSCT00000055567.2","ENSSSCG00000033178","HAUS4","HAUS4","Significant"
"ENSSSCT00000049612.2",1.07171018892491,4.39261902661105,3.59692635435247,0.000939195078773017,0.0045439258567021,-1.6628565521015,"ENSSSCT00000049612.2","ENSSSCG00000008340","ANTXR1","ANTXR1","Significant"
"ENSSSCT00000081507.1",2.11963139978438,-3.86430095126068,3.18538015170577,0.00293922426290915,0.0114547535103861,-1.66498859115116,"ENSSSCT00000081507.1","ENSSSCG00000017508","STAC2","STAC2","Significant"
"ENSSSCT00000100281.1",-1.2178539449491,0.564901216650272,-3.28299237006911,0.00225396606040451,0.00922872151619095,-1.66882431734635,"ENSSSCT00000100281.1","ENSSSCG00000061760",NA,"ENSSSCG00000061760","Significant"
"ENSSSCT00000056759.3",2.3257740907857,-3.21143507045251,3.18548960232916,0.00293835520840977,0.0114527355905549,-1.66887528261502,"ENSSSCT00000056759.3","ENSSSCG00000014224","SEMA6A","SEMA6A","Significant"
"ENSSSCT00000080996.2",2.20514703177034,-1.15164815269286,3.20739795420135,0.00276922809273616,0.0109306021906158,-1.67315573360339,"ENSSSCT00000080996.2","ENSSSCG00000016056","GLS","GLS","Significant"
"ENSSSCT00000065925.3",-1.14898542275101,0.34618960838589,-3.28628822200253,0.00223372205817224,0.00915848515903519,-1.67646037389187,"ENSSSCT00000065925.3","ENSSSCG00000031868","XK","XK","Significant"
"ENSSSCT00000063867.3",-1.04114307394106,3.57109861452694,-3.56527991778005,0.00102727483253268,0.00488229481499923,-1.67648133734812,"ENSSSCT00000063867.3","ENSSSCG00000016261","SP110","SP110","Significant"
"ENSSSCT00000036224.4",5.10670524520833,-0.841724702257386,3.20064528955729,0.0028203449988558,0.0110761898750535,-1.67666306434607,"ENSSSCT00000036224.4","ENSSSCG00000004371","CRYBG1","CRYBG1","Significant"
"ENSSSCT00000007833.5",-1.93575770479991,-2.20358237389212,-3.18887393109227,0.00291160323561316,0.0113674903477346,-1.67682263468563,"ENSSSCT00000007833.5","ENSSSCG00000007160","DDRGK1","DDRGK1","Significant"
"ENSSSCT00000005744.6",1.10577865136997,-0.891304888654285,3.20349664228802,0.00279865215688654,0.0110135491759962,-1.67793174974739,"ENSSSCT00000005744.6","ENSSSCG00000005211","CD274","CD274","Significant"
"ENSSSCT00000045620.3",1.53786773461913,-1.78754102423112,3.18671609799509,0.0029286333201824,0.0114244030594911,-1.67869428499573,"ENSSSCT00000045620.3","ENSSSCG00000035825","UBE2QL1","UBE2QL1","Significant"
"ENSSSCT00000014625.5",1.41456576011115,-1.25424654290491,3.20229187105736,0.00280779853646893,0.0110375528674986,-1.68076559118105,"ENSSSCT00000014625.5","ENSSSCG00000013389","CYP2R1","CYP2R1","Significant"
"ENSSSCT00000055404.3",-2.92102510721966,-4.15258953916666,-3.17714162504558,0.00300534458504413,0.0116719779452982,-1.68146023635423,"ENSSSCT00000055404.3","ENSSSCG00000007147","HSPA12B","HSPA12B","Significant"
"ENSSSCT00000042655.3",1.50557757738031,-4.80413595494794,3.17464682282864,0.00302564417091228,0.0117438217319552,-1.68225038089051,"ENSSSCT00000042655.3","ENSSSCG00000010209","FAM13C","FAM13C","Significant"
"ENSSSCT00000027981.4",1.54647726960824,-4.87053777602293,3.17459896671118,0.00302603483350661,0.0117439399728187,-1.68251559747308,"ENSSSCT00000027981.4","ENSSSCG00000029886","LYVE1","LYVE1","Significant"
"ENSSSCT00000063797.2",1.69280782199951,5.16399616872777,3.4823887590329,0.00129729845930448,0.00588932316446162,-1.68327557685821,"ENSSSCT00000063797.2","ENSSSCG00000022300","MAT2A","MAT2A","Significant"
"ENSSSCT00000067753.1",1.00815262258992,-1.27231102603351,3.2059839561222,0.00277985846587383,0.0109585368613366,-1.68349713121241,"ENSSSCT00000067753.1","ENSSSCG00000050687",NA,"ENSSSCG00000050687","Significant"
"ENSSSCT00000013158.5",1.22658839591275,1.9061522928725,3.32859449169698,0.00198878911876079,0.008340941655271,-1.68521517298314,"ENSSSCT00000013158.5","ENSSSCG00000012026","ADAMTS1","ADAMTS1","Significant"
"ENSSSCT00000024259.4",1.45061865793236,1.16019286118443,3.32973080207657,0.00198257794166827,0.00832024343031952,-1.68563378257301,"ENSSSCT00000024259.4","ENSSSCG00000023408","SAMD4A","SAMD4A","Significant"
"ENSSSCT00000091011.2",1.45061865793236,1.16019286118443,3.32973080207657,0.00198257794166827,0.00832024343031952,-1.68563378257301,"ENSSSCT00000091011.2","ENSSSCG00000023408","SAMD4A","SAMD4A","Significant"
"ENSSSCT00000106554.1",2.17575999761035,-0.456002599300474,3.23030048507116,0.0026023386146178,0.0103915062083281,-1.6902220213496,"ENSSSCT00000106554.1","ENSSSCG00000022708","ZNF638","ZNF638","Significant"
"ENSSSCT00000082269.1",1.00885559970624,-2.62911837489696,3.17449493430989,0.0030268842436613,0.011744440542703,-1.69447903533323,"ENSSSCT00000082269.1","ENSSSCG00000050752",NA,"ENSSSCG00000050752","Significant"
"ENSSSCT00000072696.2",1.90743526964918,-0.296222223001126,3.20305060922208,0.0028020350440491,0.0110228704845773,-1.69505464945617,"ENSSSCT00000072696.2","ENSSSCG00000040419",NA,"ENSSSCG00000040419","Significant"
"ENSSSCT00000045420.2",2.45423389424349,-2.76563102452605,3.19170679031317,0.00288938845146367,0.0113010581899618,-1.69677516918371,"ENSSSCT00000045420.2","ENSSSCG00000032220","CNOT10","CNOT10","Significant"
"ENSSSCT00000052192.3",-1.27375964746533,0.472312605013784,-3.2596541206462,0.00240240094649046,0.00974064622051363,-1.70046025990893,"ENSSSCT00000052192.3","ENSSSCG00000023992","CEP112","CEP112","Significant"
"ENSSSCT00000028654.4",-1.18659293891065,-0.265469002988907,-3.21987943853758,0.00267705424430276,0.010635150064731,-1.70056743523336,"ENSSSCT00000028654.4","ENSSSCG00000021843","SYT5","SYT5","Significant"
"ENSSSCT00000022585.4",-1.2758386808399,-1.20347575512145,-3.19654498779468,0.0028518199804002,0.01117619315812,-1.70096096989056,"ENSSSCT00000022585.4","ENSSSCG00000029658",NA,"ENSSSCG00000029658","Significant"
"ENSSSCT00000094744.1",1.36241905417666,-3.47659444794445,3.1680898529377,0.00307961891676751,0.011922491261537,-1.70118238311876,"ENSSSCT00000094744.1","ENSSSCG00000059341",NA,"ENSSSCG00000059341","Significant"
"ENSSSCT00000026905.4",-1.23076397120355,-0.197063028631983,-3.24010977949462,0.00253382500548049,0.0101673157816106,-1.70275320043638,"ENSSSCT00000026905.4","ENSSSCG00000026585","PROCR","PROCR","Significant"
"ENSSSCT00000107689.1",-2.22121456802182,-3.42265401758448,-3.16894932204649,0.00307249238144853,0.0118987458848733,-1.70493201041187,"ENSSSCT00000107689.1","ENSSSCG00000001382","DDR1","DDR1","Significant"
"ENSSSCT00000084330.1",-2.22299758055272,0.764550575298727,-3.32631465882658,0.00200130698728563,0.00837727731588917,-1.70505832694634,"ENSSSCT00000084330.1","ENSSSCG00000000274","PCBP2","PCBP2","Significant"
"ENSSSCT00000066958.1",2.22635456352847,1.14726402690713,3.27721543921866,0.00228987217259614,0.00935693599640612,-1.7068142949835,"ENSSSCT00000066958.1","ENSSSCG00000017054","CYFIP2","CYFIP2","Significant"
"ENSSSCT00000053994.2",1.84080252083875,-4.00847133665916,3.16521963388914,0.0031035319842978,0.011998753942592,-1.70685926678174,"ENSSSCT00000053994.2","ENSSSCG00000030921","APOA1","APOA1","Significant"
"ENSSSCT00000062522.2",-1.60538007928671,0.414332143714505,-3.25813011784182,0.0024124109790192,0.00976464898323302,-1.70931174352753,"ENSSSCT00000062522.2","ENSSSCG00000034841","RGS19","RGS19","Significant"
"ENSSSCT00000100122.1",1.21878906912347,-2.7710199770016,3.16583490372066,0.00309839111059409,0.0119848076604354,-1.71477595053524,"ENSSSCT00000100122.1","ENSSSCG00000052134",NA,"ENSSSCG00000052134","Significant"
"ENSSSCT00000081783.1",-1.78255779928755,-2.08413451886469,-3.18550185311819,0.0029382579504781,0.0114527355905549,-1.71549539371774,"ENSSSCT00000081783.1","ENSSSCG00000031269","LYRM4","LYRM4","Significant"
"ENSSSCT00000101917.1",1.31787308125145,-3.03875434716755,3.16553725368166,0.00310087710931652,0.0119915783741141,-1.71568076704825,"ENSSSCT00000101917.1","ENSSSCG00000009396","PHF11","PHF11","Significant"
"ENSSSCT00000078751.1",1.62036640487129,-3.1331115508522,3.16807756297027,0.00307972093622454,0.011922491261537,-1.71663227721153,"ENSSSCT00000078751.1","ENSSSCG00000005190","NFIB","NFIB","Significant"
"ENSSSCT00000037430.3",-1.64057009790744,2.73866564834561,-3.42440281759752,0.00152542366825836,0.00671911824910777,-1.71693116852445,"ENSSSCT00000037430.3","ENSSSCG00000013876","MYO9B","MYO9B","Significant"
"ENSSSCT00000064674.3",-2.95412125293033,-3.15203381073727,-3.1621150713488,0.0031295957646597,0.0120811437734981,-1.71772372647076,"ENSSSCT00000064674.3","ENSSSCG00000006231","CHD7","CHD7","Significant"
"ENSSSCT00000051084.3",-1.49745503228123,-5.18083043878449,-3.15613008969202,0.00318042865900717,0.0122411398888289,-1.72342944871111,"ENSSSCT00000051084.3","ENSSSCG00000025942","MCCC1","MCCC1","Significant"
"ENSSSCT00000042830.3",2.21444822167004,-3.05141230879848,3.16575602946933,0.00309904969090584,0.0119859331105924,-1.72390426772989,"ENSSSCT00000042830.3","ENSSSCG00000021343",NA,"ENSSSCG00000021343","Significant"
"ENSSSCT00000009599.4",-3.60244298267854,-0.080156004239786,-3.20574642825704,0.00278164798995282,0.0109585368613366,-1.72492976375178,"ENSSSCT00000009599.4","ENSSSCG00000028983","TBC1D1","TBC1D1","Significant"
"ENSSSCT00000059451.3",-2.20738195209183,-4.96938182206417,-3.15486531694564,0.00319127065805668,0.0122770723935434,-1.7275167862515,"ENSSSCT00000059451.3","ENSSSCG00000012520","GPRASP3","GPRASP3","Significant"
"ENSSSCT00000074801.1",-2.44136394246495,-3.27514062159483,-3.16020299874132,0.00314575140064393,0.0121320178219298,-1.72930233250018,"ENSSSCT00000074801.1","ENSSSCG00000011269","MYRIP","MYRIP","Significant"
"ENSSSCT00000083102.2",-2.52165664226805,-3.74147120783414,-3.15428746674406,0.00319623581472047,0.0122903729806753,-1.73126971463138,"ENSSSCT00000083102.2","ENSSSCG00000033944","CYB5B","CYB5B","Significant"
"ENSSSCT00000022979.4",3.310532739073,-1.52969975151912,3.18815824007827,0.00291724117259174,0.0113854119213767,-1.73186134836517,"ENSSSCT00000022979.4","ENSSSCG00000029570","PXDN","PXDN","Significant"
"ENSSSCT00000096937.1",-1.60401528896788,-2.47799482875247,-3.16008871030083,0.00314671955699412,0.0121328813193279,-1.73241901613502,"ENSSSCT00000096937.1","ENSSSCG00000054633",NA,"ENSSSCG00000054633","Significant"
"ENSSSCT00000096495.1",2.88093764056146,-2.05700449309531,3.1650492506396,0.00310495704807317,0.0120002394020125,-1.73318968967358,"ENSSSCT00000096495.1","ENSSSCG00000034749",NA,"ENSSSCG00000034749","Significant"
"ENSSSCT00000068257.2",-1.21142389798398,-2.27498591125405,-3.16476195197885,0.003107361383543,0.0120066852985347,-1.73423019254524,"ENSSSCT00000068257.2","ENSSSCG00000050340",NA,"ENSSSCG00000050340","Significant"
"ENSSSCT00000026351.4",-2.30712206270853,-1.29895993612596,-3.16957917128566,0.00306727974465401,0.011881381584258,-1.74425694225818,"ENSSSCT00000026351.4","ENSSSCG00000024377","RPS6KA5","RPS6KA5","Significant"
"ENSSSCT00000006575.5",1.458189277539,-1.65945571738116,3.15970723085342,0.00314995317932253,0.0121424773538226,-1.7470598247438,"ENSSSCT00000006575.5","ENSSSCG00000057079","SHAS2","SHAS2","Significant"
"ENSSSCT00000056338.3",-2.96785947580954,-2.84902122971453,-3.16031758354907,0.00314478101737721,0.0121310677050605,-1.74851262864586,"ENSSSCT00000056338.3","ENSSSCG00000015576","TPR","TPR","Significant"
"ENSSSCT00000058676.3",1.6290524021961,-3.65791713627571,3.14802449645351,0.00325052222744893,0.0124638394335817,-1.75096316695239,"ENSSSCT00000058676.3","ENSSSCG00000032797","RXFP3","RXFP3","Significant"
"ENSSSCT00000100889.1",-2.34585169304069,-4.99855851100276,-3.14356280052445,0.00328972744312718,0.0125830916888455,-1.75258564477826,"ENSSSCT00000100889.1","ENSSSCG00000003709","LAMA3","LAMA3","Significant"
"ENSSSCT00000077395.2",1.97559424757525,-4.05866382521018,3.14379275274854,0.00328769592996934,0.0125767966796574,-1.75321748681771,"ENSSSCT00000077395.2","ENSSSCG00000006165","SEC31B","SEC31B","Significant"
"ENSSSCT00000068164.1",-2.08923366647536,2.04744227833251,-3.324005792026,0.00201406093728652,0.00842201395399379,-1.75360567632195,"ENSSSCT00000068164.1","ENSSSCG00000004595","ADAM10","ADAM10","Significant"
"ENSSSCT00000094159.1",2.68209561663364,-2.08203719863983,3.15311336975494,0.00320634677337675,0.0123248915584975,-1.7569466856431,"ENSSSCT00000094159.1","ENSSSCG00000015889","TANK","TANK","Significant"
"ENSSSCT00000072145.2",-1.51798670743308,-3.82473848615239,-3.14284867091897,0.00329604401003684,0.0126042949687123,-1.75721126435388,"ENSSSCT00000072145.2","ENSSSCG00000016170","BARD1","BARD1","Significant"
"ENSSSCT00000107715.1",2.80049231740111,-2.45305757239819,3.1518000606882,0.0032176925197,0.0123568488707066,-1.75882655277841,"ENSSSCT00000107715.1","ENSSSCG00000024604","ATAT1","ATAT1","Significant"
"ENSSSCT00000042490.2",1.18901558475414,-0.581983776688161,3.17394621605444,0.00303136819830522,0.0117604389264093,-1.7609798150497,"ENSSSCT00000042490.2","ENSSSCG00000003578","FGR","FGR","Significant"
"ENSSSCT00000069738.2",1.49287098170082,-1.59543945747982,3.1569012537125,0.00317383517062714,0.0122215332352813,-1.76122756787347,"ENSSSCT00000069738.2","ENSSSCG00000015499","RABGAP1L","RABGAP1L","Significant"
"ENSSSCT00000026769.4",2.46661202961222,-4.5682423155477,3.14106386489276,0.00331188115290781,0.0126559509035872,-1.76140168139864,"ENSSSCT00000026769.4","ENSSSCG00000030518","PRSS33","PRSS33","Significant"
"ENSSSCT00000085175.2",-1.65624020282522,-2.82061989284701,-3.1461360212933,0.00326706201186611,0.0125114138653057,-1.76266821963506,"ENSSSCT00000085175.2","ENSSSCG00000001594",NA,"ENSSSCG00000001594","Significant"
"ENSSSCT00000079552.1",-1.21565729884513,2.15564107240574,-3.34810348659366,0.00188468691211447,0.00799626956253805,-1.76426924618246,"ENSSSCT00000079552.1","ENSSSCG00000024206","CPPED1","CPPED1","Significant"
"ENSSSCT00000105978.1",2.08608039295406,0.874317611246823,3.20655269723065,0.00277557804183825,0.0109491768271136,-1.76501313881921,"ENSSSCT00000105978.1","ENSSSCG00000012375","DLG3","DLG3","Significant"
"ENSSSCT00000073328.2",1.49845241918602,-0.852605061127445,3.16667843857629,0.00309135610421766,0.0119590145256185,-1.76518496671345,"ENSSSCT00000073328.2","ENSSSCG00000004013","SMOC2","SMOC2","Significant"
"ENSSSCT00000107861.1",1.74539880317027,-2.09974007482733,3.15496904422515,0.0031903801599277,0.012275094965103,-1.76966349721778,"ENSSSCT00000107861.1","ENSSSCG00000036796","VWA7","VWA7","Significant"
"ENSSSCT00000053329.3",1.70329195950233,-4.23954659899415,3.13604366458064,0.00335681458278578,0.0128021502698734,-1.77105811444332,"ENSSSCT00000053329.3","ENSSSCG00000006987","SLC7A2","SLC7A2","Significant"
"ENSSSCT00000088476.2",2.00337913645897,1.09940226836696,3.2394168302203,0.00253860804764997,0.0101819137391536,-1.77289023038781,"ENSSSCT00000088476.2","ENSSSCG00000035822","FAM120C","FAM120C","Significant"
"ENSSSCT00000073865.2",1.70200231853201,-1.62531583791443,3.18409914459982,0.00294941381519284,0.0114889710908659,-1.77292051576446,"ENSSSCT00000073865.2","ENSSSCG00000031598","CDADC1","CDADC1","Significant"
"ENSSSCT00000026917.4",1.77287900125004,-3.19723844888845,3.13759959205983,0.0033428268029111,0.0127577578230263,-1.77656400472832,"ENSSSCT00000026917.4","ENSSSCG00000022343","ENO1","ENO1","Significant"
"ENSSSCT00000010251.5",-1.60527979039278,1.75837485826897,-3.3080704404676,0.00210422584558954,0.00872630112816094,-1.77803594475377,"ENSSSCT00000010251.5","ENSSSCG00000009354","CCNA1","CCNA1","Significant"
"ENSSSCT00000059528.3",1.32881354854236,1.13946845170773,3.24286040132373,0.00251492345930407,0.0101018312759825,-1.77882244697604,"ENSSSCT00000059528.3","ENSSSCG00000015839","NRG1","NRG1","Significant"
"ENSSSCT00000025435.4",-1.00280173963408,2.48058427381142,-3.40590859782168,0.00160594248800634,0.00700657686055918,-1.77901605920219,"ENSSSCT00000025435.4","ENSSSCG00000021490","PRDM16","PRDM16","Significant"
"ENSSSCT00000006749.5",1.02916760453081,2.35787435826976,3.37695353745972,0.00174023487338073,0.00748497050610334,-1.78080739596191,"ENSSSCT00000006749.5","ENSSSCG00000006155","ZBTB10","ZBTB10","Significant"
"ENSSSCT00000048932.3",1.43101342270632,0.281400607011663,3.23147024485479,0.00259407673779338,0.0103674035252532,-1.78302372593271,"ENSSSCT00000048932.3","ENSSSCG00000035663",NA,"ENSSSCG00000035663","Significant"
"ENSSSCT00000037587.2",1.81589500184984,2.2493394841843,3.33075060330365,0.00197701939282961,0.00830367965827343,-1.78359409209594,"ENSSSCT00000037587.2","ENSSSCG00000000469","LEMD3","LEMD3","Significant"
"ENSSSCT00000034945.4",1.43309127568003,-4.08419764065818,3.1304723190564,0.00340735714434647,0.0129600411029249,-1.78647485355147,"ENSSSCT00000034945.4","ENSSSCG00000000789","CNTN1","CNTN1","Significant"
"ENSSSCT00000068409.2",2.50693503338166,-1.23921250338063,3.18335138981748,0.00295537719777785,0.0115094503292342,-1.79042675475019,"ENSSSCT00000068409.2","ENSSSCG00000033876","RAB35","RAB35","Significant"
"ENSSSCT00000073689.2",-1.20613003745388,-4.33311586815109,-3.12449562409569,0.00346237812707142,0.0131310197109499,-1.79679772039374,"ENSSSCT00000073689.2","ENSSSCG00000043749",NA,"ENSSSCG00000043749","Significant"
"ENSSSCT00000057260.2",3.18960843130614,-1.87143577796432,3.15724614236087,0.00317089055403605,0.0122116366198667,-1.80128546933361,"ENSSSCT00000057260.2","ENSSSCG00000033944","CYB5B","CYB5B","Significant"
"ENSSSCT00000003325.4",-2.40062267331197,8.50168718911573,-3.72101264631711,0.000659037716315436,0.00341772955348314,-1.80430356445738,"ENSSSCT00000003325.4","ENSSSCG00000002993","CYP2A19","CYP2A19","Significant"
"ENSSSCT00000093870.1",1.44357017893124,-2.9018273695242,3.12726453789273,0.00343678391448661,0.013052172713794,-1.80598807539735,"ENSSSCT00000093870.1","ENSSSCG00000039731",NA,"ENSSSCG00000039731","Significant"
"ENSSSCT00000050290.3",2.48041647493819,-3.0160597958908,3.13032788068038,0.00340867701058569,0.0129605253939517,-1.81076484512457,"ENSSSCT00000050290.3","ENSSSCG00000010571","ARMH3","ARMH3","Significant"
"ENSSSCT00000106047.1",1.06035491523324,2.20866970377533,3.33572740414055,0.00195010564907107,0.0082146310829862,-1.81140477085042,"ENSSSCT00000106047.1","ENSSSCG00000024694","TAF4","TAF4","Significant"
"ENSSSCT00000061469.3",1.33035648527603,-4.74686241192366,3.11553049780473,0.00354649049374841,0.0134047966680006,-1.81540145984144,"ENSSSCT00000061469.3","ENSSSCG00000012561","FRMPD3","FRMPD3","Significant"
"ENSSSCT00000097752.1",-1.69656443934468,-5.31482356569323,-3.1148364093552,0.00355308260872981,0.013425044081009,-1.81556838997001,"ENSSSCT00000097752.1","ENSSSCG00000000579","GOLT1B","GOLT1B","Significant"
"ENSSSCT00000053870.3",1.8868391373485,-3.93716861326246,3.11678542338837,0.00353460120264984,0.0133769167279391,-1.8158202097291,"ENSSSCT00000053870.3","ENSSSCG00000016317","AGAP1","AGAP1","Significant"
"ENSSSCT00000009811.4",2.06289888043468,-0.963814863847468,3.13549592767773,0.00336175192021071,0.0128164826480998,-1.81622314958345,"ENSSSCT00000009811.4","ENSSSCG00000008957","AMCF-II","AMCF-II","Significant"
"ENSSSCT00000063147.3",3.73656342207951,-0.323362017743684,3.16196235664586,0.00313088319620194,0.0120846828138946,-1.81702292210931,"ENSSSCT00000063147.3","ENSSSCG00000033120","PALM2AKAP2","PALM2AKAP2","Significant"
"ENSSSCT00000083697.2",1.59486612415526,2.81754051519633,3.37739118699227,0.00173812733310544,0.00747965345194899,-1.81822401842453,"ENSSSCT00000083697.2","ENSSSCG00000015480","PRRC2C","PRRC2C","Significant"
"ENSSSCT00000022513.4",1.38886505715297,-3.2931270674619,3.12315603394535,0.00347482520684334,0.0131736280283628,-1.81946328725172,"ENSSSCT00000022513.4","ENSSSCG00000021911","NDRG4","NDRG4","Significant"
"ENSSSCT00000102045.1",1.00714573878348,1.46564393652515,3.29551321194332,0.00217797737503749,0.00897280443969199,-1.82114277318233,"ENSSSCT00000102045.1","ENSSSCG00000057287","UPK3B","UPK3B","Significant"
"ENSSSCT00000056326.3",1.89914756987536,-2.85971017695547,3.11824705579529,0.003520801122829,0.0133355250707152,-1.82447341472191,"ENSSSCT00000056326.3","ENSSSCG00000005316","TPM2","TPM2","Significant"
"ENSSSCT00000007744.5",1.94166224490749,-4.83601804343493,3.11172122119166,0.00358281227410471,0.0135154473429261,-1.82495054963931,"ENSSSCT00000007744.5","ENSSSCG00000007073","ISM1","ISM1","Significant"
"ENSSSCT00000004183.5",-3.42984102069508,-1.87485584966533,-3.12852638069003,0.00342517971704125,0.0130141661221784,-1.8281432045909,"ENSSSCT00000004183.5","ENSSSCG00000003780","CRYZ","CRYZ","Significant"
"ENSSSCT00000046566.3",1.56526662146805,2.48984371585464,3.3373832514491,0.00194122894944362,0.00818957724081701,-1.82947066872035,"ENSSSCT00000046566.3","ENSSSCG00000009769","GTF2H3","GTF2H3","Significant"
"ENSSSCT00000049151.3",1.73479020333247,-4.07819296591716,3.11056971316488,0.00359386112852728,0.0135508555839602,-1.83443499856426,"ENSSSCT00000049151.3","ENSSSCG00000035293",NA,"ENSSSCG00000035293","Significant"
"ENSSSCT00000088492.2",1.04597366723929,1.49852165568385,3.268128096899,0.00234745941365837,0.00954559325553971,-1.8352547001949,"ENSSSCT00000088492.2","ENSSSCG00000016331","RAMP1","RAMP1","Significant"
"ENSSSCT00000090648.2",3.16154285285929,-0.71411817016853,3.15465306122657,0.00319309360698454,0.0122826361446583,-1.83537171191586,"ENSSSCT00000090648.2","ENSSSCG00000006074","STK3","STK3","Significant"
"ENSSSCT00000027335.4",1.48887932060466,-0.910349535814364,3.14389924566175,0.00328675552114644,0.0125746746082444,-1.83588453976367,"ENSSSCT00000027335.4","ENSSSCG00000029606","AOX1","AOX1","Significant"
"ENSSSCT00000081103.2",-1.80656862742152,-0.725379036356728,-3.16109697414972,0.00313818812990158,0.0121100113371181,-1.83714576450297,"ENSSSCT00000081103.2","ENSSSCG00000047468",NA,"ENSSSCG00000047468","Significant"
"ENSSSCT00000099665.1",2.10967150278578,-4.44993527140629,3.106212943205,0.00363595737459793,0.0136874211108868,-1.83742172490592,"ENSSSCT00000099665.1","ENSSSCG00000059274",NA,"ENSSSCG00000059274","Significant"
"ENSSSCT00000033911.4",3.82212612773875,-1.6568444080208,3.12610314461499,0.00344749725648112,0.0130852387136566,-1.83871554474319,"ENSSSCT00000033911.4","ENSSSCG00000013297","CD44","CD44","Significant"
"ENSSSCT00000080987.1",2.21299185162144,-1.63859980499641,3.13423620677117,0.00337313325354211,0.0128523590742652,-1.83996288892927,"ENSSSCT00000080987.1","ENSSSCG00000036835","OSBPL2","OSBPL2","Significant"
"ENSSSCT00000013073.5",-1.06539293034175,-0.491683530730267,-3.14229228998532,0.00330097323547447,0.0126216642863152,-1.8419244327495,"ENSSSCT00000013073.5","ENSSSCG00000011947","ZPLD1","ZPLD1","Significant"
"ENSSSCT00000070042.3",-2.62267428717982,-4.44474699483416,-3.10407805210032,0.00365675519394564,0.0137387469858727,-1.84281316133552,"ENSSSCT00000070042.3","ENSSSCG00000015866","FMNL2","FMNL2","Significant"
"ENSSSCT00000065233.3",-1.80773138545161,0.0691188558933816,-3.19242753858658,0.00288376221404203,0.011280405906014,-1.84389969107475,"ENSSSCT00000065233.3","ENSSSCG00000009720","DDX60","DDX60","Significant"
"ENSSSCT00000042060.3",1.83695931023505,1.57604833481717,3.27294701441516,0.00231675181459904,0.00943956212986593,-1.84463975215364,"ENSSSCT00000042060.3","ENSSSCG00000009541","ABHD13","ABHD13","Significant"
"ENSSSCT00000029467.3",-1.43612354156302,-2.59421677370386,-3.11600328395844,0.00354200683198514,0.0133952002304423,-1.84667707671644,"ENSSSCT00000029467.3","ENSSSCG00000029275","PPARGC1A","PPARGC1A","Significant"
"ENSSSCT00000073278.1",1.59051080542062,-2.93562882330985,3.10981485206743,0.00360112160113386,0.0135688164432415,-1.84679062264453,"ENSSSCT00000073278.1","ENSSSCG00000006904","GLMN","GLMN","Significant"
"ENSSSCT00000107058.1",2.50522262774441,0.488311577037771,3.24206901928619,0.00252034783117116,0.0101198793950129,-1.84797738726027,"ENSSSCT00000107058.1","ENSSSCG00000012713","ATP11C","ATP11C","Significant"
"ENSSSCT00000033241.4",1.97587316139238,-3.3406175052285,3.10597367766166,0.00363828268534753,0.0136930126599412,-1.84879764568786,"ENSSSCT00000033241.4","ENSSSCG00000012680","GPC3","GPC3","Significant"
"ENSSSCT00000084484.2",-3.13204131162981,-2.12104117124786,-3.11770445183145,0.00352591818243573,0.0133518044622688,-1.84894073842819,"ENSSSCT00000084484.2","ENSSSCG00000006032","EMC2","EMC2","Significant"
"ENSSSCT00000038931.2",-1.82451920440601,2.35272419085315,-3.32671509720196,0.00199910286834012,0.00837235066401558,-1.85062308563537,"ENSSSCT00000038931.2","ENSSSCG00000015258","GLB1L2","GLB1L2","Significant"
"ENSSSCT00000063470.2",-1.85362669383181,-5.25089008871621,-3.09789046238037,0.00371767159911125,0.0139178969821361,-1.85376907044163,"ENSSSCT00000063470.2","ENSSSCG00000030467","PHC3","PHC3","Significant"
"ENSSSCT00000105598.1",-1.81518465545983,-5.06796982199114,-3.09727719058199,0.00372376123190565,0.0139361748982148,-1.85563765899194,"ENSSSCT00000105598.1","ENSSSCG00000027723",NA,"ENSSSCG00000027723","Significant"
"ENSSSCT00000091504.1",3.03635214903821,-2.51039295003439,3.10379444353901,0.00365952652550615,0.0137475749323197,-1.85812515128162,"ENSSSCT00000091504.1","ENSSSCG00000009466","UCHL3","UCHL3","Significant"
"ENSSSCT00000008823.5",1.08729112912061,3.8293368669289,3.47878944851524,0.00131044901330792,0.00593992487555836,-1.85875559010578,"ENSSSCT00000008823.5","ENSSSCG00000008051","ABCA3","ABCA3","Significant"
"ENSSSCT00000036832.2",1.08676559901969,3.85380339854431,3.43167317323591,0.00149484214719733,0.00660851977860635,-1.86272815110571,"ENSSSCT00000036832.2","ENSSSCG00000004412","MICAL1","MICAL1","Significant"
"ENSSSCT00000044866.3",2.27963491588993,2.1806924104055,3.27564081044777,0.0022997533298051,0.00938790003317461,-1.86634007397833,"ENSSSCT00000044866.3","ENSSSCG00000015071","SIK3","SIK3","Significant"
"ENSSSCT00000014927.4",-1.05331801573848,-2.67568921110361,-3.09995343618346,0.00369725586757896,0.0138557850927063,-1.8682715120555,"ENSSSCT00000014927.4","ENSSSCG00000013663","ANGPTL6","ANGPTL6","Significant"
"ENSSSCT00000044515.3",-1.38303973603663,2.20506688360836,-3.29736996313506,0.00216691898369049,0.00893854080772327,-1.8683097022622,"ENSSSCT00000044515.3","ENSSSCG00000027131","KLHDC10","KLHDC10","Significant"
"ENSSSCT00000082257.2",-1.44655627399054,-0.340537211521277,-3.15135634588559,0.00322153439152603,0.0123686890368953,-1.87014068172912,"ENSSSCT00000082257.2","ENSSSCG00000004391","CEP57L1","CEP57L1","Significant"
"ENSSSCT00000016859.5",2.38782725764281,2.05883665329426,3.29474572495539,0.00218256406030607,0.00898488871492666,-1.87203675917668,"ENSSSCT00000016859.5","ENSSSCG00000015476","CHI3L1","CHI3L1","Significant"
"ENSSSCT00000002697.5",-1.57264819850445,-5.1406037167769,-3.08885215518354,0.00380838064352084,0.0141890575364362,-1.87556489174111,"ENSSSCT00000002697.5","ENSSSCG00000002428","TTC8","TTC8","Significant"
"ENSSSCT00000080756.1",-1.11186837435932,3.65954676487488,-3.46311789499288,0.00136921383927952,0.00615834570504478,-1.87599010804239,"ENSSSCT00000080756.1","ENSSSCG00000007032","PLAT","PLAT","Significant"
"ENSSSCT00000031179.4",-1.61111947413853,-3.06397522548891,-3.09251837911638,0.00377133671285448,0.0140800025404681,-1.87603390080521,"ENSSSCT00000031179.4","ENSSSCG00000026333","GTSF1","GTSF1","Significant"
"ENSSSCT00000011082.5",1.11182142904864,3.10356310874136,3.40110052288757,0.00162753313248349,0.00708276698498288,-1.87675605113725,"ENSSSCT00000011082.5","ENSSSCG00000010121","UFD1","UFD1","Significant"
"ENSSSCT00000075301.2",-2.92109306364952,-2.24974071073167,-3.10598464604052,0.00363817605799462,0.0136930126599412,-1.88088395308502,"ENSSSCT00000075301.2","ENSSSCG00000038842","PCDH9","PCDH9","Significant"
"ENSSSCT00000004165.5",-1.49924809400401,3.90985251386598,-3.45418659347149,0.00140382704276761,0.0062819622429859,-1.8819811744167,"ENSSSCT00000004165.5","ENSSSCG00000003763","IFI44","IFI44","Significant"
"ENSSSCT00000088154.1",-2.51763080237159,-4.32418421304287,-3.0883255683741,0.00381372950885863,0.0142024942212252,-1.88715760991755,"ENSSSCT00000088154.1","ENSSSCG00000004293","SNX14","SNX14","Significant"
"ENSSSCT00000015170.5",-1.07077123836807,2.90987671731481,-3.4240944933476,0.00152673374673629,0.00672307226885334,-1.88762139285454,"ENSSSCT00000015170.5","ENSSSCG00000013884","MAP1S","MAP1S","Significant"
"ENSSSCT00000060679.2",-1.51535405069083,-3.51661312672584,-3.09245881005215,0.00377193587245191,0.0140806271107651,-1.88868582133874,"ENSSSCT00000060679.2","ENSSSCG00000037567",NA,"ENSSSCG00000037567","Significant"
"ENSSSCT00000049419.3",-3.11296082077569,-3.70759845118232,-3.0860548566759,0.00383687598310755,0.0142789070372376,-1.89005269487764,"ENSSSCT00000049419.3","ENSSSCG00000009192","PDLIM5","PDLIM5","Significant"
"ENSSSCT00000030089.3",1.28992035461044,0.0307053018024471,3.17589578039828,0.0030154654995269,0.0117071013511044,-1.89129784890736,"ENSSSCT00000030089.3","ENSSSCG00000024071","SCARF1","SCARF1","Significant"
"ENSSSCT00000050548.3",2.3443770274577,-1.85303714690664,3.10234780889211,0.00367369352253488,0.0137817401459817,-1.89394132335531,"ENSSSCT00000050548.3","ENSSSCG00000003768","NEXN","NEXN","Significant"
"ENSSSCT00000063884.3",-2.75029506227286,-1.95900565527976,-3.11560523099896,0.00354578140503769,0.0134036703686781,-1.89430476267618,"ENSSSCT00000063884.3","ENSSSCG00000014043",NA,"ENSSSCG00000014043","Significant"
"ENSSSCT00000046541.2",-1.49235295206105,-2.85624476364564,-3.08957161442474,0.00380108412048227,0.0141683487669148,-1.89449554336817,"ENSSSCT00000046541.2","ENSSSCG00000033548","LKAAEAR1","LKAAEAR1","Significant"
"ENSSSCT00000038881.3",1.85565746009466,-0.460503459729199,3.15852302502255,0.00316001122729373,0.0121754911433095,-1.89510038393056,"ENSSSCT00000038881.3","ENSSSCG00000009431","DGKH","DGKH","Significant"
"ENSSSCT00000099165.1",-1.90934258096466,-5.04695998784984,-3.07771349197639,0.00392304871248693,0.0145249920760758,-1.89972469155102,"ENSSSCT00000099165.1","ENSSSCG00000011353","PFKFB4","PFKFB4","Significant"
"ENSSSCT00000101549.1",-1.42585835685461,-4.42941202694542,-3.07891481972922,0.00391052629592962,0.014486853693045,-1.90193273552408,"ENSSSCT00000101549.1","ENSSSCG00000027002","KLHL32","KLHL32","Significant"
"ENSSSCT00000080983.2",2.81899998922368,0.847754533232112,3.23072164786924,0.00259936111106535,0.0103821597041743,-1.90380654261044,"ENSSSCT00000080983.2","ENSSSCG00000004484","COL12A1","COL12A1","Significant"
"ENSSSCT00000098906.1",-2.26604832841048,-4.43283159494021,-3.07988675332509,0.00390042269807338,0.0144625704137364,-1.90661447843485,"ENSSSCT00000098906.1","ENSSSCG00000040007","PIGV","PIGV","Significant"
"ENSSSCT00000101960.1",1.1034982108889,-2.61123918101085,3.08310725022097,0.00386712052587988,0.0143668639044881,-1.90962822822432,"ENSSSCT00000101960.1","ENSSSCG00000057624",NA,"ENSSSCG00000057624","Significant"
"ENSSSCT00000002750.5",1.66737090048819,-3.45226543917733,3.0764354858208,0.00393641200930469,0.0145590219909362,-1.91156906957916,"ENSSSCT00000002750.5","ENSSSCG00000038515","SERPINA1","SERPINA1","Significant"
"ENSSSCT00000040405.3",-1.92085730892901,-0.662827372237355,-3.13497619455819,0.00336644319145608,0.0128313670580119,-1.9128419353843,"ENSSSCT00000040405.3","ENSSSCG00000025349","CCDC14","CCDC14","Significant"
"ENSSSCT00000016777.5",2.75372444111641,-3.0555924290149,3.07821833850201,0.00391778167660493,0.0145104343728305,-1.91324181029596,"ENSSSCT00000016777.5","ENSSSCG00000015402","CACNA2D1","CACNA2D1","Significant"
"ENSSSCT00000102810.1",2.173181565543,-4.36897239922858,3.07286158712855,0.00397401071281217,0.0146687020582507,-1.91335312734272,"ENSSSCT00000102810.1","ENSSSCG00000005110","SYNE2","SYNE2","Significant"
"ENSSSCT00000085053.1",-1.89107135807177,-5.22616269427881,-3.07073077624388,0.00399658881548797,0.0147253680348254,-1.9143694366698,"ENSSSCT00000085053.1","ENSSSCG00000004544","SPG21","SPG21","Significant"
"ENSSSCT00000106853.1",-1.77026230419833,-3.61296546432429,-3.07946749138651,0.00390477804628663,0.0144721374294547,-1.91502308392602,"ENSSSCT00000106853.1","ENSSSCG00000024221","SMUG1","SMUG1","Significant"
"ENSSSCT00000100220.1",1.29785444396742,-4.22608895455507,3.07225417955554,0.00398043450114161,0.014687424906657,-1.91568811516324,"ENSSSCT00000100220.1","ENSSSCG00000055665",NA,"ENSSSCG00000055665","Significant"
"ENSSSCT00000107307.1",1.10612130066087,-0.296377104991768,3.14865839849051,0.00324498815753274,0.0124484755722082,-1.92167205436588,"ENSSSCT00000107307.1","ENSSSCG00000003654","MACF1","MACF1","Significant"
"ENSSSCT00000088015.2",1.29906282852281,-3.62846541349033,3.06967737076527,0.00400779543098543,0.0147599866973737,-1.92332761335987,"ENSSSCT00000088015.2","ENSSSCG00000003218","MYBPC2","MYBPC2","Significant"
"ENSSSCT00000090984.2",-1.15861018765368,0.914114912396656,-3.21292798912114,0.00272802343627073,0.0107916132147744,-1.92442264487027,"ENSSSCT00000090984.2","ENSSSCG00000021793","SMIM14","SMIM14","Significant"
"ENSSSCT00000004956.5",-2.76732422790318,-3.32461524632397,-3.07214708629364,0.00398156810922178,0.01468994530192,-1.9245986563183,"ENSSSCT00000004956.5","ENSSSCG00000004485","CD109","CD109","Significant"
"ENSSSCT00000079445.2",1.99187564035602,1.73402836612081,3.2375172181199,0.00255176411447787,0.010227131799439,-1.92560681447842,"ENSSSCT00000079445.2","ENSSSCG00000008765","PCDH7","PCDH7","Significant"
"ENSSSCT00000080659.1",-1.75375902445459,-4.22782077327398,-3.06883462175723,0.00401678235452037,0.0147856039968977,-1.92597046931509,"ENSSSCT00000080659.1","ENSSSCG00000005895","C8orf82","C8orf82","Significant"
"ENSSSCT00000091677.1",1.14374984787065,-2.41346409964085,3.07807707945698,0.0039192547506254,0.0145142414685814,-1.92741880524243,"ENSSSCT00000091677.1","ENSSSCG00000061195",NA,"ENSSSCG00000061195","Significant"
"ENSSSCT00000047665.3",-2.85609743495189,-3.679126316205,-3.06822754252465,0.00402326793085452,0.0148069339222915,-1.92831411178579,"ENSSSCT00000047665.3","ENSSSCG00000012521","GPRASP2","GPRASP2","Significant"
"ENSSSCT00000000785.5",-2.14151735897885,-2.47150694102377,-3.07514260415607,0.00394997461454837,0.0145965059880693,-1.93012080297643,"ENSSSCT00000000785.5","ENSSSCG00000000722","RAD51AP1","RAD51AP1","Significant"
"ENSSSCT00000058968.3",2.61254369048109,1.18281604596924,3.14684323462724,0.00326085872020823,0.0124958859484007,-1.9303747441928,"ENSSSCT00000058968.3","ENSSSCG00000027557",NA,"ENSSSCG00000027557","Significant"
"ENSSSCT00000094535.1",-2.37867286742115,-3.78520821721004,-3.06605982855924,0.00404650696761367,0.0148807030421922,-1.93089775613285,"ENSSSCT00000094535.1","ENSSSCG00000040638","DIO2","DIO2","Significant"
"ENSSSCT00000089105.2",-1.45847707755816,-4.45668416144822,-3.06237610341956,0.00408628950563877,0.014999930538375,-1.93416600526394,"ENSSSCT00000089105.2","ENSSSCG00000021374","FXYD7","FXYD7","Significant"
"ENSSSCT00000003127.5",-1.92122457846673,5.18828721155012,-3.52066735350659,0.00116506054637433,0.00540182509300179,-1.93457937776924,"ENSSSCT00000003127.5","ENSSSCG00000057701",NA,"ENSSSCG00000057701","Significant"
"ENSSSCT00000006475.3",1.48549212807228,-4.37419786365897,3.06274364667005,0.0040823036795345,0.0149954291536213,-1.93516239739931,"ENSSSCT00000006475.3","ENSSSCG00000005896","LRRC24","LRRC24","Significant"
"ENSSSCT00000046472.3",1.37838337212768,-4.32606918482187,3.0617424005309,0.00409317033500736,0.0150218061236582,-1.93793541683172,"ENSSSCT00000046472.3","ENSSSCG00000032522",NA,"ENSSSCG00000032522","Significant"
"ENSSSCT00000066896.2",-1.67652833831889,1.05084939468334,-3.24856765582446,0.00247613198700004,0.00997674336432887,-1.93835652091013,"ENSSSCT00000066896.2","ENSSSCG00000050540",NA,"ENSSSCG00000050540","Significant"
"ENSSSCT00000012225.5",-2.0738112886332,-5.14560352382897,-3.05944015927216,0.00411826057197928,0.0150934990657388,-1.93991510677888,"ENSSSCT00000012225.5","ENSSSCG00000011163","DIP2C","DIP2C","Significant"
"ENSSSCT00000050388.3",-1.60625051674436,-1.00108275876286,-3.09810910117296,0.00371550285042551,0.0139117048927203,-1.94100963911861,"ENSSSCT00000050388.3","ENSSSCG00000037856","EDN2","EDN2","Significant"
"ENSSSCT00000098553.1",-3.16813630967477,-2.45058851143219,-3.10514124021221,0.00364638372831532,0.0137092591187722,-1.94222734029229,"ENSSSCT00000098553.1","ENSSSCG00000014672","TRIM34","TRIM34","Significant"
"ENSSSCT00000073787.1",2.27623696357378,-0.816881774504992,3.09389349656184,0.00375753045587455,0.0140381027825523,-1.94249849903495,"ENSSSCT00000073787.1","ENSSSCG00000025682","ACTR6","ACTR6","Significant"
"ENSSSCT00000014639.5",2.70793420657172,-1.04844338093858,3.1073581096193,0.00362484749467083,0.0136503266015532,-1.94425703531692,"ENSSSCT00000014639.5","ENSSSCG00000031706",NA,"ENSSSCG00000031706","Significant"
"ENSSSCT00000055966.2",-1.39693810391118,0.729122247993329,-3.17784475974118,0.00299964674715528,0.0116512369006732,-1.94439425489409,"ENSSSCT00000055966.2","ENSSSCG00000034191","SOX6","SOX6","Significant"
"ENSSSCT00000056764.3",-1.48746658839674,-2.89131076698619,-3.0622772217188,0.00408736245638126,0.0150021800661775,-1.94657442883673,"ENSSSCT00000056764.3","ENSSSCG00000035712","KCTD8","KCTD8","Significant"
"ENSSSCT00000036768.3",2.83972432256093,-1.71056794006992,3.09306098615213,0.0037658831867857,0.0140628628360968,-1.94981315390468,"ENSSSCT00000036768.3","ENSSSCG00000004529","POLI","POLI","Significant"
"ENSSSCT00000082922.2",1.74531841295449,-3.78832059800321,3.06022860149849,0.00410965168031206,0.0150721128666923,-1.94995773608668,"ENSSSCT00000082922.2","ENSSSCG00000006287","SELL","SELL","Significant"
"ENSSSCT00000102932.1",-2.36130846520808,0.666562853335598,-3.22010235006688,0.00267543489956759,0.0106328187558793,-1.95002652400621,"ENSSSCT00000102932.1","ENSSSCG00000014970","MTMR2","MTMR2","Significant"
"ENSSSCT00000013271.6",-1.27213347631628,1.53937888335543,-3.24361482928976,0.00250976272931805,0.0100922920605187,-1.95089059035505,"ENSSSCT00000013271.6","ENSSSCG00000012132","ASB9","ASB9","Significant"
"ENSSSCT00000008234.4",-1.63751051626656,2.69940654985126,-3.37699349098071,0.00174004237227641,0.00748497050610334,-1.95213546972192,"ENSSSCT00000008234.4","ENSSSCG00000007516","STX16","STX16","Significant"
"ENSSSCT00000083922.1",-2.9968823601053,-2.03054946396691,-3.0773069679918,0.00392729481808866,0.0145374114724072,-1.95731831687117,"ENSSSCT00000083922.1","ENSSSCG00000009818","IFT81","IFT81","Significant"
"ENSSSCT00000056702.3",1.37683653205758,2.57865386846215,3.29532569216868,0.00217909718843185,0.00897628360475452,-1.958975906967,"ENSSSCT00000056702.3","ENSSSCG00000008989","CNOT6L","CNOT6L","Significant"
"ENSSSCT00000003544.4",-1.81472966445911,1.34518898701847,-3.22765320130419,0.00262112859911053,0.0104524555828522,-1.9607481961565,"ENSSSCT00000003544.4","ENSSSCG00000003189","PRMT1","PRMT1","Significant"
"ENSSSCT00000094999.1",-1.60446147634713,-3.22428710064711,-3.05735879053822,0.00414106863605219,0.0151515432397986,-1.96180486096968,"ENSSSCT00000094999.1","ENSSSCG00000032053","ST8SIA5","ST8SIA5","Significant"
"ENSSSCT00000001140.4",1.3934279478698,0.801779741949201,3.21989007996329,0.00267697691829713,0.010635150064731,-1.96452529394,"ENSSSCT00000001140.4","ENSSSCG00000023956","NEDD9","NEDD9","Significant"
"ENSSSCT00000003309.4",1.32109292639403,-3.62681233077542,3.05425836263904,0.00417526502266236,0.0152544084265894,-1.96613518780368,"ENSSSCT00000003309.4","ENSSSCG00000002980","AWN","AWN","Significant"
"ENSSSCT00000091879.1",1.49270534314821,-4.14713284255863,3.0505482044185,0.00421653686825319,0.0153707477697369,-1.96677065261178,"ENSSSCT00000091879.1","ENSSSCG00000061224",NA,"ENSSSCG00000061224","Significant"
"ENSSSCT00000094073.1",-1.3264469943973,0.26355086369908,-3.17021009031032,0.00306206666849234,0.011864007327335,-1.96692429081554,"ENSSSCT00000094073.1","ENSSSCG00000015549","RNASEL","RNASEL","Significant"
"ENSSSCT00000052038.2",-1.53455055653437,-0.0891213160184494,-3.11346697439842,0.00356612287253763,0.0134587186174577,-1.96821021197912,"ENSSSCT00000052038.2","ENSSSCG00000014943","DEUP1","DEUP1","Significant"
"ENSSSCT00000024566.4",-1.53017110677878,1.37162719055054,-3.21597056577079,0.00270560223821651,0.0107234859184677,-1.96963602048291,"ENSSSCT00000024566.4","ENSSSCG00000023834","RSPH4A","RSPH4A","Significant"
"ENSSSCT00000036896.3",2.6753231318004,-4.08125543198789,3.04890927937587,0.00423489065126266,0.0154169690479866,-1.97038235313337,"ENSSSCT00000036896.3","ENSSSCG00000005494","TNC","TNC","Significant"
"ENSSSCT00000082783.1",1.37375379145641,-3.5279880300075,3.04942098663213,0.00422915212918714,0.0154020736997531,-1.97133261803796,"ENSSSCT00000082783.1","ENSSSCG00000041917",NA,"ENSSSCG00000041917","Significant"
"ENSSSCT00000104576.1",2.03640251353792,-0.95004750189376,3.09342751677534,0.00376220355580066,0.0140533936401276,-1.97286461593538,"ENSSSCT00000104576.1","ENSSSCG00000006018","TRPS1","TRPS1","Significant"
"ENSSSCT00000074593.2",2.70205225587417,-4.55970755141341,3.04366015220125,0.00429418267589316,0.0155927755835639,-1.97879207333443,"ENSSSCT00000074593.2","ENSSSCG00000013315","EIF3M","EIF3M","Significant"
"ENSSSCT00000062712.3",2.28591272386784,-3.90276342078546,3.04355070089834,0.00429542729114841,0.0155938215566866,-1.97951413211409,"ENSSSCT00000062712.3","ENSSSCG00000014113","HOMER1","HOMER1","Significant"
"ENSSSCT00000017518.5",-2.8063774234308,-0.782929698057938,-3.08665553808594,0.00383074005651367,0.0142576996349968,-1.9831962002799,"ENSSSCT00000017518.5","ENSSSCG00000016090","SPATS2L","SPATS2L","Significant"
"ENSSSCT00000073075.1",-2.23090218455923,-5.13974493010413,-3.04004327837784,0.00433549231477681,0.0157130270599136,-1.98356868052858,"ENSSSCT00000073075.1","ENSSSCG00000015443","DLD","DLD","Significant"
"ENSSSCT00000082027.1",2.02219395874476,-3.20718684420075,3.04800636321597,0.00424503430000615,0.0154435503590048,-1.98409221345445,"ENSSSCT00000082027.1","ENSSSCG00000016885","ITGA1","ITGA1","Significant"
"ENSSSCT00000066570.1",2.08726892087965,-1.61824905526173,3.07085433552134,0.0039952762763272,0.0147221957180574,-1.98567244796042,"ENSSSCT00000066570.1","ENSSSCG00000024809","CLCN4","CLCN4","Significant"
"ENSSSCT00000049346.3",2.80023553284881,-2.1962532295282,3.06121298754509,0.00409892715868931,0.015039547724725,-1.98600644770896,"ENSSSCT00000049346.3","ENSSSCG00000024823","RCN3","RCN3","Significant"
"ENSSSCT00000003032.5",-1.69613879124673,-2.09708843902677,-3.05881709927332,0.0041250757209431,0.0151099841372463,-1.98602200856824,"ENSSSCT00000003032.5","ENSSSCG00000002736","TAT","TAT","Significant"
"ENSSSCT00000038183.3",1.34886812619775,4.23723290123135,3.46412960768829,0.00136534499345448,0.0061417919655891,-1.98835265533674,"ENSSSCT00000038183.3","ENSSSCG00000036402","MYL9","MYL9","Significant"
"ENSSSCT00000077889.1",-1.92678351594371,0.402400688347717,-3.20703597193062,0.00277194577349209,0.0109364993801391,-1.98859437450419,"ENSSSCT00000077889.1","ENSSSCG00000008340","ANTXR1","ANTXR1","Significant"
"ENSSSCT00000030961.4",1.81123898611792,0.149631662082245,3.11091367259641,0.00359055742409141,0.0135399646374134,-1.98878090286792,"ENSSSCT00000030961.4","ENSSSCG00000021973","GPX8","GPX8","Significant"
"ENSSSCT00000019171.4",-1.67052231889873,-3.9288894562119,-3.03908969805055,0.0043464457962703,0.0157358768573474,-1.98955290148783,"ENSSSCT00000019171.4","ENSSSCG00000017609","ANKFN1","ANKFN1","Significant"
"ENSSSCT00000086998.2",-1.2400047661072,-4.61000051548455,-3.03662820879079,0.00437484095584798,0.0158011869418929,-1.99119278198036,"ENSSSCT00000086998.2","ENSSSCG00000041158",NA,"ENSSSCG00000041158","Significant"
"ENSSSCT00000005737.5",3.21654793828249,2.09856909087163,3.20092484623161,0.00281821111216159,0.0110691428865096,-1.99234284629578,"ENSSSCT00000005737.5","ENSSSCG00000005205","BRD10","BRD10","Significant"
"ENSSSCT00000105282.1",1.08196648905023,-3.62974631441368,3.03945885197988,0.00434220234607362,0.0157268568419667,-1.99353735227617,"ENSSSCT00000105282.1","ENSSSCG00000056299",NA,"ENSSSCG00000056299","Significant"
"ENSSSCT00000053095.3",1.12857828705727,0.0754679188213234,3.1168112820091,0.00353435661273171,0.0133769167279391,-1.99923074205113,"ENSSSCT00000053095.3","ENSSSCG00000027991",NA,"ENSSSCG00000027991","Significant"
"ENSSSCT00000044075.3",-1.39312870444994,2.82812926349669,-3.34634963105775,0.00189382837933842,0.00802444234733635,-1.99974140689364,"ENSSSCT00000044075.3","ENSSSCG00000010742","UROS","UROS","Significant"
"ENSSSCT00000006599.3",-1.45197045126816,-2.03445919526605,-3.05325073953449,0.00418643595335801,0.0152848273805326,-2.00180803673452,"ENSSSCT00000006599.3","ENSSSCG00000006013","AARD","AARD","Significant"
"ENSSSCT00000015654.6",-1.15218529546845,-1.75304011760782,-3.04968474387205,0.00422619710067799,0.0153939146766289,-2.00231787333293,"ENSSSCT00000015654.6","ENSSSCG00000014329","GFRA3","GFRA3","Significant"
"ENSSSCT00000054454.3",3.18797538359059,-0.593689779166797,3.07113728187124,0.00399227214231593,0.0147162154905712,-2.00291946583202,"ENSSSCT00000054454.3","ENSSSCG00000025592","TP63","TP63","Significant"
"ENSSSCT00000101507.1",-1.78519924003731,-0.689566387543863,-3.09475942034839,0.00374886107528017,0.0140105303184818,-2.00448027302212,"ENSSSCT00000101507.1","ENSSSCG00000058884","DNALI1","DNALI1","Significant"
"ENSSSCT00000051364.3",-1.34038513103212,-1.30325216892207,-3.05291591607167,0.00419015418743713,0.0152848273805326,-2.00596459503652,"ENSSSCT00000051364.3","ENSSSCG00000034633","CFAP99","CFAP99","Significant"
"ENSSSCT00000038249.2",-1.49732925986618,1.72482931495159,-3.20821475698757,0.00276310502438393,0.0109118551617022,-2.01096619963183,"ENSSSCT00000038249.2","ENSSSCG00000038466","EIF4E2","EIF4E2","Significant"
"ENSSSCT00000080125.2",-1.24239328150758,-1.38363132817275,-3.05841917353721,0.00412943387966101,0.0151225499508556,-2.01241939109279,"ENSSSCT00000080125.2","ENSSSCG00000010239","RUFY2","RUFY2","Significant"
"ENSSSCT00000104698.1",-1.6043093006684,-2.41664539010764,-3.03815409706037,0.00435721812411364,0.0157619815509376,-2.01458639574,"ENSSSCT00000104698.1","ENSSSCG00000054669",NA,"ENSSSCG00000054669","Significant"
"ENSSSCT00000062521.3",3.1313502682945,-0.0886347846214293,3.08910191540863,0.00380584615654711,0.0141812352100642,-2.01493704685531,"ENSSSCT00000062521.3","ENSSSCG00000026697","BLTP3B","BLTP3B","Significant"
"ENSSSCT00000047754.3",-1.34253861033931,-2.05728962710146,-3.04310836891089,0.00430046069632979,0.0156103563285612,-2.01520716446443,"ENSSSCT00000047754.3","ENSSSCG00000062259","ICAM2","ICAM2","Significant"
"ENSSSCT00000093416.1",1.12261023495723,2.63388994959752,3.28207730055306,0.00225961761181064,0.00924744469845355,-2.01562926540754,"ENSSSCT00000093416.1","ENSSSCG00000000779","KIF21A","KIF21A","Significant"
"ENSSSCT00000041261.2",-1.69755541210975,-0.879580169424818,-3.10651831928031,0.00363299160920096,0.0136778358460033,-2.01631465424648,"ENSSSCT00000041261.2","ENSSSCG00000005229","VLDLR","VLDLR","Significant"
"ENSSSCT00000059632.3",1.07033986449299,2.92083715886687,3.29256151004304,0.00219566792263094,0.00902857320588462,-2.01701945540079,"ENSSSCT00000059632.3","ENSSSCG00000010759","GLRX3","GLRX3","Significant"
"ENSSSCT00000066868.2",-1.19402693654315,0.582236712142554,-3.1201146704084,0.00350324216966418,0.0132733992165384,-2.01860044893478,"ENSSSCT00000066868.2","ENSSSCG00000008014","NUBP2","NUBP2","Significant"
"ENSSSCT00000094837.1",-1.8323449776078,-2.64475708166186,-3.03333560700064,0.00441309728804687,0.0159164407056947,-2.02849728449487,"ENSSSCT00000094837.1","ENSSSCG00000038969","DMPK","DMPK","Significant"
"ENSSSCT00000026336.4",1.73311555162124,-0.215727020697636,3.17872729505543,0.00299250965243506,0.011627670683827,-2.02909908915371,"ENSSSCT00000026336.4","ENSSSCG00000034357","DAG1","DAG1","Significant"
"ENSSSCT00000013009.3",-1.35973065460696,-0.309632653328147,-3.08771485133728,0.00381994183288923,0.0142223802123468,-2.02928621505966,"ENSSSCT00000013009.3","ENSSSCG00000011890","NR1I2","NR1I2","Significant"
"ENSSSCT00000069559.2",1.75727501866074,0.744560416158082,3.14551409889566,0.00327252642087077,0.0125290572365043,-2.03086937163709,"ENSSSCT00000069559.2","ENSSSCG00000008689","ZFYVE28","ZFYVE28","Significant"
"ENSSSCT00000078663.2",-1.23433999452929,-0.0255563401764108,-3.07946746321733,0.00390477833906616,0.0144721374294547,-2.03261946742332,"ENSSSCT00000078663.2","ENSSSCG00000006369","F11R","F11R","Significant"
"ENSSSCT00000078092.1",1.52693200055554,-1.90417301156236,3.03907426132236,0.00434662332772881,0.0157358768573474,-2.03638631806937,"ENSSSCT00000078092.1","ENSSSCG00000010665","SHTN1","SHTN1","Significant"
"ENSSSCT00000100119.1",-1.14727816563469,-0.378147974194158,-3.0688124752903,0.00401701877697581,0.0147856039968977,-2.03710816458259,"ENSSSCT00000100119.1","ENSSSCG00000056855",NA,"ENSSSCG00000056855","Significant"
"ENSSSCT00000042438.3",-3.37544541605757,-1.19923761587305,-3.03398411041437,0.00440553754312014,0.0158944501555703,-2.0403514633749,"ENSSSCT00000042438.3","ENSSSCG00000010699","ATE1","ATE1","Significant"
"ENSSSCT00000073844.3",-1.95128448544955,-4.89491847639201,-3.01864941138331,0.00458760839443301,0.0164150992199401,-2.04089059332648,"ENSSSCT00000073844.3","ENSSSCG00000000039","POLDIP3","POLDIP3","Significant"
"ENSSSCT00000025386.5",1.36192731369127,-3.6328803594948,3.01698270233423,0.00460781927376696,0.0164729539037169,-2.04523744134774,"ENSSSCT00000025386.5","ENSSSCG00000023760","CLEC14A","CLEC14A","Significant"
"ENSSSCT00000043638.2",2.45900243038381,-3.93973385199634,3.0131890803151,0.00465413484789657,0.016598491859639,-2.04640442848903,"ENSSSCT00000043638.2","ENSSSCG00000025286","MCTP1","MCTP1","Significant"
"ENSSSCT00000075720.2",1.73954537001475,-3.21023970288906,3.01661398187588,0.00461230177979588,0.0164815002487076,-2.04767736216731,"ENSSSCT00000075720.2","ENSSSCG00000018029","ZNF286A","ZNF286A","Significant"
"ENSSSCT00000016571.5",-1.33958533380564,-2.39936722666667,-3.02711608407311,0.00448622354383299,0.0161284411096186,-2.04770889953463,"ENSSSCT00000016571.5","ENSSSCG00000015205","HEPACAM","HEPACAM","Significant"
"ENSSSCT00000022292.4",1.93802458140654,3.03358529375549,3.25133592211467,0.0024575222426819,0.00991646722777235,-2.05000846125478,"ENSSSCT00000022292.4","ENSSSCG00000006757","TRIM33","TRIM33","Significant"
"ENSSSCT00000089182.2",3.45464543783471,0.60425914143051,3.08524631873913,0.00384514982513829,0.0143064321463892,-2.05146466820479,"ENSSSCT00000089182.2","ENSSSCG00000009334","HSPH1","HSPH1","Significant"
"ENSSSCT00000027728.4",1.97570450174829,-1.05626817390208,3.05795209030387,0.00413455501128111,0.0151345045007084,-2.05422499742621,"ENSSSCT00000027728.4","ENSSSCG00000015401",NA,"ENSSSCG00000015401","Significant"
"ENSSSCT00000062436.3",3.49397634617769,-2.70392122714037,3.02341696979759,0.00453025627048828,0.0162419700289202,-2.05438582831968,"ENSSSCT00000062436.3","ENSSSCG00000024329","C12orf43","C12orf43","Significant"
"ENSSSCT00000047671.3",1.07698899651265,2.39264696237712,3.32271673980624,0.00202121525636233,0.00844434933603759,-2.05557082783467,"ENSSSCT00000047671.3","ENSSSCG00000005946","CCN4","CCN4","Significant"
"ENSSSCT00000089988.2",2.6957979235233,1.75877649609118,3.14132218728489,0.00330958452183086,0.0126501399472184,-2.05592808807549,"ENSSSCT00000089988.2","ENSSSCG00000009018","SH3D19","SH3D19","Significant"
"ENSSSCT00000016183.4",-3.08851638952511,-0.0559894278719291,-3.08330485613542,0.00386508592062817,0.0143609414650896,-2.05921752559228,"ENSSSCT00000016183.4","ENSSSCG00000014831","PAAF1","PAAF1","Significant"
"ENSSSCT00000103982.1",-2.08362673531033,-2.2881368207698,-3.0208642134207,0.00456088047752335,0.0163355978346887,-2.05964947888263,"ENSSSCT00000103982.1","ENSSSCG00000028373","ENO2","ENO2","Significant"
"ENSSSCT00000046158.2",-1.73841438447181,-1.17561194279504,-3.09199821383147,0.00377657169714625,0.01409481033931,-2.0600720123813,"ENSSSCT00000046158.2","ENSSSCG00000016074","ANKRD44","ANKRD44","Significant"
"ENSSSCT00000029047.4",-3.69310604578435,-1.12929030911822,-3.04734422665661,0.00425248752293143,0.0154620389425289,-2.06010615090883,"ENSSSCT00000029047.4","ENSSSCG00000010928","KDM5B","KDM5B","Significant"
"ENSSSCT00000001180.4",-1.40533162374038,-4.01990533936509,-3.00706300414804,0.0047298540941373,0.0168060334443388,-2.06125225537323,"ENSSSCT00000001180.4","ENSSSCG00000001085","DCDC2","DCDC2","Significant"
"ENSSSCT00000003934.4",-1.95650407764814,-4.47872120120658,-3.0041963918977,0.00476568303181744,0.0168891662575409,-2.06341852711558,"ENSSSCT00000003934.4","ENSSSCG00000024818","RCAN3","RCAN3","Significant"
"ENSSSCT00000051186.3",3.32530805941532,-2.61274790500918,3.0285268510466,0.00446953689735694,0.0160808630546707,-2.06346931184158,"ENSSSCT00000051186.3","ENSSSCG00000005667","NUP188","NUP188","Significant"
"ENSSSCT00000085347.2",-1.24167964583497,-2.3837457911717,-3.01404354895432,0.00464366469520089,0.0165684004948927,-2.06426576786431,"ENSSSCT00000085347.2","ENSSSCG00000042107",NA,"ENSSSCG00000042107","Significant"
"ENSSSCT00000104876.1",1.75540242346681,-2.03374785264559,3.02772958057998,0.0044789598609699,0.0161094326869347,-2.06464858270473,"ENSSSCT00000104876.1","ENSSSCG00000055181","HECW2","HECW2","Significant"
"ENSSSCT00000052103.3",1.65928690305243,-1.16652842509106,3.07642753985668,0.00393649522960012,0.0145590219909362,-2.06627291786013,"ENSSSCT00000052103.3","ENSSSCG00000008144","NCK2","NCK2","Significant"
"ENSSSCT00000011319.3",-1.37116420485409,-0.536791423919549,-3.06255429746465,0.0040843566199268,0.0149963767223958,-2.06834806415466,"ENSSSCT00000011319.3","ENSSSCG00000010339","DYDC2","DYDC2","Significant"
"ENSSSCT00000103381.1",1.17487593816054,-3.41855800856741,3.01078764843481,0.0046836797986286,0.0166764984333829,-2.06984373999473,"ENSSSCT00000103381.1","ENSSSCG00000009111","SYNPO2","SYNPO2","Significant"
"ENSSSCT00000051294.3",2.17851019864176,-0.913068526655033,3.05305330597471,0.00418862808755359,0.0152848273805326,-2.06993500333123,"ENSSSCT00000051294.3","ENSSSCG00000009229","ARHGAP24","ARHGAP24","Significant"
"ENSSSCT00000058248.3",1.75711708181927,-1.59176277287413,3.0242925831754,0.00451979667441449,0.0162163244963747,-2.07003803435704,"ENSSSCT00000058248.3","ENSSSCG00000009412","LCP1","LCP1","Significant"
"ENSSSCT00000073672.2",1.56929036570536,-2.80529511905296,3.01286093090323,0.00465816170475953,0.0166092196218263,-2.0702635894063,"ENSSSCT00000073672.2","ENSSSCG00000049691",NA,"ENSSSCG00000049691","Significant"
"ENSSSCT00000106744.1",-2.29995000999566,-3.62627253393808,-3.01255606019104,0.00466190584060525,0.0166172069456615,-2.0722083896186,"ENSSSCT00000106744.1","ENSSSCG00000003612","EIF3I","EIF3I","Significant"
"ENSSSCT00000066850.1",-1.66452645122358,-5.31013891130996,-3.00081916290387,0.00480822196563113,0.017010337344557,-2.07332409622291,"ENSSSCT00000066850.1","ENSSSCG00000009246","ENOPH1","ENOPH1","Significant"
"ENSSSCT00000038429.3",-1.73956113814785,-4.97163727399936,-2.99667722154731,0.00486088126162189,0.0171668297935355,-2.07862290149604,"ENSSSCT00000038429.3","ENSSSCG00000010651","ABLIM1","ABLIM1","Significant"
"ENSSSCT00000090320.2",-1.01990782490618,-0.18223145583775,-3.05913026302086,0.00412164894613347,0.0151035395093162,-2.07868154830956,"ENSSSCT00000090320.2","ENSSSCG00000027528","TMEM107","TMEM107","Significant"
"ENSSSCT00000007784.4",1.51103880404847,-3.69452995139387,3.00186124470897,0.00479505810683666,0.0169729751943657,-2.08220497703373,"ENSSSCT00000007784.4","ENSSSCG00000007112","PAX1","PAX1","Significant"
"ENSSSCT00000075341.2",-1.38927787177005,-2.69626281554395,-3.00771466997679,0.00472174458696422,0.016784857303972,-2.08433502067538,"ENSSSCT00000075341.2","ENSSSCG00000040535","LY6E","LY6E","Significant"
"ENSSSCT00000076620.2",-1.43886693521535,-5.01121569727985,-2.99547016559535,0.00487632925807183,0.017212064428946,-2.08458127628364,"ENSSSCT00000076620.2","ENSSSCG00000021724","KIF19","KIF19","Significant"
"ENSSSCT00000106451.1",-2.65021931445181,-1.80455027744358,-3.02824663817275,0.0044728466093423,0.016090995349332,-2.08573420937993,"ENSSSCT00000106451.1","ENSSSCG00000026449","KDM4A","KDM4A","Significant"
"ENSSSCT00000059237.3",3.42246045183097,-3.28876820549686,3.0068453385464,0.00473256570579914,0.0168138359237087,-2.08739984726419,"ENSSSCT00000059237.3","ENSSSCG00000035020","STK32B","STK32B","Significant"
"ENSSSCT00000036751.3",1.12187386011141,1.95007754956426,3.19151283523278,0.00289090426484073,0.0113042747242585,-2.08776350160316,"ENSSSCT00000036751.3","ENSSSCG00000040080","PTGDS","PTGDS","Significant"
"ENSSSCT00000063077.3",-2.91838629459907,-2.04315010255316,-3.02668113927429,0.00449137993493421,0.0161363031844182,-2.08780199028724,"ENSSSCT00000063077.3","ENSSSCG00000002804","CSNK2A2","CSNK2A2","Significant"
"ENSSSCT00000089160.2",-1.45377701160966,-3.89065191089809,-2.99554438987892,0.00487537799780198,0.0172105699697202,-2.08802819082941,"ENSSSCT00000089160.2","ENSSSCG00000042703","SNX1","SNX1","Significant"
"ENSSSCT00000006150.5",-1.69294644151278,-1.60163039961114,-3.02883728733702,0.00446587290024252,0.0160730014393981,-2.08978760493712,"ENSSSCT00000006150.5","ENSSSCG00000005594","WDR38","WDR38","Significant"
"ENSSSCT00000103111.1",1.15432799753761,-2.42696813131091,3.00584089559447,0.00474509772974103,0.0168436762526376,-2.09234992535366,"ENSSSCT00000103111.1","ENSSSCG00000051810",NA,"ENSSSCG00000051810","Significant"
"ENSSSCT00000076609.1",-2.94410398335824,-2.25684965042083,-3.00429310063951,0.00476447014282813,0.01688670339567,-2.09254389115128,"ENSSSCT00000076609.1","ENSSSCG00000014915","EED","EED","Significant"
"ENSSSCT00000046301.3",-2.20575920174368,-2.85513173403819,-3.00670268147568,0.00473434367832705,0.016816487775158,-2.09303652360068,"ENSSSCT00000046301.3","ENSSSCG00000027467","DZIP1L","DZIP1L","Significant"
"ENSSSCT00000038649.2",1.87999202084837,-1.91834998154843,3.01705676988128,0.00460691933565091,0.016471542715162,-2.09442915980864,"ENSSSCT00000038649.2","ENSSSCG00000036322","SPRY4","SPRY4","Significant"
"ENSSSCT00000014834.5",-1.91779676815272,3.21613041574248,-3.32593761196463,0.00200338447431618,0.00838274478960533,-2.09722755529157,"ENSSSCT00000014834.5","ENSSSCG00000013582","XAB2","XAB2","Significant"
"ENSSSCT00000078803.2",-2.52454321507836,-1.56124413827235,-3.03019141689279,0.00444992356563782,0.0160244431117799,-2.09780579881184,"ENSSSCT00000078803.2","ENSSSCG00000021906","SYT7","SYT7","Significant"
"ENSSSCT00000051235.2",1.11329376483515,4.09434459886334,3.41248165155797,0.00157686966041721,0.00690470121049249,-2.09933569564068,"ENSSSCT00000051235.2","ENSSSCG00000006418",NA,"ENSSSCG00000006418","Significant"
"ENSSSCT00000078061.1",1.83004006298477,-3.03788361346333,3.00398453291951,0.00476834111329578,0.0168949134598887,-2.10089421927458,"ENSSSCT00000078061.1","ENSSSCG00000011080","SPAG6","SPAG6","Significant"
"ENSSSCT00000089645.2",-2.80059116577895,-3.48910282174785,-2.98985892930308,0.00494875103071473,0.0174374882314301,-2.10390858462029,"ENSSSCT00000089645.2","ENSSSCG00000038657","ATPAF1","ATPAF1","Significant"
"ENSSSCT00000091652.1",2.6495348206964,-2.04391805896368,3.02554874026315,0.00450483106394934,0.0161757171816084,-2.10511072819419,"ENSSSCT00000091652.1","ENSSSCG00000054301","COA8","COA8","Significant"
"ENSSSCT00000001022.5",-1.02794848004863,-0.0227108881774616,-3.09698984367794,0.00372661775866529,0.0139449839783683,-2.10518632177521,"ENSSSCT00000001022.5","ENSSSCG00000000936","SLC6A15","SLC6A15","Significant"
"ENSSSCT00000040434.3",-1.20086720297187,3.94096580724318,-3.45578785557062,0.00139756021182035,0.00625907323436683,-2.10618790081944,"ENSSSCT00000040434.3","ENSSSCG00000017917","MINK1","MINK1","Significant"
"ENSSSCT00000017226.5",1.89718057190374,1.0032249425445,3.13854876443927,0.00333432089241659,0.0127297656178397,-2.1074450676293,"ENSSSCT00000017226.5","ENSSSCG00000015818","DDHD2","DDHD2","Significant"
"ENSSSCT00000000698.4",-1.41531463209493,1.67165948966641,-3.18221942058705,0.0029644264982304,0.0115336708291532,-2.10859220718834,"ENSSSCT00000000698.4","ENSSSCG00000000647","OLR1","OLR1","Significant"
"ENSSSCT00000084723.1",1.71518637909905,0.804277004064828,3.09123529605352,0.00378426219426392,0.0141169433159932,-2.10901216124817,"ENSSSCT00000084723.1","ENSSSCG00000001994","TINF2","TINF2","Significant"
"ENSSSCT00000092371.1",-2.13032755040957,-2.5105939024665,-3.00499565817133,0.00475566762281898,0.0168649594484371,-2.11018167966275,"ENSSSCT00000092371.1","ENSSSCG00000053614","MYH7","MYH7","Significant"
"ENSSSCT00000104804.1",-2.13032755040957,-2.5105939024665,-3.00499565817133,0.00475566762281898,0.0168649594484371,-2.11018167966275,"ENSSSCT00000104804.1","ENSSSCG00000053614","MYH7","MYH7","Significant"
"ENSSSCT00000005775.5",1.57716667793989,1.73228617493371,3.14648716996409,0.0032639805292282,0.0125022111342759,-2.11117376628325,"ENSSSCT00000005775.5","ENSSSCG00000005241",NA,"ENSSSCG00000005241","Significant"
"ENSSSCT00000014483.5",-1.62551610902011,1.32813973488737,-3.19872466576414,0.00283504688976669,0.0111258869516073,-2.11190456839277,"ENSSSCT00000014483.5","ENSSSCG00000013259","DGKZ","DGKZ","Significant"
"ENSSSCT00000014991.5",1.89193814479357,-3.16039598711153,2.99925691900204,0.00482802041675956,0.0170729693783111,-2.1119611140313,"ENSSSCT00000014991.5","ENSSSCG00000029347",NA,"ENSSSCG00000029347","Significant"
"ENSSSCT00000032210.4",2.72084004868536,-1.62866660913997,3.01177106849244,0.00467155942560374,0.01664606814343,-2.11228104276733,"ENSSSCT00000032210.4","ENSSSCG00000017073","FAM114A2","FAM114A2","Significant"
"ENSSSCT00000012397.5",1.77613796708156,-3.16137457459764,2.99134609653551,0.0049294588356925,0.0173732651474347,-2.1126877288701,"ENSSSCT00000012397.5","ENSSSCG00000011322","CCR1","CCR1","Significant"
"ENSSSCT00000095978.1",2.19892717931565,-1.12413491262009,3.02424995012731,0.00452030541767774,0.0162163244963747,-2.11280937003128,"ENSSSCT00000095978.1","ENSSSCG00000031111","CBR1","CBR1","Significant"
"ENSSSCT00000043047.3",1.4717278682059,0.397717795524079,3.09810022069736,0.00371559091540327,0.0139117048927203,-2.11414027539339,"ENSSSCT00000043047.3","ENSSSCG00000031856","DACT1","DACT1","Significant"
"ENSSSCT00000088837.1",1.64136300320802,-4.23427603372925,2.98825493145153,0.0049696384456063,0.01750352078217,-2.11671826706462,"ENSSSCT00000088837.1","ENSSSCG00000016885","ITGA1","ITGA1","Significant"
"ENSSSCT00000005012.4",-2.90267565123436,-3.97627266602724,-2.98271299971008,0.00504244628999334,0.0177216685177259,-2.11735987048959,"ENSSSCT00000005012.4","ENSSSCG00000004538","WDR7","WDR7","Significant"
"ENSSSCT00000067784.2",1.67587850017837,-0.127057926998779,3.06300425594835,0.00407947972496357,0.014986744445376,-2.11860843726188,"ENSSSCT00000067784.2","ENSSSCG00000004370","ATG5","ATG5","Significant"
"ENSSSCT00000048879.3",2.85956923625764,-1.1362048152034,3.03425955561249,0.00440233031574387,0.0158846367435274,-2.11979412105932,"ENSSSCT00000048879.3","ENSSSCG00000009885","HECTD4","HECTD4","Significant"
"ENSSSCT00000028109.4",1.51858693928662,-2.67722773246293,3.01522048711285,0.0046292795263001,0.0165279270341095,-2.1219586238465,"ENSSSCT00000028109.4","ENSSSCG00000023909","THPO","THPO","Significant"
"ENSSSCT00000103942.1",-1.26638242530328,-3.90949271468233,-2.97883071182682,0.00509404682898873,0.017870271445271,-2.12329936609881,"ENSSSCT00000103942.1","ENSSSCG00000053796",NA,"ENSSSCG00000053796","Significant"
"ENSSSCT00000061045.3",-3.37902444969669,-1.37197791168636,-3.00550422483843,0.00474930522261099,0.0168567763420432,-2.12374834029882,"ENSSSCT00000061045.3","ENSSSCG00000035006","PIGW","PIGW","Significant"
"ENSSSCT00000046284.3",1.75645466335147,-2.74816026308888,2.98364185928192,0.00503017367494109,0.0176880697258174,-2.12676736253505,"ENSSSCT00000046284.3","ENSSSCG00000011278","TRAK1","TRAK1","Significant"
"ENSSSCT00000079033.2",2.2975209213996,-4.76134759378906,2.97715366716492,0.00511649015573315,0.0179335675163969,-2.12860714304757,"ENSSSCT00000079033.2","ENSSSCG00000035842","SUMO1","SUMO1","Significant"
"ENSSSCT00000084770.2",-2.68181026081655,-0.200012736422228,-3.03262957190627,0.00442134160232292,0.0159408848393383,-2.13012678254331,"ENSSSCT00000084770.2","ENSSSCG00000039148","P4HB","P4HB","Significant"
"ENSSSCT00000038671.1",-2.03693146085424,1.8664117313722,-3.14429423424869,0.00328326971484082,0.0125629523454503,-2.13206557259243,"ENSSSCT00000038671.1","ENSSSCG00000014280","RAD50","RAD50","Significant"
"ENSSSCT00000037316.2",-1.54083198046672,-5.15038548890987,-2.97119166402231,0.00519703290881109,0.0181592606321806,-2.13309478790472,"ENSSSCT00000037316.2","ENSSSCG00000016397","NEB","NEB","Significant"
"ENSSSCT00000101986.1",-2.20320673233164,-4.84066237025824,-2.96937172762111,0.00522185559491911,0.0182225601858871,-2.14003931890804,"ENSSSCT00000101986.1","ENSSSCG00000006370","TSTD1","TSTD1","Significant"
"ENSSSCT00000067896.2",1.19736075592073,-3.57766191014237,2.97764651258487,0.00510988493924621,0.0179138690643218,-2.1405713756179,"ENSSSCT00000067896.2","ENSSSCG00000053122",NA,"ENSSSCG00000053122","Significant"
"ENSSSCT00000032879.5",2.03273198254473,-0.31390680242643,3.04016672675143,0.00433407620700534,0.0157113876643543,-2.14155037308962,"ENSSSCT00000032879.5","ENSSSCG00000001413","GPANK1","GPANK1","Significant"
"ENSSSCT00000061245.3",-1.66681303406261,-4.81756039790695,-2.96802380871893,0.00524031209249559,0.0182771860787041,-2.14376674635935,"ENSSSCT00000061245.3","ENSSSCG00000033450","PDAP1","PDAP1","Significant"
"ENSSSCT00000067292.1",2.06945112863178,-2.82841607458702,2.99224120308558,0.00491788126353122,0.0173353995358294,-2.14448584186379,"ENSSSCT00000067292.1","ENSSSCG00000017562","CACNA1G","CACNA1G","Significant"
"ENSSSCT00000038511.3",1.57401432622258,2.00555810697972,3.23368283606372,0.00257851766046671,0.0103191346264707,-2.14489881822474,"ENSSSCT00000038511.3","ENSSSCG00000008799","LIMCH1","LIMCH1","Significant"
"ENSSSCT00000072739.2",-1.79061116050379,-4.57806002909637,-2.97166422655628,0.00519060564789604,0.018142635778731,-2.14508567976862,"ENSSSCT00000072739.2","ENSSSCG00000036952","GTPBP8","GTPBP8","Significant"
"ENSSSCT00000056801.3",1.7615218205154,-3.20700770221951,2.973457140149,0.00516628837567709,0.018078361720022,-2.14528512237871,"ENSSSCT00000056801.3","ENSSSCG00000032585","ZNF613","ZNF613","Significant"
"ENSSSCT00000060365.3",1.81676895728079,-4.28082936412138,2.96795344579397,0.00524127722529194,0.0182785969251704,-2.14564726010919,"ENSSSCT00000060365.3","ENSSSCG00000010768","CFAP46","CFAP46","Significant"
"ENSSSCT00000009371.5",-1.01295882531374,-4.39300699786662,-2.96654918556207,0.00526057373735811,0.0183282481441359,-2.1467824293897,"ENSSSCT00000009371.5","ENSSSCG00000008565","CIMIP2C","CIMIP2C","Significant"
"ENSSSCT00000087022.2",2.02916217133743,-3.03163551556334,2.98041595367883,0.00507291723420243,0.0178104116873893,-2.14754846632541,"ENSSSCT00000087022.2","ENSSSCG00000008113","MRPS5","MRPS5","Significant"
"ENSSSCT00000058560.2",-1.1612237602173,2.81670051494094,-3.30501139703252,0.00212196958916947,0.00878647402657879,-2.1491127194509,"ENSSSCT00000058560.2","ENSSSCG00000004666","SQOR","SQOR","Significant"
"ENSSSCT00000065221.3",-1.37709954167435,-1.31701291979589,-2.99786966501476,0.00484566552646523,0.0171223668391538,-2.14934934444227,"ENSSSCT00000065221.3","ENSSSCG00000036621","FAM229B","FAM229B","Significant"
"ENSSSCT00000051995.2",1.02694517696147,2.69604261529464,3.26448000070404,0.00237096369954345,0.00962796119814605,-2.14959782679924,"ENSSSCT00000051995.2","ENSSSCG00000008337","AAK1","AAK1","Significant"
"ENSSSCT00000063969.2",3.98702437794736,-0.0841073842622911,3.01488873801621,0.00463333008587299,0.0165405774794485,-2.1565390326735,"ENSSSCT00000063969.2","ENSSSCG00000037416","CLIC5","CLIC5","Significant"
"ENSSSCT00000074611.2",-1.08396632763265,-0.223478931919822,-3.04356694525826,0.00429524254842057,0.0155938215566866,-2.15693490240138,"ENSSSCT00000074611.2","ENSSSCG00000046594",NA,"ENSSSCG00000046594","Significant"
"ENSSSCT00000016385.5",-1.37605156568631,0.730995276856068,-3.10061850799179,0.00369069678211766,0.0138359753804949,-2.15757006860694,"ENSSSCT00000016385.5","ENSSSCG00000015021","HOATZ","HOATZ","Significant"
"ENSSSCT00000097650.1",-1.52934858406851,-3.91488531216472,-2.96229644896848,0.00531942049064193,0.0184751198877017,-2.15786216418699,"ENSSSCT00000097650.1","ENSSSCG00000040051",NA,"ENSSSCG00000040051","Significant"
"ENSSSCT00000105308.1",-1.36187648074272,-2.32771041395957,-2.98003302997203,0.00507801363614502,0.0178216960810411,-2.16015028220247,"ENSSSCT00000105308.1","ENSSSCG00000054041",NA,"ENSSSCG00000054041","Significant"
"ENSSSCT00000056528.3",-1.43311405883179,0.569774505922995,-3.08425136145585,0.00385535446389729,0.0143362199978224,-2.16097080099694,"ENSSSCT00000056528.3","ENSSSCG00000011769","FXR1","FXR1","Significant"
"ENSSSCT00000030403.4",1.6043778379419,0.0746199444834182,3.05587072733381,0.00415744819843948,0.0152029431428803,-2.16315546803104,"ENSSSCT00000030403.4","ENSSSCG00000021746","MRPL35","MRPL35","Significant"
"ENSSSCT00000031026.3",-1.38447768379634,-0.0579353383875156,-3.05000714709755,0.00422258767347802,0.0153859240619219,-2.16346348333719,"ENSSSCT00000031026.3","ENSSSCG00000023904","CFAP57","CFAP57","Significant"
"ENSSSCT00000047876.3",1.46099446867688,0.801624270835184,3.1312988721195,0.00339981347691301,0.0129388955995415,-2.16456034542875,"ENSSSCT00000047876.3","ENSSSCG00000021562","PLXNA4","PLXNA4","Significant"
"ENSSSCT00000037517.3",4.44791346274464,-2.00498449812252,2.97665452073872,0.00512318800427773,0.0179531837587566,-2.16528601313057,"ENSSSCT00000037517.3","ENSSSCG00000005444","TMEM245","TMEM245","Significant"
"ENSSSCT00000024927.3",-1.47104822783556,3.10539716698353,-3.28675025353856,0.00223089803010706,0.00915266130283258,-2.16723973433462,"ENSSSCT00000024927.3","ENSSSCG00000022163","GNAL","GNAL","Significant"
"ENSSSCT00000087670.1",-1.47417379696813,-2.56060886970272,-2.96924863187026,0.00522353855512092,0.0182260993355901,-2.16866512825348,"ENSSSCT00000087670.1","ENSSSCG00000050206",NA,"ENSSSCG00000050206","Significant"
"ENSSSCT00000089765.1",-1.06280698127868,-2.55961641237095,-2.96666069186114,0.0052590390461994,0.0183266553167474,-2.16871777581577,"ENSSSCT00000089765.1","ENSSSCG00000046234",NA,"ENSSSCG00000046234","Significant"
"ENSSSCT00000009683.4",3.38438541243059,-1.14832121173358,3.00521070857859,0.00475297626549415,0.0168632493553492,-2.16908737317317,"ENSSSCT00000009683.4","ENSSSCG00000008844","KDR","KDR","Significant"
"ENSSSCT00000071738.2",-2.00259371015695,-5.12299933612611,-2.95396428327147,0.00543651372601917,0.0187939920212682,-2.16998953805608,"ENSSSCT00000071738.2","ENSSSCG00000004709","ZSCAN29","ZSCAN29","Significant"
"ENSSSCT00000019163.5",1.19740976648034,0.0866685871684175,3.05993784967703,0.00411282437941959,0.0150795384075229,-2.1703551110363,"ENSSSCT00000019163.5","ENSSSCG00000017602","STXBP4","STXBP4","Significant"
"ENSSSCT00000086620.1",1.25923415833524,-0.267599225484046,3.03581635868892,0.00438424457850922,0.0158298903917735,-2.17044523173797,"ENSSSCT00000086620.1","ENSSSCG00000003577","WASF2","WASF2","Significant"
"ENSSSCT00000098164.1",-1.01091116488242,-0.781802111256734,-3.00948589099462,0.00469976915702178,0.0167173547453129,-2.17110846397581,"ENSSSCT00000098164.1","ENSSSCG00000006308","CREG1","CREG1","Significant"
"ENSSSCT00000051079.3",2.38283901551568,1.5843167324872,3.11033627836851,0.00359610489086402,0.0135561803516858,-2.17439915360045,"ENSSSCT00000051079.3","ENSSSCG00000007830","RBBP6","RBBP6","Significant"
"ENSSSCT00000024653.4",-2.7378139107047,-1.99099618795868,-2.98480161620334,0.00501488976363192,0.0176438400618814,-2.17493483567263,"ENSSSCT00000024653.4","ENSSSCG00000025355","ZNF146","ZNF146","Significant"
"ENSSSCT00000072954.2",-2.55099038792628,-4.31175380621835,-2.95451922550545,0.00542864036833623,0.0187713851489272,-2.17532827848751,"ENSSSCT00000072954.2","ENSSSCG00000016781","TRIO","TRIO","Significant"
"ENSSSCT00000004184.5",-1.61153664324936,0.704942424822104,-3.10897132999724,0.00360925126445574,0.0135978770772261,-2.17560873340685,"ENSSSCT00000004184.5","ENSSSCG00000003781",NA,"ENSSSCG00000003781","Significant"
"ENSSSCT00000099935.1",-2.78983261708285,-0.859610737667254,-3.02677379297169,0.00449028103150997,0.01613413299001,-2.17882813963941,"ENSSSCT00000099935.1","ENSSSCG00000009241","COPS4","COPS4","Significant"
"ENSSSCT00000066775.2",1.25505174584366,-2.86442729077996,2.96276380280405,0.00531292340358681,0.0184613188373169,-2.1790445856197,"ENSSSCT00000066775.2","ENSSSCG00000013658","S1PR2","S1PR2","Significant"
"ENSSSCT00000041089.2",-1.21581237698711,-0.125106597523881,-3.06255016246247,0.00408440146285347,0.0149963767223958,-2.18067068316559,"ENSSSCT00000041089.2","ENSSSCG00000038956","HEYL","HEYL","Significant"
"ENSSSCT00000042660.3",-1.68244073533347,-3.89960422023617,-2.95152874456243,0.00547119546028526,0.0188924864210062,-2.18144365737364,"ENSSSCT00000042660.3","ENSSSCG00000010992",NA,"ENSSSCG00000010992","Significant"
"ENSSSCT00000083314.2",-1.89116521224436,-4.83199345417191,-2.94913685862229,0.00550545777464742,0.0189886750539093,-2.18187934058275,"ENSSSCT00000083314.2","ENSSSCG00000014831","PAAF1","PAAF1","Significant"
"ENSSSCT00000060159.3",1.67428255187874,-1.54214625231066,2.99736437776931,0.0048521075749323,0.0171414146032173,-2.18213317096895,"ENSSSCT00000060159.3","ENSSSCG00000021874","UNC5C","UNC5C","Significant"
"ENSSSCT00000060059.3",-3.33313853251866,-0.887492292970652,-3.0276443514291,0.0044799682943647,0.0161112824034267,-2.18276810777164,"ENSSSCT00000060059.3","ENSSSCG00000014195","MAN2A1","MAN2A1","Significant"
"ENSSSCT00000014867.5",-1.20089952734651,-2.57651717261841,-2.96192018433117,0.00532465669378436,0.0184827129581374,-2.1830619932945,"ENSSSCT00000014867.5","ENSSSCG00000032282","ACP5","ACP5","Significant"
"ENSSSCT00000005354.5",1.30221172250884,-4.91093670261819,2.9483521688395,0.00551674181048786,0.0190175354186029,-2.18368059600591,"ENSSSCT00000005354.5","ENSSSCG00000004850","ENTREP2","ENTREP2","Significant"
"ENSSSCT00000011099.5",-1.83827599893172,-4.95667707523768,-2.94859342411795,0.00551327018862088,0.0190075775858936,-2.18385713071777,"ENSSSCT00000011099.5","ENSSSCG00000010138","ZDHHC8","ZDHHC8","Significant"
"ENSSSCT00000047044.3",-1.59623153320743,-1.63372566931114,-2.99669725204681,0.00486062529877584,0.0171668297935355,-2.18431535234868,"ENSSSCT00000047044.3","ENSSSCG00000016203","CFAP65","CFAP65","Significant"
"ENSSSCT00000019335.4",-1.13915938990533,-0.151979063834796,-3.01281483651908,0.00465872761084934,0.0166094209977181,-2.18513941459058,"ENSSSCT00000019335.4","ENSSSCG00000017763","SLC13A2","SLC13A2","Significant"
"ENSSSCT00000050677.3",-1.91061154709404,-2.62570827722194,-2.96259995406497,0.00531520035611913,0.0184633275528349,-2.18627807329354,"ENSSSCT00000050677.3","ENSSSCG00000031219","NAPB","NAPB","Significant"
"ENSSSCT00000103373.1",2.24574602031994,-3.64180990897183,2.95116807774727,0.00547634893849211,0.0189042753616302,-2.19026390492192,"ENSSSCT00000103373.1","ENSSSCG00000061860",NA,"ENSSSCG00000061860","Significant"
"ENSSSCT00000025796.4",-1.8045488604076,2.03519101270464,-3.23700881021713,0.00255529616579966,0.0102378230959875,-2.19162705098158,"ENSSSCT00000025796.4","ENSSSCG00000030049","HNRNPUL1","HNRNPUL1","Significant"
"ENSSSCT00000035933.4",1.36293442611041,-2.88246599521338,2.95318543894397,0.00544758183569269,0.0188228247944102,-2.19433592541175,"ENSSSCT00000035933.4","ENSSSCG00000030998","WIF1","WIF1","Significant"
"ENSSSCT00000094456.1",2.03082228680953,-2.78065824023896,2.96662323953552,0.00525955446567308,0.0183266553167474,-2.19601670915958,"ENSSSCT00000094456.1","ENSSSCG00000004249","CEP85L","CEP85L","Significant"
"ENSSSCT00000035731.4",1.18875954078309,1.6007305606709,3.15513205449642,0.00318898119378767,0.0122726089285001,-2.19693535219066,"ENSSSCT00000035731.4","ENSSSCG00000012459","APOOL","APOOL","Significant"
"ENSSSCT00000067061.1",-1.34190663886557,-5.21154412019568,-2.93887907064334,0.0056546922885106,0.0194130343660735,-2.20318536810728,"ENSSSCT00000067061.1","ENSSSCG00000013362","UEVLD","UEVLD","Significant"
"ENSSSCT00000061079.3",2.33152039960127,1.36725880302428,3.10703071322953,0.00362802046071581,0.0136606974363296,-2.20502498204729,"ENSSSCT00000061079.3","ENSSSCG00000008635","NOL10","NOL10","Significant"
"ENSSSCT00000027039.4",-1.17056097174442,1.31852194493211,-3.07409359309852,0.00396101140232767,0.0146323154046557,-2.2050908693839,"ENSSSCT00000027039.4","ENSSSCG00000017937","PHF23","PHF23","Significant"
"ENSSSCT00000022284.4",1.98014714410974,-3.44154610506946,2.94730291714042,0.00553186425676355,0.0190555856721071,-2.20544802022812,"ENSSSCT00000022284.4","ENSSSCG00000023525","TMEM26","TMEM26","Significant"
"ENSSSCT00000070346.1",1.8298241778519,-0.236176883792006,2.99622175086848,0.00486670499051674,0.0171855355259188,-2.20754306522693,"ENSSSCT00000070346.1","ENSSSCG00000023983","AGPS","AGPS","Significant"
"ENSSSCT00000091313.2",-2.18308022087713,-1.37705746507758,-2.9764615641144,0.00512577942237312,0.0179603344746967,-2.2090574402946,"ENSSSCT00000091313.2","ENSSSCG00000015876",NA,"ENSSSCG00000015876","Significant"
"ENSSSCT00000097918.1",-2.17107742566399,-4.70316689706311,-2.93702424806534,0.00568207920935326,0.0194885872650698,-2.20926799081786,"ENSSSCT00000097918.1","ENSSSCG00000014887","ALG8","ALG8","Significant"
"ENSSSCT00000060641.2",1.71201300577416,0.0150796716162848,3.0455127623141,0.00427316745194189,0.0155268418146788,-2.21008952228622,"ENSSSCT00000060641.2","ENSSSCG00000022073","ZBTB38","ZBTB38","Significant"
"ENSSSCT00000038999.2",-1.62695240018255,3.59100212287786,-3.27242699333855,0.00232004702873624,0.00945180723790032,-2.21160136090369,"ENSSSCT00000038999.2","ENSSSCG00000006232","RAB2A","RAB2A","Significant"
"ENSSSCT00000037450.2",1.82135558513953,-4.7019559656244,2.93720372523539,0.0056794237530193,0.0194815288841074,-2.21167029020335,"ENSSSCT00000037450.2","ENSSSCG00000014280","RAD50","RAD50","Significant"
"ENSSSCT00000039573.3",1.23035545652313,-3.80495361952797,2.94404829515499,0.00557901985613321,0.0191936650194542,-2.21167886298293,"ENSSSCT00000039573.3","ENSSSCG00000033313","SPMIP4","SPMIP4","Significant"
"ENSSSCT00000063319.2",1.35435750849262,-1.940454702985,2.97290819829919,0.00517372226719787,0.018093321977874,-2.21304665794012,"ENSSSCT00000063319.2","ENSSSCG00000015953","DLX1","DLX1","Significant"
"ENSSSCT00000027298.4",2.0056085109821,-1.05119405865505,2.97321760214735,0.00516953101601296,0.0180825436376018,-2.21321833741542,"ENSSSCT00000027298.4","ENSSSCG00000006474","NES","NES","Significant"
"ENSSSCT00000012271.4",-1.48717994155675,-4.1832441532121,-2.93949826837774,0.0056455773000587,0.0193858243592537,-2.21324795356076,"ENSSSCT00000012271.4","ENSSSCG00000011205","EFHB","EFHB","Significant"
"ENSSSCT00000046092.3",2.58819892739547,-4.29645882581557,2.93971164765273,0.00564243941689061,0.0193770902410261,-2.21499732377416,"ENSSSCT00000046092.3","ENSSSCG00000011511","FRMD4B","FRMD4B","Significant"
"ENSSSCT00000082688.1",-1.26833098171711,-0.0705990726902869,-3.0624983167464,0.00408496375441668,0.0149967524207861,-2.21501738087749,"ENSSSCT00000082688.1","ENSSSCG00000004595","ADAM10","ADAM10","Significant"
"ENSSSCT00000070525.1",2.1876652939456,-2.02947552543771,2.95393654718352,0.00543690751885051,0.0187939920212682,-2.21676569821803,"ENSSSCT00000070525.1","ENSSSCG00000015896","FAP","FAP","Significant"
"ENSSSCT00000084350.1",2.4297725776879,-1.52985628980638,3.02398196058851,0.00452350459274769,0.0162231155804582,-2.21943274281276,"ENSSSCT00000084350.1","ENSSSCG00000003193","TBC1D17","TBC1D17","Significant"
"ENSSSCT00000049246.3",2.0658878898266,-0.677031184226622,3.02536660047793,0.00450699814220428,0.0161817164880992,-2.21959634420322,"ENSSSCT00000049246.3","ENSSSCG00000023133","OSBPL6","OSBPL6","Significant"
"ENSSSCT00000027115.4",2.48385403230036,1.45429774129428,3.0946996206136,0.00374945916442525,0.0140111594953491,-2.21987191152711,"ENSSSCT00000027115.4","ENSSSCG00000027840","COPE","COPE","Significant"
"ENSSSCT00000015440.5",1.8429652382917,-4.38906645355634,2.93401252804118,0.00572681336437693,0.0196234390890326,-2.22197403616812,"ENSSSCT00000015440.5","ENSSSCG00000014136","VCAN","VCAN","Significant"
"ENSSSCT00000065424.3",-1.4813404355986,-3.36504901048859,-2.93742446943174,0.00567615932737819,0.0194723799147557,-2.22314148373226,"ENSSSCT00000065424.3","ENSSSCG00000052738","FAM47E","FAM47E","Significant"
"ENSSSCT00000084747.2",-1.86371052625108,-1.94016019172937,-2.98287192043413,0.00504034454436457,0.0177161916261818,-2.22479113720277,"ENSSSCT00000084747.2","ENSSSCG00000015022","LAYN","LAYN","Significant"
"ENSSSCT00000042894.2",-1.33714263780767,-3.3415372871424,-2.9387449082984,0.00565666906450195,0.0194177761822512,-2.22480179975307,"ENSSSCT00000042894.2","ENSSSCG00000001868","TSPAN3","TSPAN3","Significant"
"ENSSSCT00000044716.3",-3.18911956262241,-1.66162338283495,-2.95820345863434,0.00537664057694081,0.0186231795783043,-2.22545076626429,"ENSSSCT00000044716.3","ENSSSCG00000014280","RAD50","RAD50","Significant"
"ENSSSCT00000038012.3",3.07727805933712,-1.22529165408238,3.0040307945895,0.00476776057369322,0.0168946925056726,-2.22640486170645,"ENSSSCT00000038012.3","ENSSSCG00000015284","MDM4","MDM4","Significant"
"ENSSSCT00000038090.3",3.07256329993178,-1.50870368850964,2.98558945174911,0.00500453217049104,0.0176131009160935,-2.22979638560532,"ENSSSCT00000038090.3","ENSSSCG00000022656","SRFBP1","SRFBP1","Significant"
"ENSSSCT00000084465.2",-1.21317777783319,-3.98593816762519,-2.92819687759668,0.0058141321557263,0.0198704365624005,-2.23239020662177,"ENSSSCT00000084465.2","ENSSSCG00000042524",NA,"ENSSSCG00000042524","Significant"
"ENSSSCT00000035633.4",-1.18033335518132,1.65725794250537,-3.14481625419738,0.00327866822237738,0.0125510976543844,-2.23323142239044,"ENSSSCT00000035633.4","ENSSSCG00000017254","MAP2K6","MAP2K6","Significant"
"ENSSSCT00000063242.3",-2.14090042477034,-2.54400188558076,-2.94480619726649,0.00556800516127226,0.0191638594192041,-2.23553400360496,"ENSSSCT00000063242.3","ENSSSCG00000017566","ACSF2","ACSF2","Significant"
"ENSSSCT00000054960.2",-1.09155904412294,1.53711093676695,-3.15098288233112,0.00322477136882513,0.0123796592145502,-2.23666976671007,"ENSSSCT00000054960.2","ENSSSCG00000000516","KCNC2","KCNC2","Significant"
"ENSSSCT00000070508.1",-1.7907904536371,-2.32726940377643,-2.94606487699995,0.00554975770205141,0.0191091245239924,-2.23767509623137,"ENSSSCT00000070508.1","ENSSSCG00000048082",NA,"ENSSSCG00000048082","Significant"
"ENSSSCT00000046930.2",-1.59606811515023,-4.77872756811977,-2.92375920525279,0.0058815999435884,0.0200547672621581,-2.23886083286763,"ENSSSCT00000046930.2","ENSSSCG00000025087","ASPH","ASPH","Significant"
"ENSSSCT00000072277.2",-1.06368157596903,-0.63091556831795,-2.98964936498659,0.00495147529763754,0.0174452021400664,-2.24327417562668,"ENSSSCT00000072277.2","ENSSSCG00000041717",NA,"ENSSSCG00000041717","Significant"
"ENSSSCT00000049128.2",1.66576274603339,-3.55768004785036,2.92802187583135,0.00581677897126103,0.0198773987610308,-2.24481680506009,"ENSSSCT00000049128.2","ENSSSCG00000016626","CFTR","CFTR","Significant"
"ENSSSCT00000041640.3",-1.91067930748906,-0.0612567703152467,-3.00649969361174,0.00473687465395832,0.0168219653439017,-2.24553733135765,"ENSSSCT00000041640.3","ENSSSCG00000015332","PON1","PON1","Significant"
"ENSSSCT00000023350.4",-1.68762065866735,-0.625232845344863,-2.97492799267658,0.00514641925040993,0.018024906353031,-2.24626996903585,"ENSSSCT00000023350.4","ENSSSCG00000028423",NA,"ENSSSCG00000028423","Significant"
"ENSSSCT00000038677.3",3.26308593224845,-3.00160556256343,2.93991757593558,0.00563941265807581,0.0193687359426845,-2.24720243262777,"ENSSSCT00000038677.3","ENSSSCG00000022178","NUMB","NUMB","Significant"
"ENSSSCT00000056890.3",1.14709651746103,-4.03127011273141,2.92138933778082,0.00591793015633901,0.02015966929446,-2.2480430566997,"ENSSSCT00000056890.3","ENSSSCG00000000863","SYCP3","SYCP3","Significant"
"ENSSSCT00000053340.3",1.85253775565343,-0.243961264068841,2.98180537880881,0.00505446549518652,0.0177562539602479,-2.24927624420501,"ENSSSCT00000053340.3","ENSSSCG00000000939","ACSS3","ACSS3","Significant"
"ENSSSCT00000011561.4",-2.61529346300855,-4.3071254614896,-2.92045512248288,0.0059323094874674,0.0201981013501866,-2.25104844874694,"ENSSSCT00000011561.4","ENSSSCG00000010569","OGA","OGA","Significant"
"ENSSSCT00000051082.2",-2.08718447939482,-1.36615502664347,-2.94408237392658,0.00557852414570343,0.0191936650194542,-2.25148115185941,"ENSSSCT00000051082.2","ENSSSCG00000038745","SERPINF2","SERPINF2","Significant"
"ENSSSCT00000042425.2",3.09051842976264,-2.24345638273289,2.93314335947521,0.00573978476669155,0.0196596220751351,-2.25350600524346,"ENSSSCT00000042425.2","ENSSSCG00000004936","INTS14","INTS14","Significant"
"ENSSSCT00000040636.3",1.34881110865869,-1.11951982666876,2.95121016261295,0.00547574736343802,0.0189042753616302,-2.25717471267408,"ENSSSCT00000040636.3","ENSSSCG00000003212","NAPSA","NAPSA","Significant"
"ENSSSCT00000004260.5",-1.90100287121914,-5.18300351725564,-2.91322133251345,0.00604476530736091,0.0205359516600182,-2.25755286857019,"ENSSSCT00000004260.5","ENSSSCG00000003848","LRP8","LRP8","Significant"
"ENSSSCT00000074893.2",2.9138934044587,-2.35411550168125,2.95014249803785,0.00549102811959852,0.0189429140632092,-2.25775043960488,"ENSSSCT00000074893.2","ENSSSCG00000010746","ADAM12","ADAM12","Significant"
"ENSSSCT00000049010.3",-1.71588291604797,-1.19823574948803,-2.96437936862585,0.00529052144426586,0.0183954671080181,-2.25953940255225,"ENSSSCT00000049010.3","ENSSSCG00000040193",NA,"ENSSSCG00000040193","Significant"
"ENSSSCT00000025248.4",-2.82581301389004,-3.3519297884107,-2.91908862059738,0.00595340155049028,0.0202635665677195,-2.25963894517435,"ENSSSCT00000025248.4","ENSSSCG00000013246","CSTPP1","CSTPP1","Significant"
"ENSSSCT00000018606.5",3.59689206279708,-1.37739714954739,2.94906411123911,0.00550650298785911,0.0189892620958899,-2.26158456852977,"ENSSSCT00000018606.5","ENSSSCG00000017089","ANXA6","ANXA6","Significant"
"ENSSSCT00000082459.2",-2.03317249059259,-1.41274557980829,-2.95580034194236,0.00541050515625604,0.0187225758983838,-2.26282364849976,"ENSSSCT00000082459.2","ENSSSCG00000000967","CIMAP1B","CIMAP1B","Significant"
"ENSSSCT00000081211.2",-1.08707101831735,-3.44643052002349,-2.91465829119486,0.00602226862268649,0.020474457369559,-2.26804180919589,"ENSSSCT00000081211.2","ENSSSCG00000041575",NA,"ENSSSCG00000041575","Significant"
"ENSSSCT00000007695.5",1.02039579949587,3.89409513671576,3.32746060762022,0.00199500555538139,0.0083616353165773,-2.26992890825507,"ENSSSCT00000007695.5","ENSSSCG00000007026",NA,"ENSSSCG00000007026","Significant"
"ENSSSCT00000096886.1",-3.53429740413108,-0.824757193668745,-2.97641039122847,0.00512646688385298,0.0179608130540665,-2.27429413780335,"ENSSSCT00000096886.1","ENSSSCG00000003612","EIF3I","EIF3I","Significant"
"ENSSSCT00000041465.1",-1.4170962380175,0.737155691327399,-3.02009310480263,0.00457016940827195,0.0163634750040961,-2.27435244466925,"ENSSSCT00000041465.1","ENSSSCG00000039368","SLC35D2","SLC35D2","Significant"
"ENSSSCT00000041932.3",1.20670241851961,-3.80257665673166,2.90972216746258,0.00609987734461462,0.0206928966689007,-2.2749340965714,"ENSSSCT00000041932.3","ENSSSCG00000016009","ITGA4","ITGA4","Significant"
"ENSSSCT00000105714.1",1.60076089539288,-3.99029708093764,2.91487017233673,0.00601895810985631,0.0204653363451617,-2.27642684562995,"ENSSSCT00000105714.1","ENSSSCG00000059465",NA,"ENSSSCG00000059465","Significant"
"ENSSSCT00000010752.4",-1.59466743745219,0.131090304232766,-3.04164291914487,0.00431717620236734,0.0156623136644024,-2.27658791606892,"ENSSSCT00000010752.4","ENSSSCG00000009809","MORN3","MORN3","Significant"
"ENSSSCT00000088092.2",-2.34574430924484,-3.01877144667431,-2.91163373912335,0.00606971188761739,0.0206105291107018,-2.27804680133877,"ENSSSCT00000088092.2","ENSSSCG00000011881","IQCB1","IQCB1","Significant"
"ENSSSCT00000017266.5",-2.38631128745953,-4.13607124443314,-2.91370992369131,0.00603710721445936,0.0205163480946668,-2.27873812452907,"ENSSSCT00000017266.5","ENSSSCG00000015857","UGGT1","UGGT1","Significant"
"ENSSSCT00000059479.3",-1.36218634078442,-5.10286226910195,-2.9036637444668,0.006196412946185,0.0209550718491252,-2.27918324937345,"ENSSSCT00000059479.3","ENSSSCG00000015903","SLC38A11","SLC38A11","Significant"
"ENSSSCT00000068643.1",1.42693408227794,3.66572917685635,3.27997458419602,0.00227265540767228,0.00929473869941632,-2.28028922661557,"ENSSSCT00000068643.1","ENSSSCG00000050689",NA,"ENSSSCG00000050689","Significant"
"ENSSSCT00000007007.4",-1.84144907299519,1.08885326530838,-3.0708833241266,0.0039949683966451,0.0147221957180574,-2.28113136349546,"ENSSSCT00000007007.4","ENSSSCG00000006394","CFAP45","CFAP45","Significant"
"ENSSSCT00000012683.5",-1.49856557302129,1.1430985940727,-3.07150190266933,0.00398840399108658,0.0147101723671252,-2.28132107287632,"ENSSSCT00000012683.5","ENSSSCG00000011587","EFCAB12","EFCAB12","Significant"
"ENSSSCT00000054197.3",-2.54865095639917,-2.28532863767723,-2.92200492199312,0.00590847303058756,0.0201316600156,-2.28227856564456,"ENSSSCT00000054197.3","ENSSSCG00000038397","PTK2","PTK2","Significant"
"ENSSSCT00000003486.5",-1.92199870673685,-2.47195078107664,-2.92473300833662,0.00586673221242084,0.0200103501468531,-2.28273268131183,"ENSSSCT00000003486.5","ENSSSCG00000003143","MAMSTR","MAMSTR","Significant"
"ENSSSCT00000012792.4",2.33735269405193,-0.307847773209748,2.96997299843178,0.00521364236859834,0.0182016913787108,-2.28367366542094,"ENSSSCT00000012792.4","ENSSSCG00000011684","U2SURP","U2SURP","Significant"
"ENSSSCT00000037982.3",-1.75243155429057,-0.0902135585159312,-3.0530192423124,0.00418900641105438,0.0152848273805326,-2.28573344427282,"ENSSSCT00000037982.3","ENSSSCG00000040838","AGBL2","AGBL2","Significant"
"ENSSSCT00000018381.5",-3.42632269504301,-1.24008343982008,-2.95999680794163,0.0053514986878038,0.0185571165426392,-2.28578092388348,"ENSSSCT00000018381.5","ENSSSCG00000016877","NNT","NNT","Significant"
"ENSSSCT00000079621.2",-1.23804824742424,-3.58007743166308,-2.90584762990352,0.00616145082621723,0.020854141257966,-2.28699393092189,"ENSSSCT00000079621.2","ENSSSCG00000023128","IGF2BP1","IGF2BP1","Significant"
"ENSSSCT00000077075.2",1.50009025315445,-4.8773162345681,2.90095493006432,0.0062400370153515,0.0210829188444062,-2.28847026974131,"ENSSSCT00000077075.2","ENSSSCG00000018019","ARHGAP44","ARHGAP44","Significant"
"ENSSSCT00000062670.3",-2.87617888715176,-3.21878987416082,-2.90872476768776,0.00611567249161666,0.0207357930445788,-2.28864583357739,"ENSSSCT00000062670.3","ENSSSCG00000015818","DDHD2","DDHD2","Significant"
"ENSSSCT00000057931.3",1.55768421964551,-1.75787139196636,2.94075732798066,0.00562708565527403,0.0193386213454785,-2.28879649689683,"ENSSSCT00000057931.3","ENSSSCG00000008540","PPP1CB","PPP1CB","Significant"
"ENSSSCT00000100102.1",1.06902937373091,-1.30385456091214,2.93802926841756,0.00566722441526637,0.0194458203362813,-2.28949007519186,"ENSSSCT00000100102.1","ENSSSCG00000053955",NA,"ENSSSCG00000053955","Significant"
"ENSSSCT00000040029.2",1.88632583239942,0.576579448787835,2.99524659335448,0.00487919562140183,0.0172203176055624,-2.29042267548685,"ENSSSCT00000040029.2","ENSSSCG00000011681","TRPC1","TRPC1","Significant"
"ENSSSCT00000045547.3",-1.13816165516368,4.9062025579575,-3.42029268431123,0.00154297662032179,0.00677812041619129,-2.29077583686212,"ENSSSCT00000045547.3","ENSSSCG00000028355","ACTG1","ACTG1","Significant"
"ENSSSCT00000042692.2",1.81080496884177,1.35895038768666,3.04740030748116,0.00425185578066376,0.0154614661914746,-2.29077999005084,"ENSSSCT00000042692.2","ENSSSCG00000035493","SACS","SACS","Significant"
"ENSSSCT00000001888.5",-1.76300412596133,0.146722019841323,-2.98801167250447,0.00497281342315223,0.0175104368678088,-2.29246397299408,"ENSSSCT00000001888.5","ENSSSCG00000001691","RSPH9","RSPH9","Significant"
"ENSSSCT00000051143.3",1.4849193365445,2.88359927626656,3.20562588894403,0.00278255654636216,0.0109594677020526,-2.29338671208205,"ENSSSCT00000051143.3","ENSSSCG00000001862","ETFA","ETFA","Significant"
"ENSSSCT00000091596.2",-2.13752250772781,-3.86626474535206,-2.90607256679583,0.00615786030057103,0.0208463168144344,-2.29426767112975,"ENSSSCT00000091596.2","ENSSSCG00000038745","SERPINF2","SERPINF2","Significant"
"ENSSSCT00000007393.5",1.0122617943099,0.673065184526599,3.0378187959279,0.00436108484293998,0.0157672222465308,-2.29473391807121,"ENSSSCT00000007393.5","ENSSSCG00000006748","TSPAN2","TSPAN2","Significant"
"ENSSSCT00000054659.3",1.19637769030633,-1.41665467603064,2.93197924976068,0.00575720104501886,0.019708923023078,-2.29717383022727,"ENSSSCT00000054659.3","ENSSSCG00000011259","SCN5A","SCN5A","Significant"
"ENSSSCT00000077951.2",1.48362730180166,1.02052313476775,3.08263439154338,0.00387199332080461,0.0143741598476767,-2.29727814510186,"ENSSSCT00000077951.2","ENSSSCG00000034517","ZNF12","ZNF12","Significant"
"ENSSSCT00000071318.3",1.21815420148618,-0.797846992455561,2.98064453514801,0.00506987729522698,0.017802844094673,-2.30104653978274,"ENSSSCT00000071318.3","ENSSSCG00000010631","GPAM","GPAM","Significant"
"ENSSSCT00000068184.2",2.52759090889621,-2.12493993736973,2.9337584188601,0.00573060282089914,0.0196322974017648,-2.30205066105693,"ENSSSCT00000068184.2","ENSSSCG00000012001","ROBO1","ROBO1","Significant"
"ENSSSCT00000056378.3",-1.25386354937299,-0.793588315980852,-2.94758580403521,0.00552778329211796,0.0190480027477608,-2.302058452261,"ENSSSCT00000056378.3","ENSSSCG00000001908","CCDC33","CCDC33","Significant"
"ENSSSCT00000040522.3",2.78090087627542,1.16559310901846,3.08256599698921,0.00387269860498945,0.0143744837564977,-2.30414918014769,"ENSSSCT00000040522.3","ENSSSCG00000061347","TUBA1A","TUBA1A","Significant"
"ENSSSCT00000051960.3",-1.96191801916881,7.93179566459152,-3.53957930155596,0.00110460818261553,0.00517451798649378,-2.30416347580297,"ENSSSCT00000051960.3","ENSSSCG00000034976",NA,"ENSSSCG00000034976","Significant"
"ENSSSCT00000105681.1",1.24076510743144,2.79054051997234,3.23187780741092,0.00259120403760701,0.0103571921591442,-2.3051866860586,"ENSSSCT00000105681.1","ENSSSCG00000014427","FBXO38","FBXO38","Significant"
"ENSSSCT00000098075.1",1.42173461309398,1.86616293728794,3.15201342751735,0.00321584664599023,0.0123512149895,-2.30599811018711,"ENSSSCT00000098075.1","ENSSSCG00000007700","HIP1","HIP1","Significant"
"ENSSSCT00000028006.3",-1.31629603093177,-4.20275704565058,-2.89330892151802,0.00636472936414829,0.021424286205729,-2.30658502977581,"ENSSSCT00000028006.3","ENSSSCG00000024000",NA,"ENSSSCG00000024000","Significant"
"ENSSSCT00000056511.1",-2.63455583972808,0.687064287801103,-3.03799740415988,0.00435902471615271,0.0157664531130574,-2.30987905378448,"ENSSSCT00000056511.1","ENSSSCG00000001554","SRPK1","SRPK1","Significant"
"ENSSSCT00000107620.1",-1.32567691745984,2.36109345757902,-3.15256845042087,0.00321104974787828,0.0123371513056591,-2.31047547523156,"ENSSSCT00000107620.1","ENSSSCG00000031831","CADM1","CADM1","Significant"
"ENSSSCT00000076098.1",1.05662210878416,1.68944690558411,3.10301157785216,0.00366718675491308,0.0137636648966485,-2.31081747823638,"ENSSSCT00000076098.1","ENSSSCG00000040634","ERP44","ERP44","Significant"
"ENSSSCT00000057944.2",-1.24199248690889,0.484212687784871,-3.01162154137,0.0046734003980289,0.016648988917978,-2.31217136581869,"ENSSSCT00000057944.2","ENSSSCG00000004576","RORA","RORA","Significant"
"ENSSSCT00000094653.1",1.13242148370809,-3.78166914543902,2.89197801124097,0.00638667109440349,0.0214781871440878,-2.31358447932616,"ENSSSCT00000094653.1","ENSSSCG00000057234",NA,"ENSSSCG00000057234","Significant"
"ENSSSCT00000094014.1",1.0386198330437,-2.78973949519841,2.90022809592444,0.00625179117468397,0.021116067487765,-2.31531447310855,"ENSSSCT00000094014.1","ENSSSCG00000031547","ICE1","ICE1","Significant"
"ENSSSCT00000097280.1",1.07945499494851,-2.81725932640924,2.89985504322544,0.00625783213123097,0.0211342820392226,-2.31645264922245,"ENSSSCT00000097280.1","ENSSSCG00000052910",NA,"ENSSSCG00000052910","Significant"
"ENSSSCT00000011350.5",-2.02243664569911,2.91094133357786,-3.19503842334859,0.00286346837334248,0.0112131302959955,-2.31829626391543,"ENSSSCT00000011350.5","ENSSSCG00000010368","GLUD1","GLUD1","Significant"
"ENSSSCT00000016179.5",-1.50216558843653,-5.40034219390729,-2.88364557134376,0.00652565973628323,0.0218689084224256,-2.32013461832258,"ENSSSCT00000016179.5","ENSSSCG00000014827","PLEKHB1","PLEKHB1","Significant"
"ENSSSCT00000015047.5",-1.50172121436569,0.160976574057446,-2.96437463926265,0.00529058689338382,0.0183954671080181,-2.32143050757964,"ENSSSCT00000015047.5","ENSSSCG00000013772","ASF1B","ASF1B","Significant"
"ENSSSCT00000079122.2",-1.24382515741063,-5.55330761977267,-2.8828549713284,0.00653899332179969,0.0219045862800737,-2.32145498145714,"ENSSSCT00000079122.2","ENSSSCG00000016917","ANKRD55","ANKRD55","Significant"
"ENSSSCT00000048109.2",1.37903921003362,-1.76763806513832,2.92236361464668,0.00590296902829135,0.0201171111318502,-2.32164252512857,"ENSSSCT00000048109.2","ENSSSCG00000024800","DSC2","DSC2","Significant"
"ENSSSCT00000053605.3",1.49668091355578,2.87384175340406,3.20233705908398,0.00280745496598296,0.0110375528674986,-2.32411743239613,"ENSSSCT00000053605.3","ENSSSCG00000001499","DST","DST","Significant"
"ENSSSCT00000063572.3",1.69744734845486,-1.13754986185095,2.93831064475951,0.00566307204318667,0.0194356632522167,-2.32454327172059,"ENSSSCT00000063572.3","ENSSSCG00000016069","CCDC150","CCDC150","Significant"
"ENSSSCT00000053896.3",-1.37606900378493,1.33173598545162,-3.06884587545974,0.00401666222175,0.0147856039968977,-2.32508017790435,"ENSSSCT00000053896.3","ENSSSCG00000010594","NT5C2","NT5C2","Significant"
"ENSSSCT00000031550.4",-1.54316849974448,0.052401564596424,-2.97809136522628,0.00510392981962345,0.0178991640140909,-2.32578113353421,"ENSSSCT00000031550.4","ENSSSCG00000022014","DCDC2B","DCDC2B","Significant"
"ENSSSCT00000074929.2",1.08802531663887,0.156100723097993,3.00828973393527,0.00471459921445035,0.0167664477299235,-2.3260528160411,"ENSSSCT00000074929.2","ENSSSCG00000003090",NA,"ENSSSCG00000003090","Significant"
"ENSSSCT00000003046.4",1.44415690657846,4.66041232251679,3.3537199769872,0.00185569550100889,0.00790063934642125,-2.3261848841841,"ENSSSCT00000003046.4","ENSSSCG00000002749",NA,"ENSSSCG00000002749","Significant"
"ENSSSCT00000044198.2",-2.11226030052,-4.53099058075455,-2.88528658290311,0.00649806502645982,0.0217853894213569,-2.32622971156982,"ENSSSCT00000044198.2","ENSSSCG00000001646","BICRAL","BICRAL","Significant"
"ENSSSCT00000032619.3",2.0864109292626,-4.0151769101848,2.88879107784617,0.00643949991059579,0.0216179422451673,-2.32823781715907,"ENSSSCT00000032619.3","ENSSSCG00000004595","ADAM10","ADAM10","Significant"
"ENSSSCT00000066163.3",1.4332312697793,-5.07853284976047,2.88123277743782,0.00656643173640969,0.0219694140927554,-2.3287213958524,"ENSSSCT00000066163.3","ENSSSCG00000027557",NA,"ENSSSCG00000027557","Significant"
"ENSSSCT00000026710.4",-1.68819390407632,-5.32759420348385,-2.88002307628911,0.0065869631865739,0.0220245459681115,-2.32909691800665,"ENSSSCT00000026710.4","ENSSSCG00000022353","RAP1GDS1","RAP1GDS1","Significant"
"ENSSSCT00000030280.4",-1.18091629254138,0.194721751119157,-3.0059497714891,0.00474373782083111,0.0168406824815306,-2.32969571914861,"ENSSSCT00000030280.4","ENSSSCG00000030513","CFAP74","CFAP74","Significant"
"ENSSSCT00000098810.1",3.14898222198311,-0.413648158433232,2.98574136744713,0.00500253726670735,0.0176098817797157,-2.33071727041229,"ENSSSCT00000098810.1","ENSSSCG00000033452",NA,"ENSSSCG00000033452","Significant"
"ENSSSCT00000060075.2",-1.09015031867328,-0.964934062932837,-2.93847113428036,0.00566070492070209,0.0194295845072714,-2.33184447410161,"ENSSSCT00000060075.2","ENSSSCG00000040010","BCL2A1","BCL2A1","Significant"
"ENSSSCT00000044672.2",-2.75690080993263,-1.3939742662713,-2.95304843910703,0.00544953092003412,0.0188236578151067,-2.3321589518985,"ENSSSCT00000044672.2","ENSSSCG00000009666","EPHX2","EPHX2","Significant"
"ENSSSCT00000023757.2",-1.00369266021926,-1.37678709509016,-2.9160237251226,0.00600096446680378,0.0204097052847809,-2.3327452940704,"ENSSSCT00000023757.2","ENSSSCG00000023487","MSLNL","MSLNL","Significant"
"ENSSSCT00000056120.3",2.68838617736399,0.920050387293908,3.00649624427695,0.00473691767336406,0.0168219653439017,-2.33305414049954,"ENSSSCT00000056120.3","ENSSSCG00000000215","SMARCD1","SMARCD1","Significant"
"ENSSSCT00000082577.2",-1.70471111682729,-4.84712746470495,-2.87877485181762,0.00660821143307817,0.0220756303663538,-2.33335005200264,"ENSSSCT00000082577.2","ENSSSCG00000037120","TK1","TK1","Significant"
"ENSSSCT00000098655.1",1.14419563235553,-2.79576138314952,2.88929756777386,0.00643107672669385,0.0215985605271041,-2.33970456542082,"ENSSSCT00000098655.1","ENSSSCG00000004912","SEC11C","SEC11C","Significant"
"ENSSSCT00000026157.4",-1.39234166623984,-4.93217808267445,-2.87547087759438,0.00666476422709772,0.0222254242467315,-2.33986140402843,"ENSSSCT00000026157.4","ENSSSCG00000022785","GSG1L","GSG1L","Significant"
"ENSSSCT00000040633.3",2.20256990039096,-4.04634587202191,2.88016668061022,0.00658452274747819,0.0220186440675671,-2.34101882663542,"ENSSSCT00000040633.3","ENSSSCG00000011121",NA,"ENSSSCG00000011121","Significant"
"ENSSSCT00000064076.3",2.6733046930443,-4.4385085078932,2.87582206867563,0.00665873159312344,0.0222098501137797,-2.34415351351338,"ENSSSCT00000064076.3","ENSSSCG00000008487","ATL2","ATL2","Significant"
"ENSSSCT00000028969.2",1.89743921871566,-1.73433198640263,2.92764230636617,0.00582252365804654,0.0198925333442031,-2.34449519479442,"ENSSSCT00000028969.2","ENSSSCG00000026852","NPPC","NPPC","Significant"
"ENSSSCT00000083644.1",-2.45893331955712,-3.74356760394122,-2.8793138098424,0.00659902901467607,0.0220581035466986,-2.3447113659803,"ENSSSCT00000083644.1","ENSSSCG00000027723",NA,"ENSSSCG00000027723","Significant"
"ENSSSCT00000085005.2",-1.22009460507299,-5.56319728716088,-2.87200284701948,0.00672461198622804,0.0223883640558541,-2.34508500694538,"ENSSSCT00000085005.2","ENSSSCG00000034765","PIEZO2","PIEZO2","Significant"
"ENSSSCT00000074412.2",2.41786766570473,-2.34731225981673,2.88894349134621,0.00643696411108126,0.0216138803169612,-2.34522555044022,"ENSSSCT00000074412.2","ENSSSCG00000002868","PEPD","PEPD","Significant"
"ENSSSCT00000014283.3",2.0236829864256,-2.6446844018469,2.89439519937279,0.00634687305124687,0.0213752142302296,-2.3456452569476,"ENSSSCT00000014283.3","ENSSSCG00000013067","PHEROC","PHEROC","Significant"
"ENSSSCT00000058262.2",-1.10282472916678,1.40253578994058,-3.06651684247877,0.00404159701416829,0.0148643236378954,-2.3469370403779,"ENSSSCT00000058262.2","ENSSSCG00000023245","NONO","NONO","Significant"
"ENSSSCT00000010124.5",2.54138972878593,1.56160122658938,3.04742048335114,0.00425162852411148,0.0154614661914746,-2.35003196694205,"ENSSSCT00000010124.5","ENSSSCG00000009244","SEC31A","SEC31A","Significant"
"ENSSSCT00000080082.2",1.50100128663651,1.16433519279248,3.04801170392588,0.00424497423340334,0.0154435503590048,-2.35135867634886,"ENSSSCT00000080082.2","ENSSSCG00000016509","LUC7L2","LUC7L2","Significant"
"ENSSSCT00000012357.4",-1.26615800490223,-3.71114774295929,-2.87603674016413,0.00665504655986271,0.0222021015080082,-2.35385840349287,"ENSSSCT00000012357.4","ENSSSCG00000011287","HHATL","HHATL","Significant"
"ENSSSCT00000069773.1",1.23421103188312,-3.69676257274801,2.87461311499286,0.00667952006756055,0.0222609702834247,-2.3603233052671,"ENSSSCT00000069773.1","ENSSSCG00000043909",NA,"ENSSSCG00000043909","Significant"
"ENSSSCT00000062517.4",-1.9189350056174,-0.349229770549528,-2.94155366328172,0.00561541935411063,0.0193025970080573,-2.36057017748375,"ENSSSCT00000062517.4","ENSSSCG00000014851","SLCO2B1","SLCO2B1","Significant"
"ENSSSCT00000084751.2",2.6080829333044,-1.47161891998551,2.89251786414899,0.00637776241497356,0.0214570803609326,-2.36219992872552,"ENSSSCT00000084751.2","ENSSSCG00000010699","ATE1","ATE1","Significant"
"ENSSSCT00000009658.5",3.13715582330372,-0.477469113348712,2.95429169863319,0.0054318671563339,0.0187805510885589,-2.36269462297904,"ENSSSCT00000009658.5","ENSSSCG00000008826","FRYL","FRYL","Significant"
"ENSSSCT00000067071.2",-1.67849668847485,-5.28692130277873,-2.86427422819854,0.00685979772021668,0.0227478483390912,-2.36602577003642,"ENSSSCT00000067071.2","ENSSSCG00000033760","LTBP4","LTBP4","Significant"
"ENSSSCT00000044102.3",-1.81015526711707,-4.65975663889092,-2.86330540808093,0.00687692202990901,0.0227944176583989,-2.36861978976688,"ENSSSCT00000044102.3","ENSSSCG00000039843","IPO9","IPO9","Significant"
"ENSSSCT00000107531.1",-1.79587579294165,1.27254952541205,-3.03997959099677,0.00433622305964758,0.0157139287136545,-2.37127303124514,"ENSSSCT00000107531.1","ENSSSCG00000001471","BRD2","BRD2","Significant"
"ENSSSCT00000098171.1",-2.12728270240703,-1.02861072252756,-2.93249572072038,0.00574946799701254,0.0196865841813271,-2.37191350442033,"ENSSSCT00000098171.1","ENSSSCG00000010301","PPP3CB","PPP3CB","Significant"
"ENSSSCT00000073144.2",1.89743876818502,0.939374112175442,3.03785749760843,0.00436063836694506,0.0157672222465308,-2.37283225859772,"ENSSSCT00000073144.2","ENSSSCG00000004971","TLE3","TLE3","Significant"
"ENSSSCT00000065490.3",4.60216843042237,0.350130121564222,2.91861950221379,0.00596065863023002,0.0202861496847619,-2.37484934288509,"ENSSSCT00000065490.3","ENSSSCG00000011261","WDR48","WDR48","Significant"
"ENSSSCT00000025759.4",1.08327403344045,3.09240090597002,3.24368679152746,0.00250927099235293,0.0100915593233841,-2.3754846255117,"ENSSSCT00000025759.4","ENSSSCG00000023956","NEDD9","NEDD9","Significant"
"ENSSSCT00000040764.2",-1.43846183475408,-0.827759162546976,-2.9221430275914,0.00590635328311364,0.0201265408071318,-2.37693044884791,"ENSSSCT00000040764.2","ENSSSCG00000033381","IRF4","IRF4","Significant"
"ENSSSCT00000056021.3",-3.37531162177592,-3.37682521326493,-2.86840532718191,0.00678722529613024,0.0225691681341184,-2.37860013690632,"ENSSSCT00000056021.3","ENSSSCG00000002441","PPP4R3A","PPP4R3A","Significant"
"ENSSSCT00000042842.2",1.02297177293172,2.28525136812976,3.10103678445259,0.0036865772876366,0.0138247040101623,-2.38014444903095,"ENSSSCT00000042842.2","ENSSSCG00000002426","ZC3H14","ZC3H14","Significant"
"ENSSSCT00000065215.3",1.8405851483354,-3.54169560059654,2.86616759673249,0.00682644666205465,0.0226625408524095,-2.38113744929577,"ENSSSCT00000065215.3","ENSSSCG00000007816","IL21R","IL21R","Significant"
"ENSSSCT00000040497.3",1.55640183686256,-4.65154465211992,2.85809842788624,0.00696964429839073,0.0230231289467813,-2.38122087029245,"ENSSSCT00000040497.3","ENSSSCG00000040687","CDH8","CDH8","Significant"
"ENSSSCT00000040584.2",-2.60716028947753,-2.58952490724331,-2.88752591390736,0.00646058537422098,0.021670877113282,-2.38348338360671,"ENSSSCT00000040584.2","ENSSSCG00000026488","UBE2E1","UBE2E1","Significant"
"ENSSSCT00000093925.1",1.29481009669714,-3.22632466804935,2.86057823610014,0.00692534080590851,0.0229209026125105,-2.3850745195069,"ENSSSCT00000093925.1","ENSSSCG00000056645",NA,"ENSSSCG00000056645","Significant"
"ENSSSCT00000098570.1",-1.74671071236614,-1.35092693285493,-2.90805931489187,0.00612623212974608,0.0207608016171127,-2.38634390334048,"ENSSSCT00000098570.1","ENSSSCG00000056561","PRR29","PRR29","Significant"
"ENSSSCT00000018316.3",2.54165120663459,-2.90830052149105,2.87329488516049,0.00670225678246641,0.0223230544627168,-2.38906673117633,"ENSSSCT00000018316.3","ENSSSCG00000016823","C1QTNF3","C1QTNF3","Significant"
"ENSSSCT00000091018.2",-1.16617862727797,0.758256519872498,-3.01542779153521,0.00462675009414066,0.0165225147940156,-2.39083432220791,"ENSSSCT00000091018.2","ENSSSCG00000037000","SIGMAR1","SIGMAR1","Significant"
"ENSSSCT00000069254.2",2.33085563402413,-2.82973663396306,2.87088237518714,0.00674405515434703,0.0224416385234058,-2.39271533097731,"ENSSSCT00000069254.2","ENSSSCG00000015256","JAM3","JAM3","Significant"
"ENSSSCT00000088117.1",-1.50144494192556,3.28114384954059,-3.20988657567223,0.00275061252939874,0.0108704207161838,-2.39292844179102,"ENSSSCT00000088117.1","ENSSSCG00000030269",NA,"ENSSSCG00000030269","Significant"
"ENSSSCT00000052088.1",-1.6843838261551,-0.828404515564382,-2.91317757514603,0.0060454515968496,0.0205361433489982,-2.39386474414533,"ENSSSCT00000052088.1","ENSSSCG00000007236","TTLL9","TTLL9","Significant"
"ENSSSCT00000083801.2",-1.26031811234274,-2.79586877106406,-2.85994049077423,0.00693670935379579,0.0229492107327405,-2.39569714377657,"ENSSSCT00000083801.2","ENSSSCG00000015654","IL20","IL20","Significant"
"ENSSSCT00000029298.4",1.38557058321812,-3.88480828723407,2.85649694639912,0.00699839651335696,0.023101102750924,-2.39726006574876,"ENSSSCT00000029298.4","ENSSSCG00000015018","POU2AF2","POU2AF2","Significant"
"ENSSSCT00000062643.3",1.3982419273073,-2.30543219119914,2.8688843084577,0.00677885747779991,0.0225436423098927,-2.39877771900562,"ENSSSCT00000062643.3","ENSSSCG00000013078",NA,"ENSSSCG00000013078","Significant"
"ENSSSCT00000072140.2",2.71024090350783,-1.56170320237153,2.89826090797067,0.00628370811474946,0.0212120517035878,-2.39879141680136,"ENSSSCT00000072140.2","ENSSSCG00000017164",NA,"ENSSSCG00000017164","Significant"
"ENSSSCT00000056897.3",1.64381985523512,-3.5473960555591,2.85786002316765,0.00697391749394637,0.0230349109484984,-2.39965103490031,"ENSSSCT00000056897.3","ENSSSCG00000025306","PAK3","PAK3","Significant"
"ENSSSCT00000049555.1",-2.11812769181723,-0.963373880829428,-2.8910587174161,0.00640186814834288,0.0215159786731854,-2.40020920969307,"ENSSSCT00000049555.1","ENSSSCG00000017335","HEXIM2","HEXIM2","Significant"
"ENSSSCT00000079769.2",-2.64302859292567,-1.51071313595312,-2.94186152482904,0.00561091527614409,0.019290906157097,-2.40064902269203,"ENSSSCT00000079769.2","ENSSSCG00000002684","CDH13","CDH13","Significant"
"ENSSSCT00000072818.1",-1.38120366338838,0.554880088366464,-2.99337678152237,0.00490323018744798,0.0172957824333608,-2.40096955647631,"ENSSSCT00000072818.1","ENSSSCG00000033624","SRGAP3","SRGAP3","Significant"
"ENSSSCT00000065321.3",-1.52830163201301,-5.17199398378201,-2.84712736351427,0.00716884699308288,0.0235641785827678,-2.40127201507481,"ENSSSCT00000065321.3","ENSSSCG00000008201","CNNM3","CNNM3","Significant"
"ENSSSCT00000078202.2",1.03959474717344,0.0692727155433128,2.93997578082427,0.00563855743191571,0.0193678388653792,-2.40218884991643,"ENSSSCT00000078202.2","ENSSSCG00000051794","FGF11","FGF11","Significant"
"ENSSSCT00000093748.1",-1.27294585841471,-3.4845499877501,-2.85273232652741,0.00706642181596438,0.0232791367977875,-2.40234222244371,"ENSSSCT00000093748.1","ENSSSCG00000057847",NA,"ENSSSCG00000057847","Significant"
"ENSSSCT00000080937.1",1.16036898814909,-1.16073926788448,2.8949472181444,0.00633781691662228,0.0213549629016979,-2.40315539950973,"ENSSSCT00000080937.1","ENSSSCG00000024443","ORC6","ORC6","Significant"
"ENSSSCT00000046235.2",-1.70579351887345,-4.92538279567634,-2.84534081268679,0.00720178483839925,0.0236438417955059,-2.40540780865763,"ENSSSCT00000046235.2","ENSSSCG00000008924","UBA6","UBA6","Significant"
"ENSSSCT00000090923.2",-2.20767379397354,-2.14075003309504,-2.86219176303308,0.00689665555598579,0.0228448919336701,-2.40585943468652,"ENSSSCT00000090923.2","ENSSSCG00000046214",NA,"ENSSSCG00000046214","Significant"
"ENSSSCT00000096101.1",-1.53457322805209,-4.03452090510215,-2.84757714058366,0.00716057685429936,0.0235417412279496,-2.40642117204679,"ENSSSCT00000096101.1","ENSSSCG00000058790","RYR1","RYR1","Significant"
"ENSSSCT00000005852.5",-1.26052052703192,1.15957291548591,-2.99930267960659,0.00482743939899392,0.0170727664784464,-2.40947502458774,"ENSSSCT00000005852.5","ENSSSCG00000005314","ARHGEF39","ARHGEF39","Significant"
"ENSSSCT00000096210.1",-1.18023085719734,-1.82351299411855,-2.87688214052391,0.00664055303119727,0.0221605517941817,-2.41056729757577,"ENSSSCT00000096210.1","ENSSSCG00000054501",NA,"ENSSSCG00000054501","Significant"
"ENSSSCT00000058436.3",1.42791697569909,-0.179380415158309,2.94933625622768,0.00550259384319886,0.0189808050850249,-2.41087178224373,"ENSSSCT00000058436.3","ENSSSCG00000037995",NA,"ENSSSCG00000037995","Significant"
"ENSSSCT00000067729.2",2.37547764463876,-4.02202788882563,2.84705701823317,0.00717014125208742,0.023564441837197,-2.41119761215235,"ENSSSCT00000067729.2","ENSSSCG00000000531","BICD1","BICD1","Significant"
"ENSSSCT00000035642.4",-1.97472815196796,-4.49029250274066,-2.84447210143446,0.00721785191071258,0.0236918195607443,-2.411634938306,"ENSSSCT00000035642.4","ENSSSCG00000006904","GLMN","GLMN","Significant"
"ENSSSCT00000046501.3",1.68986770382432,0.7153133682209,2.99680877617633,0.00485920040237501,0.0171646121255726,-2.41406001894707,"ENSSSCT00000046501.3","ENSSSCG00000027444","STAU1","STAU1","Significant"
"ENSSSCT00000105813.1",1.08246159967328,-2.32028735039923,2.86201016124393,0.00689987851264635,0.0228528686536288,-2.41410692270821,"ENSSSCT00000105813.1","ENSSSCG00000053903",NA,"ENSSSCG00000053903","Significant"
"ENSSSCT00000011816.3",-1.07640232755661,4.64323873623491,-3.33764510338519,0.00193982874798716,0.00818614761835018,-2.41613878840181,"ENSSSCT00000011816.3","ENSSSCG00000010800","B3GALT2","B3GALT2","Significant"
"ENSSSCT00000076668.1",-2.45024991494625,-2.4795673448304,-2.85694622729639,0.00699031917596555,0.0230820707325482,-2.41645486110448,"ENSSSCT00000076668.1","ENSSSCG00000007944","CORO7","CORO7","Significant"
"ENSSSCT00000081272.2",-1.41757478872159,0.28976221202249,-2.9475765407079,0.00552791688134318,0.0190480027477608,-2.41655364769928,"ENSSSCT00000081272.2","ENSSSCG00000016747","NUDCD3","NUDCD3","Significant"
"ENSSSCT00000028555.5",-2.21548574536378,-2.56166441359839,-2.8573819069777,0.00698249468861058,0.0230609052702046,-2.41959239447664,"ENSSSCT00000028555.5","ENSSSCG00000023639","NRM","NRM","Significant"
"ENSSSCT00000102263.1",-2.27846730371767,-2.91963863754334,-2.85838948974813,0.00696443058764423,0.0230106440255172,-2.42129132984777,"ENSSSCT00000102263.1","ENSSSCG00000017008","DOCK2","DOCK2","Significant"
"ENSSSCT00000097135.1",-2.40003981410183,-1.52356135487267,-2.86775945756802,0.00679852395513096,0.0225952166190713,-2.42324202095518,"ENSSSCT00000097135.1","ENSSSCG00000009931","MVK","MVK","Significant"
"ENSSSCT00000048635.3",-1.60431988917089,0.780189390375639,-2.98191747706487,0.00505297957214444,0.0177529467640299,-2.42348577387932,"ENSSSCT00000048635.3","ENSSSCG00000012111","HCCS","HCCS","Significant"
"ENSSSCT00000014485.5",-1.05302437480226,-1.56666792818974,-2.86754527184922,0.00680227474128343,0.0226030743645337,-2.42376567199451,"ENSSSCT00000014485.5","ENSSSCG00000013261","CHRM4","CHRM4","Significant"
"ENSSSCT00000080513.2",1.19222362049006,1.53770631773491,3.04710411320329,0.00425519336752693,0.0154701521582123,-2.42536911944338,"ENSSSCT00000080513.2","ENSSSCG00000025682","ACTR6","ACTR6","Significant"
"ENSSSCT00000102165.1",-1.30223346542666,-4.71037751699677,-2.83521454842025,0.00739116489877474,0.0241198619116857,-2.43073133538068,"ENSSSCT00000102165.1","ENSSSCG00000026184","MPP4","MPP4","Significant"
"ENSSSCT00000001586.3",1.88156610999307,-3.49080425302118,2.84305176987213,0.00724419350028911,0.0237543366308826,-2.4307766355432,"ENSSSCT00000001586.3","ENSSSCG00000001437","AGER","AGER","Significant"
"ENSSSCT00000013649.4",1.94002036026712,-3.02868134608706,2.84846486490778,0.00714428024197932,0.0234952706283532,-2.43372048731641,"ENSSSCT00000013649.4","ENSSSCG00000012482","SRPX2","SRPX2","Significant"
"ENSSSCT00000056200.3",-1.29463705601206,-2.54898970551549,-2.84659600292186,0.00717862872079133,0.0235844428469045,-2.43401816223778,"ENSSSCT00000056200.3","ENSSSCG00000058308",NA,"ENSSSCG00000058308","Significant"
"ENSSSCT00000032742.3",-2.37822042918154,-3.07519098075745,-2.86191980790848,0.00690148257249912,0.0228558596032261,-2.43429970868213,"ENSSSCT00000032742.3","ENSSSCG00000012123","RAB9A","RAB9A","Significant"
"ENSSSCT00000037640.3",-3.23873069819257,-3.02745693659175,-2.84253512084386,0.00725379756598196,0.0237762959526768,-2.43536869278961,"ENSSSCT00000037640.3","ENSSSCG00000032653","F11","F11","Significant"
"ENSSSCT00000082646.1",1.23804471346808,-2.63421618846754,2.85388882998203,0.00704545874924838,0.0232241570175406,-2.43556561695992,"ENSSSCT00000082646.1","ENSSSCG00000004598","MYZAP","MYZAP","Significant"
"ENSSSCT00000088825.2",2.02476628591988,-0.64557461349964,2.88031892387355,0.00658193642061057,0.022012253057502,-2.43658318761512,"ENSSSCT00000088825.2","ENSSSCG00000007142","PANK2","PANK2","Significant"
"ENSSSCT00000070188.2",-1.95505277828807,-4.34378284566729,-2.83496991971104,0.00739579691340396,0.0241325623063073,-2.43726813967366,"ENSSSCT00000070188.2","ENSSSCG00000022951","NFASC","NFASC","Significant"
"ENSSSCT00000002621.5",-1.22752677348646,2.71562170604831,-3.12798994108682,0.00343010839684544,0.013028338090721,-2.43918379848921,"ENSSSCT00000002621.5","ENSSSCG00000002357","ALDH6A1","ALDH6A1","Significant"
"ENSSSCT00000044871.2",-1.86474545636945,-2.14411836527389,-2.90219559019753,0.00622002122546342,0.0210218277220907,-2.44194736225002,"ENSSSCT00000044871.2","ENSSSCG00000008097",NA,"ENSSSCG00000008097","Significant"
"ENSSSCT00000063190.1",1.63041376670425,1.86013639942284,3.05910488070427,0.00412192659041516,0.0151035395093162,-2.44336867976011,"ENSSSCT00000063190.1","ENSSSCG00000004322","ANKRD6","ANKRD6","Significant"
"ENSSSCT00000081063.2",2.53343984965024,-3.05921974230782,2.84892821458492,0.0071357879576851,0.023476814386717,-2.44338823088623,"ENSSSCT00000081063.2","ENSSSCG00000031712","MFAP5","MFAP5","Significant"
"ENSSSCT00000068010.1",1.16659859725698,-1.84558672850491,2.87722627214816,0.00663466170697207,0.0221454248867852,-2.44791324393288,"ENSSSCT00000068010.1","ENSSSCG00000003527","EPHB2","EPHB2","Significant"
"ENSSSCT00000018794.5",-2.26225865252085,-2.22101685935744,-2.86091068456735,0.00691942143617119,0.0229059616717357,-2.44927813513507,"ENSSSCT00000018794.5","ENSSSCG00000017265","AXIN2","AXIN2","Significant"
"ENSSSCT00000009689.5",1.16336452629036,-1.68258133974639,2.86723072122553,0.00680778660968303,0.0226121714162699,-2.45058747788487,"ENSSSCT00000009689.5","ENSSSCG00000008892",NA,"ENSSSCG00000008892","Significant"
"ENSSSCT00000099446.1",1.56774780300734,-5.04567941392878,2.82413181552648,0.00760375541608676,0.0246802231544144,-2.45477596880257,"ENSSSCT00000099446.1","ENSSSCG00000013376","OTOG","OTOG","Significant"
"ENSSSCT00000096413.1",-1.96495072583412,-2.03908846754592,-2.88046585542899,0.00657944123122554,0.022008423299772,-2.45793148462186,"ENSSSCT00000096413.1","ENSSSCG00000000504","PTPRB","PTPRB","Significant"
"ENSSSCT00000105330.1",1.06652002556544,-2.93252098291277,2.83464063909973,0.00740203608016139,0.0241505037884101,-2.45800096397461,"ENSSSCT00000105330.1","ENSSSCG00000053984",NA,"ENSSSCG00000053984","Significant"
"ENSSSCT00000012503.5",-1.87559498194097,-2.79412148727009,-2.83986255587362,0.00730366840364388,0.0239061143090458,-2.45903817096275,"ENSSSCT00000012503.5","ENSSSCG00000011423","GRM2","GRM2","Significant"
"ENSSSCT00000028722.4",-1.554300424323,-3.69462991415043,-2.82953311408912,0.00749944411628499,0.0244145657481134,-2.45912958484926,"ENSSSCT00000028722.4","ENSSSCG00000026527","HCN1","HCN1","Significant"
"ENSSSCT00000017208.6",1.85528974594186,-2.21953982996903,2.86680170037796,0.00681531107248965,0.0226325526795124,-2.4592644375197,"ENSSSCT00000017208.6","ENSSSCG00000015801","TLR3","TLR3","Significant"
"ENSSSCT00000024017.4",-2.63859423766836,-2.65207729483494,-2.83755265259568,0.00734702962134927,0.0240078410024848,-2.45941928284642,"ENSSSCT00000024017.4","ENSSSCG00000042884","DNAAF3","DNAAF3","Significant"
"ENSSSCT00000040859.3",-2.89467266750893,-3.86810201838648,-2.82679924074769,0.00755207336286594,0.0245590671435559,-2.46145716293895,"ENSSSCT00000040859.3","ENSSSCG00000004010","ERMARD","ERMARD","Significant"
"ENSSSCT00000087498.2",1.18102623057159,0.628852344680766,2.95357064489759,0.00544210505406053,0.0188079704454727,-2.46267884912511,"ENSSSCT00000087498.2","ENSSSCG00000009475","SLAIN1","SLAIN1","Significant"
"ENSSSCT00000100044.1",-2.28091520297688,-2.56522935945908,-2.83438842541345,0.00740681831532264,0.0241588539768687,-2.46527025554405,"ENSSSCT00000100044.1","ENSSSCG00000003157","LIN7B","LIN7B","Significant"
"ENSSSCT00000065704.3",-1.18370088394869,4.907344068583,-3.3526548102414,0.00186116075658506,0.0079197709876924,-2.47038906063174,"ENSSSCT00000065704.3","ENSSSCG00000000774","USP18","USP18","Significant"
"ENSSSCT00000068864.2",-2.65987400387126,-3.6131882843227,-2.82158318933015,0.00765344378533737,0.0248044613496163,-2.47117189951788,"ENSSSCT00000068864.2","ENSSSCG00000037880","NSMF","NSMF","Significant"
"ENSSSCT00000052238.1",2.75452569185776,0.863485156614461,2.94322779192246,0.00559096740450889,0.0192317138462717,-2.47255621270138,"ENSSSCT00000052238.1","ENSSSCG00000026990","FAM162A","FAM162A","Significant"
"ENSSSCT00000104038.1",1.66087884538815,1.16770540136193,2.97893478663669,0.00509265708680202,0.0178673185901316,-2.47383464409364,"ENSSSCT00000104038.1","ENSSSCG00000032007","RTN4","RTN4","Significant"
"ENSSSCT00000002782.5",-1.38465226987785,1.4040970402409,-3.0226382884127,0.0045395771351872,0.0162718088077884,-2.4767673900832,"ENSSSCT00000002782.5","ENSSSCG00000002504","AK7","AK7","Significant"
"ENSSSCT00000107856.1",1.61210820437044,1.93502557268607,3.04940048971843,0.00422938184989232,0.0154020736997531,-2.47889970053412,"ENSSSCT00000107856.1","ENSSSCG00000036796","VWA7","VWA7","Significant"
"ENSSSCT00000019623.5",-1.54335512160005,-1.41046391782119,-2.86307083173817,0.006881074273062,0.0228044872533964,-2.47898372277209,"ENSSSCT00000019623.5","ENSSSCG00000018028","TEKT3","TEKT3","Significant"
"ENSSSCT00000082081.1",-2.17228550282623,-4.95073707213984,-2.81188505007264,0.00784530219724442,0.0252930122455213,-2.47922531363963,"ENSSSCT00000082081.1","ENSSSCG00000012437","ATP7A","ATP7A","Significant"
"ENSSSCT00000044652.3",-1.73504408792829,1.88514474369914,-3.00954903767747,0.00469898748153943,0.0167163980194339,-2.48135814155837,"ENSSSCT00000044652.3","ENSSSCG00000004460","IBTK","IBTK","Significant"
"ENSSSCT00000071337.1",1.15614702884131,-2.91990596421512,2.82248738251806,0.00763578094485572,0.0247626538816061,-2.48240275297256,"ENSSSCT00000071337.1","ENSSSCG00000005582","STRBP","STRBP","Significant"
"ENSSSCT00000080545.2",1.51793005569068,-3.47029500595925,2.81913207669479,0.00770151658879546,0.0249206279139626,-2.48662119219176,"ENSSSCT00000080545.2","ENSSSCG00000009389","TRIM13","TRIM13","Significant"
"ENSSSCT00000072363.2",1.92929769267041,-1.11491451982112,2.84850572180711,0.0071435310363249,0.0234951766274929,-2.48677347773854,"ENSSSCT00000072363.2","ENSSSCG00000001075",NA,"ENSSSCG00000001075","Significant"
"ENSSSCT00000088190.2",-1.9967198100191,-3.49332008706411,-2.81860134614057,0.00771196264348894,0.0249470016894844,-2.4869061711187,"ENSSSCT00000088190.2","ENSSSCG00000023243","NFIA","NFIA","Significant"
"ENSSSCT00000038421.3",-1.76248720179861,-0.903552868598272,-2.90826890042241,0.00612290451104284,0.020753839139,-2.48730041987564,"ENSSSCT00000038421.3","ENSSSCG00000004369","PRDM1","PRDM1","Significant"
"ENSSSCT00000041152.3",-1.11682080436209,-2.70799259324923,-2.82276604345393,0.00763034515012311,0.0247517434359381,-2.48899575553897,"ENSSSCT00000041152.3","ENSSSCG00000036362","KLK14","KLK14","Significant"
"ENSSSCT00000009852.5",1.09249356949191,-2.60768357283415,2.82244774255961,0.00763655448866257,0.0247626538816061,-2.48936266975394,"ENSSSCT00000009852.5","ENSSSCG00000008995","LRAT","LRAT","Significant"
"ENSSSCT00000067834.2",-1.78759966335211,-1.91392849579471,-2.82969262533869,0.00749638398950429,0.024407040502676,-2.48990622590073,"ENSSSCT00000067834.2","ENSSSCG00000024206","CPPED1","CPPED1","Significant"
"ENSSSCT00000039961.3",1.25313793597612,-2.44183856355421,2.83988778919399,0.00730319604903628,0.0239061143090458,-2.49077220257483,"ENSSSCT00000039961.3","ENSSSCG00000008799","LIMCH1","LIMCH1","Significant"
"ENSSSCT00000052840.2",1.3127434250517,1.65611141648753,3.02126902154959,0.0045560112028092,0.0163199504786191,-2.491233233153,"ENSSSCT00000052840.2","ENSSSCG00000030130","DPYSL2","DPYSL2","Significant"
"ENSSSCT00000084847.2",-1.98115464673982,-5.09016339759529,-2.8011338563018,0.00806322889733929,0.0258727994261244,-2.49766186735252,"ENSSSCT00000084847.2","ENSSSCG00000015987","NFE2L2","NFE2L2","Significant"
"ENSSSCT00000079989.1",1.05884667197433,-2.56895234848962,2.82092580421657,0.0076663093055266,0.0248288813546627,-2.49850210084899,"ENSSSCT00000079989.1","ENSSSCG00000023996","GOLM2","GOLM2","Significant"
"ENSSSCT00000035711.5",2.55887467194592,0.110857547396817,2.88858362686294,0.00644295290633212,0.0216273073775407,-2.49944474969094,"ENSSSCT00000035711.5","ENSSSCG00000012713","ATP11C","ATP11C","Significant"
"ENSSSCT00000093171.1",1.51441493361395,-3.88980017286393,2.80660670939071,0.0079515988323283,0.0255800619959775,-2.49951420967884,"ENSSSCT00000093171.1","ENSSSCG00000010429","PRKG1","PRKG1","Significant"
"ENSSSCT00000041109.3",-2.15300088456608,0.272494623895073,-2.95235881222924,0.00545935213215727,0.0188555844191584,-2.50056420176499,"ENSSSCT00000041109.3","ENSSSCG00000011026","ARHGAP12","ARHGAP12","Significant"
"ENSSSCT00000061939.3",1.71547930795633,-1.39097682882801,2.84301307535892,0.00724491238674692,0.0237543366308826,-2.50065271115087,"ENSSSCT00000061939.3","ENSSSCG00000036403","FAM180A","FAM180A","Significant"
"ENSSSCT00000010933.5",-1.25136759707164,-3.908831453028,-2.80414607354856,0.0080016091517304,0.0257079685438528,-2.50073706889241,"ENSSSCT00000010933.5","ENSSSCG00000009977","RASL10A","RASL10A","Significant"
"ENSSSCT00000041984.3",2.75679585214825,-2.7167881594169,2.82435949675844,0.00759933118592605,0.0246732318249286,-2.50396991498683,"ENSSSCT00000041984.3","ENSSSCG00000031169",NA,"ENSSSCG00000031169","Significant"
"ENSSSCT00000050460.3",-2.24601253214045,-4.39054391347189,-2.80304006931823,0.00802418308815607,0.0257652615133189,-2.5056532951917,"ENSSSCT00000050460.3","ENSSSCG00000028112","CLIC6","CLIC6","Significant"
"ENSSSCT00000012137.5",-2.24111899215398,-2.54992034072803,-2.81673520705456,0.00774879776174237,0.0250247827394617,-2.50591865780609,"ENSSSCT00000012137.5","ENSSSCG00000011090","NEBL","NEBL","Significant"
"ENSSSCT00000086928.2",1.89021343308708,-3.17950536408122,2.80475726772792,0.0079891598645163,0.0256755611850852,-2.50949159393666,"ENSSSCT00000086928.2","ENSSSCG00000051452",NA,"ENSSSCG00000051452","Significant"
"ENSSSCT00000077374.3",-1.29029542986307,-0.107007160981495,-2.88629104863144,0.0064812281940985,0.0217334119140582,-2.51123042693014,"ENSSSCT00000077374.3","ENSSSCG00000025686","KMO","KMO","Significant"
"ENSSSCT00000042217.3",2.18866946041051,-1.19531637415756,2.85038488577846,0.00710915144050084,0.0234040279555755,-2.51467423347813,"ENSSSCT00000042217.3","ENSSSCG00000040786","SPTBN1","SPTBN1","Significant"
"ENSSSCT00000106609.1",1.38310107138573,-2.86712749546735,2.80951089655065,0.00789294856354619,0.0254164637003318,-2.5151463073466,"ENSSSCT00000106609.1","ENSSSCG00000008646","RNF144A","RNF144A","Significant"
"ENSSSCT00000073118.2",1.92826187084855,0.866375536172358,2.93013402335506,0.00578490916460874,0.0197975415558836,-2.51697055832195,"ENSSSCT00000073118.2","ENSSSCG00000004917","MALT1","MALT1","Significant"
"ENSSSCT00000083772.2",-1.02858035276575,-0.897648664028749,-2.86069420476123,0.00692327540293342,0.0229163930190093,-2.51735385712438,"ENSSSCT00000083772.2","ENSSSCG00000013885","FCHO1","FCHO1","Significant"
"ENSSSCT00000019096.4",-1.20212444206409,-3.57712729307514,-2.80068055816789,0.00807254002210093,0.0258924835101406,-2.51957875209315,"ENSSSCT00000019096.4","ENSSSCG00000017542","TTLL6","TTLL6","Significant"
"ENSSSCT00000064523.2",3.50244053851186,-1.53119758887755,2.82612391184221,0.00756512695939729,0.0245940172882829,-2.52105362929805,"ENSSSCT00000064523.2","ENSSSCG00000032377","RALGAPA1","RALGAPA1","Significant"
"ENSSSCT00000016787.6",-1.05314997090611,0.572782492656503,-2.91970602947328,0.00594386310211264,0.020233212839975,-2.52129142635212,"ENSSSCT00000016787.6","ENSSSCG00000015412","CCDC146","CCDC146","Significant"
"ENSSSCT00000093652.1",1.88397953542376,-3.78366697066369,2.80878113766895,0.00790764804586788,0.0254587693184039,-2.52279671266712,"ENSSSCT00000093652.1","ENSSSCG00000020677","CYB5RL","CYB5RL","Significant"
"ENSSSCT00000079974.2",-2.37065736045556,-4.16071062762504,-2.79234554631879,0.00824554367465588,0.0263643920730097,-2.52344023158196,"ENSSSCT00000079974.2","ENSSSCG00000024486","HOOK3","HOOK3","Significant"
"ENSSSCT00000012769.5",1.77991211800959,-4.39157113225793,2.78933888919177,0.00830879354238204,0.0265412372596383,-2.52622588012346,"ENSSSCT00000012769.5","ENSSSCG00000011664","RBP1","RBP1","Significant"
"ENSSSCT00000067606.2",2.0887040165627,0.221328244739585,2.90379208372349,0.00619435321504093,0.020950279276265,-2.52770834100842,"ENSSSCT00000067606.2","ENSSSCG00000011592","PLXND1","PLXND1","Significant"
"ENSSSCT00000104624.1",1.58841153944654,-0.387526841529726,2.88220403873684,0.00654999053141781,0.0219279075147701,-2.52829070746205,"ENSSSCT00000104624.1","ENSSSCG00000008986","SEPTIN11","SEPTIN11","Significant"
"ENSSSCT00000081350.2",-1.08043374854756,4.28870783262794,-3.30358460126634,0.00213029434709465,0.00881343925583762,-2.52977305458551,"ENSSSCT00000081350.2","ENSSSCG00000009929","TRPV4","TRPV4","Significant"
"ENSSSCT00000025353.4",1.13306828631041,4.61039371805315,3.33306791266111,0.00196444390899367,0.00826541866161178,-2.53107429214729,"ENSSSCT00000025353.4","ENSSSCG00000010455","SLC16A12","SLC16A12","Significant"
"ENSSSCT00000002134.5",1.02951381876205,-1.59127012580383,2.83082283088835,0.0074747350368281,0.0243414164143771,-2.53273605170927,"ENSSSCT00000002134.5","ENSSSCG00000001905","ARID3B","ARID3B","Significant"
"ENSSSCT00000062714.3",1.75121099646563,-3.57446666095381,2.78955556603237,0.0083042203350053,0.0265389923350826,-2.53340240722564,"ENSSSCT00000062714.3","ENSSSCG00000032849","MLPH","MLPH","Significant"
"ENSSSCT00000016504.4",-1.47789238837542,-1.26218726104339,-2.84344563228657,0.00723687991212119,0.0237351607136907,-2.53341206658926,"ENSSSCT00000016504.4","ENSSSCG00000015138","JHY","JHY","Significant"
"ENSSSCT00000052745.3",1.5795468622484,-0.0138335039631038,2.87533401492167,0.00666711658919062,0.0222309950167694,-2.53399161712639,"ENSSSCT00000052745.3","ENSSSCG00000016948","TRIM23","TRIM23","Significant"
"ENSSSCT00000060116.2",-1.24217968086258,0.792222495806514,-2.92861276737284,0.00580784656050118,0.0198531169279283,-2.53427047494933,"ENSSSCT00000060116.2","ENSSSCG00000036932","WNT6","WNT6","Significant"
"ENSSSCT00000010277.5",-1.36910155924001,-2.64926555783947,-2.80361143048956,0.00801251400583326,0.0257379316892796,-2.53856105473265,"ENSSSCT00000010277.5","ENSSSCG00000009380","NEK5","NEK5","Significant"
"ENSSSCT00000044950.2",-1.69037198434933,-0.945919020996515,-2.84186151961241,0.00726633709828562,0.0238054315466745,-2.53950038302312,"ENSSSCT00000044950.2","ENSSSCG00000032455",NA,"ENSSSCG00000032455","Significant"
"ENSSSCT00000033937.4",1.32762794364367,-4.67306692752073,2.78549450254468,0.0083903245039351,0.0267512360772834,-2.54148699705922,"ENSSSCT00000033937.4","ENSSSCG00000006904","GLMN","GLMN","Significant"
"ENSSSCT00000105692.1",-2.06647475166011,-1.98191069501887,-2.82583925123958,0.00757063553791138,0.0246094716927281,-2.54158752013999,"ENSSSCT00000105692.1","ENSSSCG00000007589",NA,"ENSSSCG00000007589","Significant"
"ENSSSCT00000022607.4",2.30063968140555,-1.38697326994531,2.85661655133368,0.00699624536021035,0.0230969606849229,-2.54283507994532,"ENSSSCT00000022607.4","ENSSSCG00000022402","GRAMD2B","GRAMD2B","Significant"
"ENSSSCT00000053769.3",1.20587671729335,0.175716620818449,2.8653518043349,0.00684079794076173,0.0226983051186106,-2.54365463543791,"ENSSSCT00000053769.3","ENSSSCG00000023334","BCLAF3","BCLAF3","Significant"
"ENSSSCT00000102084.1",1.73908402868054,-1.78143188097411,2.8330316801255,0.00743259314831767,0.0242308036204129,-2.54399202588949,"ENSSSCT00000102084.1","ENSSSCG00000005934","TRAPPC9","TRAPPC9","Significant"
"ENSSSCT00000076775.2",-1.02763699718374,-0.192136347733305,-2.85968671091025,0.00694123812381718,0.0229562644915141,-2.54498965351372,"ENSSSCT00000076775.2","ENSSSCG00000012975","SNX32","SNX32","Significant"
"ENSSSCT00000074627.1",2.1600840050567,2.73593760525398,3.05970944484364,0.00411531836696417,0.0150861074922982,-2.54527997732751,"ENSSSCT00000074627.1","ENSSSCG00000004484","COL12A1","COL12A1","Significant"
"ENSSSCT00000017211.5",1.89926318872163,-3.38903966910221,2.78335173046502,0.0084360905874426,0.0268498923772919,-2.55058762392538,"ENSSSCT00000017211.5","ENSSSCG00000034623",NA,"ENSSSCG00000034623","Significant"
"ENSSSCT00000097283.1",-1.2556684319436,-3.58015122163932,-2.78246716159576,0.00845505119203231,0.0268997354669225,-2.55099641367817,"ENSSSCT00000097283.1","ENSSSCG00000031421","DYNLRB2","DYNLRB2","Significant"
"ENSSSCT00000073085.1",-1.30494860862848,-3.23371436474167,-2.78808892409635,0.00833522126900138,0.0265937522511519,-2.55181192385498,"ENSSSCT00000073085.1","ENSSSCG00000040019",NA,"ENSSSCG00000040019","Significant"
"ENSSSCT00000044145.3",-1.836026792495,-1.83444432959721,-2.81188838277912,0.00784523550275304,0.0252930122455213,-2.5548231896685,"ENSSSCT00000044145.3","ENSSSCG00000016426","ACTR3B","ACTR3B","Significant"
"ENSSSCT00000084050.2",2.27684530293907,-0.880976254967085,2.85845004536587,0.00696334632981696,0.0230106440255172,-2.5552332603548,"ENSSSCT00000084050.2","ENSSSCG00000028995","TLE2","TLE2","Significant"
"ENSSSCT00000100688.1",-1.88941612526841,-2.9316617895358,-2.81078202841952,0.00786740505024106,0.0253492315701215,-2.55524600081277,"ENSSSCT00000100688.1","ENSSSCG00000006388","DCAF8","DCAF8","Significant"
"ENSSSCT00000013917.6",1.42372076686656,-3.26909417733631,2.78449870038313,0.00841156437795667,0.0268058493772749,-2.55632352228221,"ENSSSCT00000013917.6","ENSSSCG00000012730","AFF2","AFF2","Significant"
"ENSSSCT00000045191.2",1.47375991105976,-3.91895654714173,2.77957662960487,0.00851728622931969,0.0270554949552552,-2.5573054167729,"ENSSSCT00000045191.2","ENSSSCG00000033919","DCLK1","DCLK1","Significant"
"ENSSSCT00000030453.3",1.51078692037964,3.57217156734639,3.18099811003575,0.00297421952247553,0.0115662515876422,-2.55881722179318,"ENSSSCT00000030453.3","ENSSSCG00000016715","OSBPL3","OSBPL3","Significant"
"ENSSSCT00000017366.5",-2.43014438083775,-3.84645505930315,-2.78166799079942,0.00847221539682387,0.0269464550578524,-2.56024864221395,"ENSSSCT00000017366.5","ENSSSCG00000015949","SLC25A12","SLC25A12","Significant"
"ENSSSCT00000070847.2",-2.09036320271758,-4.8566523494458,-2.77025881595957,0.00872081842983087,0.0276025205403558,-2.56497519613303,"ENSSSCT00000070847.2","ENSSSCG00000036659",NA,"ENSSSCG00000036659","Significant"
"ENSSSCT00000093773.1",1.84824833481057,-3.48829390876222,2.78346502465408,0.00843366500396432,0.0268447929111835,-2.56618301422801,"ENSSSCT00000093773.1","ENSSSCG00000034569","OBSCN","OBSCN","Significant"
"ENSSSCT00000101236.2",-1.71084133312756,-0.957100811232454,-2.8266475153356,0.00755500426846881,0.0245660076961362,-2.57063892513037,"ENSSSCT00000101236.2","ENSSSCG00000062469",NA,"ENSSSCG00000062469","Significant"
"ENSSSCT00000024828.4",1.57972213029045,-2.16131407446843,2.78398161179803,0.00842261330442765,0.0268270748110469,-2.57309370190248,"ENSSSCT00000024828.4","ENSSSCG00000027093","FOLH1B","FOLH1B","Significant"
"ENSSSCT00000078223.1",2.55476472946661,-4.29292784654657,2.77034018940876,0.00871902154517353,0.0275995124717318,-2.57365654649847,"ENSSSCT00000078223.1","ENSSSCG00000024193","LYSMD3","LYSMD3","Significant"
"ENSSSCT00000069238.2",1.28953892704853,-1.17348893184314,2.80417612426034,0.00800099663270317,0.0257079685438528,-2.57369731894737,"ENSSSCT00000069238.2","ENSSSCG00000041735",NA,"ENSSSCG00000041735","Significant"
"ENSSSCT00000072151.1",-1.59669703330108,-5.34984167335565,-2.76429638587489,0.00885342155560086,0.0279327420552362,-2.5737049705619,"ENSSSCT00000072151.1","ENSSSCG00000010866","SCCPDH","SCCPDH","Significant"
"ENSSSCT00000005843.5",-1.63975954422506,-3.92447750910944,-2.7680775474922,0.00876911363531788,0.0277338423674366,-2.57490245518588,"ENSSSCT00000005843.5","ENSSSCG00000013880",NA,"ENSSSCG00000013880","Significant"
"ENSSSCT00000072873.1",-1.00261261765083,-2.53789304221889,-2.77919919952196,0.00852544393684916,0.0270761322927168,-2.57508345832825,"ENSSSCT00000072873.1","ENSSSCG00000002406","AHSA1","AHSA1","Significant"
"ENSSSCT00000013522.6",2.34078614057573,-3.05524190208633,2.77945673446323,0.00851987683432456,0.0270610876089935,-2.57538654849599,"ENSSSCT00000013522.6","ENSSSCG00000012365","MSN","MSN","Significant"
"ENSSSCT00000059130.3",-1.26658844422002,2.36806976179586,-3.0570072085669,0.00414493309885777,0.0151625897687964,-2.57566999502864,"ENSSSCT00000059130.3","ENSSSCG00000016263",NA,"ENSSSCG00000016263","Significant"
"ENSSSCT00000092395.1",2.44309720214935,-3.50279094055972,2.79657072199362,0.00815741781377077,0.0261236077399256,-2.57771433689414,"ENSSSCT00000092395.1","ENSSSCG00000010403","MARCHF8","MARCHF8","Significant"
"ENSSSCT00000056672.3",2.81412350230516,0.894973149159812,2.87876760742516,0.00660833493975012,0.0220756303663538,-2.57815267360397,"ENSSSCT00000056672.3","ENSSSCG00000011576","HRH1","HRH1","Significant"
"ENSSSCT00000050189.3",2.670957990188,-0.642163157147967,2.81993741036161,0.00768569088651794,0.0248817660276071,-2.57919297922701,"ENSSSCT00000050189.3","ENSSSCG00000012479","PCDH19","PCDH19","Significant"
"ENSSSCT00000055220.3",1.79941653389571,-1.95941709585554,2.81254002911014,0.00783220483566764,0.0252607781642208,-2.58079302923489,"ENSSSCT00000055220.3","ENSSSCG00000029668","IL2RB","IL2RB","Significant"
"ENSSSCT00000099469.1",1.24164053569425,-3.41242995170237,2.77256388441571,0.00867005109044735,0.0274818535633818,-2.58224629790403,"ENSSSCT00000099469.1","ENSSSCG00000053289",NA,"ENSSSCG00000053289","Significant"
"ENSSSCT00000028610.4",2.3581570547167,-2.50395638850762,2.78404145571885,0.00842133389439357,0.0268270748110469,-2.5834686966956,"ENSSSCT00000028610.4","ENSSSCG00000014076","FAM169A","FAM169A","Significant"
"ENSSSCT00000103087.1",1.93499914777449,-1.80284337176218,2.84704444661795,0.0071703725759671,0.023564441837197,-2.5838935874704,"ENSSSCT00000103087.1","ENSSSCG00000005425","SLC44A1","SLC44A1","Significant"
"ENSSSCT00000009861.5",2.07835324818913,-3.05481268936128,2.78129244373111,0.00848029241029846,0.0269668832288473,-2.58397948935181,"ENSSSCT00000009861.5","ENSSSCG00000009004","SFRP2","SFRP2","Significant"
"ENSSSCT00000074174.1",-1.37307676702553,0.199328373130602,-2.91162319178194,0.00606987794506684,0.0206105291107018,-2.58652651266953,"ENSSSCT00000074174.1","ENSSSCG00000001561","ETV7","ETV7","Significant"
"ENSSSCT00000098911.1",-1.55606481817275,-4.42339589512975,-2.76023458234924,0.008944826034485,0.0281638926150023,-2.5892272428102,"ENSSSCT00000098911.1","ENSSSCG00000060121","WNK4","WNK4","Significant"
"ENSSSCT00000084381.2",1.00544653694031,0.832838244098099,2.91847170253313,0.00596294675202187,0.0202897010961095,-2.58949779036932,"ENSSSCT00000084381.2","ENSSSCG00000011538","LMCD1","LMCD1","Significant"
"ENSSSCT00000087590.2",-1.63256630896898,-2.28415526034106,-2.79800006291986,0.00812780471969923,0.0260466822371804,-2.58997005560223,"ENSSSCT00000087590.2","ENSSSCG00000015201","MSANTD2","MSANTD2","Significant"
"ENSSSCT00000085715.1",1.0391724663173,-1.60295860993119,2.7949048487535,0.00819205819577763,0.0262165160399621,-2.59074961238489,"ENSSSCT00000085715.1","ENSSSCG00000024232","CCDC91","CCDC91","Significant"
"ENSSSCT00000068131.2",2.37493019075292,-3.96221479754856,2.75933385459123,0.00896521395968543,0.0282090171725134,-2.59195472398074,"ENSSSCT00000068131.2","ENSSSCG00000010503","ZNF518A","ZNF518A","Significant"
"ENSSSCT00000101728.1",1.2368716487921,-2.2365756336817,2.78600820712581,0.00837938701776521,0.0267189764623195,-2.59205008081441,"ENSSSCT00000101728.1","ENSSSCG00000021307","USP44","USP44","Significant"
"ENSSSCT00000031323.4",2.31258142055327,-4.49932791400841,2.75868922182334,0.0089798316953268,0.0282468338248369,-2.59638015078426,"ENSSSCT00000031323.4","ENSSSCG00000027565","ARHGAP45","ARHGAP45","Significant"
"ENSSSCT00000056235.3",1.18245816723171,-2.16674091065478,2.77819985343419,0.0085470787510406,0.0271369126106659,-2.5967153852032,"ENSSSCT00000056235.3","ENSSSCG00000006748","TSPAN2","TSPAN2","Significant"
"ENSSSCT00000087754.2",-4.00955904148405,-3.6090973215328,-2.76580192970385,0.0088197628083207,0.0278561994190146,-2.5990858109279,"ENSSSCT00000087754.2","ENSSSCG00000014133","RPS23","RPS23","Significant"
"ENSSSCT00000038459.3",1.32532409423342,-4.51525789881201,2.75651696747102,0.00902925312291439,0.0283612494045762,-2.60182087776353,"ENSSSCT00000038459.3","ENSSSCG00000034607","OGN","OGN","Significant"
"ENSSSCT00000071286.2",1.05943626711553,-3.10821742170781,2.75954048252733,0.0089605331333717,0.0281970101612249,-2.6025994693547,"ENSSSCT00000071286.2","ENSSSCG00000047133",NA,"ENSSSCG00000047133","Significant"
"ENSSSCT00000105827.1",-1.20936515934242,-4.96368364205394,-2.75113340454232,0.00915282719289793,0.0286858384886325,-2.60385948819045,"ENSSSCT00000105827.1","ENSSSCG00000057031",NA,"ENSSSCG00000057031","Significant"
"ENSSSCT00000096394.1",1.13814064533097,2.61455578977802,3.03982961266607,0.00433794436031086,0.0157166727329231,-2.60489281177227,"ENSSSCT00000096394.1","ENSSSCG00000031206","TFCP2","TFCP2","Significant"
"ENSSSCT00000066160.2",-2.38663684546281,-2.89744458915383,-2.77204705769784,0.00868140983171234,0.0275071609478279,-2.60553540591324,"ENSSSCT00000066160.2","ENSSSCG00000036909","ERI3","ERI3","Significant"
"ENSSSCT00000060897.2",-1.01615638066493,-1.82618769246258,-2.78266690027641,0.00845076635903864,0.0268887270781786,-2.60648245802189,"ENSSSCT00000060897.2","ENSSSCG00000036791","KRT78","KRT78","Significant"
"ENSSSCT00000082295.2",-1.98045702293689,-4.91841376936282,-2.74962601548499,0.00918770823294788,0.0287481803480838,-2.60696960281741,"ENSSSCT00000082295.2","ENSSSCG00000006641","PRUNE1","PRUNE1","Significant"
"ENSSSCT00000006602.4",-1.57935953413229,1.04526482468823,-2.92320500131651,0.00589007713479924,0.0200794724909028,-2.60745537675306,"ENSSSCT00000006602.4","ENSSSCG00000006016","EIF3H","EIF3H","Significant"
"ENSSSCT00000073036.2",1.1168892429668,-4.49150637012764,2.75031750583632,0.00917169181846896,0.0287173571544571,-2.60771696487727,"ENSSSCT00000073036.2","ENSSSCG00000009362","TRPC4","TRPC4","Significant"
"ENSSSCT00000106373.1",1.0186651505909,-2.77500319805253,2.76414591733806,0.00885679206710101,0.0279406723324394,-2.60884196249247,"ENSSSCT00000106373.1","ENSSSCG00000059383",NA,"ENSSSCG00000059383","Significant"
"ENSSSCT00000009470.5",2.69169666164796,-3.41120735042385,2.75453569013804,0.00907454987497366,0.0284788357034981,-2.61098751243552,"ENSSSCT00000009470.5","ENSSSCG00000029570","PXDN","PXDN","Significant"
"ENSSSCT00000072555.2",-1.46208679652196,-4.39176500869875,-2.7493443240388,0.00919424026135155,0.0287630982039058,-2.61242302648564,"ENSSSCT00000072555.2","ENSSSCG00000015592","TATDN3","TATDN3","Significant"
"ENSSSCT00000000960.5",2.47450816210427,-3.86630935950872,2.75817567173484,0.00899149284059235,0.0282724712201754,-2.6133361661352,"ENSSSCT00000000960.5","ENSSSCG00000000877","SCYL2","SCYL2","Significant"
"ENSSSCT00000067219.2",3.79249730352681,-0.901109644869801,2.83444255051767,0.00740579180377323,0.0241588539768687,-2.61369677874777,"ENSSSCT00000067219.2","ENSSSCG00000016027","ITGAV","ITGAV","Significant"
"ENSSSCT00000098524.1",-2.05878841294422,-4.68001755994661,-2.74743680678038,0.00923858653235533,0.0288685906939729,-2.61594056545489,"ENSSSCT00000098524.1","ENSSSCG00000014269","FNIP1","FNIP1","Significant"
"ENSSSCT00000011127.4",-1.52319141768116,-0.793817849235428,-2.80940248201901,0.00789513073780975,0.0254209799106803,-2.61617723889492,"ENSSSCT00000011127.4","ENSSSCG00000010162","SLC35F3","SLC35F3","Significant"
"ENSSSCT00000056345.3",1.20658771169361,2.60355479767999,3.03245335715773,0.00442340151146922,0.0159447852824701,-2.61639968787311,"ENSSSCT00000056345.3","ENSSSCG00000005288","TLE4","TLE4","Significant"
"ENSSSCT00000001840.4",2.62371240472261,-1.85404292465043,2.81104980498914,0.00786203389122466,0.0253394378202342,-2.61681539765473,"ENSSSCT00000001840.4","ENSSSCG00000001654","PPP2R5D","PPP2R5D","Significant"
"ENSSSCT00000087702.1",1.30040889659086,-2.72654548333396,2.8183030814345,0.00771783900914481,0.0249561066204659,-2.61745089711488,"ENSSSCT00000087702.1","ENSSSCG00000032354","KDM5D","KDM5D","Significant"
"ENSSSCT00000011016.5",1.25962025865466,-0.514530618685621,2.81927302963176,0.00769874451438985,0.0249141306349545,-2.61751953935935,"ENSSSCT00000011016.5","ENSSSCG00000010055","GGT5","GGT5","Significant"
"ENSSSCT00000107823.1",-1.55220497949879,1.15436305806829,-2.88769650195224,0.00645773855595531,0.0216637985628806,-2.61842531688026,"ENSSSCT00000107823.1","ENSSSCG00000001410","BAG6","BAG6","Significant"
"ENSSSCT00000073637.2",1.06459287606116,-1.92674222542848,2.77811392806309,0.00854894132989615,0.0271401833612399,-2.61898170656233,"ENSSSCT00000073637.2","ENSSSCG00000042530",NA,"ENSSSCG00000042530","Significant"
"ENSSSCT00000104794.1",2.06953393552608,-3.37849938791926,2.74950143534111,0.00919059653943207,0.0287544582642398,-2.6211438130876,"ENSSSCT00000104794.1","ENSSSCG00000039332","SEC16B","SEC16B","Significant"
"ENSSSCT00000005847.3",-1.25527709756454,1.06640305688622,-2.93760697118608,0.00567346177151711,0.0194651739028248,-2.6217653622781,"ENSSSCT00000005847.3","ENSSSCG00000005309","CIMIP2B","CIMIP2B","Significant"
"ENSSSCT00000054267.2",2.20870632393203,-3.74410297907179,2.74918453012117,0.00919794757477642,0.0287664156094015,-2.62241110391014,"ENSSSCT00000054267.2","ENSSSCG00000003771","FUBP1","FUBP1","Significant"
"ENSSSCT00000060864.3",2.13384818860961,-3.81266375952978,2.75065824778763,0.00916380903917071,0.0287144376118888,-2.62514619386766,"ENSSSCT00000060864.3","ENSSSCG00000001723","PLA2G7","PLA2G7","Significant"
"ENSSSCT00000019489.5",2.26113141537216,-3.27811041397821,2.75117635189853,0.00915183519417221,0.0286858384886325,-2.62711580600684,"ENSSSCT00000019489.5","ENSSSCG00000017909","CHRNE","CHRNE","Significant"
"ENSSSCT00000085774.2",2.32721081407204,-0.200279570584516,2.85405911917657,0.00704237695830719,0.0232163456368703,-2.62717576409759,"ENSSSCT00000085774.2","ENSSSCG00000021359","CDC42EP3","CDC42EP3","Significant"
"ENSSSCT00000083327.2",-2.16653956100342,0.78809499596972,-2.9096839265391,0.00610048223474032,0.0206928966689007,-2.63051453405531,"ENSSSCT00000083327.2","ENSSSCG00000006646","ARNT","ARNT","Significant"
"ENSSSCT00000095943.1",-2.88078975451919,-2.72248232312509,-2.759712877116,0.00895662954716705,0.0281874468876288,-2.6306516305023,"ENSSSCT00000095943.1","ENSSSCG00000013094","DDB1","DDB1","Significant"
"ENSSSCT00000045425.3",1.86737625400108,-2.85824286717158,2.76390898286026,0.00886210184327357,0.0279547183144438,-2.63154772353798,"ENSSSCT00000045425.3","ENSSSCG00000014430","ABLIM3","ABLIM3","Significant"
"ENSSSCT00000075682.2",-1.12567202376711,-2.45646329131327,-2.75499640858124,0.00906399794510813,0.0284566768418205,-2.63232107361109,"ENSSSCT00000075682.2","ENSSSCG00000046723",NA,"ENSSSCG00000046723","Significant"
"ENSSSCT00000106999.1",-1.29787332233908,-5.49763956073546,-2.73460090973131,0.00954220154158662,0.0295988905966977,-2.63406268380708,"ENSSSCT00000106999.1","ENSSSCG00000025593","TAP2","TAP2","Significant"
"ENSSSCT00000101941.1",2.06504863881524,-4.10446661445261,2.74760191254894,0.00923474028760345,0.0288593379025231,-2.63471454590225,"ENSSSCT00000101941.1","ENSSSCG00000013551","C3","C3","Significant"
"ENSSSCT00000043473.3",-1.79535179511504,-4.02410392518632,-2.74446698751569,0.00930802493702316,0.0290327030562234,-2.63612341791185,"ENSSSCT00000043473.3","ENSSSCG00000007074","TASP1","TASP1","Significant"
"ENSSSCT00000069725.2",-3.67779297180254,-2.11367020741168,-2.75622766105101,0.00903585423591916,0.0283792497358548,-2.6378844058669,"ENSSSCT00000069725.2","ENSSSCG00000010563","BTRC","BTRC","Significant"
"ENSSSCT00000017115.5",1.46870625578698,-4.53322431938635,2.73657974750047,0.00949479884393953,0.0294939425979234,-2.63896563075193,"ENSSSCT00000017115.5","ENSSSCG00000015715","EN1","EN1","Significant"
"ENSSSCT00000008798.5",-2.56793795234618,-1.94173128854341,-2.77056569871694,0.00871404365850197,0.0275864335801338,-2.6444989783457,"ENSSSCT00000008798.5","ENSSSCG00000008029","BAIAP3","BAIAP3","Significant"
"ENSSSCT00000082322.2",-1.50130187136455,-4.07055961521866,-2.73552310357185,0.00952008329526718,0.0295527749937057,-2.64500776223211,"ENSSSCT00000082322.2","ENSSSCG00000007987","DECR2","DECR2","Significant"
"ENSSSCT00000019290.5",1.04735983041413,3.56107540770046,3.13137841867389,0.00339908831790858,0.0129376459861185,-2.64526389804234,"ENSSSCT00000019290.5","ENSSSCG00000017723","CCL2","CCL2","Significant"
"ENSSSCT00000101979.1",-1.3406864333856,-3.49335399816769,-2.74488071746186,0.00929832239902281,0.029005214647698,-2.64607861883473,"ENSSSCT00000101979.1","ENSSSCG00000060487",NA,"ENSSSCG00000060487","Significant"
"ENSSSCT00000023229.4",-1.23125200357706,0.950088775720576,-2.87748503533493,0.00663023506006614,0.0221374484278952,-2.64658424965245,"ENSSSCT00000023229.4","ENSSSCG00000026849","CCNO","CCNO","Significant"
"ENSSSCT00000097688.1",-2.84344735449278,-2.42520007879151,-2.75979489610574,0.00895477291968333,0.0281874468876288,-2.64914188206678,"ENSSSCT00000097688.1","ENSSSCG00000017752","WSB1","WSB1","Significant"
"ENSSSCT00000068157.2",3.3808776372197,-0.041625302585159,2.8172497143099,0.00773862572032353,0.0250059256736285,-2.65085601683018,"ENSSSCT00000068157.2","ENSSSCG00000011137","GDI2","GDI2","Significant"
"ENSSSCT00000028345.4",1.45155256212523,2.45463329252997,3.02256750018534,0.00454042537048769,0.0162723886902807,-2.6516309413526,"ENSSSCT00000028345.4","ENSSSCG00000008281","RTKN","RTKN","Significant"
"ENSSSCT00000062911.3",1.80871119913021,-4.61067605824081,2.72941082372518,0.00966757448753661,0.029910950710917,-2.65320249229695,"ENSSSCT00000062911.3","ENSSSCG00000016554","MEST","MEST","Significant"
"ENSSSCT00000104563.1",-2.40835820473524,-0.262605031210684,-2.85378080297279,0.00704741441005685,0.0232282550976035,-2.65420703635769,"ENSSSCT00000104563.1","ENSSSCG00000008675","LETM1","LETM1","Significant"
"ENSSSCT00000053141.2",1.66581976762053,-3.89479019024648,2.7309173729711,0.00963102539342804,0.0298318403883078,-2.65424257657881,"ENSSSCT00000053141.2","ENSSSCG00000037483","RFTN2","RFTN2","Significant"
"ENSSSCT00000000803.5",-1.28630855782071,-4.19264779335972,-2.72773799549106,0.0097083082732685,0.0300061787828517,-2.65511371468565,"ENSSSCT00000000803.5","ENSSSCG00000000740","TEX52","TEX52","Significant"
"ENSSSCT00000087281.2",-1.65451448013708,-5.35418078135102,-2.72410417948797,0.00979734173611644,0.0302092424781862,-2.65743243467199,"ENSSSCT00000087281.2","ENSSSCG00000025651","GFM1","GFM1","Significant"
"ENSSSCT00000062600.3",-1.53364002575661,-5.24665195628767,-2.72350248464825,0.00981215695505146,0.0302291944970706,-2.65752523742158,"ENSSSCT00000062600.3","ENSSSCG00000001825","SLC41A3","SLC41A3","Significant"
"ENSSSCT00000024385.4",1.01111643746611,-2.61393091014261,2.74818323461531,0.0092212098506365,0.0288308713051546,-2.65958375292441,"ENSSSCT00000024385.4","ENSSSCG00000000145","MYH9","MYH9","Significant"
"ENSSSCT00000066674.2",1.12725170148466,-3.08093448460429,2.74297881276031,0.00934300246651513,0.0291111670889009,-2.66099525105584,"ENSSSCT00000066674.2","ENSSSCG00000029901","UBE2O","UBE2O","Significant"
"ENSSSCT00000041472.3",-2.37289489363209,-2.63370096766985,-2.74493159596089,0.00929712987673149,0.0290042696872025,-2.66145539246804,"ENSSSCT00000041472.3","ENSSSCG00000025270","CHRD","CHRD","Significant"
"ENSSSCT00000003918.4",1.98498799261728,-4.88240645878446,2.72540637826897,0.00976534938056754,0.0301505162125023,-2.66160112655683,"ENSSSCT00000003918.4","ENSSSCG00000003527","EPHB2","EPHB2","Significant"
"ENSSSCT00000047429.3",1.52317126253095,0.633595621351915,2.86502001330636,0.00684664281754838,0.0227111549927101,-2.66167543707593,"ENSSSCT00000047429.3","ENSSSCG00000036381","RBMS3","RBMS3","Significant"
"ENSSSCT00000037985.3",-1.29711495912304,-4.26550634776885,-2.72587163589981,0.009753942467137,0.0301267089994823,-2.66202508702793,"ENSSSCT00000037985.3","ENSSSCG00000010814","ESRRG","ESRRG","Significant"
"ENSSSCT00000001565.7",-3.06271604256709,-2.34126423562103,-2.76368526172509,0.00886711822058885,0.0279678361675611,-2.66447871746625,"ENSSSCT00000001565.7","ENSSSCG00000001423","NELFE","NELFE","Significant"
"ENSSSCT00000096808.1",1.09706994648608,-1.64158046721952,2.76532824994926,0.00883033979842933,0.0278806917607387,-2.66634412469402,"ENSSSCT00000096808.1","ENSSSCG00000055189",NA,"ENSSSCG00000055189","Significant"
"ENSSSCT00000085922.2",-1.47358110117081,-4.08203496170162,-2.723050520023,0.00982329910636308,0.0302549446499019,-2.66698354634265,"ENSSSCT00000085922.2","ENSSSCG00000024895","GGA1","GGA1","Significant"
"ENSSSCT00000087409.2",-1.78180240552249,-1.20972551321687,-2.76336706363544,0.00887425755069139,0.0279876468545891,-2.67304704939232,"ENSSSCT00000087409.2","ENSSSCG00000013012","SNX15","SNX15","Significant"
"ENSSSCT00000004098.5",1.89945938649346,-4.84688417349922,2.71876779365095,0.00992946377493985,0.0305242539051611,-2.67321945980634,"ENSSSCT00000004098.5","ENSSSCG00000003699","GREB1L","GREB1L","Significant"
"ENSSSCT00000012179.4",-1.39404038325175,-4.16137807825097,-2.72238449161479,0.0098397398960993,0.0302969949544264,-2.67470142328167,"ENSSSCT00000012179.4","ENSSSCG00000011128","ITIH2","ITIH2","Significant"
"ENSSSCT00000076696.2",1.04459085932818,-2.93736032015791,2.72622227702945,0.00974535382201652,0.0301033972493255,-2.67643836927761,"ENSSSCT00000076696.2","ENSSSCG00000016437","WDR86","WDR86","Significant"
"ENSSSCT00000000828.3",-1.26126249425145,-5.50717094183995,-2.7132713190176,0.0100672748556019,0.0308577070031066,-2.67720388574021,"ENSSSCT00000000828.3","ENSSSCG00000000764","HDHD5","HDHD5","Significant"
"ENSSSCT00000042165.3",1.54504212725312,-1.65725170625359,2.76648965923498,0.00880442717787211,0.0278253260071718,-2.67740733342808,"ENSSSCT00000042165.3","ENSSSCG00000000584","SLCO1A2","SLCO1A2","Significant"
"ENSSSCT00000048237.2",1.6148513736465,-3.97401789687118,2.71944367799049,0.00991263885921308,0.0304840291799456,-2.67759636134023,"ENSSSCT00000048237.2","ENSSSCG00000016566","NRF1","NRF1","Significant"
"ENSSSCT00000060703.3",1.92185720546859,1.98865589816077,2.96446809889308,0.00528929365728839,0.0183954671080181,-2.67924205698206,"ENSSSCT00000060703.3","ENSSSCG00000005060","KTN1","KTN1","Significant"
"ENSSSCT00000003339.5",-1.64250686107015,6.07655406064478,-3.31502525114115,0.0020644104235601,0.00858739952153017,-2.6808753036261,"ENSSSCT00000003339.5","ENSSSCG00000054571","CYP2B6B","CYP2B6B","Significant"
"ENSSSCT00000047941.2",1.57042583114072,1.96275016074078,2.92678426969914,0.00583552944558827,0.0199226808422995,-2.68130704752226,"ENSSSCT00000047941.2","ENSSSCG00000035628","VMA22","VMA22","Significant"
"ENSSSCT00000084544.2",-1.18270511320012,-3.65041768651668,-2.72390616456587,0.00980221506272998,0.0302161044791761,-2.68162391682834,"ENSSSCT00000084544.2","ENSSSCG00000003113","C5AR2","C5AR2","Significant"
"ENSSSCT00000090328.1",1.69458708053791,-0.429682304231852,2.8136577052491,0.00780990216298925,0.025203805812343,-2.6817604141583,"ENSSSCT00000090328.1","ENSSSCG00000037416","CLIC5","CLIC5","Significant"
"ENSSSCT00000077971.2",1.45091167721307,-4.58249614782422,2.71570197716865,0.0100061146543434,0.0307077712904943,-2.68249167760954,"ENSSSCT00000077971.2","ENSSSCG00000011128","ITIH2","ITIH2","Significant"
"ENSSSCT00000038818.3",-2.61517089111569,-2.66624084685301,-2.75846136173649,0.00898500396237176,0.0282603771164547,-2.68471458230093,"ENSSSCT00000038818.3","ENSSSCG00000026063","DPP9","DPP9","Significant"
"ENSSSCT00000094430.1",-2.24835280233835,-3.91905459300454,-2.71777787620133,0.00995415376612712,0.0305799707331394,-2.685344026025,"ENSSSCT00000094430.1","ENSSSCG00000014887","ALG8","ALG8","Significant"
"ENSSSCT00000100144.1",1.03458139556155,-3.6767752298484,2.71993642106975,0.00990038957665649,0.0304549770504112,-2.68739738587216,"ENSSSCT00000100144.1","ENSSSCG00000052207",NA,"ENSSSCG00000052207","Significant"
"ENSSSCT00000038536.2",1.41688296011319,3.87394210220039,3.1398368175442,0.0033228109357948,0.0126932545694966,-2.68785635710223,"ENSSSCT00000038536.2","ENSSSCG00000015214","STT3A","STT3A","Significant"
"ENSSSCT00000080556.2",1.08169606940522,2.82586979412422,3.06764817516463,0.00402946667886093,0.014826400135152,-2.68863900732463,"ENSSSCT00000080556.2","ENSSSCG00000017379","ETV4","ETV4","Significant"
"ENSSSCT00000051243.3",-2.00891185674868,0.841438747332473,-2.84422243521669,0.00722247575144297,0.0237022243985955,-2.69058104848226,"ENSSSCT00000051243.3","ENSSSCG00000009268","CRYL1","CRYL1","Significant"
"ENSSSCT00000012384.3",-2.4111082430003,-3.24693173703137,-2.72360814999756,0.00980955370911452,0.030226845576386,-2.69139766255025,"ENSSSCT00000012384.3","ENSSSCG00000011312","LARS2","LARS2","Significant"
"ENSSSCT00000069394.2",-2.52340070986364,-2.57913660783521,-2.72800668641408,0.00970175486746094,0.029993932836971,-2.6943893584351,"ENSSSCT00000069394.2","ENSSSCG00000013761","CC2D1A","CC2D1A","Significant"
"ENSSSCT00000028507.4",1.19654263887909,0.12776781953133,2.80982830618857,0.00788656295529938,0.0254034280374018,-2.69549616671897,"ENSSSCT00000028507.4","ENSSSCG00000027348",NA,"ENSSSCG00000027348","Significant"
"ENSSSCT00000049727.3",2.10371690520469,-1.5419664036084,2.75273072573314,0.00911599939309692,0.0285896541181735,-2.69849883431721,"ENSSSCT00000049727.3","ENSSSCG00000016866","GHR","GHR","Significant"
"ENSSSCT00000043418.3",-2.06671627924678,-4.6441656328148,-2.70988413008772,0.0101530812082634,0.031082728611664,-2.69959196684063,"ENSSSCT00000043418.3","ENSSSCG00000005651","ODF2","ODF2","Significant"
"ENSSSCT00000086478.2",-1.26048249353461,-0.310338495525818,-2.80392222666296,0.0080061731635381,0.0257200975292143,-2.70082142317718,"ENSSSCT00000086478.2","ENSSSCG00000043977",NA,"ENSSSCG00000043977","Significant"
"ENSSSCT00000017248.3",1.37051959244816,0.959318234563542,2.89489607471304,0.00633865544036318,0.0213549629016979,-2.70201416169904,"ENSSSCT00000017248.3","ENSSSCG00000015840","WRN","WRN","Significant"
"ENSSSCT00000053430.3",-1.47785619168281,-5.19707818569369,-2.70199697729708,0.0103555161432951,0.0316015769689249,-2.70259785601762,"ENSSSCT00000053430.3","ENSSSCG00000039915",NA,"ENSSSCG00000039915","Significant"
"ENSSSCT00000064735.3",1.56334378141045,-0.966654533799714,2.82855683000609,0.00751819895210395,0.0244731787773959,-2.70539239394224,"ENSSSCT00000064735.3","ENSSSCG00000039010","WNT7A","WNT7A","Significant"
"ENSSSCT00000017409.5",4.11930765805001,-0.462373943819467,2.77129684137351,0.00869792260543705,0.0275487729383786,-2.70577850291278,"ENSSSCT00000017409.5","ENSSSCG00000015988",NA,"ENSSSCG00000015988","Significant"
"ENSSSCT00000107857.1",1.0177426206404,2.4684224946344,3.0499181383342,0.00422358386969823,0.0153878342259069,-2.7076325361522,"ENSSSCT00000107857.1","ENSSSCG00000036796","VWA7","VWA7","Significant"
"ENSSSCT00000010711.5",-1.57644715303259,1.9152456864395,-2.94420188641026,0.00557678604177117,0.0191920553204462,-2.70839742702462,"ENSSSCT00000010711.5","ENSSSCG00000009769","GTF2H3","GTF2H3","Significant"
"ENSSSCT00000059051.3",2.13345982597344,2.41763385362339,2.95307021389132,0.00544922108835829,0.0188236578151067,-2.70924444054689,"ENSSSCT00000059051.3","ENSSSCG00000024841","SLC35A2","SLC35A2","Significant"
"ENSSSCT00000009428.5",-1.11921710273048,-2.39010905993953,-2.72392011213135,0.00980187172692404,0.0302161044791761,-2.7095874744776,"ENSSSCT00000009428.5","ENSSSCG00000008617","CYRIA","CYRIA","Significant"
"ENSSSCT00000011289.4",3.76403319048978,0.743845217807618,2.80164652335763,0.00805271034333804,0.0258441350560285,-2.70987611364763,"ENSSSCT00000011289.4","ENSSSCG00000010313","VCL","VCL","Significant"
"ENSSSCT00000068737.1",2.17206645040208,-4.46389827081861,2.70477322030947,0.010283837369164,0.0314240143940228,-2.70990093705574,"ENSSSCT00000068737.1","ENSSSCG00000010370",NA,"ENSSSCG00000010370","Significant"
"ENSSSCT00000073423.2",1.41492931748767,-2.56027625812405,2.71882818324532,0.00992795940899818,0.0305242539051611,-2.71127481276165,"ENSSSCT00000073423.2","ENSSSCG00000052041","ZNF550","ZNF550","Significant"
"ENSSSCT00000095922.1",3.26025137618999,-2.60620164665543,2.71782508165067,0.00995297510192737,0.0305794040856881,-2.71286090715673,"ENSSSCT00000095922.1","ENSSSCG00000027340","PI4K2B","PI4K2B","Significant"
"ENSSSCT00000107567.1",-1.08862846091296,-1.06877482363824,-2.78024265496073,0.0085029085897214,0.0270256221153516,-2.71662418324704,"ENSSSCT00000107567.1","ENSSSCG00000062469",NA,"ENSSSCG00000062469","Significant"
"ENSSSCT00000067543.1",-1.2445519103463,-5.4156121036561,-2.69342672086923,0.0105797174470517,0.0321520450712094,-2.71915487134925,"ENSSSCT00000067543.1","ENSSSCG00000014766","OR51E1","OR51E1","Significant"
"ENSSSCT00000054897.3",-1.57528877732251,-5.37082353482397,-2.69281552461356,0.0105958770117154,0.0321844581786817,-2.72110006899192,"ENSSSCT00000054897.3","ENSSSCG00000014010","MAPK9","MAPK9","Significant"
"ENSSSCT00000058157.3",1.22671711571431,2.35058487050193,2.98347941169368,0.00503231799417754,0.0176937017019481,-2.72147311247788,"ENSSSCT00000058157.3","ENSSSCG00000028327","RHOBTB1","RHOBTB1","Significant"
"ENSSSCT00000082405.2",-1.36426329718466,-5.46411185562622,-2.69096052802664,0.0106450617073842,0.0322858605654066,-2.72335266592575,"ENSSSCT00000082405.2","ENSSSCG00000005425","SLC44A1","SLC44A1","Significant"
"ENSSSCT00000068630.1",1.70137051809975,2.67891306396685,3.02917990553915,0.00446183235650273,0.0160613349903809,-2.72402771427173,"ENSSSCT00000068630.1","ENSSSCG00000015353","SCIN","SCIN","Significant"
"ENSSSCT00000011570.4",1.10757886575404,-2.90730110975044,2.70775418895851,0.0102073847189512,0.0312196596038165,-2.72412300688364,"ENSSSCT00000011570.4","ENSSSCG00000010577","ELOVL3","ELOVL3","Significant"
"ENSSSCT00000038403.3",-1.75203589954854,-4.98383293994028,-2.69251068561984,0.0106039452592824,0.0322041938091246,-2.7253097033355,"ENSSSCT00000038403.3","ENSSSCG00000032591",NA,"ENSSSCG00000032591","Significant"
"ENSSSCT00000080142.2",-1.00976687381511,-3.67459497594837,-2.70750866758671,0.0102136616301119,0.0312329979167295,-2.72776694685427,"ENSSSCT00000080142.2","ENSSSCG00000049642",NA,"ENSSSCG00000049642","Significant"
"ENSSSCT00000090331.2",-2.06243313751061,-2.03781133211874,-2.72963536646534,0.00966211890145087,0.0298969084808678,-2.72782753514086,"ENSSSCT00000090331.2","ENSSSCG00000003139","BCAT2","BCAT2","Significant"
"ENSSSCT00000058302.3",-2.95339252760752,-1.02537246147795,-2.74977275659348,0.00918430722092638,0.028740296826095,-2.72853746932529,"ENSSSCT00000058302.3","ENSSSCG00000026478","PADI2","PADI2","Significant"
"ENSSSCT00000042822.3",1.56685219724995,-1.10844205407378,2.74661356459338,0.00925778670054741,0.0289123683585684,-2.73086594340777,"ENSSSCT00000042822.3","ENSSSCG00000010542","CUTC","CUTC","Significant"
"ENSSSCT00000077436.1",1.69472520166897,-3.37454919914535,2.70236221184705,0.0103460599285864,0.0315837150198525,-2.73171378440361,"ENSSSCT00000077436.1","ENSSSCG00000032151","CPZ","CPZ","Significant"
"ENSSSCT00000089061.2",-2.0559324255483,-3.69155493345056,-2.70233528382108,0.0103467568435482,0.0315837150198525,-2.73317152792059,"ENSSSCT00000089061.2","ENSSSCG00000014812","FOLR2","FOLR2","Significant"
"ENSSSCT00000039445.3",-1.76685795797352,-0.815004080645434,-2.74573432723903,0.00927833374308787,0.0289567142107435,-2.73520095444525,"ENSSSCT00000039445.3","ENSSSCG00000007909","ABAT","ABAT","Significant"
"ENSSSCT00000018899.4",-2.52640595425548,-4.35623278557743,-2.69012835304808,0.0106671951714931,0.0323378178866911,-2.73526745138845,"ENSSSCT00000018899.4","ENSSSCG00000017360","UBTF","UBTF","Significant"
"ENSSSCT00000100262.1",-1.10907823567119,-3.30101737579519,-2.69596717225971,0.0105127940149139,0.0319797663801317,-2.7374581077836,"ENSSSCT00000100262.1","ENSSSCG00000058335",NA,"ENSSSCG00000058335","Significant"
"ENSSSCT00000004373.5",-1.7430390028277,0.617353716704407,-2.87488955457278,0.00667476122331806,0.0222496590251572,-2.73843567531255,"ENSSSCT00000004373.5","ENSSSCG00000003954",NA,"ENSSSCG00000003954","Significant"
"ENSSSCT00000039019.2",1.32017858722991,-4.59051973839417,2.69116354626567,0.010639668458588,0.0322783800524615,-2.73883814444445,"ENSSSCT00000039019.2","ENSSSCG00000014214","TRIM36","TRIM36","Significant"
"ENSSSCT00000094799.1",-1.26166064727016,-5.54156008625411,-2.68243727942334,0.0108737805968268,0.0328632501463607,-2.73930679401744,"ENSSSCT00000094799.1","ENSSSCG00000013496","SIRT6","SIRT6","Significant"
"ENSSSCT00000025965.4",-1.47204971793597,-0.743833560923011,-2.7566806568471,0.00902552020297714,0.028352255583184,-2.74082529529077,"ENSSSCT00000025965.4","ENSSSCG00000024281",NA,"ENSSSCG00000024281","Significant"
"ENSSSCT00000002949.3",1.30527334105869,-3.13103899975995,2.69474218484738,0.0105450149355694,0.03207179729098,-2.74182457511534,"ENSSSCT00000002949.3","ENSSSCG00000002658","FOXL1","FOXL1","Significant"
"ENSSSCT00000090552.2",-2.42928904252973,-2.0270853805254,-2.71883490175932,0.00992779205707438,0.0305242539051611,-2.74235276683364,"ENSSSCT00000090552.2","ENSSSCG00000021793","SMIM14","SMIM14","Significant"
"ENSSSCT00000030384.3",-1.08732219582044,-2.94566364784617,-2.69970084438538,0.0104151484375711,0.0317330622987168,-2.74343121516388,"ENSSSCT00000030384.3","ENSSSCG00000029239","MZB1","MZB1","Significant"
"ENSSSCT00000009718.5",2.0182346903887,-1.68620532108676,2.72316579483982,0.00982045615597615,0.0302519040541805,-2.74371635567067,"ENSSSCT00000009718.5","ENSSSCG00000008877","ETFDH","ETFDH","Significant"
"ENSSSCT00000003886.4",-1.46171722960428,1.97962766267286,-2.95641804311681,0.00540178146274673,0.0186983419483379,-2.74535064816814,"ENSSSCT00000003886.4","ENSSSCG00000003498","UBXN10","UBXN10","Significant"
"ENSSSCT00000088226.2",1.37968933418145,-4.68744294070857,2.68337874179777,0.0108482952108128,0.0327983880798719,-2.74589682244503,"ENSSSCT00000088226.2","ENSSSCG00000033854","LGALS1","LGALS1","Significant"
"ENSSSCT00000043757.3",-1.3733939684874,-5.27145126067383,-2.68161053533239,0.0108962062170621,0.0329127207245778,-2.74593923517198,"ENSSSCT00000043757.3","ENSSSCG00000037185","ARHGAP19","ARHGAP19","Significant"
"ENSSSCT00000075126.2",1.02786902827351,-2.36887745337315,2.7122050096464,0.0100942145055605,0.0309286504782722,-2.74616878321287,"ENSSSCT00000075126.2","ENSSSCG00000051791",NA,"ENSSSCG00000051791","Significant"
"ENSSSCT00000096093.1",1.39076840626861,-4.05026237218484,2.68555953726495,0.010789473169969,0.0326417354768182,-2.74711003129006,"ENSSSCT00000096093.1","ENSSSCG00000007529","SYCP2","SYCP2","Significant"
"ENSSSCT00000071181.1",-1.85367987671635,-3.5900024732648,-2.68772440333429,0.0107313727686289,0.0324991341025799,-2.74730226016206,"ENSSSCT00000071181.1","ENSSSCG00000016619","ING3","ING3","Significant"
"ENSSSCT00000038395.3",-1.59298191382928,-5.13185126283429,-2.68268727480683,0.0108670078268507,0.0328488710538328,-2.74844444773243,"ENSSSCT00000038395.3","ENSSSCG00000002355","ENTPD5","ENTPD5","Significant"
"ENSSSCT00000074266.2",-1.59033717811644,-5.2457484041217,-2.67936685633076,0.0109572822742398,0.0330634938515754,-2.74960517257508,"ENSSSCT00000074266.2","ENSSSCG00000004751","CHP1","CHP1","Significant"
"ENSSSCT00000054162.2",1.06049756167401,4.52609456558534,3.21516393890908,0.00271152926345747,0.0107393950565801,-2.75020736132597,"ENSSSCT00000054162.2","ENSSSCG00000005110","SYNE2","SYNE2","Significant"
"ENSSSCT00000004917.5",2.10533992399058,-1.54057460089523,2.72420899363029,0.00979476307470279,0.0302079254630248,-2.75105899298796,"ENSSSCT00000004917.5","ENSSSCG00000004452","PRSS35","PRSS35","Significant"
"ENSSSCT00000023961.4",1.82649126472795,-1.9710598255619,2.71863998973371,0.00993264819685791,0.030531164496121,-2.75253028961022,"ENSSSCT00000023961.4","ENSSSCG00000000531","BICD1","BICD1","Significant"
"ENSSSCT00000054485.3",-1.59172036769664,4.41042452384137,-3.17676666285995,0.00300838728231967,0.0116810121415685,-2.75364100379126,"ENSSSCT00000054485.3","ENSSSCG00000034220",NA,"ENSSSCG00000034220","Significant"
"ENSSSCT00000039311.3",-1.67415032349142,-0.32452168335409,-2.80625881108375,0.00795865184293126,0.0255951750529622,-2.75410647783931,"ENSSSCT00000039311.3","ENSSSCG00000036705","RPH3AL","RPH3AL","Significant"
"ENSSSCT00000051115.3",1.71650773339019,0.53964456049794,2.82817160634562,0.00752561129887758,0.0244875280228148,-2.75451011795107,"ENSSSCT00000051115.3","ENSSSCG00000014097","PDE8B","PDE8B","Significant"
"ENSSSCT00000104690.1",1.02213888154741,-2.9575208326367,2.69355273365067,0.0105763886025951,0.0321520450712094,-2.75593423136807,"ENSSSCT00000104690.1","ENSSSCG00000053656",NA,"ENSSSCG00000053656","Significant"
"ENSSSCT00000073635.2",-1.69406314746715,-1.47346919390156,-2.71534452199339,0.0100150872868039,0.0307295224824915,-2.75704661859856,"ENSSSCT00000073635.2","ENSSSCG00000030345","INPP5J","INPP5J","Significant"
"ENSSSCT00000030564.3",2.06385983586913,3.33685034423665,3.03314951325052,0.00441526888137097,0.0159225115151221,-2.75898483998783,"ENSSSCT00000030564.3","ENSSSCG00000029879","LTF","LTF","Significant"
"ENSSSCT00000105131.1",-1.42013505476877,-2.89571331796545,-2.69151884935471,0.0106302357961737,0.0322557662073939,-2.75902425636098,"ENSSSCT00000105131.1","ENSSSCG00000060596",NA,"ENSSSCG00000060596","Significant"
"ENSSSCT00000073155.2",-1.15358822752829,-1.33082455611475,-2.71949154621323,0.0099114482694154,0.030483243031414,-2.76265121266031,"ENSSSCT00000073155.2","ENSSSCG00000061389","TTC23L","TTC23L","Significant"
"ENSSSCT00000040803.2",-2.16250526187328,-3.1386544201115,-2.6973626440389,0.0104761999029037,0.031889274730116,-2.77012619475919,"ENSSSCT00000040803.2","ENSSSCG00000004705","MAP1A","MAP1A","Significant"
"ENSSSCT00000027972.4",1.03289516751973,4.78415734150795,3.21184296775743,0.00273606176298669,0.0108181612564174,-2.77019455073135,"ENSSSCT00000027972.4","ENSSSCG00000022227","BRD4","BRD4","Significant"
"ENSSSCT00000050076.2",2.4982663070016,-2.79653123513585,2.68641774053783,0.0107664060884761,0.0325900941517663,-2.7705508676078,"ENSSSCT00000050076.2","ENSSSCG00000009023","DCLK2","DCLK2","Significant"
"ENSSSCT00000002031.5",-2.14800036609509,-3.07097343325041,-2.71138781210996,0.0101149057013272,0.0309833131798264,-2.77172148598645,"ENSSSCT00000002031.5","ENSSSCG00000001810","PDE8A","PDE8A","Significant"
"ENSSSCT00000080432.2",-1.60898979961595,-2.79985198154317,-2.70065789384066,0.0103902546003713,0.0316779372536475,-2.77218824167245,"ENSSSCT00000080432.2","ENSSSCG00000031518","STARD4","STARD4","Significant"
"ENSSSCT00000063661.3",-1.22734895397881,-0.584810693289677,-2.76948110497249,0.00873800919033284,0.0276461961806513,-2.77261209550194,"ENSSSCT00000063661.3","ENSSSCG00000011304","ZNF197","ZNF197","Significant"
"ENSSSCT00000053418.3",-1.44910959426957,-3.1582532023148,-2.67869183226234,0.0109757192291815,0.0330977016045352,-2.77414756000333,"ENSSSCT00000053418.3","ENSSSCG00000009182","ADH1C","ADH1C","Significant"
"ENSSSCT00000012808.4",2.24948274874302,-4.13589428453123,2.67630837797243,0.0110410483200878,0.0332577918909962,-2.77456267958239,"ENSSSCT00000012808.4","ENSSSCG00000011699","HPS3","HPS3","Significant"
"ENSSSCT00000092052.1",-1.04161132250475,-2.11201207530607,-2.69299512902523,0.0105911260387341,0.0321730246312203,-2.77554457206081,"ENSSSCT00000092052.1","ENSSSCG00000055254",NA,"ENSSSCG00000055254","Significant"
"ENSSSCT00000080867.2",2.6115542574396,-0.827518293203204,2.74214322124749,0.00936269537262772,0.0291558089712659,-2.77715967589099,"ENSSSCT00000080867.2","ENSSSCG00000044700","COL4A1","COL4A1","Significant"
"ENSSSCT00000091531.2",2.5822802275028,1.65950105911363,2.84427432681777,0.00722151448665044,0.023701455438167,-2.778016592082,"ENSSSCT00000091531.2","ENSSSCG00000015963","OLA1","OLA1","Significant"
"ENSSSCT00000059684.3",-2.43330134085411,0.388055227774371,-2.76994546086625,0.00872774113932465,0.027616388985495,-2.78048613592589,"ENSSSCT00000059684.3","ENSSSCG00000016098","ORC2","ORC2","Significant"
"ENSSSCT00000090177.1",1.53068313832735,-0.407503306113421,2.7424604187585,0.00935521524748742,0.0291375867075933,-2.78067335074193,"ENSSSCT00000090177.1","ENSSSCG00000041180",NA,"ENSSSCG00000041180","Significant"
"ENSSSCT00000061517.2",2.57791700586337,-1.10652507014475,2.72803092822596,0.00970116380845123,0.029993932836971,-2.78785117034449,"ENSSSCT00000061517.2","ENSSSCG00000013401","DKK3","DKK3","Significant"
"ENSSSCT00000096644.1",-1.52808476638698,-1.8609202291433,-2.6995135574128,0.0104200264206495,0.031741992097436,-2.78901071688868,"ENSSSCT00000096644.1","ENSSSCG00000031707","CTDSP2","CTDSP2","Significant"
"ENSSSCT00000097011.1",-2.77878155553307,-3.2426284241579,-2.67488506992284,0.0110802316323335,0.0333573289141831,-2.79041416654336,"ENSSSCT00000097011.1","ENSSSCG00000013876","MYO9B","MYO9B","Significant"
"ENSSSCT00000076253.2",-1.51695336031476,-2.76108281689082,-2.68038108628684,0.0109296344189319,0.0329922970646102,-2.79045789045899,"ENSSSCT00000076253.2","ENSSSCG00000016085",NA,"ENSSSCG00000016085","Significant"
"ENSSSCT00000074023.2",-2.32831758450242,-2.1582059816102,-2.68222970395465,0.010879407110952,0.0328711138398184,-2.79048758851046,"ENSSSCT00000074023.2","ENSSSCG00000020878","HNRNPLL","HNRNPLL","Significant"
"ENSSSCT00000044373.3",1.63861765695758,-5.11662836732231,2.66639900968752,0.0113165312928682,0.0339433474031901,-2.79348871072408,"ENSSSCT00000044373.3","ENSSSCG00000006553","UBAP2L","UBAP2L","Significant"
"ENSSSCT00000033234.3",1.03941943462777,2.63736670248237,3.01000968975416,0.00469328890024788,0.0166991131018852,-2.7937800439152,"ENSSSCT00000033234.3","ENSSSCG00000012165",NA,"ENSSSCG00000012165","Significant"
"ENSSSCT00000087453.1",1.04558188941333,-2.5548169139491,2.67730544818555,0.0110136755845019,0.0331859099080159,-2.79419223080252,"ENSSSCT00000087453.1","ENSSSCG00000042596",NA,"ENSSSCG00000042596","Significant"
"ENSSSCT00000048559.3",-1.57429758076291,-1.99404947481397,-2.71015782914673,0.0101461226076963,0.0310672597202601,-2.79499983473348,"ENSSSCT00000048559.3","ENSSSCG00000009395","SETDB2","SETDB2","Significant"
"ENSSSCT00000102615.1",-1.59761553555696,2.1370352850032,-2.95624304459432,0.00540425159587546,0.0187029210308803,-2.79665365810372,"ENSSSCT00000102615.1","ENSSSCG00000038954","PLIN3","PLIN3","Significant"
"ENSSSCT00000009774.3",-1.06293270709403,6.97895654746125,-3.33137557135561,0.00197362028904062,0.0082933259316768,-2.8001291284702,"ENSSSCT00000009774.3","ENSSSCG00000008926","TMPRSS11D","TMPRSS11D","Significant"
"ENSSSCT00000070539.2",-1.97312417180429,-1.29242090242021,-2.74408452784199,0.00931700250546457,0.0290551458333971,-2.80021123192242,"ENSSSCT00000070539.2","ENSSSCG00000001750","PAQR8","PAQR8","Significant"
"ENSSSCT00000090814.1",1.47574013405423,-3.91046642822241,2.66010032148219,0.0114949237092163,0.0343763327321311,-2.80077109281498,"ENSSSCT00000090814.1","ENSSSCG00000009545","COL4A2","COL4A2","Significant"
"ENSSSCT00000093154.1",-2.17893592008201,-2.88023563616845,-2.67017063413708,0.0112109388706494,0.033679300740685,-2.80134069943012,"ENSSSCT00000093154.1","ENSSSCG00000039466","SCRIB","SCRIB","Significant"
"ENSSSCT00000069031.2",-1.04878120442751,0.792921228792022,-2.80983349190165,0.00788645866975073,0.0254034280374018,-2.80422255924179,"ENSSSCT00000069031.2","ENSSSCG00000035933","MAPK15","MAPK15","Significant"
"ENSSSCT00000049007.2",-1.55215237607001,-5.2266828769334,-2.65127511376354,0.0117492441430478,0.0349741948361117,-2.80583290895727,"ENSSSCT00000049007.2","ENSSSCG00000039594","SSBP3","SSBP3","Significant"
"ENSSSCT00000082378.1",2.14617355343705,-1.65480522028945,2.72561541173638,0.00976022289089496,0.0301403965840821,-2.80610384043404,"ENSSSCT00000082378.1","ENSSSCG00000010503","ZNF518A","ZNF518A","Significant"
"ENSSSCT00000084014.1",-1.68416518717056,0.380629099499648,-2.82679700595663,0.00755211652500587,0.0245590671435559,-2.80612870595359,"ENSSSCT00000084014.1","ENSSSCG00000011631","UBA5","UBA5","Significant"
"ENSSSCT00000038814.3",1.88517237758596,1.29181772284204,2.82569455785022,0.00757343699060517,0.0246161239798316,-2.80643956071883,"ENSSSCT00000038814.3","ENSSSCG00000029697","FAM120B","FAM120B","Significant"
"ENSSSCT00000068709.2",1.98501806285303,2.46374426448066,2.90380314475995,0.00619417572525668,0.020950279276265,-2.80689056036036,"ENSSSCT00000068709.2","ENSSSCG00000024529","TRMT5","TRMT5","Significant"
"ENSSSCT00000082425.2",-1.63912189220235,-2.26317210899605,-2.67510191716309,0.0110742535923634,0.0333427138373622,-2.80767408068055,"ENSSSCT00000082425.2","ENSSSCG00000008981",NA,"ENSSSCG00000008981","Significant"
"ENSSSCT00000053274.3",2.53622733550153,-1.26911731219048,2.69455533515408,0.0105499376828541,0.0320837765331383,-2.80774743388767,"ENSSSCT00000053274.3","ENSSSCG00000005316","TPM2","TPM2","Significant"
"ENSSSCT00000056912.1",-1.13485281499215,-2.8880762364495,-2.66813069513146,0.0112679364991516,0.033825279599287,-2.80852631518749,"ENSSSCT00000056912.1","ENSSSCG00000035068","GJB4","GJB4","Significant"
"ENSSSCT00000048017.3",-1.18308517148087,-5.54270494797209,-2.64807484969086,0.0118427439855502,0.0351658310478031,-2.80968280771148,"ENSSSCT00000048017.3","ENSSSCG00000024222","MLH1","MLH1","Significant"
"ENSSSCT00000023061.4",-1.24384848825812,-4.12349285062514,-2.65449036390042,0.0116559931097504,0.0347283194142651,-2.81311949841871,"ENSSSCT00000023061.4","ENSSSCG00000008176","LONRF2","LONRF2","Significant"
"ENSSSCT00000028582.4",1.60235460480148,-3.50219123734417,2.6664731462656,0.0113144469003981,0.0339403567404377,-2.81460610364024,"ENSSSCT00000028582.4","ENSSSCG00000005609","GARNL3","GARNL3","Significant"
"ENSSSCT00000048045.2",1.41561455663888,1.64693008773553,2.83395107627805,0.00741511774946783,0.0241810861275904,-2.8150296772328,"ENSSSCT00000048045.2","ENSSSCG00000003749","PIK3C3","PIK3C3","Significant"
"ENSSSCT00000043027.3",1.45333413842442,1.38444409300521,2.86552185041275,0.00683780419416044,0.0226910705288964,-2.81706372610509,"ENSSSCT00000043027.3","ENSSSCG00000017200","UNC13D","UNC13D","Significant"
"ENSSSCT00000102612.1",2.80532054062561,-2.52777051621237,2.67137442060036,0.0111774291978595,0.0335972067453685,-2.81770185136532,"ENSSSCT00000102612.1","ENSSSCG00000003334","UBE2J2","UBE2J2","Significant"
"ENSSSCT00000073193.1",-1.18535229133745,-3.19280673009883,-2.65620295605405,0.0116066026481974,0.0346191265887684,-2.81847478830727,"ENSSSCT00000073193.1","ENSSSCG00000040296","EHHADH","EHHADH","Significant"
"ENSSSCT00000001711.3",1.23640444774855,1.05514931142648,2.82443611290777,0.00759784294511901,0.0246732318249286,-2.81898199739958,"ENSSSCT00000001711.3","ENSSSCG00000001536","SCUBE3","SCUBE3","Significant"
"ENSSSCT00000030072.4",1.63824051908371,-2.01590356802067,2.69689893546871,0.0104883468466077,0.0319188406959742,-2.81951203322368,"ENSSSCT00000030072.4","ENSSSCG00000027351","ZNF454","ZNF454","Significant"
"ENSSSCT00000053294.3",2.56420573526948,-2.26872289934384,2.66806038071403,0.0112699059099207,0.033825279599287,-2.82039866432267,"ENSSSCT00000053294.3","ENSSSCG00000004617","ATOSA","ATOSA","Significant"
"ENSSSCT00000078886.1",-1.66224736324015,0.00297131761029182,-2.77366893281115,0.00864581086182305,0.0274103478548112,-2.82133130507857,"ENSSSCT00000078886.1","ENSSSCG00000032752","ZBTB43","ZBTB43","Significant"
"ENSSSCT00000057082.3",1.20868272634415,0.442820008099653,2.80098295674212,0.00806632738951913,0.0258801946671799,-2.82352101176621,"ENSSSCT00000057082.3","ENSSSCG00000008965","BTC","BTC","Significant"
"ENSSSCT00000092981.1",1.75505717964474,3.44667381170584,3.00490043924777,0.00475685974671361,0.0168655324221689,-2.82384479168641,"ENSSSCT00000092981.1","ENSSSCG00000060656","GPX1","GPX1","Significant"
"ENSSSCT00000089571.2",2.62697880603334,-2.46041338526276,2.68738741573384,0.0107403977343246,0.0325234445741544,-2.8246995245003,"ENSSSCT00000089571.2","ENSSSCG00000012657","AIFM1","AIFM1","Significant"
"ENSSSCT00000068200.2",2.40684659428704,-3.9829472634974,2.65052421193949,0.0117711213197144,0.0350233290297471,-2.82629403052342,"ENSSSCT00000068200.2","ENSSSCG00000021292","OSBPL9","OSBPL9","Significant"
"ENSSSCT00000045045.2",2.68355605973256,0.68671726017379,2.80015238350452,0.00808340180970957,0.0259171238670244,-2.82776574167322,"ENSSSCT00000045045.2","ENSSSCG00000011822","OPA1","OPA1","Significant"
"ENSSSCT00000081270.2",-1.81207511662902,-3.63097636316806,-2.64984582988239,0.0117909179904816,0.0350591209118545,-2.82847813427889,"ENSSSCT00000081270.2","ENSSSCG00000009075","MFSD8","MFSD8","Significant"
"ENSSSCT00000071703.1",1.30506112999953,-0.617568463594075,2.73170733976532,0.0096119119651063,0.029781124936836,-2.82945473278624,"ENSSSCT00000071703.1","ENSSSCG00000025796","NLE1","NLE1","Significant"
"ENSSSCT00000107682.1",-1.92761755988882,1.49832753877074,-2.90775643637027,0.00613104396894807,0.0207706843501908,-2.83225070901742,"ENSSSCT00000107682.1","ENSSSCG00000001382","DDR1","DDR1","Significant"
"ENSSSCT00000038207.2",-1.47571599930149,0.544412246495487,-2.79053193753073,0.00828364198072134,0.0264784179548469,-2.83241640627928,"ENSSSCT00000038207.2","ENSSSCG00000039342","DNAI1","DNAI1","Significant"
"ENSSSCT00000072867.2",1.79776625798046,0.242427892032642,2.76134818318948,0.00891967931356488,0.0281009976171098,-2.83259756829808,"ENSSSCT00000072867.2","ENSSSCG00000009055","ELMOD2","ELMOD2","Significant"
"ENSSSCT00000009773.3",-2.19904959311304,-4.51899650223064,-2.64028060810566,0.0120733429406868,0.0357431465756971,-2.83331448216532,"ENSSSCT00000009773.3","ENSSSCG00000008924","UBA6","UBA6","Significant"
"ENSSSCT00000064297.2",-1.80004686836256,-3.53014569327872,-2.66102921060513,0.0114684532812368,0.0343137974471363,-2.83583085113001,"ENSSSCT00000064297.2","ENSSSCG00000010956","NAA35","NAA35","Significant"
"ENSSSCT00000079533.1",-1.40708243411199,-1.7512268110251,-2.6918606815288,0.010621168068268,0.0322342514844838,-2.83728923955349,"ENSSSCT00000079533.1","ENSSSCG00000042752","RP1","RP1","Significant"
"ENSSSCT00000070552.2",-1.11244497907443,-5.428496737922,-2.63491596745969,0.0122344591260484,0.036108654417098,-2.83745294002951,"ENSSSCT00000070552.2","ENSSSCG00000030544","TMEM143","TMEM143","Significant"
"ENSSSCT00000017270.5",1.91722515900063,1.07600992737522,2.81841836406429,0.0077155672334582,0.0249523478443123,-2.83915869044811,"ENSSSCT00000017270.5","ENSSSCG00000015859","SAP130","SAP130","Significant"
"ENSSSCT00000070359.2",-1.38198016394251,-5.32005886448109,-2.63304898619128,0.0122909936286438,0.0362394245133208,-2.8412658458904,"ENSSSCT00000070359.2","ENSSSCG00000038308","RANBP1","RANBP1","Significant"
"ENSSSCT00000041340.2",-2.30330453472394,-3.09473810126283,-2.64882759233495,0.0118206900748545,0.0351163352346748,-2.8413638608366,"ENSSSCT00000041340.2","ENSSSCG00000007252","DNMT3B","DNMT3B","Significant"
"ENSSSCT00000064561.3",1.96471861080414,-4.23463701203726,2.63961503634079,0.0120932251586965,0.0357876572919879,-2.84138355352385,"ENSSSCT00000064561.3","ENSSSCG00000000570","C2CD5","C2CD5","Significant"
"ENSSSCT00000063565.3",-1.59592791491284,0.952551385269285,-2.85822558373794,0.00696736614213651,0.023017935525202,-2.8421712757253,"ENSSSCT00000063565.3","ENSSSCG00000005389","TEX10","TEX10","Significant"
"ENSSSCT00000016565.4",1.3356643758509,-3.97018201988823,2.63913131976454,0.0121076938739606,0.0358188232525733,-2.84330441697466,"ENSSSCT00000016565.4","ENSSSCG00000015199","VSIG2","VSIG2","Significant"
"ENSSSCT00000023936.4",1.61010078490956,-0.167910199383072,2.76453383136227,0.00884810517658647,0.0279186703936345,-2.8436691326177,"ENSSSCT00000023936.4","ENSSSCG00000030123","CDS2","CDS2","Significant"
"ENSSSCT00000053038.2",-1.03245521860921,0.868287865463601,-2.81188558683783,0.00784529145540424,0.0252930122455213,-2.84570129407455,"ENSSSCT00000053038.2","ENSSSCG00000000739","FOXM1","FOXM1","Significant"
"ENSSSCT00000098493.1",-2.51422992951948,-2.05981243812354,-2.66198766297425,0.0114411994249926,0.0342448238366344,-2.846129885972,"ENSSSCT00000098493.1","ENSSSCG00000014899","PRCP","PRCP","Significant"
"ENSSSCT00000017627.4",-1.66041535384861,0.592571654118281,-2.82135742132474,0.00765785996236401,0.0248064447305431,-2.84924822075092,"ENSSSCT00000017627.4","ENSSSCG00000016187","CATIP","CATIP","Significant"
"ENSSSCT00000083852.1",3.71079370517494,-0.807091536004254,2.68890985650986,0.0106996805238621,0.0324226099850372,-2.85217667555271,"ENSSSCT00000083852.1","ENSSSCG00000011710","EIF2A","EIF2A","Significant"
"ENSSSCT00000096132.1",-1.40595338260194,-3.96531359247422,-2.63781095964853,0.0121472692134836,0.0359163476409195,-2.85266225447205,"ENSSSCT00000096132.1","ENSSSCG00000053284",NA,"ENSSSCG00000053284","Significant"
"ENSSSCT00000031272.4",-1.49622782663624,1.60787873268815,-2.86801885851337,0.00679398395688035,0.0225847321502984,-2.85375698676053,"ENSSSCT00000031272.4","ENSSSCG00000022163","GNAL","GNAL","Significant"
"ENSSSCT00000019093.5",1.42697029797996,-4.39934628933573,2.63231431295958,0.0123133064094175,0.0362822451127564,-2.85383590915926,"ENSSSCT00000019093.5","ENSSSCG00000017539","HOXB6","HOXB6","Significant"
"ENSSSCT00000025616.3",1.45750350803267,2.34538039530308,2.93688753265724,0.00568410276552667,0.0194934770765995,-2.8549998091358,"ENSSSCT00000025616.3","ENSSSCG00000015430","RINT1","RINT1","Significant"
"ENSSSCT00000048679.3",1.20004877023466,3.55363191455602,3.00207059714858,0.00479241760752898,0.0169654705402687,-2.85719288585072,"ENSSSCT00000048679.3","ENSSSCG00000039061","EIF2AK4","EIF2AK4","Significant"
"ENSSSCT00000014066.5",3.35302331626098,0.421180320987675,2.78395596228286,0.00842316172373596,0.0268270748110469,-2.85747183773745,"ENSSSCT00000014066.5","ENSSSCG00000024158","ANO1","ANO1","Significant"
"ENSSSCT00000073674.2",1.41871404969926,-4.72412303560598,2.62946312679657,0.012400254014186,0.0364952322371121,-2.85842728879805,"ENSSSCT00000073674.2","ENSSSCG00000038958","DNM3","DNM3","Significant"
"ENSSSCT00000061740.3",1.66743112290206,3.27292182306828,2.98393911378344,0.00502625212088023,0.0176761864037514,-2.85846864283393,"ENSSSCT00000061740.3","ENSSSCG00000002505","PAPOLA","PAPOLA","Significant"
"ENSSSCT00000038398.2",2.82894591134204,0.940066799808374,2.7721555042772,0.00867902526196052,0.0275049513647901,-2.85896248324944,"ENSSSCT00000038398.2","ENSSSCG00000010862","CDC42BPA","CDC42BPA","Significant"
"ENSSSCT00000025862.4",-1.02118356252032,-3.30313869124794,-2.63734200822147,0.0121613538485313,0.0359449533929393,-2.8600764105141,"ENSSSCT00000025862.4","ENSSSCG00000023374","SRGN","SRGN","Significant"
"ENSSSCT00000047903.2",1.45569944015554,-3.92171336353791,2.63666425372955,0.0121817363559906,0.035988884754505,-2.86013360367375,"ENSSSCT00000047903.2","ENSSSCG00000017904","ENO3","ENO3","Significant"
"ENSSSCT00000100537.1",-1.03120724313337,-3.23590438793111,-2.63785124207859,0.0121460600602043,0.0359160295848813,-2.86082356576591,"ENSSSCT00000100537.1","ENSSSCG00000061741",NA,"ENSSSCG00000061741","Significant"
"ENSSSCT00000014990.4",1.71621886428236,-3.02268888555986,2.64501032998991,0.011932921073141,0.0353952478192759,-2.86109228170609,"ENSSSCT00000014990.4","ENSSSCG00000036608",NA,"ENSSSCG00000036608","Significant"
"ENSSSCT00000058707.3",-1.12495276626705,0.174076610028514,-2.75403477706217,0.00908603534097881,0.0285121363096509,-2.86146397948229,"ENSSSCT00000058707.3","ENSSSCG00000013352","E2F8","E2F8","Significant"
"ENSSSCT00000039139.3",-2.14699543676181,-4.38871108897034,-2.6306293883373,0.012364620409857,0.0364104121968006,-2.86288837883294,"ENSSSCT00000039139.3","ENSSSCG00000003792",NA,"ENSSSCG00000003792","Significant"
"ENSSSCT00000098965.1",-2.14714554627281,-3.40840733065214,-2.63898197504959,0.0121121642315844,0.0358287971880399,-2.86476756668235,"ENSSSCT00000098965.1","ENSSSCG00000004167","MYB","MYB","Significant"
"ENSSSCT00000042795.3",-3.03839339593777,-3.38767698926626,-2.63286883010519,0.0122964617014991,0.0362458319395296,-2.86502243958424,"ENSSSCT00000042795.3","ENSSSCG00000011166","ZMYND11","ZMYND11","Significant"
"ENSSSCT00000045876.3",1.02951171337269,-2.10477842266007,2.65009282986716,0.0117837064362214,0.0350479807194456,-2.86607898847406,"ENSSSCT00000045876.3","ENSSSCG00000007437","SLC12A5","SLC12A5","Significant"
"ENSSSCT00000037628.1",-1.6243620476457,-0.0540052809454178,-2.78004776517185,0.00850711338038536,0.0270337158532246,-2.86617319266054,"ENSSSCT00000037628.1","ENSSSCG00000032076",NA,"ENSSSCG00000032076","Significant"
"ENSSSCT00000052075.3",-2.84633361168247,1.12777411130487,-2.80774898959456,0.00792848210485002,0.0255182853451658,-2.86630218670088,"ENSSSCT00000052075.3","ENSSSCG00000015872","GPD2","GPD2","Significant"
"ENSSSCT00000011961.5",-1.89895178706588,-5.0296179208725,-2.62114719833653,0.0126570928672834,0.0371441814441861,-2.86836590925309,"ENSSSCT00000011961.5","ENSSSCG00000010931","ADIPOR1","ADIPOR1","Significant"
"ENSSSCT00000100996.1",1.09648630591526,-2.58947689263344,2.64174408388708,0.0120297314238279,0.0356287166404667,-2.8703156431357,"ENSSSCT00000100996.1","ENSSSCG00000058539",NA,"ENSSSCG00000058539","Significant"
"ENSSSCT00000059133.2",1.03078496213677,1.30990890590861,2.85596238633057,0.00700801839492382,0.0231217801809448,-2.87056491449456,"ENSSSCT00000059133.2","ENSSSCG00000009924","ANKRD13A","ANKRD13A","Significant"
"ENSSSCT00000022527.4",-1.54723685295516,0.158085249209093,-2.75915936241259,0.00896916857147359,0.0282160142902668,-2.87233933009948,"ENSSSCT00000022527.4","ENSSSCG00000028717",NA,"ENSSSCG00000028717","Significant"
"ENSSSCT00000060878.3",-1.81122544887684,-0.769763476577519,-2.69936075778771,0.0104240077304713,0.0317511535915814,-2.87520705202698,"ENSSSCT00000060878.3","ENSSSCG00000038320","POR","POR","Significant"
"ENSSSCT00000009102.4",2.3157207249093,-0.194660231381668,2.73353395774865,0.0095678512234948,0.0296643420778646,-2.87552229704719,"ENSSSCT00000009102.4","ENSSSCG00000008311","CYP26B1","CYP26B1","Significant"
"ENSSSCT00000057887.3",1.74444617157636,-1.24330120182109,2.67530019939729,0.0110687899621667,0.033332116738384,-2.87593471632431,"ENSSSCT00000057887.3","ENSSSCG00000008787","KLHL5","KLHL5","Significant"
"ENSSSCT00000045473.3",-1.75918177474733,-1.19738510175235,-2.66678462036712,0.0113056935028433,0.0339202016165183,-2.87625610165831,"ENSSSCT00000045473.3","ENSSSCG00000008577","DNAJC27","DNAJC27","Significant"
"ENSSSCT00000065703.2",1.67654715165214,-0.448043880332483,2.77007943476092,0.00872478073345062,0.0276097011582475,-2.87828572786857,"ENSSSCT00000065703.2","ENSSSCG00000023133","OSBPL6","OSBPL6","Significant"
"ENSSSCT00000040557.3",-2.18192791342635,-4.39303006195958,-2.61784410986689,0.0127604624645614,0.0374037686051029,-2.8806015303664,"ENSSSCT00000040557.3","ENSSSCG00000031123","PPIG","PPIG","Significant"
"ENSSSCT00000054548.3",1.42136352180932,-4.88742774344595,2.61717370170435,0.0127815374722461,0.0374520758286253,-2.88139673706401,"ENSSSCT00000054548.3","ENSSSCG00000014036","TMED9","TMED9","Significant"
"ENSSSCT00000069852.2",-2.530223399006,0.0851106456957323,-2.71687495916911,0.00997672345890144,0.0306377594098166,-2.88310390916481,"ENSSSCT00000069852.2","ENSSSCG00000022797","PPP1R3B","PPP1R3B","Significant"
"ENSSSCT00000062333.3",2.11819604708261,-1.82518516026113,2.65269083839251,0.0117080997225228,0.0348612678861309,-2.88913648655825,"ENSSSCT00000062333.3","ENSSSCG00000006936","ODF2L","ODF2L","Significant"
"ENSSSCT00000038385.3",-1.42927675042227,-1.75074971978171,-2.66395538132563,0.011385434221577,0.0341060912679436,-2.889486891186,"ENSSSCT00000038385.3","ENSSSCG00000033546","UBXN11","UBXN11","Significant"
"ENSSSCT00000017610.6",2.04021586223459,5.60378583122836,3.22847278112389,0.00261529760683279,0.0104343077793901,-2.89065124065629,"ENSSSCT00000017610.6","ENSSSCG00000016174","FN1","FN1","Significant"
"ENSSSCT00000063693.3",-1.40431416067647,-1.73458224001576,-2.65775646493853,0.0115619673197688,0.0345238925262151,-2.8910437172323,"ENSSSCT00000063693.3","ENSSSCG00000010106",NA,"ENSSSCG00000010106","Significant"
"ENSSSCT00000089384.1",1.0820074053535,4.25355581252235,3.08943916836441,0.0038024263520804,0.0141701118737261,-2.89146309361197,"ENSSSCT00000089384.1","ENSSSCG00000018016","MAP2K4","MAP2K4","Significant"
"ENSSSCT00000009797.5",2.29514658740041,-4.49918132076254,2.62466856722196,0.0125477422388968,0.0368531292637593,-2.89171786741375,"ENSSSCT00000009797.5","ENSSSCG00000008943","SLC4A4","SLC4A4","Significant"
"ENSSSCT00000098437.1",2.15340634693681,-3.58427961801859,2.61674246349226,0.0127951108511562,0.0374874069080267,-2.89392405181889,"ENSSSCT00000098437.1","ENSSSCG00000031141","ABCA13","ABCA13","Significant"
"ENSSSCT00000076924.2",2.21767102434709,0.050904373731816,2.71514686439999,0.0100200519746185,0.030741745879423,-2.89501077107791,"ENSSSCT00000076924.2","ENSSSCG00000005126","PLAA","PLAA","Significant"
"ENSSSCT00000073340.2",1.10537727114987,-3.12858604362075,2.61877048999433,0.0127313933690449,0.0373353435333999,-2.89509231876734,"ENSSSCT00000073340.2","ENSSSCG00000006029","NUDCD1","NUDCD1","Significant"
"ENSSSCT00000025457.4",1.0962435257031,-2.52347703355444,2.64447023644213,0.0119488794828233,0.0354293621915215,-2.89525437919537,"ENSSSCT00000025457.4","ENSSSCG00000028821","SASS6","SASS6","Significant"
"ENSSSCT00000002600.5",1.34492522890766,2.27853909398662,2.91757528133767,0.00597684211691632,0.0203348596869393,-2.89633841334493,"ENSSSCT00000002600.5","ENSSSCG00000002337","ZFYVE1","ZFYVE1","Significant"
"ENSSSCT00000081485.2",-1.76440663157642,-1.97203680745929,-2.69237218648807,0.0106076128277393,0.0322102714279665,-2.89751908717829,"ENSSSCT00000081485.2","ENSSSCG00000038735","SNAP23","SNAP23","Significant"
"ENSSSCT00000003507.5",-1.46599119955654,-4.99992422307418,-2.60778876043508,0.0130799480738679,0.0381720933584308,-2.89972435740814,"ENSSSCT00000003507.5","ENSSSCG00000003157","LIN7B","LIN7B","Significant"
"ENSSSCT00000049187.3",2.90666469400899,-1.96697967713983,2.65668867706255,0.0115926298708305,0.0345901074685237,-2.90053697454943,"ENSSSCT00000049187.3","ENSSSCG00000039137","SMARCE1","SMARCE1","Significant"
"ENSSSCT00000089249.2",-1.45112844503077,-1.21479827561425,-2.64574095743922,0.0119113641612995,0.0353380613185051,-2.90137452940767,"ENSSSCT00000089249.2","ENSSSCG00000004082",NA,"ENSSSCG00000004082","Significant"
"ENSSSCT00000010684.5",-1.64716734895631,-1.88616836893446,-2.6442048776788,0.0119567273810573,0.0354429620449124,-2.90267600905565,"ENSSSCT00000010684.5","ENSSSCG00000009745","ADGRD1","ADGRD1","Significant"
"ENSSSCT00000065960.2",-2.04474733220169,-1.12406324947623,-2.66178926187005,0.0114468360995381,0.0342585500449183,-2.90293474094483,"ENSSSCT00000065960.2","ENSSSCG00000003603","COL16A1","COL16A1","Significant"
"ENSSSCT00000100789.1",1.80023617872789,-1.23863124087932,2.74689992172225,0.00925110390146848,0.0289021647761095,-2.90668151220581,"ENSSSCT00000100789.1","ENSSSCG00000020906","GHSR","GHSR","Significant"
"ENSSSCT00000074984.1",-1.23395009325251,0.729459146662261,-2.75486237348757,0.00906706660208849,0.028460829834841,-2.90738461041998,"ENSSSCT00000074984.1","ENSSSCG00000044696",NA,"ENSSSCG00000044696","Significant"
"ENSSSCT00000043072.3",1.24433235349377,3.15255088267791,2.96168165107853,0.00532797869724993,0.0184918879454278,-2.90804369148043,"ENSSSCT00000043072.3","ENSSSCG00000038873","SLMAP","SLMAP","Significant"
"ENSSSCT00000067476.2",2.40950816448072,0.677984122290122,2.75779216914674,0.00900021018361691,0.0282867325797689,-2.91146585065396,"ENSSSCT00000067476.2","ENSSSCG00000008337","AAK1","AAK1","Significant"
"ENSSSCT00000009007.4",2.07481800865528,2.78054036392913,2.90731038135382,0.00613813690690394,0.0207881807118205,-2.91148183741195,"ENSSSCT00000009007.4","ENSSSCG00000008225","PTCD3","PTCD3","Significant"
"ENSSSCT00000076321.2",-1.31297355822365,-5.29220236839052,-2.59719164564138,0.0134246023317682,0.0390103150111382,-2.91320961061153,"ENSSSCT00000076321.2","ENSSSCG00000028159",NA,"ENSSSCG00000028159","Significant"
"ENSSSCT00000004029.3",-1.08725704498152,0.488099898295216,-2.74642635285518,0.00926215813834732,0.0289200731605704,-2.91577266352912,"ENSSSCT00000004029.3","ENSSSCG00000003633","TEKT2","TEKT2","Significant"
"ENSSSCT00000060020.3",2.80020484835537,-3.61324827503802,2.61368683092748,0.012891668923961,0.037717154845372,-2.9163434654209,"ENSSSCT00000060020.3","ENSSSCG00000014211","YTHDC2","YTHDC2","Significant"
"ENSSSCT00000060056.3",2.35182691927252,1.39205575088803,2.7516796590761,0.0091402172382267,0.0286545810418407,-2.91814236047267,"ENSSSCT00000060056.3","ENSSSCG00000022402","GRAMD2B","GRAMD2B","Significant"
"ENSSSCT00000092199.1",1.22887662887748,4.88269855914329,3.14786393921727,0.00325192533827887,0.0124677532607296,-2.9183726152665,"ENSSSCT00000092199.1","ENSSSCG00000016535","CALD1","CALD1","Significant"
"ENSSSCT00000060387.3",-2.06800147748058,-3.47160157889757,-2.60741662268407,0.0130919119874685,0.0382001698979257,-2.91871454903047,"ENSSSCT00000060387.3","ENSSSCG00000015108","HMBS","HMBS","Significant"
"ENSSSCT00000058118.3",-2.24344068731308,-3.12441411375489,-2.61491466202974,0.0128527890689134,0.0376270391310813,-2.92046241570706,"ENSSSCT00000058118.3","ENSSSCG00000017119","CLPTM1L","CLPTM1L","Significant"
"ENSSSCT00000012087.4",1.004758133595,-3.71650587876702,2.60376673384605,0.0132097877856856,0.0384786849785127,-2.92084320344287,"ENSSSCT00000012087.4","ENSSSCG00000011043","C1QL3","C1QL3","Significant"
"ENSSSCT00000096142.1",1.03532280662659,-2.83449262824909,2.61259494056399,0.0129263350965211,0.0378083995233672,-2.92387847987192,"ENSSSCT00000096142.1","ENSSSCG00000057986",NA,"ENSSSCG00000057986","Significant"
"ENSSSCT00000064256.3",3.28514221624814,-2.82307528961024,2.63408513212695,0.0122595881723488,0.036163178573352,-2.92456999736197,"ENSSSCT00000064256.3","ENSSSCG00000006502","ARHGEF2","ARHGEF2","Significant"
"ENSSSCT00000044781.3",1.23974314061034,-2.63157612642766,2.62523686483009,0.0125301764430026,0.0368148033475405,-2.92638396134603,"ENSSSCT00000044781.3","ENSSSCG00000032078","ZNF362","ZNF362","Significant"
"ENSSSCT00000047918.3",1.82371933164285,-4.64203895047029,2.59447205942257,0.0135143895535166,0.0392177868621163,-2.92649434747701,"ENSSSCT00000047918.3","ENSSSCG00000026110","SRPK2","SRPK2","Significant"
"ENSSSCT00000107548.1",-2.29384930996513,-0.405834075454163,-2.72357105949372,0.00981046742391477,0.030226845576386,-2.92701933969207,"ENSSSCT00000107548.1","ENSSSCG00000001471","BRD2","BRD2","Significant"
"ENSSSCT00000107117.1",-1.36314456814139,-2.00118327892044,-2.6326662970186,0.0123026116360416,0.0362579632009374,-2.92763479963912,"ENSSSCT00000107117.1","ENSSSCG00000016183",NA,"ENSSSCG00000016183","Significant"
"ENSSSCT00000001774.3",-1.08375325892841,-4.33613094759368,-2.59465237767637,0.0135084192893408,0.0392084653325888,-2.93012318213528,"ENSSSCT00000001774.3","ENSSSCG00000001594",NA,"ENSSSCG00000001594","Significant"
"ENSSSCT00000053635.3",-1.94200385400616,-1.95916276090336,-2.63299501811218,0.0122926314251387,0.0362409761267042,-2.93018843708071,"ENSSSCT00000053635.3","ENSSSCG00000004856","NFATC1","NFATC1","Significant"
"ENSSSCT00000064406.3",-1.26348706683784,-5.50641849546086,-2.58812977048849,0.0137259300164514,0.0396702617016559,-2.93051692776935,"ENSSSCT00000064406.3","ENSSSCG00000033185","PPP2R3A","PPP2R3A","Significant"
"ENSSSCT00000058457.3",1.35138237481538,-2.05124650300466,2.62264722476176,0.0126104049790579,0.0370138318272599,-2.93063522110127,"ENSSSCT00000058457.3","ENSSSCG00000001977","STXBP6","STXBP6","Significant"
"ENSSSCT00000090118.2",-1.53096734517988,-1.05001592701455,-2.66029290523966,0.0114894310430982,0.0343671018100159,-2.93072860433188,"ENSSSCT00000090118.2","ENSSSCG00000027768","SLC29A4","SLC29A4","Significant"
"ENSSSCT00000097494.1",1.26171974842171,-3.23975437442718,2.60367123389302,0.0132128850960811,0.0384842688648052,-2.93239681650148,"ENSSSCT00000097494.1","ENSSSCG00000051973",NA,"ENSSSCG00000051973","Significant"
"ENSSSCT00000039684.3",1.311889807563,-4.57307364450055,2.59110970352089,0.0136261611817538,0.0394378481287085,-2.93336924384744,"ENSSSCT00000039684.3","ENSSSCG00000029281","PCDHAC2","PCDHAC2","Significant"
"ENSSSCT00000016815.5",1.02458486225134,4.50526801288526,3.1369283263735,0.00334885469006204,0.0127762764234475,-2.93370469546664,"ENSSSCT00000016815.5","ENSSSCG00000015435","NAMPT","NAMPT","Significant"
"ENSSSCT00000062147.3",-1.70917470178763,-1.48196788564081,-2.63717337012578,0.0121664224591876,0.0359534159212682,-2.93451372835422,"ENSSSCT00000062147.3","ENSSSCG00000009684","MSRA","MSRA","Significant"
"ENSSSCT00000097063.1",-2.48056884713847,-1.10560329355149,-2.65017057507786,0.0117814373846882,0.0350445867629411,-2.93588777436275,"ENSSSCT00000097063.1","ENSSSCG00000013931","GMIP","GMIP","Significant"
"ENSSSCT00000022993.3",2.08049683108448,-0.834518951184018,2.6921346303976,0.0106139062382811,0.0322212103345359,-2.93657870089288,"ENSSSCT00000022993.3","ENSSSCG00000015386","HYCC1","HYCC1","Significant"
"ENSSSCT00000066825.2",-1.6532144317365,-4.4494040741948,-2.59159651406781,0.0136099261502038,0.0394118511591832,-2.93741599531128,"ENSSSCT00000066825.2","ENSSSCG00000005619","TOR2A","TOR2A","Significant"
"ENSSSCT00000092038.1",-2.45185692439877,-4.30066864718511,-2.59044729539213,0.0136482809540026,0.0394983625265668,-2.93877416409613,"ENSSSCT00000092038.1","ENSSSCG00000007052","FERMT1","FERMT1","Significant"
"ENSSSCT00000042077.3",-2.77700460704959,-3.4135429874134,-2.60200527309759,0.0132670241308489,0.0386212548894819,-2.94139208494141,"ENSSSCT00000042077.3","ENSSSCG00000016535","CALD1","CALD1","Significant"
"ENSSSCT00000055448.3",1.3624823692411,2.61897027556068,2.89290916428683,0.00637131243639997,0.0214411756822006,-2.9415013983832,"ENSSSCT00000055448.3","ENSSSCG00000027745","ABCG1","ABCG1","Significant"
"ENSSSCT00000042529.3",1.91822063877392,-4.60778460684469,2.58829915614991,0.0137202409954089,0.0396608509100373,-2.94161763941461,"ENSSSCT00000042529.3","ENSSSCG00000013242","ACP2","ACP2","Significant"
"ENSSSCT00000090793.2",-1.45648882806458,-5.2180778504925,-2.58445931325779,0.0138497405043824,0.0399607910977774,-2.94260128499078,"ENSSSCT00000090793.2","ENSSSCG00000004625","LEO1","LEO1","Significant"
"ENSSSCT00000025711.4",-1.74726433992303,-4.75379065760959,-2.58647402448642,0.0137816545319034,0.0397997342973771,-2.94680020235684,"ENSSSCT00000025711.4","ENSSSCG00000020906","GHSR","GHSR","Significant"
"ENSSSCT00000023865.2",1.58576361882188,-1.85569205283931,2.62416178458165,0.0125634257751779,0.0368913992219576,-2.9468518537506,"ENSSSCT00000023865.2","ENSSSCG00000015200","ESAM","ESAM","Significant"
"ENSSSCT00000100700.1",-1.35995015023647,-4.46825866249132,-2.58426079382524,0.0138564660535337,0.0399731215014523,-2.94710460671988,"ENSSSCT00000100700.1","ENSSSCG00000053604",NA,"ENSSSCG00000053604","Significant"
"ENSSSCT00000098166.1",1.55751447011477,1.62063914500535,2.82170608062758,0.00765104094587036,0.0247991389799341,-2.94717516357545,"ENSSSCT00000098166.1","ENSSSCG00000011679","ATR","ATR","Significant"
"ENSSSCT00000054504.2",1.07944456795828,-1.59513286271168,2.62927951484049,0.0124058726556556,0.0364978318735331,-2.94776442565724,"ENSSSCT00000054504.2","ENSSSCG00000035189",NA,"ENSSSCG00000035189","Significant"
"ENSSSCT00000086404.2",1.18549541513402,1.63925725277645,2.832510943019,0.00744250809055584,0.0242558510380331,-2.95014372910161,"ENSSSCT00000086404.2","ENSSSCG00000027063","DPY19L1","DPY19L1","Significant"
"ENSSSCT00000077072.2",1.2906121094889,2.04642771999179,2.84329594267532,0.00723965866940819,0.023741886064915,-2.95105256327941,"ENSSSCT00000077072.2","ENSSSCG00000003090",NA,"ENSSSCG00000003090","Significant"
"ENSSSCT00000041612.3",1.16989458877054,2.56729615030968,2.87026202660278,0.00675484245603165,0.0224752406813405,-2.95166550470263,"ENSSSCT00000041612.3","ENSSSCG00000008831","DCUN1D4","DCUN1D4","Significant"
"ENSSSCT00000069490.2",-2.48911164954119,-2.66277779277604,-2.60161790247819,0.0132796417968571,0.0386476337717333,-2.95263606139164,"ENSSSCT00000069490.2","ENSSSCG00000010473","EXOC6","EXOC6","Significant"
"ENSSSCT00000063444.3",-1.42474489235605,-3.37400401747333,-2.59300889853613,0.0135629240161157,0.039323150535031,-2.95325566249187,"ENSSSCT00000063444.3","ENSSSCG00000011287","HHATL","HHATL","Significant"
"ENSSSCT00000028340.4",1.85554104120345,-3.48939401549829,2.59293886363105,0.0135652511561202,0.0393243930554054,-2.95741620670033,"ENSSSCT00000028340.4","ENSSSCG00000004419","SLC16A10","SLC16A10","Significant"
"ENSSSCT00000010923.4",-1.64110599061995,-0.0334783727942276,-2.7355661617768,0.00951905173455527,0.0295523864743325,-2.95780668838686,"ENSSSCT00000010923.4","ENSSSCG00000009967","PITPNB","PITPNB","Significant"
"ENSSSCT00000004018.5",1.45591650418376,-3.25378364116753,2.59017048585041,0.0136575342215631,0.0395216335989921,-2.9590018976875,"ENSSSCT00000004018.5","ENSSSCG00000003622",NA,"ENSSSCG00000003622","Significant"
"ENSSSCT00000087198.2",1.28491975565934,-2.34252811210281,2.60282733388114,0.0132402840126476,0.0385571829178602,-2.95956615298656,"ENSSSCT00000087198.2","ENSSSCG00000014955","MRE11","MRE11","Significant"
"ENSSSCT00000099838.1",-1.32241458072918,-5.07400094662958,-2.57512058306847,0.0141693923479417,0.0406993981245963,-2.96032072477125,"ENSSSCT00000099838.1","ENSSSCG00000011592","PLXND1","PLXND1","Significant"
"ENSSSCT00000069173.1",-1.86180555185096,0.932170820602244,-2.77730076829899,0.00856658666158318,0.0271829675439667,-2.9627398619829,"ENSSSCT00000069173.1","ENSSSCG00000016070","GTF3C3","GTF3C3","Significant"
"ENSSSCT00000064797.2",-2.03793701527618,-3.00687847487522,-2.59235904049231,0.0135845317933685,0.0393657692423013,-2.96572738798271,"ENSSSCT00000064797.2","ENSSSCG00000036033","THRB","THRB","Significant"
"ENSSSCT00000068598.2",1.50824073873853,2.14857599129166,2.87365679049455,0.00669600747080714,0.0223067975455396,-2.96752763133117,"ENSSSCT00000068598.2","ENSSSCG00000028973","PHACTR4","PHACTR4","Significant"
"ENSSSCT00000051190.3",-1.33167080507217,-1.90975727753847,-2.61168254969585,0.0129553681840112,0.0378899196511931,-2.97156391045243,"ENSSSCT00000051190.3","ENSSSCG00000009221",NA,"ENSSSCG00000009221","Significant"
"ENSSSCT00000096974.1",-1.90236033306976,-4.37430990867557,-2.57613860774146,0.0141342205957042,0.0406377538185483,-2.97170012315302,"ENSSSCT00000096974.1","ENSSSCG00000005648","SLC27A4","SLC27A4","Significant"
"ENSSSCT00000055829.3",1.93896266860976,-3.54449847190972,2.58216684284987,0.013927589064296,0.0401455212574923,-2.97205899650965,"ENSSSCT00000055829.3","ENSSSCG00000012365","MSN","MSN","Significant"
"ENSSSCT00000026092.3",-3.25141533253006,-1.66306518914612,-2.62937671587444,0.012402897950555,0.0364967585541423,-2.97306109431404,"ENSSSCT00000026092.3","ENSSSCG00000022159","FNDC3A","FNDC3A","Significant"
"ENSSSCT00000098639.1",1.10351800649145,-4.2730933071436,2.57152819217003,0.0142941491207673,0.0409963439420739,-2.9731738491044,"ENSSSCT00000098639.1","ENSSSCG00000054886",NA,"ENSSSCG00000054886","Significant"
"ENSSSCT00000090916.2",-1.42716497447046,-2.11097774889376,-2.60897571086258,0.0130418558267222,0.038088200230603,-2.97430819018989,"ENSSSCT00000090916.2","ENSSSCG00000044694",NA,"ENSSSCG00000044694","Significant"
"ENSSSCT00000090205.1",-2.32424748237865,-3.92115389021878,-2.58134503120237,0.013955594206758,0.0401959650862664,-2.97483117238027,"ENSSSCT00000090205.1","ENSSSCG00000009035","SLC10A7","SLC10A7","Significant"
"ENSSSCT00000025398.4",-1.16958647343529,1.76985131276623,-2.82499134396387,0.00758706590668846,0.0246456806637113,-2.97550822089825,"ENSSSCT00000025398.4","ENSSSCG00000028184","DNAH1","DNAH1","Significant"
"ENSSSCT00000081358.1",-2.70094792806012,-3.12276127153308,-2.59439810161621,0.0135168389680893,0.0392189212170136,-2.9792527760811,"ENSSSCT00000081358.1","ENSSSCG00000004875","CYB5A","CYB5A","Significant"
"ENSSSCT00000024195.2",-1.25366682557924,0.959051292880022,-2.75597930845628,0.00904152448119117,0.0283943232695778,-2.97990527468681,"ENSSSCT00000024195.2","ENSSSCG00000030552","DMRTA2","DMRTA2","Significant"
"ENSSSCT00000071742.1",-2.71519082338902,-2.81996037593079,-2.60186289722473,0.0132716603998037,0.0386313021761628,-2.98097147049684,"ENSSSCT00000071742.1","ENSSSCG00000013410","SWAP70","SWAP70","Significant"
"ENSSSCT00000017050.3",-1.10335634067704,-2.47588815204143,-2.59172912207356,0.0136055067835868,0.0394062256874272,-2.98146987335741,"ENSSSCT00000017050.3","ENSSSCG00000015653","IL19","IL19","Significant"
"ENSSSCT00000030522.4",-1.09799665808454,0.0546902094795858,-2.68863672256266,0.0107069748768599,0.0324403130643192,-2.98191199830172,"ENSSSCT00000030522.4","ENSSSCG00000009798","B3GNT4","B3GNT4","Significant"
"ENSSSCT00000005051.5",-1.05088893680072,3.74260792741751,-3.05038603539446,0.00421834959334184,0.0153756366843284,-2.98372181794027,"ENSSSCT00000005051.5","ENSSSCG00000004572",NA,"ENSSSCG00000004572","Significant"
"ENSSSCT00000049454.2",3.07364993301488,-0.703131696635491,2.63738995203255,0.0121599131980864,0.0359439537543434,-2.98381321182524,"ENSSSCT00000049454.2","ENSSSCG00000001554","SRPK1","SRPK1","Significant"
"ENSSSCT00000102735.1",1.17014673862247,-3.98395046786178,2.57042375373367,0.014332706334164,0.0410882181722046,-2.985789328713,"ENSSSCT00000102735.1","ENSSSCG00000061721",NA,"ENSSSCG00000061721","Significant"
"ENSSSCT00000069098.1",1.82402876809417,-2.22988810183862,2.6012048604109,0.0132931078101026,0.038673015708092,-2.98656686056761,"ENSSSCT00000069098.1","ENSSSCG00000022230","CD9","CD9","Significant"
"ENSSSCT00000070594.1",-1.24813386026376,-4.53024656856061,-2.56461155473643,0.0145371947777475,0.0415035637945429,-2.98757815520087,"ENSSSCT00000070594.1","ENSSSCG00000023366","OARD1","OARD1","Significant"
"ENSSSCT00000039597.3",-1.49745931214874,-0.394011410342554,-2.67301325091823,0.0111319580628587,0.0334821365942291,-2.98785107793683,"ENSSSCT00000039597.3","ENSSSCG00000002540","PPP2R5C","PPP2R5C","Significant"
"ENSSSCT00000052546.3",1.7481506398698,-1.97576721034852,2.61307955586042,0.0129109385785857,0.0377701427919433,-2.98835909177409,"ENSSSCT00000052546.3","ENSSSCG00000032749","PCDH18","PCDH18","Significant"
"ENSSSCT00000038744.3",1.19010943236484,0.642473028588138,2.78740731582847,0.00834966530885038,0.0266346235916014,-2.98864601087358,"ENSSSCT00000038744.3","ENSSSCG00000011579","PPARG","PPARG","Significant"
"ENSSSCT00000001749.5",1.02748118857093,-2.54564872937607,2.58465749355389,0.013843029436912,0.0399449625419135,-2.98954590768144,"ENSSSCT00000001749.5","ENSSSCG00000001570","PI16","PI16","Significant"
"ENSSSCT00000059452.3",-2.52039487264184,-3.62198054139314,-2.57043338457251,0.0143323696982507,0.0410882181722046,-2.99012803667001,"ENSSSCT00000059452.3","ENSSSCG00000036796","VWA7","VWA7","Significant"
"ENSSSCT00000059694.2",2.11428198807251,-1.5953458467628,2.64602420041706,0.0119030168448342,0.0353222864484366,-2.99146507600186,"ENSSSCT00000059694.2","ENSSSCG00000017745","UTP6","UTP6","Significant"
"ENSSSCT00000064833.3",-1.25526008246123,-4.91347248441818,-2.55975825397789,0.0147099941144986,0.0418992423585743,-2.99147591907277,"ENSSSCT00000064833.3","ENSSSCG00000004143","TXLNB","TXLNB","Significant"
"ENSSSCT00000059168.2",1.33836824258955,-5.04705440052734,2.5589216629004,0.0147399702245676,0.0419575684653222,-2.99184255351594,"ENSSSCT00000059168.2","ENSSSCG00000009444","OLFM4","OLFM4","Significant"
"ENSSSCT00000060148.2",-1.18206133681554,2.23619756048825,-2.93595400183872,0.00569793825878942,0.0195388703186338,-2.99192556147281,"ENSSSCT00000060148.2","ENSSSCG00000031789","ACSL5","ACSL5","Significant"
"ENSSSCT00000052582.2",2.69150818465064,-3.17390664748005,2.59858805295023,0.0133787133881036,0.0388901245625285,-2.99200744129425,"ENSSSCT00000052582.2","ENSSSCG00000007513","RAB22A","RAB22A","Significant"
"ENSSSCT00000101808.1",-1.66202313249204,-4.28284867698436,-2.56303176842263,0.0145932367315319,0.0416252014617323,-2.99415683486133,"ENSSSCT00000101808.1","ENSSSCG00000034220",NA,"ENSSSCG00000034220","Significant"
"ENSSSCT00000055458.3",2.30647027118993,-3.60993667925663,2.58520153880354,0.0138246215501616,0.0398989077650233,-2.99456233662121,"ENSSSCT00000055458.3","ENSSSCG00000016019","NCKAP1","NCKAP1","Significant"
"ENSSSCT00000003809.5",1.17419853055252,-3.59457857611196,2.56966726428683,0.0143591713217134,0.0411447784184665,-2.99590247051351,"ENSSSCT00000003809.5","ENSSSCG00000003431","NPPB","NPPB","Significant"
"ENSSSCT00000069702.2",-1.87010691297694,-3.52487099226073,-2.57876202201001,0.01404395343831,0.040413862127331,-2.9990098639491,"ENSSSCT00000069702.2","ENSSSCG00000008724","ACOX3","ACOX3","Significant"
"ENSSSCT00000053704.2",-1.33189661312597,0.619484430224097,-2.6885588815932,0.0107090545510001,0.0324435991991088,-2.99916523917314,"ENSSSCT00000053704.2","ENSSSCG00000036973","RAC3","RAC3","Significant"
"ENSSSCT00000093395.1",1.36952737596763,-1.00443002421264,2.62503072554625,0.0125365454847955,0.0368235611699345,-2.99994998708187,"ENSSSCT00000093395.1","ENSSSCG00000059980",NA,"ENSSSCG00000059980","Significant"
"ENSSSCT00000031119.4",1.01280726519693,5.52912878565414,3.18761305823086,0.00292154285977083,0.011399471445664,-3.00035826348577,"ENSSSCT00000031119.4","ENSSSCG00000016535","CALD1","CALD1","Significant"
"ENSSSCT00000082321.2",-1.49904683070333,-1.25361559058427,-2.61476059180975,0.0128576618441012,0.0376379248307664,-3.00101708224644,"ENSSSCT00000082321.2","ENSSSCG00000011855","IQCG","IQCG","Significant"
"ENSSSCT00000105290.1",2.03404063654877,-4.45270868858582,2.56348839274758,0.0145770179281631,0.0415917644639738,-3.00237902471161,"ENSSSCT00000105290.1","ENSSSCG00000027986","ABCB8","ABCB8","Significant"
"ENSSSCT00000076849.1",1.27116621676142,4.16813530459754,3.01721297709116,0.00460502192431915,0.0164665644681401,-3.00679524030604,"ENSSSCT00000076849.1","ENSSSCG00000017712","AP2B1","AP2B1","Significant"
"ENSSSCT00000006256.6",-1.24483301547457,2.31030571636164,-2.8584351377103,0.00696361323908523,0.0230106440255172,-3.00693453735467,"ENSSSCT00000006256.6","ENSSSCG00000005689","FNBP1","FNBP1","Significant"
"ENSSSCT00000071452.2",-1.81159449130044,-4.4573073237642,-2.55374502183806,0.0149267051757028,0.0423707379025434,-3.00708117600703,"ENSSSCT00000071452.2","ENSSSCG00000002746","DHODH","DHODH","Significant"
"ENSSSCT00000070176.2",-1.9824874961379,0.779884007704895,-2.78380795585635,0.00842632693896692,0.0268299789766455,-3.00946509191205,"ENSSSCT00000070176.2","ENSSSCG00000005582","STRBP","STRBP","Significant"
"ENSSSCT00000080156.1",1.18680618240886,-2.03364297307607,2.58293726191928,0.0139013821452797,0.0400849618346775,-3.01102111805969,"ENSSSCT00000080156.1","ENSSSCG00000011916","ATP6V1A","ATP6V1A","Significant"
"ENSSSCT00000041381.3",-1.11732138212582,-3.15558015118588,-2.56561578572859,0.0145016730415563,0.0414493335536865,-3.01108566000998,"ENSSSCT00000041381.3","ENSSSCG00000039838","RGS10","RGS10","Significant"
"ENSSSCT00000069639.1",1.86260056444306,-3.20621925965235,2.56964973471341,0.0143597851068498,0.0411447784184665,-3.0117364582852,"ENSSSCT00000069639.1","ENSSSCG00000031139","IKZF4","IKZF4","Significant"
"ENSSSCT00000046827.2",2.25024532719155,-4.68741425918595,2.55844377069235,0.0147571188391233,0.0419948623706549,-3.01304124111837,"ENSSSCT00000046827.2","ENSSSCG00000009249","HNRNPD","HNRNPD","Significant"
"ENSSSCT00000046180.3",-1.29394468131947,4.33169719793968,-3.06121705714855,0.00409888287677382,0.015039547724725,-3.01647835735576,"ENSSSCT00000046180.3","ENSSSCG00000004678","DUOX2","DUOX2","Significant"
"ENSSSCT00000052175.2",-3.00757726001252,-0.413636717683187,-2.64655251268398,0.0118874616331014,0.0352857610238201,-3.0172084919188,"ENSSSCT00000052175.2","ENSSSCG00000011822","OPA1","OPA1","Significant"
"ENSSSCT00000057559.1",-1.05315804219733,-4.1639062097883,-2.55221508017906,0.0149823080265172,0.0425026686588851,-3.01813564734684,"ENSSSCT00000057559.1","ENSSSCG00000000295","NCKAP1L","NCKAP1L","Significant"
"ENSSSCT00000018436.5",1.66772669886756,-1.55027932789063,2.58632126099811,0.0137868062853544,0.0398109141907445,-3.01943869993989,"ENSSSCT00000018436.5","ENSSSCG00000016929","PDE4D","PDE4D","Significant"
"ENSSSCT00000105303.1",1.56099879451943,-1.83047466028436,2.58559522723458,0.0138113150500428,0.039867562274599,-3.02018550603836,"ENSSSCT00000105303.1","ENSSSCG00000059465",NA,"ENSSSCG00000059465","Significant"
"ENSSSCT00000102706.1",-1.23242867398938,-2.46528434090618,-2.56542290989619,0.0145084892739919,0.0414573101385844,-3.02119425821556,"ENSSSCT00000102706.1","ENSSSCG00000061857",NA,"ENSSSCG00000061857","Significant"
"ENSSSCT00000100837.1",1.14631817147674,-3.54679234978805,2.55696194111766,0.0148104090077151,0.0421102795227648,-3.0217371614154,"ENSSSCT00000100837.1","ENSSSCG00000051990",NA,"ENSSSCG00000051990","Significant"
"ENSSSCT00000054061.3",-2.17940722250455,-2.2550241831284,-2.58004211044802,0.0140001003098797,0.0403018956827933,-3.02235008981757,"ENSSSCT00000054061.3","ENSSSCG00000040264","CLASRP","CLASRP","Significant"
"ENSSSCT00000043364.3",-1.65195938931655,-1.00535147151098,-2.67103299682958,0.0111869239566468,0.0336226464493465,-3.02301099952145,"ENSSSCT00000043364.3","ENSSSCG00000003486","ARHGEF10L","ARHGEF10L","Significant"
"ENSSSCT00000091323.2",3.06991957053383,-3.2996846156315,2.56862167817238,0.0143958239045312,0.0412193983369867,-3.02497853682945,"ENSSSCT00000091323.2","ENSSSCG00000016845","NUP155","NUP155","Significant"
"ENSSSCT00000045074.2",-1.03902332992909,-0.341933006435311,-2.64220751016215,0.0120159516662119,0.0355998018333209,-3.02526995413864,"ENSSSCT00000045074.2","ENSSSCG00000040272","TTC29","TTC29","Significant"
"ENSSSCT00000046681.3",-1.38660570787413,-4.97850952401039,-2.54276758019005,0.0153298870016288,0.0433190878662772,-3.02618287878794,"ENSSSCT00000046681.3","ENSSSCG00000009466","UCHL3","UCHL3","Significant"
"ENSSSCT00000085046.1",2.38608247598756,-3.62418111796335,2.55628306800093,0.0148348818263808,0.0421665746875287,-3.02712033912796,"ENSSSCT00000085046.1","ENSSSCG00000045423",NA,"ENSSSCG00000045423","Significant"
"ENSSSCT00000048427.1",1.06823962456333,-4.4077115333066,2.54655855003233,0.0151895368611342,0.0429914493780857,-3.02804808731008,"ENSSSCT00000048427.1","ENSSSCG00000036437","NOG","NOG","Significant"
"ENSSSCT00000065320.3",-2.35590986465847,-3.22258548433452,-2.56858229569047,0.0143972061177035,0.0412193983369867,-3.0282028850262,"ENSSSCT00000065320.3","ENSSSCG00000016866","GHR","GHR","Significant"
"ENSSSCT00000040635.3",-2.16620054335864,-4.14785116509507,-2.54823783124434,0.0151277432979523,0.042840696819807,-3.02940857835489,"ENSSSCT00000040635.3","ENSSSCG00000001950","PRORP","PRORP","Significant"
"ENSSSCT00000082877.2",-1.18336229120356,-3.21321287611286,-2.55560401558457,0.0148593982053038,0.0422237945865196,-3.02993972614716,"ENSSSCT00000082877.2","ENSSSCG00000043997",NA,"ENSSSCG00000043997","Significant"
"ENSSSCT00000005606.4",1.22865240216494,-3.37427431516861,2.55416731738782,0.014911390994546,0.042330952719737,-3.03019114846285,"ENSSSCT00000005606.4","ENSSSCG00000005086","SIX6","SIX6","Significant"
"ENSSSCT00000051568.2",1.28095433455548,-1.98672202559964,2.56909017609847,0.0143793902999316,0.0411834921744374,-3.03043682173862,"ENSSSCT00000051568.2","ENSSSCG00000021306","GJC1","GJC1","Significant"
"ENSSSCT00000070854.1",-1.44849651443051,-4.00147493470837,-2.54367396799233,0.0152962228407109,0.0432464489679621,-3.03144259562979,"ENSSSCT00000070854.1","ENSSSCG00000032956","BMERB1","BMERB1","Significant"
"ENSSSCT00000079195.1",-1.4801923091545,-4.83393021356167,-2.54163598182591,0.0153720109833351,0.043415544534014,-3.03149582786557,"ENSSSCT00000079195.1","ENSSSCG00000002461","BTBD7","BTBD7","Significant"
"ENSSSCT00000064129.3",2.10273522053284,-0.628959423232825,2.66170009719907,0.011449370147816,0.034262988921468,-3.03286632563206,"ENSSSCT00000064129.3","ENSSSCG00000013978","ZNF672","ZNF672","Significant"
"ENSSSCT00000084116.1",-1.03219114639197,1.00930413981078,-2.75677225920552,0.00902343184618918,0.0283488474887306,-3.03386706532446,"ENSSSCT00000084116.1","ENSSSCG00000029573","NASP","NASP","Significant"
"ENSSSCT00000024235.3",1.07108395620536,-2.7737427933907,2.57605569133911,0.0141370822738084,0.0406388141822648,-3.03446608219113,"ENSSSCT00000024235.3","ENSSSCG00000010530","CRTAC1","CRTAC1","Significant"
"ENSSSCT00000075888.2",2.69936543909686,-2.79870472439484,2.55422598921272,0.0149092644520513,0.042328601375364,-3.03460680952541,"ENSSSCT00000075888.2","ENSSSCG00000014376","HARS2","HARS2","Significant"
"ENSSSCT00000054751.3",-1.40807858750459,-4.91441056130445,-2.55080504456334,0.015033721211011,0.0426299744619762,-3.0351575060098,"ENSSSCT00000054751.3","ENSSSCG00000003839","PLPP3","PLPP3","Significant"
"ENSSSCT00000045918.3",-2.41317405558776,-3.20069818773938,-2.55636577088557,0.0148318984726892,0.0421640263147231,-3.03546024590542,"ENSSSCT00000045918.3","ENSSSCG00000003040","ARHGEF1","ARHGEF1","Significant"
"ENSSSCT00000036773.3",1.64631337073625,0.147077177359782,2.69365981581661,0.0105735606049426,0.0321466215930201,-3.03564657417389,"ENSSSCT00000036773.3","ENSSSCG00000020878","HNRNPLL","HNRNPLL","Significant"
"ENSSSCT00000079021.1",1.26130806115819,-3.13615329900508,2.55608998807201,0.0148418489702708,0.0421812799709475,-3.03667109047513,"ENSSSCT00000079021.1","ENSSSCG00000006282","KIFAP3","KIFAP3","Significant"
"ENSSSCT00000001825.5",1.3715863911892,1.63569259615332,2.79864997366806,0.00811437301017609,0.0260061945958696,-3.0377546588967,"ENSSSCT00000001825.5","ENSSSCG00000001641","UBR2","UBR2","Significant"
"ENSSSCT00000063586.3",1.0372448331732,3.51169338644232,2.99892878693161,0.00483218860572642,0.0170840031773047,-3.03902156561638,"ENSSSCT00000063586.3","ENSSSCG00000014891","GAB2","GAB2","Significant"
"ENSSSCT00000049131.3",2.7655668878319,-3.8247504618527,2.55017109577605,0.0150568891256884,0.0426771114538768,-3.03933532299372,"ENSSSCT00000049131.3","ENSSSCG00000033655","TUBB2B","TUBB2B","Significant"
"ENSSSCT00000047194.2",2.77306517187282,-2.84154547193149,2.55731453837353,0.0147977127812975,0.0420851908165933,-3.04036545518514,"ENSSSCT00000047194.2","ENSSSCG00000010467","BTAF1","BTAF1","Significant"
"ENSSSCT00000039145.3",-1.43280046450401,-5.11227146311511,-2.53516829793817,0.0156148135440934,0.0439719868083597,-3.04066680031422,"ENSSSCT00000039145.3","ENSSSCG00000022305","DNAI4","DNAI4","Significant"
"ENSSSCT00000002821.4",1.99397326742379,-4.65826194794853,2.54708973476828,0.0151699655543521,0.0429528056390877,-3.04199952412934,"ENSSSCT00000002821.4","ENSSSCG00000002540","PPP2R5C","PPP2R5C","Significant"
"ENSSSCT00000104649.1",1.49862526388451,-1.90261279949374,2.58295964367103,0.0139006214753442,0.0400849618346775,-3.04336425681142,"ENSSSCT00000104649.1","ENSSSCG00000014269","FNIP1","FNIP1","Significant"
"ENSSSCT00000082461.1",-1.71870552737111,-4.20384928677337,-2.54147136459422,0.0153781477213034,0.0434291146215138,-3.0442697667401,"ENSSSCT00000082461.1","ENSSSCG00000013403","GALNT18","GALNT18","Significant"
"ENSSSCT00000041831.3",-2.07591778049999,-3.3781297390798,-2.56353430499449,0.0145753880901401,0.0415917644639738,-3.04580676068057,"ENSSSCT00000041831.3","ENSSSCG00000006090","MTERF3","MTERF3","Significant"
"ENSSSCT00000025991.4",-1.91533337331677,-0.803495119796698,-2.63286750683583,0.012296501873486,0.0362458319395296,-3.04608132768041,"ENSSSCT00000025991.4","ENSSSCG00000025266","VWA3A","VWA3A","Significant"
"ENSSSCT00000075435.2",1.94138379862204,-4.92209970118103,2.53437019908443,0.0156450170775377,0.0440416281122464,-3.04642278332277,"ENSSSCT00000075435.2","ENSSSCG00000033278","ATP6V1D","ATP6V1D","Significant"
"ENSSSCT00000077372.3",-1.16700762548881,0.733676414138453,-2.72221878541517,0.0098438342854938,0.0303067396642342,-3.04881250891996,"ENSSSCT00000077372.3","ENSSSCG00000022823","MCM5","MCM5","Significant"
"ENSSSCT00000000276.4",-1.50961796240566,-1.56528566995648,-2.56524981967252,0.014514608786078,0.0414666635347817,-3.04899781815219,"ENSSSCT00000000276.4","ENSSSCG00000000257","ITGB7","ITGB7","Significant"
"ENSSSCT00000011008.3",-1.74577443459869,0.282203022780825,-2.70069440879185,0.0103893059012141,0.0316779372536475,-3.05349525867888,"ENSSSCT00000011008.3","ENSSSCG00000010047","RSPH14","RSPH14","Significant"
"ENSSSCT00000102666.1",1.21801007707938,-3.86781257586164,2.53720264639747,0.0155380663050102,0.0438010646557629,-3.05443402957828,"ENSSSCT00000102666.1","ENSSSCG00000016553","COPG2","COPG2","Significant"
"ENSSSCT00000106171.1",-1.50065003100336,-5.15217451505563,-2.52701606887913,0.015925857177989,0.0447062066922922,-3.05497018415842,"ENSSSCT00000106171.1","ENSSSCG00000003795","WLS","WLS","Significant"
"ENSSSCT00000007079.5",-1.5574177347877,1.03742999091133,-2.73113285890081,0.00962580816709786,0.0298185130147324,-3.05662435463339,"ENSSSCT00000007079.5","ENSSSCG00000006462","LRRC71","LRRC71","Significant"
"ENSSSCT00000054931.3",-1.59618747619024,-4.93939502082605,-2.52656489847125,0.0159432358155404,0.0447382098743334,-3.05897800803019,"ENSSSCT00000054931.3","ENSSSCG00000008372","EHBP1","EHBP1","Significant"
"ENSSSCT00000089516.2",-1.38806219472364,-2.32396328930073,-2.55236897853324,0.0149767063021452,0.0424904744409279,-3.06030121958058,"ENSSSCT00000089516.2","ENSSSCG00000039779","CHGB","CHGB","Significant"
"ENSSSCT00000078701.1",-2.62829838071647,-4.21883502092554,-2.53669953917337,0.0155570141620089,0.0438431056909101,-3.06061734309168,"ENSSSCT00000078701.1","ENSSSCG00000040296","EHHADH","EHHADH","Significant"
"ENSSSCT00000103618.1",1.61966663353129,2.70961567882484,2.87192446412687,0.00672597043046198,0.022390600358871,-3.06065266893714,"ENSSSCT00000103618.1","ENSSSCG00000012913","PPP1CA","PPP1CA","Significant"
"ENSSSCT00000072692.2",1.5181949064119,-1.00352810128196,2.61866336596472,0.0127347517169775,0.0373384752680156,-3.06239665047922,"ENSSSCT00000072692.2","ENSSSCG00000011521","PDZRN3","PDZRN3","Significant"
"ENSSSCT00000041868.3",-1.09400808738332,0.0347567030822618,-2.66848494877253,0.0112580191754161,0.0338051627551359,-3.06343586613318,"ENSSSCT00000041868.3","ENSSSCG00000033394","VWA3B","VWA3B","Significant"
"ENSSSCT00000000647.5",-1.21072076093474,3.73299412276983,-3.01245595783383,0.00466313582200141,0.0166196852143128,-3.06351173934786,"ENSSSCT00000000647.5","ENSSSCG00000000602","RERG","RERG","Significant"
"ENSSSCT00000067516.2",1.61122738836486,-1.0232819082797,2.60834443690024,0.0130621022768825,0.0381336660669303,-3.06607624567532,"ENSSSCT00000067516.2","ENSSSCG00000005282","VPS13A","VPS13A","Significant"
"ENSSSCT00000104253.1",1.01155749550638,-2.88762640199433,2.54165406104553,0.0153713371479082,0.043415544534014,-3.06621313011106,"ENSSSCT00000104253.1","ENSSSCG00000052280","ATP5MG","ATP5MG","Significant"
"ENSSSCT00000052783.2",1.32418614077882,-3.92450654120583,2.52787391390554,0.015892861646767,0.0446352710079413,-3.06656778810272,"ENSSSCT00000052783.2","ENSSSCG00000006243","PENK","PENK","Significant"
"ENSSSCT00000026480.4",-1.66068736425147,-5.0817861594208,-2.52087266978191,0.0161639904367476,0.0452101656655268,-3.06666655078145,"ENSSSCT00000026480.4","ENSSSCG00000009792","ZCCHC8","ZCCHC8","Significant"
"ENSSSCT00000094454.1",1.4541874550434,-5.07178917172746,2.5210915484755,0.0161554505041333,0.0451936772403914,-3.06859699855602,"ENSSSCT00000094454.1","ENSSSCG00000027675","FOXP1","FOXP1","Significant"
"ENSSSCT00000095847.1",2.56657611914796,-4.13672477501912,2.53371727977602,0.0156697661581288,0.0440998753404948,-3.07080903512895,"ENSSSCT00000095847.1","ENSSSCG00000036549","DPYSL3","DPYSL3","Significant"
"ENSSSCT00000052053.3",2.59261084839686,-1.56364058941343,2.59298805852762,0.0135636164555563,0.039323150535031,-3.07097162239058,"ENSSSCT00000052053.3","ENSSSCG00000024674","ABL2","ABL2","Significant"
"ENSSSCT00000059158.3",-1.62620776184158,0.611792620975521,-2.66964552962073,0.0112255852135338,0.0337170870844824,-3.07116103404602,"ENSSSCT00000059158.3","ENSSSCG00000000588","PLEKHA5","PLEKHA5","Significant"
"ENSSSCT00000072918.2",1.13494473054761,0.30300452683319,2.70447882416994,0.0102914164315858,0.031441280110141,-3.07310765219619,"ENSSSCT00000072918.2","ENSSSCG00000009075","MFSD8","MFSD8","Significant"
"ENSSSCT00000066221.2",1.33053253706636,-2.0983772802112,2.54687665983085,0.0151778134446523,0.0429675635625115,-3.07393664837434,"ENSSSCT00000066221.2","ENSSSCG00000011689","PLOD2","PLOD2","Significant"
"ENSSSCT00000059930.3",1.8744302870845,-3.39602507894833,2.53934699005866,0.0154575435402729,0.0436268827551124,-3.07421182079632,"ENSSSCT00000059930.3","ENSSSCG00000011046","ITGA8","ITGA8","Significant"
"ENSSSCT00000056068.3",-1.2599789161482,-3.41846953673116,-2.53516644646423,0.0156148835500917,0.0439719868083597,-3.07601579709514,"ENSSSCT00000056068.3","ENSSSCG00000011738","WDR49","WDR49","Significant"
"ENSSSCT00000008038.5",-1.23620652488016,-3.82845456619276,-2.52593744783781,0.0159674334436168,0.0447906908711764,-3.07755747613544,"ENSSSCT00000008038.5","ENSSSCG00000007346","ADIG","ADIG","Significant"
"ENSSSCT00000041634.3",1.1285577211573,-3.27091600755061,2.53420957866877,0.0156511021156028,0.0440549541031783,-3.0779114343057,"ENSSSCT00000041634.3","ENSSSCG00000033993","PLCXD3","PLCXD3","Significant"
"ENSSSCT00000076161.2",-1.56818152049294,-4.92202776015833,-2.51597385590184,0.0163562098613248,0.0456495348672003,-3.08016945769353,"ENSSSCT00000076161.2","ENSSSCG00000032090","PDCD6","PDCD6","Significant"
"ENSSSCT00000066999.2",2.30448487266712,-2.26366817150641,2.55719913029148,0.0148018672648685,0.0420933345227887,-3.08114804295239,"ENSSSCT00000066999.2","ENSSSCG00000002852","PLEKHF1","PLEKHF1","Significant"
"ENSSSCT00000018203.4",-1.25455505350467,-1.85272772646566,-2.58721925146659,0.0137565480631263,0.0397411388490315,-3.08183837533437,"ENSSSCT00000018203.4","ENSSSCG00000016722","UBE2D4","UBE2D4","Significant"
"ENSSSCT00000085010.1",-1.29003329318586,-5.39474518534853,-2.51078199830307,0.016562207317012,0.0460628002528242,-3.08409369974639,"ENSSSCT00000085010.1","ENSSSCG00000014117","THBS4","THBS4","Significant"
"ENSSSCT00000027987.4",1.31512108064256,-0.934685169781237,2.59945519881176,0.0133502897782834,0.0388185898449259,-3.08435312032543,"ENSSSCT00000027987.4","ENSSSCG00000020749","KCNAB2","KCNAB2","Significant"
"ENSSSCT00000056104.2",1.91258693959732,-1.7490047787156,2.55801349532927,0.0147725744314412,0.042024693897802,-3.08550512841955,"ENSSSCT00000056104.2","ENSSSCG00000032619","PIGB","PIGB","Significant"
"ENSSSCT00000037626.3",-1.06298474892141,1.24342070329503,-2.80324354493248,0.00802002562968468,0.0257569853851694,-3.08612210757208,"ENSSSCT00000037626.3","ENSSSCG00000004516","MBD1","MBD1","Significant"
"ENSSSCT00000094809.1",-1.97852340090236,-2.32419706361181,-2.57039406478028,0.0143337441262009,0.0410882181722046,-3.08626154125311,"ENSSSCT00000094809.1","ENSSSCG00000037557","DRC3","DRC3","Significant"
"ENSSSCT00000009836.4",-1.36901731652419,-3.07775781478299,-2.54326564893844,0.0153113798311628,0.0432780431742725,-3.08704175075242,"ENSSSCT00000009836.4","ENSSSCG00000052738","FAM47E","FAM47E","Significant"
"ENSSSCT00000107858.1",1.22837678083358,0.831330886991594,2.73412544863008,0.00955362380380389,0.0296286835821575,-3.08743479821385,"ENSSSCT00000107858.1","ENSSSCG00000036796","VWA7","VWA7","Significant"
"ENSSSCT00000073607.2",-2.69418198146573,0.0959149245482508,-2.65684942022392,0.0115880091807287,0.0345794848369466,-3.08790893799162,"ENSSSCT00000073607.2","ENSSSCG00000007478","ATP9A","ATP9A","Significant"
"ENSSSCT00000065734.3",1.6348200924169,0.813073469288337,2.6965001621543,0.0104988032248303,0.0319431672585261,-3.08808261031798,"ENSSSCT00000065734.3","ENSSSCG00000034749",NA,"ENSSSCG00000034749","Significant"
"ENSSSCT00000018228.4",-1.2165240300012,-5.30672863663396,-2.5086696784248,0.0166466944972815,0.0462662029996901,-3.09008337848378,"ENSSSCT00000018228.4","ENSSSCG00000016746","NPC1L1","NPC1L1","Significant"
"ENSSSCT00000057405.3",2.36235778606733,-1.8276629688948,2.60127173012521,0.013290926869172,0.0386701213316512,-3.09256113757898,"ENSSSCT00000057405.3","ENSSSCG00000028663","RBM25","RBM25","Significant"
"ENSSSCT00000010294.4",1.76194191884042,-0.134857891637649,2.62818364868378,0.0124394556776326,0.0365779232425625,-3.09373291421905,"ENSSSCT00000010294.4","ENSSSCG00000009395","SETDB2","SETDB2","Significant"
"ENSSSCT00000010888.4",-1.34394880908164,-1.88077231617097,-2.56515814275842,0.0145178509336886,0.0414666635347817,-3.09403983455562,"ENSSSCT00000010888.4","ENSSSCG00000009936",NA,"ENSSSCG00000009936","Significant"
"ENSSSCT00000068869.2",-3.25860859015937,-0.394862894471163,-2.62096733031771,0.0126627018870875,0.0371572974823688,-3.09434688521147,"ENSSSCT00000068869.2","ENSSSCG00000010560","MRPL43","MRPL43","Significant"
"ENSSSCT00000097536.1",-1.66471633216799,-4.00119076241929,-2.51272135822954,0.0164849833836894,0.0458950045463078,-3.09453227679386,"ENSSSCT00000097536.1","ENSSSCG00000001038",NA,"ENSSSCG00000001038","Significant"
"ENSSSCT00000088759.1",-2.24416822598301,-3.77784722756047,-2.5345592640972,0.0156378572033888,0.0440290756700594,-3.09481041429874,"ENSSSCT00000088759.1","ENSSSCG00000036731","TSPAN31","TSPAN31","Significant"
"ENSSSCT00000016951.4",-1.31437410051815,-0.75255192355142,-2.61571242221121,0.0128275855149954,0.0375717081305473,-3.09609560529673,"ENSSSCT00000016951.4","ENSSSCG00000015561","APOBEC4","APOBEC4","Significant"
"ENSSSCT00000087920.2",-1.7659970267055,-4.67605776964177,-2.51314026274666,0.0164683461927188,0.0458604338287841,-3.09631786419561,"ENSSSCT00000087920.2","ENSSSCG00000034742","MECP2","MECP2","Significant"
"ENSSSCT00000002046.5",-1.02164467385328,1.3472711044487,-2.73611419671123,0.00950593132648614,0.0295228981681038,-3.09964393044742,"ENSSSCT00000002046.5","ENSSSCG00000001826","CFAP100","CFAP100","Significant"
"ENSSSCT00000059418.3",2.08609859143193,-0.965561740721319,2.60712626919425,0.0131012536004601,0.0382240064777989,-3.10166554758547,"ENSSSCT00000059418.3","ENSSSCG00000032007","RTN4","RTN4","Significant"
"ENSSSCT00000004778.4",-2.45629930924315,-2.4947179901144,-2.55443311787272,0.0149017593602048,0.0423109781572863,-3.1017493583759,"ENSSSCT00000004778.4","ENSSSCG00000004322","ANKRD6","ANKRD6","Significant"
"ENSSSCT00000043164.2",-1.96282052197593,1.92386771537637,-2.84672105037318,0.0071763256221643,0.0235792523012239,-3.10400829190085,"ENSSSCT00000043164.2","ENSSSCG00000009644","ADAM28","ADAM28","Significant"
"ENSSSCT00000044997.2",-1.84842056516213,-0.834065936456236,-2.66256159955851,0.0114249080336409,0.0342086235217953,-3.10572233780612,"ENSSSCT00000044997.2","ENSSSCG00000038506","CD46","CD46","Significant"
"ENSSSCT00000092281.1",2.68245089502133,-0.358075936499176,2.60660148383979,0.0131181532127211,0.0382596177965433,-3.10646876848535,"ENSSSCT00000092281.1","ENSSSCG00000007109","XRN2","XRN2","Significant"
"ENSSSCT00000069318.2",-1.02643450338974,0.997217712493324,-2.7166915274355,0.00998131438919277,0.0306460847862549,-3.10874856914293,"ENSSSCT00000069318.2","ENSSSCG00000012327","HSD17B10","HSD17B10","Significant"
"ENSSSCT00000038343.3",1.05356189401508,-2.32613400487928,2.53256567176018,0.0157135055555418,0.0442038943169011,-3.10885828593374,"ENSSSCT00000038343.3","ENSSSCG00000009564","TMEM255B","TMEM255B","Significant"
"ENSSSCT00000054602.3",-2.14882417990282,-4.60046745564511,-2.50920512244439,0.0166252409718234,0.0462105163380503,-3.10920638181599,"ENSSSCT00000054602.3","ENSSSCG00000040434","KANSL3","KANSL3","Significant"
"ENSSSCT00000096705.1",1.08801338677096,-4.36407826305483,2.50506190182741,0.0167919073216496,0.0465982931581466,-3.1112805636553,"ENSSSCT00000096705.1","ENSSSCG00000008799","LIMCH1","LIMCH1","Significant"
"ENSSSCT00000049315.1",1.23018537551647,-2.02981371079325,2.52903741139933,0.0158482096921377,0.0445328819100628,-3.11270916935147,"ENSSSCT00000049315.1","ENSSSCG00000035240","GPR63","GPR63","Significant"
"ENSSSCT00000011170.5",2.01298817420637,-3.16755551217148,2.51668904536484,0.0163280175912467,0.0455903644382125,-3.11415847294618,"ENSSSCT00000011170.5","ENSSSCG00000010204","BICC1","BICC1","Significant"
"ENSSSCT00000065474.2",-1.70363538612087,-1.38669939117519,-2.60075589370742,0.013307759288171,0.0387087326105386,-3.11451650440981,"ENSSSCT00000065474.2","ENSSSCG00000003971","SCMH1","SCMH1","Significant"
"ENSSSCT00000069818.2",1.39697671705812,-3.88880823797373,2.51584999163137,0.0163610970241401,0.0456553583854043,-3.11496723760973,"ENSSSCT00000069818.2","ENSSSCG00000061112",NA,"ENSSSCG00000061112","Significant"
"ENSSSCT00000073090.2",1.28642234713548,0.00516694646601939,2.60067980727589,0.0133102437473179,0.0387125055430468,-3.11501871369304,"ENSSSCT00000073090.2","ENSSSCG00000022676","OPHN1","OPHN1","Significant"
"ENSSSCT00000099643.1",2.55994865643394,0.954031765507871,2.69717427263945,0.0104811327596994,0.0319013118462694,-3.11626420545931,"ENSSSCT00000099643.1","ENSSSCG00000062892","ANP32B","ANP32B","Significant"
"ENSSSCT00000082684.2",1.39177180738436,-2.93491318494535,2.52001968549079,0.0161973105187658,0.0452757534800635,-3.11643867462817,"ENSSSCT00000082684.2","ENSSSCG00000021359","CDC42EP3","CDC42EP3","Significant"
"ENSSSCT00000035608.5",-1.02253450479244,2.47238103147426,-2.83610882577965,0.00737425490252652,0.0240815511660632,-3.11660544679184,"ENSSSCT00000035608.5","ENSSSCG00000001394",NA,"ENSSSCG00000001394","Significant"
"ENSSSCT00000061725.2",1.1234172000364,-2.14044860916299,2.55141050042684,0.015011625096479,0.0425744671730516,-3.11663655619405,"ENSSSCT00000061725.2","ENSSSCG00000004578","ANXA2","ANXA2","Significant"
"ENSSSCT00000069541.2",1.35239853433738,-1.27149576007717,2.57666360546065,0.0141161137936287,0.0405892736685307,-3.11673337903193,"ENSSSCT00000069541.2","ENSSSCG00000008787","KLHL5","KLHL5","Significant"
"ENSSSCT00000005854.4",1.37360461853033,4.29201898331809,3.01658575973107,0.00461264504347241,0.0164815002487076,-3.11761630479203,"ENSSSCT00000005854.4","ENSSSCG00000005316","TPM2","TPM2","Significant"
"ENSSSCT00000050790.2",-1.23187798740318,-1.32401578063953,-2.58153185185072,0.0139492233188817,0.0401873709542122,-3.11924103521445,"ENSSSCT00000050790.2","ENSSSCG00000013990",NA,"ENSSSCG00000013990","Significant"
"ENSSSCT00000002137.5",-1.14969205980351,-2.88832400475546,-2.51678360159153,0.0163242935784084,0.0455854056810294,-3.12000465808393,"ENSSSCT00000002137.5","ENSSSCG00000001908","CCDC33","CCDC33","Significant"
"ENSSSCT00000019633.5",1.36073566942902,-4.90715752509358,2.49646645065828,0.0171425485637916,0.0473777785347005,-3.12150742548951,"ENSSSCT00000019633.5","ENSSSCG00000023747","TTC19","TTC19","Significant"
"ENSSSCT00000069891.2",2.58525090948808,-3.1971554506461,2.51166708897372,0.0165269227079372,0.0459747605113194,-3.12471533125821,"ENSSSCT00000069891.2","ENSSSCG00000025107","MIX23","MIX23","Significant"
"ENSSSCT00000019172.4",-1.43536987107862,-1.87859820241499,-2.55019319616767,0.0150560809076408,0.0426771114538768,-3.12545396311495,"ENSSSCT00000019172.4","ENSSSCG00000017609","ANKFN1","ANKFN1","Significant"
"ENSSSCT00000001057.3",-1.6583486105029,-0.471658643970375,-2.61722927418308,0.0127797892732929,0.037450319024487,-3.12687921000117,"ENSSSCT00000001057.3","ENSSSCG00000000967","CIMAP1B","CIMAP1B","Significant"
"ENSSSCT00000030835.4",-1.53196268436789,0.409364894550543,-2.69027001654658,0.0106634243238549,0.0323293924730301,-3.12760731681563,"ENSSSCT00000030835.4","ENSSSCG00000024357","DNAI2","DNAI2","Significant"
"ENSSSCT00000092820.1",-1.73367701982149,-3.45830014485003,-2.50433471955325,0.0168213161559521,0.0466640170125637,-3.12830694555607,"ENSSSCT00000092820.1","ENSSSCG00000005110","SYNE2","SYNE2","Significant"
"ENSSSCT00000071124.2",1.53605808461729,-4.67186709005779,2.49525658322854,0.0171924369190171,0.0474794353131996,-3.12843355848184,"ENSSSCT00000071124.2","ENSSSCG00000022081","PHLDB2","PHLDB2","Significant"
"ENSSSCT00000090964.2",1.09054007751797,-1.0917968952316,2.58868150752251,0.0137074072321285,0.03963429455448,-3.12867603049031,"ENSSSCT00000090964.2","ENSSSCG00000004279","OGFRL1","OGFRL1","Significant"
"ENSSSCT00000017188.4",-1.65251070478127,-0.222260426582344,-2.6046446157926,0.0131813470873068,0.0384061340870911,-3.12914408242645,"ENSSSCT00000017188.4","ENSSSCG00000015785","CENPU","CENPU","Significant"
"ENSSSCT00000026658.4",1.01959995369777,2.3175810228653,2.83655820443878,0.00736577118945257,0.0240586659848639,-3.12922807541364,"ENSSSCT00000026658.4","ENSSSCG00000010879","KIF26B","KIF26B","Significant"
"ENSSSCT00000001329.7",-1.72905410474888,-3.24914752984288,-2.53040905080306,0.0157957172927335,0.0444045750317035,-3.13034176806423,"ENSSSCT00000001329.7","ENSSSCG00000001229",NA,"ENSSSCG00000001229","Significant"
"ENSSSCT00000068918.1",-1.26362090911173,-3.10525053891341,-2.50808379962001,0.0166701977682726,0.0463157331092253,-3.13045112659221,"ENSSSCT00000068918.1","ENSSSCG00000030680","TCF7","TCF7","Significant"
"ENSSSCT00000081770.1",2.21706234034994,2.1094923418455,2.74151530167831,0.00937751929850982,0.0291852462016623,-3.13050432597981,"ENSSSCT00000081770.1","ENSSSCG00000013446","SCAMP4","SCAMP4","Significant"
"ENSSSCT00000027391.4",1.54271038484435,2.86914885365021,2.85333590877386,0.00705547387460845,0.0232501182744829,-3.13586033759991,"ENSSSCT00000027391.4","ENSSSCG00000011621","SEC61A1","SEC61A1","Significant"
"ENSSSCT00000087080.2",-1.31191939107777,-4.50129681819871,-2.49107785486724,0.0173657661591555,0.0478527248016486,-3.1370113483024,"ENSSSCT00000087080.2","ENSSSCG00000006031","TMEM74","TMEM74","Significant"
"ENSSSCT00000077700.2",-1.48877726031329,-3.87556576263602,-2.50101615741505,0.0169561243104276,0.0469620690636409,-3.13771946763196,"ENSSSCT00000077700.2","ENSSSCG00000029080","SPTSSB","SPTSSB","Significant"
"ENSSSCT00000034200.4",1.47203924637403,-4.66023299452107,2.48947184327926,0.0174328050319872,0.0480009437769539,-3.13774826581324,"ENSSSCT00000034200.4","ENSSSCG00000015045","NCAM1","NCAM1","Significant"
"ENSSSCT00000025688.3",1.51150995875042,1.15378316170763,2.65507578571497,0.0116390879937144,0.0346938037069907,-3.14372873985332,"ENSSSCT00000025688.3","ENSSSCG00000041773",NA,"ENSSSCG00000041773","Significant"
"ENSSSCT00000065025.3",-1.50731238783256,-4.35917866778356,-2.48913278299164,0.0174469884014229,0.0480285768641084,-3.14402094358395,"ENSSSCT00000065025.3","ENSSSCG00000015913","SCN9A","SCN9A","Significant"
"ENSSSCT00000107841.1",1.23221226615222,-2.67480634287276,2.50767489085288,0.0166866196266378,0.0463574085128577,-3.14484390075995,"ENSSSCT00000107841.1","ENSSSCG00000062414","LY6G5B","LY6G5B","Significant"
"ENSSSCT00000092055.1",1.1041621399404,-2.02348601446514,2.530335671314,0.0157985214785903,0.0444085692118251,-3.14731820557606,"ENSSSCT00000092055.1","ENSSSCG00000062991","KCNK12","KCNK12","Significant"
"ENSSSCT00000010341.5",1.13251285746764,3.30710115814583,2.95949796157249,0.0053584811583359,0.0185721186017204,-3.14757636299951,"ENSSSCT00000010341.5","ENSSSCG00000009434","RGCC","RGCC","Significant"
"ENSSSCT00000092726.1",1.16618649306585,-4.74080244361279,2.48253180268976,0.0177252230706574,0.048649985099395,-3.14881517210007,"ENSSSCT00000092726.1","ENSSSCG00000060467",NA,"ENSSSCG00000060467","Significant"
"ENSSSCT00000044093.3",-1.31661652218997,-4.67538873604374,-2.48274638925886,0.0177161148572013,0.0486331741015569,-3.14927337698403,"ENSSSCT00000044093.3","ENSSSCG00000023761","HNRNPR","HNRNPR","Significant"
"ENSSSCT00000046834.3",1.79311629329174,-4.88607308897624,2.48179965101603,0.0177563316993491,0.0487198659292276,-3.15020727130236,"ENSSSCT00000046834.3","ENSSSCG00000008147",NA,"ENSSSCG00000008147","Significant"
"ENSSSCT00000070464.2",1.34891821820662,-4.75690038625466,2.48093008254952,0.0177933437612926,0.0487999315275677,-3.15229263612695,"ENSSSCT00000070464.2","ENSSSCG00000038958","DNM3","DNM3","Significant"
"ENSSSCT00000044293.3",1.47025424857928,-3.4147865742345,2.49503033982904,0.0172017806649787,0.0475012159567178,-3.15504127967342,"ENSSSCT00000044293.3","ENSSSCG00000035379","JCHAIN","JCHAIN","Significant"
"ENSSSCT00000067250.1",-1.58220398559245,-5.34384447591547,-2.47473002208009,0.0180592871362369,0.0493425792164475,-3.15617525520525,"ENSSSCT00000067250.1","ENSSSCG00000010569","OGA","OGA","Significant"
"ENSSSCT00000092476.1",-1.39189718453707,-5.13701480313686,-2.47616856383443,0.017997261961827,0.0492019729166031,-3.15698864412721,"ENSSSCT00000092476.1","ENSSSCG00000016027","ITGAV","ITGAV","Significant"
"ENSSSCT00000094238.1",-2.54480894885577,0.943964446970759,-2.65980710370317,0.0115032912080194,0.0343833247658842,-3.15863900109997,"ENSSSCT00000094238.1","ENSSSCG00000030183","GOSR2","GOSR2","Significant"
"ENSSSCT00000088608.2",-1.32460934587055,-4.01427528621656,-2.4844404851365,0.0176443580266205,0.0484647556107781,-3.15951179729177,"ENSSSCT00000088608.2","ENSSSCG00000051336",NA,"ENSSSCG00000051336","Significant"
"ENSSSCT00000060285.3",-2.20339691446244,-2.50514270968853,-2.50714146637838,0.0167080642820398,0.0464130295519831,-3.16010374053599,"ENSSSCT00000060285.3","ENSSSCG00000038374","CIART","CIART","Significant"
"ENSSSCT00000010634.4",-1.62656167759769,-1.46698124867742,-2.53738069768248,0.0155313656618703,0.0437897480144949,-3.16258311304316,"ENSSSCT00000010634.4","ENSSSCG00000009699","HPGD","HPGD","Significant"
"ENSSSCT00000087587.2",-1.33009477977157,-4.97740071582505,-2.47698937556292,0.0179619583478644,0.0491301753333701,-3.16272098348299,"ENSSSCT00000087587.2","ENSSSCG00000022676","OPHN1","OPHN1","Significant"
"ENSSSCT00000010659.5",1.34536350739461,-5.13046708220797,2.47367946870298,0.0181047065744241,0.0494501007918676,-3.16390741392003,"ENSSSCT00000010659.5","ENSSSCG00000009722","SPOCK3","SPOCK3","Significant"
"ENSSSCT00000107720.1",-2.01205549544893,-1.64719853110222,-2.51345035512533,0.0164560404680527,0.0458412981648233,-3.16490451405173,"ENSSSCT00000107720.1","ENSSSCG00000024604","ATAT1","ATAT1","Significant"
"ENSSSCT00000085562.1",1.50154849341067,-4.06480702992142,2.47728943630834,0.017949068319032,0.0491023034714919,-3.16616720840067,"ENSSSCT00000085562.1","ENSSSCG00000047720",NA,"ENSSSCG00000047720","Significant"
"ENSSSCT00000096691.1",-1.15753254460166,-3.36479433030124,-2.48919170246225,0.0174445229612484,0.0480285768641084,-3.17024895049941,"ENSSSCT00000096691.1","ENSSSCG00000057692",NA,"ENSSSCG00000057692","Significant"
"ENSSSCT00000013274.5",-1.05469917824262,-2.09530523649849,-2.50580454752287,0.0167619216053667,0.0465269616909055,-3.17090863275995,"ENSSSCT00000013274.5","ENSSSCG00000012135","VEGFD","VEGFD","Significant"
"ENSSSCT00000026367.4",1.00744571256526,0.119849398033329,2.58833980324552,0.0137188761363397,0.0396604218433428,-3.17136548970173,"ENSSSCT00000026367.4","ENSSSCG00000023141","RNLS","RNLS","Significant"
"ENSSSCT00000097113.1",1.08329428398002,-2.84703359492496,2.49136006289388,0.0173540104363533,0.0478324588948231,-3.17375234279075,"ENSSSCT00000097113.1","ENSSSCG00000053695",NA,"ENSSSCG00000053695","Significant"
"ENSSSCT00000087960.2",2.34020414999547,-2.57571779494195,2.51613289965608,0.0163499366215509,0.0456398402062539,-3.17468590831331,"ENSSSCT00000087960.2","ENSSSCG00000032235","ARFGAP1","ARFGAP1","Significant"
"ENSSSCT00000104799.1",2.79598949927644,-2.13687953335086,2.51315997200295,0.0164675637991107,0.0458604338287841,-3.1758345468279,"ENSSSCT00000104799.1","ENSSSCG00000016754","AEBP1","AEBP1","Significant"
"ENSSSCT00000056432.2",-3.00171817418729,-1.88732807953275,-2.53016638544513,0.0158049924503442,0.0444229287802607,-3.17674073622746,"ENSSSCT00000056432.2","ENSSSCG00000015435","NAMPT","NAMPT","Significant"
"ENSSSCT00000008845.5",2.12635016498703,-3.34851662778102,2.48991001261951,0.0174144913768003,0.0479667210314436,-3.17683097158467,"ENSSSCT00000008845.5","ENSSSCG00000008072","ASPN","ASPN","Significant"
"ENSSSCT00000081146.2",-1.21741384608577,-3.2632334536526,-2.48300624629852,0.0177050908353399,0.0486110973975092,-3.17781891377797,"ENSSSCT00000081146.2","ENSSSCG00000046746",NA,"ENSSSCG00000046746","Significant"
"ENSSSCT00000002651.5",1.03238087875696,1.14616220577956,2.70391358552216,0.0103059826869683,0.0314769329766664,-3.17798482963832,"ENSSSCT00000002651.5","ENSSSCG00000025984","TTLL5","TTLL5","Significant"
"ENSSSCT00000095612.1",2.22745591285,-0.920269835502787,2.5953141950817,0.0134865275651798,0.0391588516105727,-3.17844330108263,"ENSSSCT00000095612.1","ENSSSCG00000001927","HEXA","HEXA","Significant"
"ENSSSCT00000031926.4",2.02207468758254,-4.49902905072521,2.46851503119172,0.0183295025374631,0.0499423699028324,-3.1789646903315,"ENSSSCT00000031926.4","ENSSSCG00000021205","STK26","STK26","Significant"
"ENSSSCT00000047666.3",1.7712432857338,-3.31011506857204,2.47888709856668,0.0178805777338807,0.0489527547598829,-3.1790928055541,"ENSSSCT00000047666.3","ENSSSCG00000008986","SEPTIN11","SEPTIN11","Significant"
"ENSSSCT00000068286.2",-2.01568464578415,0.607153867765006,-2.6272693949666,0.0124675372445045,0.0366505801388356,-3.18226282847779,"ENSSSCT00000068286.2","ENSSSCG00000015284","MDM4","MDM4","Significant"
"ENSSSCT00000043507.2",-1.70869592392616,-1.69678816240649,-2.52700336773452,0.0159263461762659,0.0447062066922922,-3.18267484732781,"ENSSSCT00000043507.2","ENSSSCG00000011723","MME","MME","Significant"
"ENSSSCT00000039195.3",2.18157548082973,-0.348005096656673,2.5267881547539,0.0159346340365791,0.0447256205344891,-3.18269028940301,"ENSSSCT00000039195.3","ENSSSCG00000035133","MTMR9","MTMR9","Significant"
"ENSSSCT00000093264.1",-1.95601017756611,-3.64390071870078,-2.48228082682401,0.0177358812612976,0.0486751407948944,-3.18291999539533,"ENSSSCT00000093264.1","ENSSSCG00000040089","TEDC1","TEDC1","Significant"
"ENSSSCT00000075168.2",-1.00688095328556,0.522514148131208,-2.65609288491209,0.0116097712347712,0.0346254099285108,-3.18333336954625,"ENSSSCT00000075168.2","ENSSSCG00000030801",NA,"ENSSSCG00000030801","Significant"
"ENSSSCT00000009978.5",1.12987749405888,-2.07608739978998,2.52301710950726,0.0160804990760482,0.0450507699259022,-3.18669235929387,"ENSSSCT00000009978.5","ENSSSCG00000009111","SYNPO2","SYNPO2","Significant"
"ENSSSCT00000099098.1",1.22192768831942,-1.22234647657144,2.55967364653366,0.0147130231618222,0.0418992423585743,-3.18726393320939,"ENSSSCT00000099098.1","ENSSSCG00000053028",NA,"ENSSSCG00000053028","Significant"
"ENSSSCT00000037613.3",-1.16006784790368,-0.0374643752667575,-2.63879580841754,0.0121177389168467,0.0358420357112285,-3.18774758507269,"ENSSSCT00000037613.3","ENSSSCG00000014157","NR2F1","NR2F1","Significant"
"ENSSSCT00000028260.4",-1.29707422151991,-0.962670710135312,-2.55520540747149,0.0148738067779855,0.0422529575960803,-3.18786437734076,"ENSSSCT00000028260.4","ENSSSCG00000024552","CFAP92","CFAP92","Significant"
"ENSSSCT00000034324.4",1.93110949841156,-2.93038158711387,2.5167696378963,0.0163248434772328,0.0455854056810294,-3.18964467763401,"ENSSSCT00000034324.4","ENSSSCG00000011102","NRP1","NRP1","Significant"
"ENSSSCT00000011222.3",1.54734456073075,-0.521442961920344,2.59265855186272,0.013574569112291,0.039344408510724,-3.1898072318614,"ENSSSCT00000011222.3","ENSSSCG00000010252","HKDC1","HKDC1","Significant"
"ENSSSCT00000066004.3",-1.10883694253999,1.03864677056149,-2.68070172687756,0.0109209072054202,0.0329690054190295,-3.1919992543676,"ENSSSCT00000066004.3","ENSSSCG00000027890",NA,"ENSSSCG00000027890","Significant"
"ENSSSCT00000063679.3",-2.50740521151737,-1.32453443975539,-2.54870935342909,0.0151104338793539,0.0428065501957124,-3.1924908303584,"ENSSSCT00000063679.3","ENSSSCG00000004782","BUB1B","BUB1B","Significant"
"ENSSSCT00000011664.5",-1.0952996477551,1.25174831297575,-2.67988448348271,0.0109431637137331,0.0330300786634468,-3.19316158528754,"ENSSSCT00000011664.5","ENSSSCG00000010664","ENO4","ENO4","Significant"
"ENSSSCT00000058967.3",1.17655362466245,-3.51772244212965,2.46926902382424,0.0182965252175367,0.0498778906259043,-3.19514549012934,"ENSSSCT00000058967.3","ENSSSCG00000012680","GPC3","GPC3","Significant"
"ENSSSCT00000080565.2",2.41538124403113,-2.98136722770439,2.49735305464463,0.0171060737962484,0.0472970174739555,-3.19529738631396,"ENSSSCT00000080565.2","ENSSSCG00000012434","ATRX","ATRX","Significant"
"ENSSSCT00000066032.2",-1.39570065300461,-1.55574141334971,-2.52666351834862,0.0159394355940134,0.0447313959465669,-3.19565671069046,"ENSSSCT00000066032.2","ENSSSCG00000028060","SLC4A8","SLC4A8","Significant"
"ENSSSCT00000011683.5",-2.27639556669169,-0.0706508987324808,-2.57017603126796,0.0143413677092027,0.0411064573882061,-3.19786567367966,"ENSSSCT00000011683.5","ENSSSCG00000010682","PRDX3","PRDX3","Significant"
"ENSSSCT00000052461.3",-2.2749338667049,-0.213214765930719,-2.56785502288733,0.0144227532322016,0.041267173881764,-3.20269220204509,"ENSSSCT00000052461.3","ENSSSCG00000003139","BCAT2","BCAT2","Significant"
"ENSSSCT00000006298.5",-1.21458527484928,-2.48885449168087,-2.49576253534913,0.0171715581004878,0.0474378478485259,-3.20430225146413,"ENSSSCT00000006298.5","ENSSSCG00000005727","CFAP77","CFAP77","Significant"
"ENSSSCT00000094508.1",1.2107457517049,-0.489651134203875,2.56693125769379,0.0144552625787674,0.0413456777891158,-3.20492660790439,"ENSSSCT00000094508.1","ENSSSCG00000039426","FSTL1","FSTL1","Significant"
"ENSSSCT00000062914.3",1.78419441823945,-3.32598355521607,2.47094327155813,0.0182234919834682,0.049707917060905,-3.20718666529546,"ENSSSCT00000062914.3","ENSSSCG00000037452","HTR2A","HTR2A","Significant"
"ENSSSCT00000050923.3",-2.56886805832659,-3.06370750421748,-2.46865381005389,0.0183234287131114,0.0499303861063337,-3.21040386166237,"ENSSSCT00000050923.3","ENSSSCG00000016845","NUP155","NUP155","Significant"
"ENSSSCT00000018351.5",1.18445388985082,3.36338686334532,2.86780755976222,0.00679768186318493,0.0225947211201225,-3.21042120357146,"ENSSSCT00000018351.5","ENSSSCG00000016851","OSMR","OSMR","Significant"
"ENSSSCT00000003720.4",1.78670847886985,0.239915003781328,2.65486691197247,0.0116451170022313,0.0346990856096462,-3.21140503239478,"ENSSSCT00000003720.4","ENSSSCG00000003351","MMP23B","MMP23B","Significant"
"ENSSSCT00000040489.3",1.4436418340148,-1.04293867771539,2.53840663282399,0.0154928079493476,0.0437074941923102,-3.21154130774574,"ENSSSCT00000040489.3","ENSSSCG00000004661","MYEF2","MYEF2","Significant"
"ENSSSCT00000081017.1",1.29524220568341,-0.543178605884991,2.57230638444112,0.0142670387496753,0.0409391939496605,-3.21780200730701,"ENSSSCT00000081017.1","ENSSSCG00000012474","DIAPH2","DIAPH2","Significant"
"ENSSSCT00000083471.2",2.45458554263666,-1.99802927890132,2.49407470360285,0.0172412991627249,0.0475781056201002,-3.21838521964174,"ENSSSCT00000083471.2","ENSSSCG00000012234","SRPX","SRPX","Significant"
"ENSSSCT00000107044.1",2.06204442539415,-0.847326349171283,2.59695892836818,0.013432263980077,0.0390257889667932,-3.22075378508297,"ENSSSCT00000107044.1","ENSSSCG00000010996","BAG1","BAG1","Significant"
"ENSSSCT00000053373.3",1.04274212193729,0.452346980555666,2.63596319050293,0.0122028529851691,0.0360316807397621,-3.22240039608168,"ENSSSCT00000053373.3","ENSSSCG00000001089","GPLD1","GPLD1","Significant"
"ENSSSCT00000087037.2",2.30018906334082,0.807969460402901,2.65500812267763,0.0116410407288351,0.0346964523194935,-3.22477202824286,"ENSSSCT00000087037.2","ENSSSCG00000028007","POLR1C","POLR1C","Significant"
"ENSSSCT00000060129.3",-1.68303168722887,7.93679500793555,-3.20296087964281,0.00280271605718888,0.0110242054604824,-3.22682406794653,"ENSSSCT00000060129.3","ENSSSCG00000034570","IFI6","IFI6","Significant"
"ENSSSCT00000042976.3",-1.57235802814241,2.18373313896385,-2.79491635551194,0.00819181845356405,0.0262165160399621,-3.22723555218724,"ENSSSCT00000042976.3","ENSSSCG00000008040","TSC2","TSC2","Significant"
"ENSSSCT00000051857.3",-1.4066795216111,1.03428141266023,-2.62854339724554,0.0124284218885141,0.0365487748943009,-3.22989110054392,"ENSSSCT00000051857.3","ENSSSCG00000021774","B3GALNT1","B3GALNT1","Significant"
"ENSSSCT00000038537.3",-2.21343700464636,-2.37013052621145,-2.4737451948842,0.0181018619299713,0.0494464733884705,-3.23028183441368,"ENSSSCT00000038537.3","ENSSSCG00000036139","RRM2B","RRM2B","Significant"
"ENSSSCT00000097341.1",-1.58874218933686,2.5894596915886,-2.81463872971743,0.00779037511730575,0.0251482564677858,-3.23077377436752,"ENSSSCT00000097341.1","ENSSSCG00000015963","OLA1","OLA1","Significant"
"ENSSSCT00000060823.3",-2.03262682891458,0.00969679281144514,-2.58193260204588,0.0139355660984253,0.0401551212614279,-3.23695077192495,"ENSSSCT00000060823.3","ENSSSCG00000017676","BCAS3","BCAS3","Significant"
"ENSSSCT00000101806.1",-1.16121154481032,1.11974244234133,-2.66463441775697,0.0113662486602223,0.0340548769819783,-3.23731290699839,"ENSSSCT00000101806.1","ENSSSCG00000003612","EIF3I","EIF3I","Significant"
"ENSSSCT00000067799.1",-1.28857598004672,-2.37982990631145,-2.4692342549476,0.0182980447115827,0.0498778906259043,-3.24043493935816,"ENSSSCT00000067799.1","ENSSSCG00000037264","RAB31","RAB31","Significant"
"ENSSSCT00000073224.2",-1.01075932761898,1.48322069918843,-2.71511085101165,0.0100209567907774,0.030741745879423,-3.24176505175956,"ENSSSCT00000073224.2","ENSSSCG00000008545","ZNF512","ZNF512","Significant"
"ENSSSCT00000017656.5",1.54233849531053,5.15430179521735,3.01979735865321,0.00457373675498967,0.0163726518620645,-3.24768236944889,"ENSSSCT00000017656.5","ENSSSCG00000016216","TUBA4A","TUBA4A","Significant"
"ENSSSCT00000002001.5",-1.49811470004572,-0.51839041708652,-2.54843884096388,0.0151203620784561,0.0428235133083722,-3.2486252754374,"ENSSSCT00000002001.5","ENSSSCG00000001786","CFAP161","CFAP161","Significant"
"ENSSSCT00000047880.2",2.32006874399685,-2.61969477765693,2.49889758664434,0.0170427011819071,0.0471497861124226,-3.24906916819605,"ENSSSCT00000047880.2","ENSSSCG00000038870","TNRC6A","TNRC6A","Significant"
"ENSSSCT00000064147.3",1.67327870819499,-1.99011159565472,2.48206959781674,0.017744856052016,0.0486956726470776,-3.25354893675714,"ENSSSCT00000064147.3","ENSSSCG00000008924","UBA6","UBA6","Significant"
"ENSSSCT00000051935.3",-1.88301436002307,-0.891535814949808,-2.51374672466286,0.0164442871788575,0.0458283962695578,-3.25807723340356,"ENSSSCT00000051935.3","ENSSSCG00000016321","IQCA1","IQCA1","Significant"
"ENSSSCT00000015616.5",1.72116401641627,-1.67378540216851,2.46995703926935,0.0182664807177049,0.0498126745834771,-3.26277122759724,"ENSSSCT00000015616.5","ENSSSCG00000014293","FSTL4","FSTL4","Significant"
"ENSSSCT00000012690.4",-1.11429311462059,3.33167965443528,-2.87840809164804,0.0066144668907757,0.0220915876364322,-3.26385656455919,"ENSSSCT00000012690.4","ENSSSCG00000011594","NR2C2","NR2C2","Significant"
"ENSSSCT00000013426.6",1.15497815105982,5.96933561344805,3.09921496866222,0.00370455171793773,0.0138799361309632,-3.26389542237137,"ENSSSCT00000013426.6","ENSSSCG00000012277","TIMP1","TIMP1","Significant"
"ENSSSCT00000076095.2",-1.35574088263747,-0.881814815731347,-2.52208623410506,0.0161166930890031,0.0451317239091176,-3.27049951298589,"ENSSSCT00000076095.2","ENSSSCG00000036257","EEF1E1","EEF1E1","Significant"
"ENSSSCT00000043153.2",-1.44438768149017,2.57069723342595,-2.78905349030391,0.00831482078397593,0.0265546495093301,-3.27193472306299,"ENSSSCT00000043153.2","ENSSSCG00000007167","VPS16","VPS16","Significant"
"ENSSSCT00000008081.3",1.10095220260347,0.344949275602825,2.60573974663687,0.0131459471797389,0.0383166870953163,-3.27439416175008,"ENSSSCT00000008081.3","ENSSSCG00000007383","TOMM34","TOMM34","Significant"
"ENSSSCT00000030524.4",-1.63792441363607,-0.793051568052197,-2.51500116132005,0.016394624240416,0.0457254344511995,-3.27727338294021,"ENSSSCT00000030524.4","ENSSSCG00000024157","ZNF800","ZNF800","Significant"
"ENSSSCT00000072496.2",-2.81743490889904,1.2340897203144,-2.59345671070432,0.0135480526599878,0.0392920039962855,-3.28054955957507,"ENSSSCT00000072496.2","ENSSSCG00000001862","ETFA","ETFA","Significant"
"ENSSSCT00000082422.1",-2.45614746987656,-1.40827209725949,-2.49958955326807,0.0170143791875754,0.0470954086961294,-3.28121604222525,"ENSSSCT00000082422.1","ENSSSCG00000045126",NA,"ENSSSCG00000045126","Significant"
"ENSSSCT00000027869.4",1.95886763528327,-0.320639488138131,2.51377814406595,0.0164430416124139,0.0458283962695578,-3.28753032246754,"ENSSSCT00000027869.4","ENSSSCG00000022925",NA,"ENSSSCG00000022925","Significant"
"ENSSSCT00000105504.1",-1.45241859062414,-0.105727030942912,-2.52169042352652,0.0161321054444482,0.0451538153343001,-3.29573134996242,"ENSSSCT00000105504.1","ENSSSCG00000014434","IL17B","IL17B","Significant"
"ENSSSCT00000028017.4",1.9184094872534,0.747371603821949,2.62034734651344,0.0126820530698461,0.0372040361966225,-3.29766330511895,"ENSSSCT00000028017.4","ENSSSCG00000026697","BLTP3B","BLTP3B","Significant"
"ENSSSCT00000049035.3",-1.02007179740914,3.54567899554725,-2.89459889452944,0.00634352992379352,0.0213661621524136,-3.29814231431227,"ENSSSCT00000049035.3","ENSSSCG00000034178","AIF1L","AIF1L","Significant"
"ENSSSCT00000049719.2",-1.32301994332368,0.902050381913551,-2.62735727399425,0.0124648354788744,0.0366459419254482,-3.30000190321338,"ENSSSCT00000049719.2","ENSSSCG00000009836","ACAD10","ACAD10","Significant"
"ENSSSCT00000102269.1",-1.44626282916958,3.46170612926379,-2.85411901091764,0.00704129337323889,0.0232151207544828,-3.30643846725833,"ENSSSCT00000102269.1","ENSSSCG00000060999","SEC14L3","SEC14L3","Significant"
"ENSSSCT00000023766.4",-1.07379562053555,3.47912635598178,-2.88790573632697,0.00645424840119029,0.0216571683123949,-3.31138789113152,"ENSSSCT00000023766.4","ENSSSCG00000022289","PCDH1","PCDH1","Significant"
"ENSSSCT00000064221.3",1.65914997615378,0.075393672278989,2.63334357420431,0.0122820571636499,0.0362196266066969,-3.31358552370681,"ENSSSCT00000064221.3","ENSSSCG00000016853","RICTOR","RICTOR","Significant"
"ENSSSCT00000015283.4",-1.90844033737287,-2.44650061409493,-2.48259626529104,0.0177224864808424,0.0486465692222078,-3.31397139312952,"ENSSSCT00000015283.4","ENSSSCG00000013992",NA,"ENSSSCG00000013992","Significant"
"ENSSSCT00000074602.2",-1.0640878860026,-0.25177568585906,-2.50255470316748,0.0168935025672642,0.0468164689930372,-3.31515063986473,"ENSSSCT00000074602.2","ENSSSCG00000029724","RACK1","RACK1","Significant"
"ENSSSCT00000091571.2",2.55846037115376,1.00083463677757,2.56787540915749,0.0144220365515429,0.041267173881764,-3.31777652704126,"ENSSSCT00000091571.2","ENSSSCG00000008467","EML4","EML4","Significant"
"ENSSSCT00000071857.2",-2.51553744838273,0.0826820262195779,-2.55833395442817,0.0147610620548836,0.0419956079613808,-3.31992343761474,"ENSSSCT00000071857.2","ENSSSCG00000013293","COMMD9","COMMD9","Significant"
"ENSSSCT00000066377.3",1.09276628902991,-1.17199879126946,2.4766152908386,0.0179780401227888,0.049165913451049,-3.32310247020972,"ENSSSCT00000066377.3","ENSSSCG00000016929","PDE4D","PDE4D","Significant"
"ENSSSCT00000084630.1",2.2642857058571,-0.793540007433398,2.47575590047551,0.0180150347505507,0.0492340480307589,-3.32414100252608,"ENSSSCT00000084630.1","ENSSSCG00000001992","RABGGTA","RABGGTA","Significant"
"ENSSSCT00000082926.1",-1.31953587110745,0.728925492173918,-2.58815659959122,0.013725028784292,0.0396702617016559,-3.32664909785331,"ENSSSCT00000082926.1","ENSSSCG00000050615","CCDC78","CCDC78","Significant"
"ENSSSCT00000011243.6",1.0035244195908,-0.564226382907721,2.47837061873903,0.0179026927268882,0.0489927307090366,-3.32681933875965,"ENSSSCT00000011243.6","ENSSSCG00000010272","ADAMTS14","ADAMTS14","Significant"
"ENSSSCT00000094770.2",2.33033194275943,-0.741981095557725,2.55544739425545,0.014865058102644,0.0422361964600091,-3.33767820704823,"ENSSSCT00000094770.2","ENSSSCG00000011243","GOLGA4","GOLGA4","Significant"
"ENSSSCT00000055933.3",1.55699790730956,-1.09889037280174,2.49273901022807,0.0172966730757265,0.0477066854717018,-3.3385922072365,"ENSSSCT00000055933.3","ENSSSCG00000032949","APH1B","APH1B","Significant"
"ENSSSCT00000063192.3",1.80559094050367,0.176309505114647,2.52016525139585,0.0161916198429578,0.0452637891931576,-3.34025210585267,"ENSSSCT00000063192.3","ENSSSCG00000017918","ARRB2","ARRB2","Significant"
"ENSSSCT00000038870.3",1.22390320972313,1.85735391202272,2.68819831841625,0.0107186925799531,0.0324667644813071,-3.34173602177957,"ENSSSCT00000038870.3","ENSSSCG00000013233","CELF1","CELF1","Significant"
"ENSSSCT00000012844.5",2.02721551606753,-0.483152623749076,2.47427413036302,0.01807898430618,0.0493922577776681,-3.34289595943077,"ENSSSCT00000012844.5","ENSSSCG00000011733","IFT80","IFT80","Significant"
"ENSSSCT00000005493.5",1.62270267937858,-1.56310608735273,2.49294738219893,0.0172880239138407,0.0476868639328985,-3.34632350211946,"ENSSSCT00000005493.5","ENSSSCG00000004980","THSD4","THSD4","Significant"
"ENSSSCT00000060366.3",-1.03187408420377,1.80623401423378,-2.6934632877494,0.0105787513701227,0.0321520450712094,-3.34963331099154,"ENSSSCT00000060366.3","ENSSSCG00000005738","RALGDS","RALGDS","Significant"
"ENSSSCT00000059715.3",-1.0315708102225,-0.537304224593674,-2.49107928980073,0.0173657063668547,0.0478527248016486,-3.34975124023878,"ENSSSCT00000059715.3","ENSSSCG00000049430","ARMC6","ARMC6","Significant"
"ENSSSCT00000054179.3",1.68731522703876,1.21791797941857,2.55684691846264,0.0148145528729648,0.0421183887225449,-3.34984391326872,"ENSSSCT00000054179.3","ENSSSCG00000009259","PAQR3","PAQR3","Significant"
"ENSSSCT00000064853.3",1.56131324368708,2.44981282165757,2.72079324152383,0.00987912297478028,0.030401031191103,-3.35170122285453,"ENSSSCT00000064853.3","ENSSSCG00000038873","SLMAP","SLMAP","Significant"
"ENSSSCT00000029586.2",-1.43846587644115,1.81669191857105,-2.65926491519454,0.011518778357084,0.0344138412493692,-3.35621934371978,"ENSSSCT00000029586.2","ENSSSCG00000024787","BPIFA3","BPIFA3","Significant"
"ENSSSCT00000042778.2",1.5384538264106,1.70905072204486,2.60915545997103,0.013036096133378,0.0380782008898635,-3.35995214016292,"ENSSSCT00000042778.2","ENSSSCG00000011485","PTPRG","PTPRG","Significant"
"ENSSSCT00000036867.3",-1.26903006596214,1.39110311771648,-2.65974421519032,0.0115050865778434,0.0343855388013572,-3.36598943569263,"ENSSSCT00000036867.3","ENSSSCG00000039770","SLC6A9","SLC6A9","Significant"
"ENSSSCT00000023943.4",1.01895899313002,4.33674465312713,2.90392870527868,0.00619216126535228,0.0209484289948573,-3.37151405414971,"ENSSSCT00000023943.4","ENSSSCG00000005494","TNC","TNC","Significant"
"ENSSSCT00000040954.3",1.97663451240949,3.36822806899404,2.80729144203414,0.00793773412605226,0.0255430204743198,-3.37300680401508,"ENSSSCT00000040954.3","ENSSSCG00000010476","MYOF","MYOF","Significant"
"ENSSSCT00000009189.4",-2.03010323066049,-0.171010949537143,-2.47628371856065,0.0179923052748123,0.0491966723565902,-3.37537996907357,"ENSSSCT00000009189.4","ENSSSCG00000008392","BCL11A","BCL11A","Significant"
"ENSSSCT00000097962.1",1.87494335652079,2.60517803474001,2.67355648716216,0.0111169231572011,0.0334461716911863,-3.37734628983869,"ENSSSCT00000097962.1","ENSSSCG00000016090","SPATS2L","SPATS2L","Significant"
"ENSSSCT00000011361.5",-1.08055221234892,-0.405965244864809,-2.51369927679089,0.0164461683289843,0.0458283962695578,-3.37797875769278,"ENSSSCT00000011361.5","ENSSSCG00000010379","FRMPD2","FRMPD2","Significant"
"ENSSSCT00000019461.5",-1.44506062742463,0.169496440980648,-2.52086940279181,0.0161641179353161,0.0452101656655268,-3.38083785238235,"ENSSSCT00000019461.5","ENSSSCG00000017884","TEKT1","TEKT1","Significant"
"ENSSSCT00000005115.5",2.93412109556779,-0.333778498224936,2.50053157531402,0.0169758915874785,0.047008830416014,-3.38153356388508,"ENSSSCT00000005115.5","ENSSSCG00000032517","DMXL2","DMXL2","Significant"
"ENSSSCT00000073624.2",-1.93823675259583,-0.29815347161233,-2.51770191052641,0.0162881671780961,0.0455038557414088,-3.38309598206762,"ENSSSCT00000073624.2","ENSSSCG00000007352","DHX35","DHX35","Significant"
"ENSSSCT00000103880.1",-1.00336833575045,0.254837539803529,-2.49642918731411,0.017144083126615,0.0473780035819763,-3.40000089908114,"ENSSSCT00000103880.1","ENSSSCG00000039551","RNF126","RNF126","Significant"
"ENSSSCT00000059379.3",-1.35929264653981,0.891168258296333,-2.58120754004035,0.0139602845864835,0.0402014766523323,-3.40296249481886,"ENSSSCT00000059379.3","ENSSSCG00000015790","SLC25A4","SLC25A4","Significant"
"ENSSSCT00000053265.3",-1.06794457601869,0.109233217204637,-2.48665797573958,0.0175508324278847,0.0482566487163733,-3.40756274259933,"ENSSSCT00000053265.3","ENSSSCG00000017563","MYCBPAP","MYCBPAP","Significant"
"ENSSSCT00000103803.1",-1.18636498078932,-0.328921659550763,-2.48653606423575,0.017555962434139,0.0482613995324672,-3.41299325851941,"ENSSSCT00000103803.1","ENSSSCG00000035379","JCHAIN","JCHAIN","Significant"
"ENSSSCT00000030183.4",-2.03193856067563,-0.100523008699996,-2.52165381823894,0.0161335314882345,0.0451538153343001,-3.41321031024594,"ENSSSCT00000030183.4","ENSSSCG00000021289","GAK","GAK","Significant"
"ENSSSCT00000059975.3",1.19382438691004,-0.120806972335986,2.49784146573307,0.0170860109160269,0.0472539937088039,-3.41382384436907,"ENSSSCT00000059975.3","ENSSSCG00000036758","HSPA12A","HSPA12A","Significant"
"ENSSSCT00000008225.3",-1.63717559605901,0.759396271197385,-2.5747396114918,0.0141825751959904,0.0407300873504863,-3.41624041711931,"ENSSSCT00000008225.3","ENSSSCG00000007510","CIMIP1","CIMIP1","Significant"
"ENSSSCT00000014583.5",-1.21299541621305,0.485088756593597,-2.53064838049766,0.0157865745114309,0.0443864673482833,-3.41754283274184,"ENSSSCT00000014583.5","ENSSSCG00000013352","E2F8","E2F8","Significant"
"ENSSSCT00000012488.4",-1.63383962637694,2.01911506968341,-2.69038509483482,0.0106603620386004,0.0323231139130036,-3.41847658779481,"ENSSSCT00000012488.4","ENSSSCG00000011408","ZMYND10","ZMYND10","Significant"
"ENSSSCT00000049906.3",-1.77283991109851,0.83242895900544,-2.49367110599888,0.0172580140446379,0.0476161707634232,-3.41923205605234,"ENSSSCT00000049906.3","ENSSSCG00000008117","ZNF2","ZNF2","Significant"
"ENSSSCT00000007487.4",1.33882771802924,0.221571366177573,2.5622077963263,0.0146225452340281,0.0416961225127034,-3.42314206874186,"ENSSSCT00000007487.4","ENSSSCG00000006836","ELAPOR1","ELAPOR1","Significant"
"ENSSSCT00000027040.4",-1.98047205871979,0.153777200398045,-2.56123937616491,0.0146570607540255,0.0417799273320728,-3.42698584863616,"ENSSSCT00000027040.4","ENSSSCG00000024529","TRMT5","TRMT5","Significant"
"ENSSSCT00000017470.5",1.21321786596981,-0.125969663948592,2.49916652320533,0.0170316885750173,0.0471273168378058,-3.43309292625584,"ENSSSCT00000017470.5","ENSSSCG00000016045","PMS1","PMS1","Significant"
"ENSSSCT00000088217.2",1.2658004351788,2.06129485502328,2.64004720687484,0.012080311757332,0.0357540381750228,-3.44186809718076,"ENSSSCT00000088217.2","ENSSSCG00000009818","IFT81","IFT81","Significant"
"ENSSSCT00000014800.5",1.30202536928177,5.228805790951,2.93382900461955,0.0057295499599547,0.0196307531414841,-3.45011337910261,"ENSSSCT00000014800.5","ENSSSCG00000013551","C3","C3","Significant"
"ENSSSCT00000077718.2",1.15119965312005,2.86057195939615,2.78388680110376,0.00842464064348726,0.026829164244995,-3.45575364585948,"ENSSSCT00000077718.2","ENSSSCG00000006088","SDC2","SDC2","Significant"
"ENSSSCT00000059124.3",1.39040772724823,0.517409884859319,2.51969091009246,0.0162101702214042,0.0453001105595836,-3.45644721003023,"ENSSSCT00000059124.3","ENSSSCG00000011474","PXK","PXK","Significant"
"ENSSSCT00000024297.3",1.18339434546873,1.18953421387402,2.58158320786567,0.0139474724635599,0.0401858777131413,-3.46095453203613,"ENSSSCT00000024297.3","ENSSSCG00000025711","MEIOB","MEIOB","Significant"
"ENSSSCT00000049831.3",2.64109632152756,0.918561293704513,2.48178157027789,0.0177571005673217,0.0487198659292276,-3.46589133046363,"ENSSSCT00000049831.3","ENSSSCG00000040593","BLOC1S5","BLOC1S5","Significant"
"ENSSSCT00000035030.5",1.2413274830459,2.58523069902761,2.67848134828709,0.0109814740499313,0.0331119929643911,-3.46746255855629,"ENSSSCT00000035030.5","ENSSSCG00000001382","DDR1","DDR1","Significant"
"ENSSSCT00000002743.5",-1.39003571472411,8.71635895812388,-3.13041616657963,0.00340787020361966,0.0129604805924199,-3.47042600152659,"ENSSSCT00000002743.5","ENSSSCG00000035297","ISG12(A)","ISG12(A)","Significant"
"ENSSSCT00000018929.5",-1.12849058947083,1.87835320906245,-2.61284993993273,0.0129182315078841,0.037788087213624,-3.47161325278178,"ENSSSCT00000018929.5","ENSSSCG00000017389","RAMP2","RAMP2","Significant"
"ENSSSCT00000088701.2",-1.30565387693825,1.33448988187891,-2.57806106165634,0.0140680202910223,0.0404688312659689,-3.47169747152296,"ENSSSCT00000088701.2","ENSSSCG00000008647","CMPK2","CMPK2","Significant"
"ENSSSCT00000010780.4",-1.76733389669415,0.00162480270083066,-2.49320806832068,0.0172772088407988,0.047661064137863,-3.47875982510568,"ENSSSCT00000010780.4","ENSSSCG00000009836","ACAD10","ACAD10","Significant"
"ENSSSCT00000023976.4",-1.76312947741911,1.64812267133755,-2.60206555138352,0.0132650617027457,0.038618990245229,-3.47999595237666,"ENSSSCT00000023976.4","ENSSSCG00000022128",NA,"ENSSSCG00000022128","Significant"
"ENSSSCT00000075229.3",-2.35206611896325,1.37244748622594,-2.52281797947251,0.016088235331041,0.0450597736219621,-3.50082379699027,"ENSSSCT00000075229.3","ENSSSCG00000038181","CCNT1","CCNT1","Significant"
"ENSSSCT00000000010.5",-1.64738521579857,0.901820780122733,-2.55303550430461,0.0149524676861146,0.0424364777540112,-3.50576229282682,"ENSSSCT00000000010.5","ENSSSCG00000024718","RIBC2","RIBC2","Significant"
"ENSSSCT00000047820.3",-1.29305507603657,1.3314306704678,-2.66328125219576,0.0114045107234756,0.0341569600981258,-3.51215887585901,"ENSSSCT00000047820.3","ENSSSCG00000003339","INTS11","INTS11","Significant"
"ENSSSCT00000035155.4",-1.37912365337875,2.57423722046635,-2.69178319045743,0.010623223033914,0.032237487322946,-3.51759396259507,"ENSSSCT00000035155.4","ENSSSCG00000017416","DHX58","DHX58","Significant"
"ENSSSCT00000013595.5",1.85214259320877,1.92168850962111,2.59566372457867,0.0134749789311875,0.0391322893980973,-3.53088262783818,"ENSSSCT00000013595.5","ENSSSCG00000012434","ATRX","ATRX","Significant"
"ENSSSCT00000042650.3",-1.15973199643593,2.28540837596667,-2.72071323516713,0.00988110696788158,0.0304042668536062,-3.53770831954533,"ENSSSCT00000042650.3","ENSSSCG00000007166","PTPRA","PTPRA","Significant"
"ENSSSCT00000012685.5",-1.54113243385974,0.495737385311529,-2.50399469075847,0.0168350838003188,0.0466942639068987,-3.53776332321241,"ENSSSCT00000012685.5","ENSSSCG00000011589","IFT122","IFT122","Significant"
"ENSSSCT00000101580.1",1.25208545989829,1.34520380925259,2.51030842981499,0.0165811146406879,0.0461075191253723,-3.54527333539352,"ENSSSCT00000101580.1","ENSSSCG00000011535","ARL8B","ARL8B","Significant"
"ENSSSCT00000040296.3",-1.06049627768184,5.88293970806143,-2.98877356010701,0.00496287575398981,0.0174815904368068,-3.55987546451272,"ENSSSCT00000040296.3","ENSSSCG00000034386","ATP2A2","ATP2A2","Significant"
"ENSSSCT00000043936.3",-1.08256877398631,4.84744993716116,-2.90764970497728,0.0061327404573272,0.0207742202463061,-3.56069742776412,"ENSSSCT00000043936.3","ENSSSCG00000013890","SLC5A5","SLC5A5","Significant"
"ENSSSCT00000037091.3",1.72166268814895,1.25653163973106,2.55320751834634,0.0149462181323411,0.0424224337065247,-3.56304959136716,"ENSSSCT00000037091.3","ENSSSCG00000027765","TOGARAM1","TOGARAM1","Significant"
"ENSSSCT00000063011.3",1.14985655167904,1.02438303503612,2.54895292365467,0.0151014996121117,0.0427849577123123,-3.57767025383148,"ENSSSCT00000063011.3","ENSSSCG00000030685","ARID2","ARID2","Significant"
"ENSSSCT00000081528.2",1.02972618973542,2.38965069251956,2.59306824318028,0.0135609523824992,0.0393224200888478,-3.57770488553705,"ENSSSCT00000081528.2","ENSSSCG00000030183","GOSR2","GOSR2","Significant"
"ENSSSCT00000066126.2",-1.0346396549712,5.07354853936198,-2.92970544057902,0.00579136269224209,0.0198133881655678,-3.57978032489447,"ENSSSCT00000066126.2","ENSSSCG00000015353","SCIN","SCIN","Significant"
"ENSSSCT00000048623.3",-1.08884668762172,1.41277531157881,-2.49647079024729,0.0171423698608792,0.0473777785347005,-3.58207555353449,"ENSSSCT00000048623.3","ENSSSCG00000012377","KIF4A","KIF4A","Significant"
"ENSSSCT00000042510.2",-1.80264762189265,0.688388335449602,-2.53794308041015,0.0155102187658256,0.0437452571488734,-3.59461991571157,"ENSSSCT00000042510.2","ENSSSCG00000025565",NA,"ENSSSCG00000025565","Significant"
"ENSSSCT00000105533.1",2.415888689617,1.40541092168213,2.47255597812617,0.018153394558485,0.0495540251326898,-3.6206224290606,"ENSSSCT00000105533.1","ENSSSCG00000013467","SGTA","SGTA","Significant"
"ENSSSCT00000006955.4",-1.18724127157248,1.85444914669728,-2.56877180919982,0.0143905558493848,0.0412112150121513,-3.62992863690869,"ENSSSCT00000006955.4","ENSSSCG00000006347","DUSP12","DUSP12","Significant"
"ENSSSCT00000032321.4",1.31676795292258,2.6597447132563,2.67542683974897,0.0110653017150662,0.0333246902935543,-3.63094126022947,"ENSSSCT00000032321.4","ENSSSCG00000028758","LBP","LBP","Significant"
"ENSSSCT00000093443.1",-1.26556930259555,2.0908697306123,-2.57831726442238,0.0140592194067016,0.0404470828144445,-3.65897682414582,"ENSSSCT00000093443.1","ENSSSCG00000056284","XAF1","XAF1","Significant"
"ENSSSCT00000003502.4",2.26835895318354,1.9732473348301,2.46931868717052,0.0182943549942386,0.0498761727763321,-3.67322499666022,"ENSSSCT00000003502.4","ENSSSCG00000003154","GYS1","GYS1","Significant"
"ENSSSCT00000039249.3",-1.25090073225791,1.07294292258713,-2.48651138784689,0.0175570009770149,0.0482613995324672,-3.68721819277816,"ENSSSCT00000039249.3","ENSSSCG00000000755","ERC1","ERC1","Significant"
"ENSSSCT00000047982.3",-1.87929564750542,1.82526115315133,-2.50675287020788,0.0167237024229307,0.0464445991309396,-3.69378338250167,"ENSSSCT00000047982.3","ENSSSCG00000033873","TRMT44","TRMT44","Significant"
"ENSSSCT00000081405.1",1.47526217723678,1.71311061802028,2.49899191708678,0.0170388377311751,0.0471430978773959,-3.71275671743092,"ENSSSCT00000081405.1","ENSSSCG00000011973","COL8A1","COL8A1","Significant"
"ENSSSCT00000024405.4",-1.85368625325246,1.97654926552454,-2.5105976713115,0.0165695642680926,0.0460793307230374,-3.71479458264134,"ENSSSCT00000024405.4","ENSSSCG00000046387","PSMD2","PSMD2","Significant"
"ENSSSCT00000061183.3",1.25180482774864,2.15656791728874,2.56800039905363,0.0144176432381068,0.0412634164444554,-3.71807764223373,"ENSSSCT00000061183.3","ENSSSCG00000006135","CPNE3","CPNE3","Significant"
"ENSSSCT00000051979.3",1.50728934973751,5.17140316223787,2.7649408190095,0.00883899966970695,0.0278980392285697,-3.73247075258625,"ENSSSCT00000051979.3","ENSSSCG00000039094","PLEC","PLEC","Significant"
"ENSSSCT00000030051.4",1.07813409042852,3.78528970045665,2.73860586241352,0.00944649015839974,0.0293774671045846,-3.73264032807488,"ENSSSCT00000030051.4","ENSSSCG00000008051","ABCA3","ABCA3","Significant"
"ENSSSCT00000017460.5",1.65191866481335,3.76510113948318,2.64998801379274,0.0117867662094783,0.0350506863821443,-3.74551903378716,"ENSSSCT00000017460.5","ENSSSCG00000016035","COL5A2","COL5A2","Significant"
"ENSSSCT00000072931.2",1.0436199940581,4.75618814141818,2.82819444188122,0.00752517171495133,0.0244875280228148,-3.75209953005816,"ENSSSCT00000072931.2","ENSSSCG00000013582","XAB2","XAB2","Significant"
"ENSSSCT00000011458.5",1.67831608231021,3.56581612319777,2.60871557809784,0.0130501953984152,0.0381057290676993,-3.75279631259351,"ENSSSCT00000011458.5","ENSSSCG00000010470","IDE","IDE","Significant"
"ENSSSCT00000069380.1",-1.45400470567318,2.26336539098204,-2.50657983242518,0.0167306702252558,0.0464599925069618,-3.77619954826444,"ENSSSCT00000069380.1","ENSSSCG00000046640","OAS1","OAS1","Significant"
"ENSSSCT00000014641.4",1.1367729600396,1.73324067175638,2.51238608815827,0.0164983100217183,0.0459208712190531,-3.78231521384934,"ENSSSCT00000014641.4","ENSSSCG00000013401","DKK3","DKK3","Significant"
"ENSSSCT00000001143.5",-1.14046242292958,2.61718437838778,-2.56672070186506,0.014462681911108,0.0413632702657688,-3.78572346659358,"ENSSSCT00000001143.5","ENSSSCG00000001049","HIVEP1","HIVEP1","Significant"
"ENSSSCT00000032388.4",-1.47215191879665,1.75668737380867,-2.5144072222416,0.0164181210709401,0.0457753052331905,-3.78656407407098,"ENSSSCT00000032388.4","ENSSSCG00000029538","PPP2R1B","PPP2R1B","Significant"
"ENSSSCT00000051786.2",1.18288821697707,4.71689644516061,2.76117984243274,0.00892347647115137,0.0281102441415864,-3.78790592753919,"ENSSSCT00000051786.2","ENSSSCG00000009231","CDS1","CDS1","Significant"
"ENSSSCT00000077549.2",1.46718091954044,2.05156918470906,2.55076253731546,0.0150352736328111,0.042630668886353,-3.79535653221785,"ENSSSCT00000077549.2","ENSSSCG00000011137","GDI2","GDI2","Significant"
"ENSSSCT00000000201.5",1.62537928537907,6.20990515102478,2.7893294401309,0.00830899302874275,0.0265412372596383,-3.80097565192979,"ENSSSCT00000000201.5","ENSSSCG00000061347","TUBA1A","TUBA1A","Significant"
"ENSSSCT00000050175.3",-1.60931814478318,1.31950152404382,-2.47579817234348,0.0180132134296573,0.0492340480307589,-3.83925491498171,"ENSSSCT00000050175.3","ENSSSCG00000000458","MON2","MON2","Significant"
"ENSSSCT00000033167.4",-1.48631390180481,2.32999126083796,-2.57607166516915,0.0141365309306571,0.0406388141822648,-3.83936902315029,"ENSSSCT00000033167.4","ENSSSCG00000004414","CD164","CD164","Significant"
"ENSSSCT00000060270.2",-1.14820647184565,3.329339341621,-2.63959359950131,0.0120938660300308,0.0357876572919879,-3.84256270157463,"ENSSSCT00000060270.2","ENSSSCG00000006624","SELENBP1","SELENBP1","Significant"
"ENSSSCT00000015132.5",-1.13249260040413,3.77500606186141,-2.69308290790354,0.0105888047915734,0.0321697721149445,-3.85841047551766,"ENSSSCT00000015132.5","ENSSSCG00000013853","HSH2D","HSH2D","Significant"
"ENSSSCT00000000230.5",-1.48584673667197,1.81186022746812,-2.48727379113198,0.0175249399642143,0.0481976501554822,-3.86624073017896,"ENSSSCT00000000230.5","ENSSSCG00000000215","SMARCD1","SMARCD1","Significant"
"ENSSSCT00000045994.3",1.57895462968345,5.15756970920012,2.73805605404804,0.00945957664204225,0.0294097489117141,-3.87730450955464,"ENSSSCT00000045994.3","ENSSSCG00000034386","ATP2A2","ATP2A2","Significant"
"ENSSSCT00000097372.1",-1.12477124777187,2.81525941585551,-2.57919636743748,0.0140290595569144,0.040374565962895,-3.87977412272119,"ENSSSCT00000097372.1","ENSSSCG00000006388","DCAF8","DCAF8","Significant"
"ENSSSCT00000067699.1",1.03488620482907,2.16161173271755,2.49599723839351,0.017161880615172,0.0474151305463153,-3.90402927592169,"ENSSSCT00000067699.1","ENSSSCG00000004454","ME1","ME1","Significant"
"ENSSSCT00000039842.1",-1.40391825652368,4.22821523839986,-2.64438247504397,0.0119514744711656,0.0354338341054727,-3.91013635576988,"ENSSSCT00000039842.1","ENSSSCG00000009720","DDX60","DDX60","Significant"
"ENSSSCT00000064553.3",-1.01227949769781,1.98398506272745,-2.50281068745978,0.0168831040415916,0.0468035646774978,-3.93594402382756,"ENSSSCT00000064553.3","ENSSSCG00000032947","SRRM1","SRRM1","Significant"
"ENSSSCT00000038260.3",-1.03766281929925,2.42862043786327,-2.52135432892311,0.0161452031204582,0.0451715571238046,-3.99113665826282,"ENSSSCT00000038260.3","ENSSSCG00000002445","TRIP11","TRIP11","Significant"
"ENSSSCT00000068792.2",-1.23809076948743,2.7350468056963,-2.50122978259447,0.0169474167010831,0.0469442137019735,-4.01202095504977,"ENSSSCT00000068792.2","ENSSSCG00000033991","DPP7","DPP7","Significant"
"ENSSSCT00000068635.1",1.21178543103981,3.18085705240263,2.49150794846829,0.0173478529815048,0.047823573062398,-4.01868284114599,"ENSSSCT00000068635.1","ENSSSCG00000006871","SLC35A3","SLC35A3","Significant"
"ENSSSCT00000011438.5",-1.09186705182182,6.59523684603085,-2.8169372621467,0.00774480155514573,0.0250184791344468,-4.04613898111961,"ENSSSCT00000011438.5","ENSSSCG00000061268","IFIT3","IFIT3","Significant"
"ENSSSCT00000099114.1",-1.69476963012654,2.99854059727709,-2.50449714457478,0.0168147432559437,0.046649752307419,-4.08977941794903,"ENSSSCT00000099114.1","ENSSSCG00000017882","MYBBP1A","MYBBP1A","Significant"
"ENSSSCT00000070254.2",-1.38604917621874,9.12007124767947,-2.83528481865467,0.00738983484127773,0.0241185962316921,-4.19811929293062,"ENSSSCT00000070254.2","ENSSSCG00000017444","KRT15","KRT15","Significant"
"ENSSSCT00000017048.6",-1.48411867720986,5.16185997802163,-2.54243778984043,0.0153421525824117,0.0433499907095026,-4.42058001254054,"ENSSSCT00000017048.6","ENSSSCG00000015657","PIGR","PIGR","Significant"
"ENSSSCT00000019508.4",-1.14263704978041,5.84051955182809,-2.54008014323556,0.0154301005312541,0.043560740992381,-4.5143261686636,"ENSSSCT00000019508.4","ENSSSCG00000017925","SLC16A11","SLC16A11","Significant"
"ENSSSCT00000033126.3",-2.25903753178505,12.8825639413198,-2.69249540222505,0.0106043499182543,0.0322041938091246,-4.68369559002124,"ENSSSCT00000033126.3","ENSSSCG00000007260","BPIFA1","BPIFA1","Significant"
