"target_id","logFC","AveExpr","t","P.Value","adj.P.Val","B","target_id.1","ens_gene","ext_gene","gene_label","significant"
"ENSSSCT00000058648.2",-1.28293694656277,7.04715450196579,-21.448245782009,2.03859007655387e-22,6.64661908559624e-18,41.0696238794676,"ENSSSCT00000058648.2","ENSSSCG00000012771","SLC6A8","SLC6A8","Significant"
"ENSSSCT00000038801.2",-1.37533831354442,5.43041303639765,-20.9816874633558,4.31977896961596e-22,7.04210367626793e-18,40.2497906807653,"ENSSSCT00000038801.2","ENSSSCG00000017953","FXR2","FXR2","Significant"
"ENSSSCT00000054546.3",1.70352874815467,6.85547287211287,19.4693064455409,5.45165935727651e-21,5.92486338948811e-17,37.8061796704048,"ENSSSCT00000054546.3","ENSSSCG00000039094","PLEC","PLEC","Significant"
"ENSSSCT00000051102.3",-1.39817374706707,7.46942815443282,-18.8191272058086,1.70560001639355e-20,1.39023457336238e-16,36.6663530669164,"ENSSSCT00000051102.3","ENSSSCG00000032242","HMGA1","HMGA1","Significant"
"ENSSSCT00000019075.4",1.12518890298051,5.06311270983821,17.5519720836687,1.73246032476058e-19,7.92900883677131e-16,34.3435194257937,"ENSSSCT00000019075.4","ENSSSCG00000017521","SCRN2","SCRN2","Significant"
"ENSSSCT00000044271.3",-1.33119752999219,7.51304775091166,-17.4904123415183,1.94553032432126e-19,7.92900883677131e-16,34.2333362941034,"ENSSSCT00000044271.3","ENSSSCG00000013405","EIF4G2","EIF4G2","Significant"
"ENSSSCT00000040582.3",-2.6687494973131,3.86897236184178,-17.687416632386,1.34375299196311e-19,7.30195375832754e-16,34.1358802765885,"ENSSSCT00000040582.3","ENSSSCG00000001930","PKM","PKM","Significant"
"ENSSSCT00000098878.1",-1.34641455080359,6.76961255268555,-16.7771732936691,7.64004748580981e-19,2.350497165529e-15,32.8778501223467,"ENSSSCT00000098878.1","ENSSSCG00000032242","HMGA1","HMGA1","Significant"
"ENSSSCT00000007108.4",-1.47733668857317,6.46435625001292,-16.7580635732513,7.93015238032727e-19,2.350497165529e-15,32.8477451363754,"ENSSSCT00000007108.4","ENSSSCG00000006489","TMEM79","TMEM79","Significant"
"ENSSSCT00000074756.2",-1.40351854783707,6.11429869339613,-16.3611852593351,1.73257415056891e-18,4.70740396709572e-15,32.0778088467358,"ENSSSCT00000074756.2","ENSSSCG00000010368","GLUD1","GLUD1","Significant"
"ENSSSCT00000002396.5",1.29511160144546,5.74667159854724,16.0155454483981,3.46301619251323e-18,7.60133977106729e-15,31.3907948130779,"ENSSSCT00000002396.5","ENSSSCG00000002142","TEP1","TEP1","Significant"
"ENSSSCT00000012641.4",1.19240699959891,5.05446910172969,15.9598730738247,3.87576789107976e-18,7.89784602004778e-15,31.2776418636909,"ENSSSCT00000012641.4","ENSSSCG00000011551","TADA3","TADA3","Significant"
"ENSSSCT00000100083.1",-1.47552504599324,5.81665410809359,-15.4935592313086,1.00712950483331e-17,1.82424724308807e-14,30.3268731600689,"ENSSSCT00000100083.1","ENSSSCG00000060594",NA,"ENSSSCG00000060594","Significant"
"ENSSSCT00000088957.2",-1.52565887768918,5.56537347734386,-15.3082134247571,1.48084134245113e-17,2.41406755646383e-14,29.948317524379,"ENSSSCT00000088957.2","ENSSSCG00000014031",NA,"ENSSSCG00000014031","Significant"
"ENSSSCT00000050136.3",1.05192547988489,4.96321498239548,15.2576458908028,1.64605998679184e-17,2.43946090042551e-14,29.8461232609768,"ENSSSCT00000050136.3","ENSSSCG00000057050","NPRL2","NPRL2","Significant"
"ENSSSCT00000055543.3",1.04826258042547,3.60841380033736,15.2784167255466,1.57602555657836e-17,2.43946090042551e-14,29.7187470997815,"ENSSSCT00000055543.3","ENSSSCG00000040538","WDFY2","WDFY2","Significant"
"ENSSSCT00000003487.5",1.25940479173394,4.63890086750807,15.1113201063718,2.23874611693469e-17,3.17356862593646e-14,29.5307702627819,"ENSSSCT00000003487.5","ENSSSCG00000003144","DHDH","DHDH","Significant"
"ENSSSCT00000027274.4",1.24710702761913,5.36141118341936,14.8721260395538,3.71856168824867e-17,4.66307635706383e-14,29.0361068232559,"ENSSSCT00000027274.4","ENSSSCG00000023294","KRCC1","KRCC1","Significant"
"ENSSSCT00000043692.3",1.59013245910268,2.17984081006712,15.3949851491196,1.23578272371464e-17,2.12060315389432e-14,28.9441618835312,"ENSSSCT00000043692.3","ENSSSCG00000003919","MUTYH","MUTYH","Significant"
"ENSSSCT00000066689.2",-1.74978235317505,6.6408637509044,-14.5576701731246,7.31157434384745e-17,7.53547756128839e-14,28.3147936951257,"ENSSSCT00000066689.2","ENSSSCG00000033537",NA,"ENSSSCG00000033537","Significant"
"ENSSSCT00000014821.4",1.36493361192526,3.86600203599204,14.3849469680765,1.06470474538882e-16,1.02098922113697e-13,27.907439479836,"ENSSSCT00000014821.4","ENSSSCG00000013569","PEX11G","PEX11G","Significant"
"ENSSSCT00000045296.3",1.0511230652544,4.94814558708886,14.3162486427746,1.23746423360193e-16,1.15275096778164e-13,27.8465291762829,"ENSSSCT00000045296.3","ENSSSCG00000040727","ASPSCR1","ASPSCR1","Significant"
"ENSSSCT00000008521.4",1.14497305721197,3.29505453294992,14.2777198354578,1.34664823151223e-16,1.21961441500624e-13,27.5793273023822,"ENSSSCT00000008521.4","ENSSSCG00000007774","CTF1","CTF1","Significant"
"ENSSSCT00000018176.5",1.17872503481616,6.10295924838558,14.0496829061642,2.22857851774248e-16,1.73001366648752e-13,27.2207980371143,"ENSSSCT00000018176.5","ENSSSCG00000016695","HIBADH","HIBADH","Significant"
"ENSSSCT00000049531.3",-1.22951465849773,8.07190237011381,-13.9989843171729,2.49461070075828e-16,1.89149505319821e-13,27.0241694616715,"ENSSSCT00000049531.3","ENSSSCG00000006496","LMNA","LMNA","Significant"
"ENSSSCT00000042301.3",1.56013280166902,2.57440226364402,14.1902342928335,1.6326575848891e-16,1.33077919744311e-13,26.9928791755209,"ENSSSCT00000042301.3","ENSSSCG00000001882","NEIL1","NEIL1","Significant"
"ENSSSCT00000065428.3",-1.81982148634736,6.42624846515308,-13.9270891494501,2.92863041280851e-16,2.17011513589111e-13,26.9337867488525,"ENSSSCT00000065428.3","ENSSSCG00000032996","SLC7A5","SLC7A5","Significant"
"ENSSSCT00000067973.2",1.05244754865203,4.32932961107409,13.855021894711,3.44145914711875e-16,2.38734753260978e-13,26.8296147384607,"ENSSSCT00000067973.2","ENSSSCG00000013752","STX10","STX10","Significant"
"ENSSSCT00000029175.4",1.0355591377393,3.59694366700117,13.8726902681026,3.30779622417743e-16,2.38734753260978e-13,26.7898406460746,"ENSSSCT00000029175.4","ENSSSCG00000025272","HEMK1","HEMK1","Significant"
"ENSSSCT00000023167.4",2.13655138619578,3.90996292004906,13.6756893086876,5.15486645102376e-16,3.29547579939566e-13,26.3563499255859,"ENSSSCT00000023167.4","ENSSSCG00000008836","SCFD2","SCFD2","Significant"
"ENSSSCT00000054554.3",-1.86066652192006,6.8799996233334,-13.6792980354678,5.11294210934445e-16,3.29547579939566e-13,26.3551893412767,"ENSSSCT00000054554.3","ENSSSCG00000037645","COTL1","COTL1","Significant"
"ENSSSCT00000031087.4",-1.09157935201138,4.54530940188949,-13.5346667543363,7.10084882323251e-16,4.36822783080514e-13,26.1176524339943,"ENSSSCT00000031087.4","ENSSSCG00000025806","FAM118B","FAM118B","Significant"
"ENSSSCT00000006416.5",1.3638631903536,2.78912873628897,13.6774039120868,5.13490343449922e-16,3.29547579939566e-13,26.0649825912254,"ENSSSCT00000006416.5","ENSSSCG00000005837","DIPK1B","DIPK1B","Significant"
"ENSSSCT00000024978.4",1.10626215012616,3.46783896666966,13.5407725604469,7.00273580140854e-16,4.36822783080514e-13,26.0357998645755,"ENSSSCT00000024978.4","ENSSSCG00000028031","HDAC11","HDAC11","Significant"
"ENSSSCT00000015008.5",1.12187621415369,4.90205383597904,13.429391243145,9.03201692786635e-16,5.35417963483917e-13,25.873794853912,"ENSSSCT00000015008.5","ENSSSCG00000013734","HOOK2","HOOK2","Significant"
"ENSSSCT00000058955.2",1.16422525836268,5.18014009515026,13.1801665029954,1.60441049491624e-15,8.43712899616919e-13,25.2888809600327,"ENSSSCT00000058955.2","ENSSSCG00000035895","JDP2","JDP2","Significant"
"ENSSSCT00000030983.3",-1.05563432660265,7.61228878427949,-13.2149279140452,1.48021331895231e-15,8.04347917518688e-13,25.2493466432968,"ENSSSCT00000030983.3","ENSSSCG00000021591","RBM3","RBM3","Significant"
"ENSSSCT00000101871.1",-1.75790938033811,5.7152601762477,-13.1612979579632,1.6762326639431e-15,8.67490313892075e-13,25.2211965651087,"ENSSSCT00000101871.1","ENSSSCG00000063353",NA,"ENSSSCG00000063353","Significant"
"ENSSSCT00000052631.3",-2.3247100987963,3.79604784519958,-13.0350997264159,2.24906103803507e-15,1.09445352364321e-12,24.8892450601313,"ENSSSCT00000052631.3","ENSSSCG00000063479",NA,"ENSSSCG00000063479","Significant"
"ENSSSCT00000086974.1",1.06908835740749,4.17783576033155,12.9851117193077,2.52810435039629e-15,1.17751877486173e-12,24.8576431597156,"ENSSSCT00000086974.1","ENSSSCG00000000139","IFT27","IFT27","Significant"
"ENSSSCT00000012514.5",1.00378179676751,4.07855578485263,12.9446528649561,2.7797098773198e-15,1.24150220328952e-12,24.7658884199494,"ENSSSCT00000012514.5","ENSSSCG00000011434","PPM1M","PPM1M","Significant"
"ENSSSCT00000027190.4",1.20159322714125,3.6636708349348,12.9379552364889,2.82376540433445e-15,1.24413577355298e-12,24.7195671647272,"ENSSSCT00000027190.4","ENSSSCG00000028572",NA,"ENSSSCG00000028572","Significant"
"ENSSSCT00000025388.4",-1.20149973023001,4.10855741784386,-12.9092753723439,3.0206307573486e-15,1.31312860283458e-12,24.6836275449149,"ENSSSCT00000025388.4","ENSSSCG00000029813","TSPAN5","TSPAN5","Significant"
"ENSSSCT00000004015.4",1.48795248905043,3.09667996427848,12.9887431227163,2.50669077407125e-15,1.17751877486173e-12,24.6768827553022,"ENSSSCT00000004015.4","ENSSSCG00000003619","AZIN2","AZIN2","Significant"
"ENSSSCT00000036326.3",-1.10091581460881,7.50134725814684,-12.9475327941345,2.76098277613089e-15,1.24150220328952e-12,24.6249831603238,"ENSSSCT00000036326.3","ENSSSCG00000030798","FUS","FUS","Significant"
"ENSSSCT00000003859.5",1.43271495218265,2.36780979489539,12.8479961557164,3.48961301512228e-15,1.4531495424426e-12,24.0475569566363,"ENSSSCT00000003859.5","ENSSSCG00000003473","CPLANE2","CPLANE2","Significant"
"ENSSSCT00000044010.3",1.58990290861017,4.3790353797636,12.5776177509654,6.63214094902038e-15,2.2064726887945e-12,23.9086810947404,"ENSSSCT00000044010.3","ENSSSCG00000035152","TEF","TEF","Significant"
"ENSSSCT00000004855.5",-1.37935543863296,5.26842618295069,-12.5464344981059,7.1459832340925e-15,2.28419252317992e-12,23.79661157698,"ENSSSCT00000004855.5","ENSSSCG00000004392",NA,"ENSSSCG00000004392","Significant"
"ENSSSCT00000081053.2",-1.30515783267728,5.73998721234584,-12.5485911447822,7.10917141211965e-15,2.28419252317992e-12,23.7774295517631,"ENSSSCT00000081053.2","ENSSSCG00000013380",NA,"ENSSSCG00000013380","Significant"
"ENSSSCT00000091358.2",-1.18148950348675,7.14486025252019,-12.580840902223,6.58122716340783e-15,2.2064726887945e-12,23.7636368493043,"ENSSSCT00000091358.2","ENSSSCG00000033537",NA,"ENSSSCG00000033537","Significant"
"ENSSSCT00000048537.3",1.12301286712678,3.77346562732161,12.5183092931891,7.64426561067869e-15,2.39647726894777e-12,23.7523882678159,"ENSSSCT00000048537.3","ENSSSCG00000023142","GAMT","GAMT","Significant"
"ENSSSCT00000005851.4",1.16359488359386,2.8708536215243,12.5216453930238,7.58335279424738e-15,2.39647726894777e-12,23.5800145591347,"ENSSSCT00000005851.4","ENSSSCG00000005313","CCDC107","CCDC107","Significant"
"ENSSSCT00000107043.1",-1.38945229791807,2.42672915924597,-12.570918105566,6.73926114359234e-15,2.21946333662308e-12,23.5153120506341,"ENSSSCT00000107043.1","ENSSSCG00000010996","BAG1","BAG1","Significant"
"ENSSSCT00000012444.5",1.53907893288559,3.76901435281881,12.3384630152229,1.1789922885962e-14,3.37191794538513e-12,23.3198923003305,"ENSSSCT00000012444.5","ENSSSCG00000011366","SLC25A20","SLC25A20","Significant"
"ENSSSCT00000037667.3",1.04188763268841,4.38373142649729,12.3163291931487,1.24390719865557e-14,3.52663915695358e-12,23.2849265208734,"ENSSSCT00000037667.3","ENSSSCG00000023130","ASCC1","ASCC1","Significant"
"ENSSSCT00000072584.2",1.0306772928298,4.44062008968815,12.2725290523183,1.38333389621041e-14,3.77012450004802e-12,23.1769911937926,"ENSSSCT00000072584.2","ENSSSCG00000012657","AIFM1","AIFM1","Significant"
"ENSSSCT00000106596.1",-1.42574768262688,2.16224494697351,-12.4788788899946,8.40323191789353e-15,2.58470729670755e-12,23.1251413076573,"ENSSSCT00000106596.1","ENSSSCG00000059746",NA,"ENSSSCG00000059746","Significant"
"ENSSSCT00000065403.3",1.68214989395187,5.40017017672959,12.2605132306235,1.42430271675765e-14,3.83784841133607e-12,23.1060249369637,"ENSSSCT00000065403.3","ENSSSCG00000037735",NA,"ENSSSCG00000037735","Significant"
"ENSSSCT00000096942.1",1.08852705819245,3.80735362735391,12.2074169857206,1.62070764767056e-14,4.12824626130085e-12,23.0202694570714,"ENSSSCT00000096942.1","ENSSSCG00000055759",NA,"ENSSSCG00000055759","Significant"
"ENSSSCT00000051120.3",-1.79579349816633,5.29203174289804,-12.2203321093198,1.57052377385718e-14,4.09642856982717e-12,23.0111317464191,"ENSSSCT00000051120.3","ENSSSCG00000007874","ABCC1","ABCC1","Significant"
"ENSSSCT00000081163.1",1.03375170215734,3.22755879568572,12.2136043668279,1.59646445905622e-14,4.09851395457236e-12,22.9730132612409,"ENSSSCT00000081163.1","ENSSSCG00000001709","SUPT3H","SUPT3H","Significant"
"ENSSSCT00000017069.5",1.25521078944514,3.01122833240353,12.2251555782092,1.55219068696045e-14,4.08126009335957e-12,22.9591399695781,"ENSSSCT00000017069.5","ENSSSCG00000015670","GTDC1","GTDC1","Significant"
"ENSSSCT00000072605.2",1.39517486276276,3.83846551708414,12.1217184254859,1.99789547666379e-14,4.89769805422152e-12,22.8152093077414,"ENSSSCT00000072605.2","ENSSSCG00000017676","BCAS3","BCAS3","Significant"
"ENSSSCT00000075815.2",-1.06724266659237,5.97491577455187,-12.1588305957334,1.82462526968764e-14,4.59351205859136e-12,22.8091198054394,"ENSSSCT00000075815.2","ENSSSCG00000012074",NA,"ENSSSCG00000012074","Significant"
"ENSSSCT00000024808.4",1.58285296063527,1.97973693303588,12.4139894034665,9.82378819201939e-15,2.8597749126125e-12,22.7804417779048,"ENSSSCT00000024808.4","ENSSSCG00000025210","ATG10","ATG10","Significant"
"ENSSSCT00000004405.4",-1.37162783923052,5.47733403962885,-12.1218808323092,1.99710173206792e-14,4.89769805422152e-12,22.7576538309945,"ENSSSCT00000004405.4","ENSSSCG00000003983","SMAP2","SMAP2","Significant"
"ENSSSCT00000053391.3",-1.55651824295092,5.15141883678374,-12.0470460528542,2.39922174324767e-14,5.75178130270935e-12,22.5984682127063,"ENSSSCT00000053391.3","ENSSSCG00000004139","ADGRG6","ADGRG6","Significant"
"ENSSSCT00000049075.3",1.58992391405293,2.10236755005961,12.2303547002344,1.53267429929239e-14,4.06270836212431e-12,22.5381807023821,"ENSSSCT00000049075.3","ENSSSCG00000011940","DZIP3","DZIP3","Significant"
"ENSSSCT00000036842.3",-1.04302262138803,3.85131392256936,-11.9939571868834,2.73383418249521e-14,6.32155529688467e-12,22.5101936123338,"ENSSSCT00000036842.3","ENSSSCG00000036350","HNRNPA2B1","HNRNPA2B1","Significant"
"ENSSSCT00000011630.5",1.16495250893473,2.92243737420639,12.0430670926694,2.42278498085038e-14,5.76587456318583e-12,22.502296402235,"ENSSSCT00000011630.5","ENSSSCG00000032968","VTI1A","VTI1A","Significant"
"ENSSSCT00000086254.2",-1.10585831704076,7.75213805190868,-12.0554533973673,2.35019991339846e-14,5.675993924181e-12,22.4560117101912,"ENSSSCT00000086254.2","ENSSSCG00000022300","MAT2A","MAT2A","Significant"
"ENSSSCT00000009361.5",1.16472066467476,4.37327712199973,11.9626615088254,2.95303662754181e-14,6.64005560030159e-12,22.4289940986108,"ENSSSCT00000009361.5","ENSSSCG00000008556","KHK","KHK","Significant"
"ENSSSCT00000018992.5",1.00070260270042,3.39302287179471,11.9627349686864,2.95250162691023e-14,6.64005560030159e-12,22.3988158992822,"ENSSSCT00000018992.5","ENSSSCG00000017446",NA,"ENSSSCG00000017446","Significant"
"ENSSSCT00000040226.3",-1.65334554707374,2.40984725700583,-12.0036344452463,2.66946983094304e-14,6.21681388343334e-12,22.2505248848983,"ENSSSCT00000040226.3","ENSSSCG00000029602","WDR37","WDR37","Significant"
"ENSSSCT00000051048.2",1.23366924839571,2.55201346552463,11.9753503431264,2.86207650079435e-14,6.57148888957036e-12,22.1829211744238,"ENSSSCT00000051048.2","ENSSSCG00000033883",NA,"ENSSSCG00000033883","Significant"
"ENSSSCT00000003452.5",1.4303892235326,3.16213464215793,11.8774552981447,3.645321114251e-14,7.8709966628503e-12,22.1757570422542,"ENSSSCT00000003452.5","ENSSSCG00000003112","BBC3","BBC3","Significant"
"ENSSSCT00000089341.2",-1.16674258297615,5.66597244310862,-11.8683956296897,3.72807181431621e-14,7.89286061259517e-12,22.1181773614966,"ENSSSCT00000089341.2","ENSSSCG00000004392",NA,"ENSSSCG00000004392","Significant"
"ENSSSCT00000008766.5",1.24233270583685,2.69606100043013,11.8088395384428,4.32194622579314e-14,8.98995274834966e-12,21.8872485115575,"ENSSSCT00000008766.5","ENSSSCG00000007998","RHBDL1","RHBDL1","Significant"
"ENSSSCT00000080702.1",-1.44905733171126,2.89129681811101,-11.7683057681794,4.78058152982712e-14,9.74163001240521e-12,21.8528207754267,"ENSSSCT00000080702.1","ENSSSCG00000005055","LGALS3","LGALS3","Significant"
"ENSSSCT00000102990.1",1.05058125372384,4.77033094173325,11.737838445645,5.15778317854444e-14,1.02539245581258e-11,21.8523996467286,"ENSSSCT00000102990.1","ENSSSCG00000008877","ETFDH","ETFDH","Significant"
"ENSSSCT00000091248.2",1.11951963227104,3.97349474097628,11.6747922723493,6.0377417904094e-14,1.16481972387283e-11,21.7290115706587,"ENSSSCT00000091248.2","ENSSSCG00000013039","NUDT22","NUDT22","Significant"
"ENSSSCT00000105375.1",-1.02042551222566,7.01422883846645,-11.742386516078,5.09960291287328e-14,1.02004572620442e-11,21.7118750899735,"ENSSSCT00000105375.1","ENSSSCG00000036639","STOM","STOM","Significant"
"ENSSSCT00000096702.1",1.11310979417163,4.14211949611848,11.6485604078958,6.44766974522387e-14,1.22622250744153e-11,21.6614954469118,"ENSSSCT00000096702.1","ENSSSCG00000055689","PMVK","PMVK","Significant"
"ENSSSCT00000063117.2",1.3579274405739,3.60399883313573,11.6167332654956,6.98339711500355e-14,1.30668721527861e-11,21.5749881863906,"ENSSSCT00000063117.2","ENSSSCG00000031594","NICN1","NICN1","Significant"
"ENSSSCT00000006851.4",1.07616714595531,4.15908959756929,11.6033635108314,7.22178792177518e-14,1.32280434495257e-11,21.5497407765478,"ENSSSCT00000006851.4","ENSSSCG00000006252","TMEM68","TMEM68","Significant"
"ENSSSCT00000049522.2",1.50017642576062,1.88618429958822,11.8432394081991,3.96804401280512e-14,8.34671658022569e-12,21.5247006117346,"ENSSSCT00000049522.2","ENSSSCG00000033585","DUSP23","DUSP23","Significant"
"ENSSSCT00000039158.3",1.25547563117218,1.98450276231483,11.7617449427864,4.85935765407331e-14,9.84065198468361e-12,21.445822582788,"ENSSSCT00000039158.3","ENSSSCG00000034774","TBX6","TBX6","Significant"
"ENSSSCT00000092893.1",1.20928368595377,2.23297626460589,11.699594981039,5.67459905089423e-14,1.1213007724567e-11,21.4354268200412,"ENSSSCT00000092893.1","ENSSSCG00000055564",NA,"ENSSSCG00000055564","Significant"
"ENSSSCT00000062891.2",1.16974133733677,3.10555673873291,11.5600189789845,8.05329892232819e-14,1.43480742111251e-11,21.3842565567924,"ENSSSCT00000062891.2","ENSSSCG00000024028","STARD3NL","STARD3NL","Significant"
"ENSSSCT00000104271.1",1.04816186712515,4.58322296290846,11.5094232317867,9.1485308030857e-14,1.58658882076493e-11,21.2886173324316,"ENSSSCT00000104271.1","ENSSSCG00000008621","NBAS","NBAS","Significant"
"ENSSSCT00000058859.3",-1.10287115793619,3.83377971618862,-11.4582115781882,1.04122979506991e-13,1.7409362173569e-11,21.1914222982049,"ENSSSCT00000058859.3","ENSSSCG00000004127","PLAGL1","PLAGL1","Significant"
"ENSSSCT00000003346.4",1.10446284490721,3.8472504584511,11.4441854071748,1.078854628094e-13,1.77651395426145e-11,21.1566354369255,"ENSSSCT00000003346.4","ENSSSCG00000003013","B9D2","B9D2","Significant"
"ENSSSCT00000050778.2",-1.97950104526426,4.21050615591408,-11.4408245908316,1.08807406249951e-13,1.78269179566503e-11,21.1476313271524,"ENSSSCT00000050778.2","ENSSSCG00000013421","PTBP1","PTBP1","Significant"
"ENSSSCT00000022931.2",-1.10996749904161,5.24958739946615,-11.4501741644537,1.06262317076264e-13,1.76397652086559e-11,21.0922984934943,"ENSSSCT00000022931.2","ENSSSCG00000021173","BSPRY","BSPRY","Significant"
"ENSSSCT00000075369.2",-1.0907052337764,4.51794474922194,-11.4179923969403,1.15287198459976e-13,1.87941190929453e-11,21.0654793716456,"ENSSSCT00000075369.2","ENSSSCG00000035318","NUP58","NUP58","Significant"
"ENSSSCT00000064898.3",1.04312381810709,6.95522953846595,11.4784219968419,9.89354996961667e-14,1.69773317478622e-11,21.0478724331115,"ENSSSCT00000064898.3","ENSSSCG00000021363","CHD3","CHD3","Significant"
"ENSSSCT00000096084.1",1.14212562238425,3.61996529084344,11.3875491881605,1.24544071480167e-13,2.01021530026701e-11,21.0054893272415,"ENSSSCT00000096084.1","ENSSSCG00000036075","WASHC3","WASHC3","Significant"
"ENSSSCT00000004266.3",1.21265613090015,4.37104174471355,11.3697758852444,1.30295429667378e-13,2.08242754356627e-11,20.9549003059214,"ENSSSCT00000004266.3","ENSSSCG00000003854","ECHDC2","ECHDC2","Significant"
"ENSSSCT00000005572.4",-1.23120066657826,9.97488193104452,-11.4981358207935,9.41292853624377e-14,1.62380487828408e-11,20.9516912087701,"ENSSSCT00000005572.4","ENSSSCG00000005055","LGALS3","LGALS3","Significant"
"ENSSSCT00000105991.1",-1.03525638401765,4.06755755323814,-11.3309756909738,1.43810738181689e-13,2.23276443222657e-11,20.8647579481765,"ENSSSCT00000105991.1","ENSSSCG00000055629",NA,"ENSSSCG00000055629","Significant"
"ENSSSCT00000006421.5",1.13517288683286,4.75631218916223,11.3344767038095,1.42534620024196e-13,2.23276443222657e-11,20.840476011366,"ENSSSCT00000006421.5","ENSSSCG00000005842","TMEM141","TMEM141","Significant"
"ENSSSCT00000041124.3",-1.30099172691899,7.26856944683589,-11.3897723043539,1.23843130244695e-13,2.00884647686469e-11,20.8000318304834,"ENSSSCT00000041124.3","ENSSSCG00000040184","LMO7","LMO7","Significant"
"ENSSSCT00000044909.3",1.12350631843132,4.36063238684477,11.2299553316033,1.86114063351502e-13,2.77080498699195e-11,20.6008516846942,"ENSSSCT00000044909.3","ENSSSCG00000004508","DYM","DYM","Significant"
"ENSSSCT00000084812.2",-1.9767377895718,0.223084207686454,-12.0098472818302,2.62896477404901e-14,6.16653003547439e-12,20.3247154172001,"ENSSSCT00000084812.2","ENSSSCG00000020830",NA,"ENSSSCG00000020830","Significant"
"ENSSSCT00000082010.1",1.35180588283675,2.48648094600893,11.1652065314516,2.19713143412147e-13,3.24141508045686e-11,20.2482543688392,"ENSSSCT00000082010.1","ENSSSCG00000046622",NA,"ENSSSCG00000046622","Significant"
"ENSSSCT00000001920.5",1.23249648797663,3.87515078528163,11.0824586992616,2.71837421864266e-13,3.80385721135731e-11,20.2467907699591,"ENSSSCT00000001920.5","ENSSSCG00000001718","CYP39A1","CYP39A1","Significant"
"ENSSSCT00000047824.3",1.09732072114857,3.67007352407393,11.074482737184,2.77485886353377e-13,3.86630334985705e-11,20.2264144575422,"ENSSSCT00000047824.3","ENSSSCG00000007288","MYH7B","MYH7B","Significant"
"ENSSSCT00000046402.3",-1.46594783114997,7.10955303416755,-11.1551987929095,2.25432879809459e-13,3.27773507104897e-11,20.2120758059775,"ENSSSCT00000046402.3","ENSSSCG00000006496","LMNA","LMNA","Significant"
"ENSSSCT00000065507.3",1.34338031249078,3.62389062291224,11.0506624909556,2.95077775721538e-13,4.07657449136653e-11,20.1651728095197,"ENSSSCT00000065507.3","ENSSSCG00000005486","KIF12","KIF12","Significant"
"ENSSSCT00000038657.2",1.2431694012119,3.43191770075998,10.992604967424,3.42874491416984e-13,4.54434143014608e-11,20.0016547460594,"ENSSSCT00000038657.2","ENSSSCG00000024960","PDGFC","PDGFC","Significant"
"ENSSSCT00000033426.4",1.39510809157,4.36011723458397,10.9958619498743,3.39995041822422e-13,4.52457075248092e-11,20.0001947139665,"ENSSSCT00000033426.4","ENSSSCG00000003573","MAP3K6","MAP3K6","Significant"
"ENSSSCT00000018238.5",1.11103773056657,3.52578092153118,10.9647748357402,3.68515187482386e-13,4.82532898501033e-11,19.9435884510649,"ENSSSCT00000018238.5","ENSSSCG00000016756","BLVRA","BLVRA","Significant"
"ENSSSCT00000058700.3",-1.24575063518912,6.35243020697143,-11.0073840968809,3.30004824278106e-13,4.4460649961832e-11,19.8768758813479,"ENSSSCT00000058700.3","ENSSSCG00000006496","LMNA","LMNA","Significant"
"ENSSSCT00000039058.3",1.02890937456791,2.50513103170152,10.9840051003733,3.50597560237358e-13,4.60922695724952e-11,19.8234846447477,"ENSSSCT00000039058.3","ENSSSCG00000015951","METAP1D","METAP1D","Significant"
"ENSSSCT00000048428.3",1.13905115916543,3.06322420546762,10.9191682257455,4.14834889740155e-13,5.34595918778182e-11,19.7872657994373,"ENSSSCT00000048428.3","ENSSSCG00000003217","JOSD2","JOSD2","Significant"
"ENSSSCT00000082083.2",1.14963138056402,3.2940470111521,10.9016304278278,4.34189796109853e-13,5.50829731998664e-11,19.77100409838,"ENSSSCT00000082083.2","ENSSSCG00000009717","CBR4","CBR4","Significant"
"ENSSSCT00000009743.4",1.51151046616479,1.0058152683008,11.3470064328419,1.38061384841237e-13,2.18512300551636e-11,19.7066085792828,"ENSSSCT00000009743.4","ENSSSCG00000008899","ARL9","ARL9","Significant"
"ENSSSCT00000038538.3",-1.76506569209014,5.12310545135562,-10.8020530473362,5.62929187306539e-13,6.7725989752555e-11,19.4392679367719,"ENSSSCT00000038538.3","ENSSSCG00000039094","PLEC","PLEC","Significant"
"ENSSSCT00000038913.2",-1.00264148931323,5.16035244193771,-10.7846724355839,5.89108059619022e-13,6.98446515484313e-11,19.3821423848478,"ENSSSCT00000038913.2","ENSSSCG00000005078","DAAM1","DAAM1","Significant"
"ENSSSCT00000018157.4",-1.06573843704479,5.92987779192017,-10.8068463050505,5.55920249732921e-13,6.71304586010821e-11,19.3751062983359,"ENSSSCT00000018157.4","ENSSSCG00000016677","GARS1","GARS1","Significant"
"ENSSSCT00000091567.2",1.70582279083309,4.09890494468128,10.7404609948448,6.61435881193425e-13,7.75735808288865e-11,19.359102301002,"ENSSSCT00000091567.2","ENSSSCG00000011743","MECOM","MECOM","Significant"
"ENSSSCT00000036438.4",-1.51354645426658,0.991251913225556,-11.1512481715019,2.2773236846053e-13,3.28539209791466e-11,19.3492615285262,"ENSSSCT00000036438.4","ENSSSCG00000038505","MSI2","MSI2","Significant"
"ENSSSCT00000051015.2",1.26563202986568,3.14969285258107,10.7363089425328,6.686772997496e-13,7.79185771129632e-11,19.3457591900489,"ENSSSCT00000051015.2","ENSSSCG00000035949","FTO","FTO","Significant"
"ENSSSCT00000048271.2",1.24613235609164,3.87748464375215,10.6839901142366,7.6716095527501e-13,8.62500544337463e-11,19.2237493406949,"ENSSSCT00000048271.2","ENSSSCG00000036521","TNFSF13","TNFSF13","Significant"
"ENSSSCT00000005136.5",1.19518357544529,3.32871319844516,10.6737873991611,7.88026335167823e-13,8.7941433277929e-11,19.1900331006945,"ENSSSCT00000005136.5","ENSSSCG00000004651","GALK2","GALK2","Significant"
"ENSSSCT00000003573.5",1.28439053441574,2.83245527297778,10.6877404690038,7.59633405822419e-13,8.56992649253777e-11,19.1633915632231,"ENSSSCT00000003573.5","ENSSSCG00000003217","JOSD2","JOSD2","Significant"
"ENSSSCT00000016713.5",-1.57264817398353,6.83755519995769,-10.71878326957,7.00144233587108e-13,8.12366640280216e-11,19.0875726812616,"ENSSSCT00000016713.5","ENSSSCG00000015340","ASNS","ASNS","Significant"
"ENSSSCT00000019536.5",1.42866148414651,3.50027903235518,10.6198338845573,9.08380508154154e-13,9.93853627109331e-11,19.0550599349022,"ENSSSCT00000019536.5","ENSSSCG00000017952","SAT2","SAT2","Significant"
"ENSSSCT00000031589.4",-1.49759515798832,4.6956280953195,-10.6246883822822,8.96823852579874e-13,9.87839354375481e-11,19.0306788823215,"ENSSSCT00000031589.4","ENSSSCG00000023441","KLHDC8A","KLHDC8A","Significant"
"ENSSSCT00000068162.1",-1.44500987286562,4.48762551227191,-10.6225859584046,9.01810400455391e-13,9.89987417388807e-11,18.9998978605106,"ENSSSCT00000068162.1","ENSSSCG00000006525",NA,"ENSSSCG00000006525","Significant"
"ENSSSCT00000058892.2",1.05337677839904,4.78095811576721,10.6150733374857,9.1986085563881e-13,9.99273122317617e-11,18.9693092867311,"ENSSSCT00000058892.2","ENSSSCG00000021129","PFKM","PFKM","Significant"
"ENSSSCT00000006898.4",1.13642949756544,3.9860609671076,10.5743880993713,1.02420976071458e-12,1.10209026529169e-10,18.9350891167693,"ENSSSCT00000006898.4","ENSSSCG00000006294","NME7","NME7","Significant"
"ENSSSCT00000019350.5",1.26173771293451,2.99871471291504,10.502672636246,1.23844222462054e-12,1.27779019909899e-10,18.6948866742099,"ENSSSCT00000019350.5","ENSSSCG00000017778","DHRS13","DHRS13","Significant"
"ENSSSCT00000039817.3",-1.32139552858907,3.67427379543439,-10.4705620604517,1.34866310378526e-12,1.37842670331707e-10,18.6711361806393,"ENSSSCT00000039817.3","ENSSSCG00000023907","AFAP1","AFAP1","Significant"
"ENSSSCT00000041003.2",-1.17737174244417,4.77283368592545,-10.428100619787,1.50992958789998e-12,1.51943655197194e-10,18.4724938137586,"ENSSSCT00000041003.2","ENSSSCG00000028759","ASAP1","ASAP1","Significant"
"ENSSSCT00000017612.4",-1.43884603200637,3.73673433424058,-10.3810889178497,1.7115343176496e-12,1.6707444578637e-10,18.436440802553,"ENSSSCT00000017612.4","ENSSSCG00000016175","MREG","MREG","Significant"
"ENSSSCT00000064350.2",-1.10121609181214,4.38729430194346,-10.3821954744718,1.70648718504078e-12,1.6707444578637e-10,18.3974375522999,"ENSSSCT00000064350.2","ENSSSCG00000000884","APAF1","APAF1","Significant"
"ENSSSCT00000056737.3",-1.33158885606893,4.02877363167974,-10.3620470424017,1.8008079697788e-12,1.74742687638893e-10,18.3749279464971,"ENSSSCT00000056737.3","ENSSSCG00000000551","BMAL2","BMAL2","Significant"
"ENSSSCT00000064897.3",-1.75075572314992,3.47066471274343,-10.3426318077335,1.89672034432542e-12,1.80610051987418e-10,18.3321618113075,"ENSSSCT00000064897.3","ENSSSCG00000040507","PDLIM7","PDLIM7","Significant"
"ENSSSCT00000028591.4",1.01543449840737,5.00065307762409,10.3513951022932,1.85280116991728e-12,1.78663751780679e-10,18.2594928493379,"ENSSSCT00000028591.4","ENSSSCG00000028943","ECH1","ECH1","Significant"
"ENSSSCT00000015011.5",1.04542349477294,3.748475366064,10.3063689157987,2.09002753562786e-12,1.93040390287849e-10,18.2357610851283,"ENSSSCT00000015011.5","ENSSSCG00000013737","RNASEH2A","RNASEH2A","Significant"
"ENSSSCT00000060245.3",1.01251225721747,3.69732759148666,10.2999696944899,2.12616818941039e-12,1.94723560807686e-10,18.2216436999848,"ENSSSCT00000060245.3","ENSSSCG00000024279","ZMAT5","ZMAT5","Significant"
"ENSSSCT00000001168.4",-2.06404748986749,4.22625779404684,-10.283604691724,2.22151444481276e-12,2.01195158218543e-10,18.1590624820784,"ENSSSCT00000001168.4","ENSSSCG00000001073","TPMT","TPMT","Significant"
"ENSSSCT00000058795.3",-1.01668061098867,6.12669359710914,-10.3482154974111,1.8686154875847e-12,1.78663751780679e-10,18.1469807260898,"ENSSSCT00000058795.3","ENSSSCG00000038534","TSR1","TSR1","Significant"
"ENSSSCT00000007336.4",1.46531667930279,3.94261804404797,10.2300658250104,2.56497484150819e-12,2.27251194925362e-10,18.0313093092157,"ENSSSCT00000007336.4","ENSSSCG00000006697","ACP6","ACP6","Significant"
"ENSSSCT00000035058.4",1.01805322482433,2.18765247590487,10.2845027596719,2.2161709146436e-12,2.01195158218543e-10,17.9729833175837,"ENSSSCT00000035058.4","ENSSSCG00000012532","TCEAL1","TCEAL1","Significant"
"ENSSSCT00000019553.4",1.10734350631177,3.31482919348093,10.2001208371167,2.78018736913475e-12,2.43015322760221e-10,17.9589856556558,"ENSSSCT00000019553.4","ENSSSCG00000017968","CNTROB","CNTROB","Significant"
"ENSSSCT00000009171.5",1.01783980955477,4.24409735077829,10.1795951732941,2.93824371515825e-12,2.52766485723007e-10,17.8688664488637,"ENSSSCT00000009171.5","ENSSSCG00000008376","COMMD1","COMMD1","Significant"
"ENSSSCT00000084466.1",1.19042598937825,1.6429829999448,10.3235902184024,1.99584236104771e-12,1.86989782585057e-10,17.849063520221,"ENSSSCT00000084466.1","ENSSSCG00000049100",NA,"ENSSSCG00000049100","Significant"
"ENSSSCT00000093512.1",-1.01627310225007,11.8982823434692,-10.3135841183245,2.05002790712437e-12,1.91516074165854e-10,17.7634520458249,"ENSSSCT00000093512.1","ENSSSCG00000053832","S100A2","S100A2","Significant"
"ENSSSCT00000077477.2",1.27229727416041,3.08341612392878,10.1004897278173,3.63797356206458e-12,3.02582882697841e-10,17.6802599130457,"ENSSSCT00000077477.2","ENSSSCG00000055235","COQ8B","COQ8B","Significant"
"ENSSSCT00000094917.1",-1.14404100349416,5.02724873575854,-10.141056984959,3.26016502474824e-12,2.75374146287284e-10,17.6774458956298,"ENSSSCT00000094917.1","ENSSSCG00000040207","P2RY2","P2RY2","Significant"
"ENSSSCT00000064991.3",-1.75600799633187,3.31304721238713,-10.0796764019646,3.8488190026345e-12,3.14503495643848e-10,17.6404990880591,"ENSSSCT00000064991.3","ENSSSCG00000006002","CCN3","CCN3","Significant"
"ENSSSCT00000054383.3",1.57041168409212,1.2615023373663,10.3419016310925,1.90042729326031e-12,1.80610051987418e-10,17.5885529919077,"ENSSSCT00000054383.3","ENSSSCG00000031531","TSPAN10","TSPAN10","Significant"
"ENSSSCT00000039723.2",1.51685793016915,1.05859537425805,10.3880654628662,1.6799658122673e-12,1.65588131744972e-10,17.5680486444101,"ENSSSCT00000039723.2","ENSSSCG00000003828","FGGY","FGGY","Significant"
"ENSSSCT00000064299.2",-1.23787664459139,4.87291325145049,-10.0937370180435,3.70506022156487e-12,3.06598435187566e-10,17.5672656165234,"ENSSSCT00000064299.2","ENSSSCG00000033539","CRYBG2","CRYBG2","Significant"
"ENSSSCT00000039493.1",1.15921683933902,7.14461952118167,10.151545849509,3.16914696533632e-12,2.69080384525587e-10,17.5411849393938,"ENSSSCT00000039493.1","ENSSSCG00000008397","EFEMP1","EFEMP1","Significant"
"ENSSSCT00000066210.2",1.31493971771459,2.56901068389339,10.0652887238684,4.00180433666882e-12,3.22957496516708e-10,17.5284348266655,"ENSSSCT00000066210.2","ENSSSCG00000001493","PRIM2","PRIM2","Significant"
"ENSSSCT00000000876.4",-2.18116286314376,3.98509358990669,-10.0325968318597,4.3728472501921e-12,3.45211408584172e-10,17.514266116864,"ENSSSCT00000000876.4","ENSSSCG00000000807","SLC38A1","SLC38A1","Significant"
"ENSSSCT00000068944.2",-1.64638360229499,2.31200664959974,-10.0924778696002,3.7177081941626e-12,3.06866222689817e-10,17.5098782187462,"ENSSSCT00000068944.2","ENSSSCG00000010876","DESI2","DESI2","Significant"
"ENSSSCT00000060666.3",1.10688518301133,6.46121140670904,10.1267445050415,3.38867307846506e-12,2.85397653206201e-10,17.5067176698426,"ENSSSCT00000060666.3","ENSSSCG00000028406","FOCAD","FOCAD","Significant"
"ENSSSCT00000041688.1",-4.76579775815577,2.6046559713506,-10.3350185317835,1.93573591723518e-12,1.82935460421843e-10,17.5050776089693,"ENSSSCT00000041688.1","ENSSSCG00000032843","AHRR","AHRR","Significant"
"ENSSSCT00000065041.3",-1.15209801817925,3.91589828851975,-10.0182890899034,4.54607642647562e-12,3.5544430649595e-10,17.4628950531028,"ENSSSCT00000065041.3","ENSSSCG00000031261","RHOQ","RHOQ","Significant"
"ENSSSCT00000075810.2",-1.58937190805695,2.73087530804986,-10.0264482378334,4.44645217218972e-12,3.50174218893898e-10,17.4532858988854,"ENSSSCT00000075810.2","ENSSSCG00000007140","SMOX","SMOX","Significant"
"ENSSSCT00000079870.1",1.23841953244623,1.77362710544785,10.0741236257943,3.90714407379336e-12,3.18471313454897e-10,17.3171454255055,"ENSSSCT00000079870.1","ENSSSCG00000043560",NA,"ENSSSCG00000043560","Significant"
"ENSSSCT00000000873.6",-1.52336681428842,7.23900610104296,-10.0633955210234,4.0223906106626e-12,3.23019762241487e-10,17.294487805109,"ENSSSCT00000000873.6","ENSSSCG00000000804","ANO6","ANO6","Significant"
"ENSSSCT00000093936.1",1.02323825843088,4.20504599041144,9.95332464192819,5.4249023046296e-12,4.08579900183553e-10,17.2677486819738,"ENSSSCT00000093936.1","ENSSSCG00000002540","PPP2R5C","PPP2R5C","Significant"
"ENSSSCT00000063226.3",-1.11521266576405,3.98967720773466,-9.88258671217281,6.58021408922184e-12,4.79849879122866e-10,17.0844103704209,"ENSSSCT00000063226.3","ENSSSCG00000028536","LHFPL2","LHFPL2","Significant"
"ENSSSCT00000003406.3",-1.29988071843322,4.87877887416045,-9.88833197012772,6.47767886137225e-12,4.75671715306714e-10,17.0211259619885,"ENSSSCT00000003406.3","ENSSSCG00000003069","KCNN4","KCNN4","Significant"
"ENSSSCT00000068713.2",1.11652210542338,4.15846749218961,9.86270943532292,6.94787774815483e-12,4.95303251391393e-10,17.0201919295334,"ENSSSCT00000068713.2","ENSSSCG00000035791","SIX5","SIX5","Significant"
"ENSSSCT00000087012.2",-4.46252534417979,-1.12825720113525,-10.928714796792,4.04671098070849e-13,5.27755859260078e-11,16.9746913020026,"ENSSSCT00000087012.2","ENSSSCG00000032843","AHRR","AHRR","Significant"
"ENSSSCT00000023663.4",-1.19496438860258,5.53198343747788,-9.89232830861178,6.40731642776113e-12,4.72633811788968e-10,16.9647750911434,"ENSSSCT00000023663.4","ENSSSCG00000028019","LRRC59","LRRC59","Significant"
"ENSSSCT00000089234.2",-1.01011026251877,5.14456320210357,-9.86842198459334,6.84012384526634e-12,4.89068854936543e-10,16.9242374543439,"ENSSSCT00000089234.2","ENSSSCG00000047420","RBM12","RBM12","Significant"
"ENSSSCT00000065263.3",1.10245121970459,2.76154640914978,9.82131234688185,7.78214443929466e-12,5.37561519700769e-10,16.9177584823623,"ENSSSCT00000065263.3","ENSSSCG00000035791","SIX5","SIX5","Significant"
"ENSSSCT00000007178.4",-1.26909012841543,5.40613043385887,-9.86996055263064,6.81139404032066e-12,4.88085035803549e-10,16.907535972433,"ENSSSCT00000007178.4","ENSSSCG00000006553","UBAP2L","UBAP2L","Significant"
"ENSSSCT00000008383.5",1.03723444144074,2.31452494568878,9.84695452401602,7.25409490746196e-12,5.10826156291339e-10,16.8946275115749,"ENSSSCT00000008383.5","ENSSSCG00000021941",NA,"ENSSSCG00000021941","Significant"
"ENSSSCT00000046467.3",1.00750076683746,3.45422523449733,9.7999465305462,8.25191076503527e-12,5.65221215510945e-10,16.8919683026505,"ENSSSCT00000046467.3","ENSSSCG00000032231",NA,"ENSSSCG00000032231","Significant"
"ENSSSCT00000017206.5",1.2976836183011,4.01510706329706,9.80141413418739,8.21873912255384e-12,5.64134253372096e-10,16.8631317688891,"ENSSSCT00000017206.5","ENSSSCG00000015801","TLR3","TLR3","Significant"
"ENSSSCT00000039265.3",-1.31622141164832,2.75512703171148,-9.73933715938523,9.74775806897034e-12,6.44657006248903e-10,16.700325510215,"ENSSSCT00000039265.3","ENSSSCG00000003848","LRP8","LRP8","Significant"
"ENSSSCT00000076394.1",-1.19312967303877,5.31783882424726,-9.77846886116027,8.75324318096734e-12,5.89650290645163e-10,16.6679277465629,"ENSSSCT00000076394.1","ENSSSCG00000015866","FMNL2","FMNL2","Significant"
"ENSSSCT00000018399.5",1.29403808117239,1.55364660412227,9.84286877297944,7.33572574205793e-12,5.14834708060257e-10,16.6242427391188,"ENSSSCT00000018399.5","ENSSSCG00000016894","ARL15","ARL15","Significant"
"ENSSSCT00000046538.3",-1.41130145353925,2.87082511160796,-9.69411511304861,1.1041341484772e-11,7.18546702134745e-10,16.591897805459,"ENSSSCT00000046538.3","ENSSSCG00000003848","LRP8","LRP8","Significant"
"ENSSSCT00000007708.5",-1.4150696754062,5.91297687932884,-9.75327839197163,9.38090102674972e-12,6.25470137170037e-10,16.5362952712914,"ENSSSCT00000007708.5","ENSSSCG00000048919","PRNP","PRNP","Significant"
"ENSSSCT00000034660.2",6.37429937016021,-0.642746022257582,10.8461646354773,5.0168069119325e-13,6.17237632289234e-11,16.5291508755798,"ENSSSCT00000034660.2","ENSSSCG00000001476","HSD17B8","HSD17B8","Significant"
"ENSSSCT00000083584.2",1.35520494479734,3.20389578347041,9.63417340484051,1.30296101528719e-11,8.26910607366391e-10,16.4440419437854,"ENSSSCT00000083584.2","ENSSSCG00000017638","TSPOAP1","TSPOAP1","Significant"
"ENSSSCT00000060848.3",-1.09021199696401,5.24033427231332,-9.69092158421108,1.113904311491e-11,7.22022587909596e-10,16.4337697811443,"ENSSSCT00000060848.3","ENSSSCG00000028638","UTP4","UTP4","Significant"
"ENSSSCT00000067277.1",1.1263869777342,4.68088162400111,9.66647650547602,1.19166341925147e-11,7.65249488319714e-10,16.424435388366,"ENSSSCT00000067277.1","ENSSSCG00000027973","COG4","COG4","Significant"
"ENSSSCT00000014253.5",1.07904207929155,3.12626529673304,9.58703882594621,1.48463174881362e-11,9.23758273632044e-10,16.3185195433689,"ENSSSCT00000014253.5","ENSSSCG00000013040","TRPT1","TRPT1","Significant"
"ENSSSCT00000024863.4",1.06554885950171,2.5461457292113,9.59918857050065,1.43547182953051e-11,8.98313311516559e-10,16.2795665174563,"ENSSSCT00000024863.4","ENSSSCG00000027528","TMEM107","TMEM107","Significant"
"ENSSSCT00000003858.3",1.67273412548358,4.30106989933484,9.58987711357384,1.47299641447313e-11,9.18271034368682e-10,16.2706452633536,"ENSSSCT00000003858.3","ENSSSCG00000003472","ARHGEF19","ARHGEF19","Significant"
"ENSSSCT00000088357.1",1.33060853385631,1.62908720134887,9.673914596626,1.16743570153333e-11,7.52234656379303e-10,16.2690683202596,"ENSSSCT00000088357.1","ENSSSCG00000010817","LYPLAL1","LYPLAL1","Significant"
"ENSSSCT00000018663.5",1.22958802915782,2.18025019312119,9.62916953594943,1.32112374325644e-11,8.34765862890173e-10,16.2668062465027,"ENSSSCT00000018663.5","ENSSSCG00000017143","CEP131","CEP131","Significant"
"ENSSSCT00000052279.2",1.39850357671671,1.894154921167,9.6451063510239,1.26415563426256e-11,8.065857201467e-10,16.1967884588306,"ENSSSCT00000052279.2","ENSSSCG00000037854","L3HYPDH","L3HYPDH","Significant"
"ENSSSCT00000024403.4",1.07650188922154,3.21139974161051,9.54113675543126,1.68633431024699e-11,1.02195620541436e-09,16.193112390829,"ENSSSCT00000024403.4","ENSSSCG00000024960","PDGFC","PDGFC","Significant"
"ENSSSCT00000025645.4",-2.48171813163437,2.72568171886857,-9.55893638771241,1.60500381248286e-11,9.85490476500777e-10,16.1729659034961,"ENSSSCT00000025645.4","ENSSSCG00000022649","SLC7A11","SLC7A11","Significant"
"ENSSSCT00000074324.2",1.12964120540816,4.2678967318785,9.54698155794571,1.65917606483774e-11,1.01302952093576e-09,16.1528666452657,"ENSSSCT00000074324.2","ENSSSCG00000034733","CMAS","CMAS","Significant"
"ENSSSCT00000053588.3",1.21642991373964,2.78417316692457,9.52617140165378,1.75795070594241e-11,1.05360707383357e-09,16.1221252049417,"ENSSSCT00000053588.3","ENSSSCG00000035999","NUDT16L1","NUDT16L1","Significant"
"ENSSSCT00000045700.2",-1.09433661483925,4.82774549171164,-9.5480056649239,1.65446347135128e-11,1.01204741125586e-09,16.0754031732933,"ENSSSCT00000045700.2","ENSSSCG00000039770","SLC6A9","SLC6A9","Significant"
"ENSSSCT00000014671.4",-1.00863958427805,6.50392900183913,-9.59469122714764,1.45347292367387e-11,9.07835846809634e-10,16.0549062054748,"ENSSSCT00000014671.4","ENSSSCG00000053466","CIRBP","CIRBP","Significant"
"ENSSSCT00000014256.5",1.10094412026832,3.75870024122927,9.49604262016595,1.91165653087614e-11,1.13129414070369e-09,16.0528211217701,"ENSSSCT00000014256.5","ENSSSCG00000013043","MACROD1","MACROD1","Significant"
"ENSSSCT00000093562.1",2.02175761318536,-0.0399828382142798,10.0714217454731,3.93584856412136e-12,3.19214941752768e-10,16.0117033527414,"ENSSSCT00000093562.1","ENSSSCG00000060482",NA,"ENSSSCG00000060482","Significant"
"ENSSSCT00000068647.2",1.5396930836663,0.669355518447889,9.78493953125777,8.59902618762995e-12,5.82874531853403e-10,16.0071157983245,"ENSSSCT00000068647.2","ENSSSCG00000049125",NA,"ENSSSCG00000049125","Significant"
"ENSSSCT00000039786.3",-1.40494621275632,5.72510836965487,-9.54534814810011,1.66672072540222e-11,1.01573387908437e-09,15.9927384616629,"ENSSSCT00000039786.3","ENSSSCG00000003983","SMAP2","SMAP2","Significant"
"ENSSSCT00000078105.2",1.44441876348338,2.73475264560714,9.45574335219663,2.13885325346986e-11,1.23445499593715e-09,15.9293542458674,"ENSSSCT00000078105.2","ENSSSCG00000016679","GGCT","GGCT","Significant"
"ENSSSCT00000045644.4",-1.27528367828424,7.08737546572395,-9.54192446318418,1.68264798421752e-11,1.02195620541436e-09,15.8570019691418,"ENSSSCT00000045644.4","ENSSSCG00000000804","ANO6","ANO6","Significant"
"ENSSSCT00000042953.3",-2.0750247978535,3.45775777105239,-9.41281409472396,2.41120894504499e-11,1.3695483670262e-09,15.8437675834464,"ENSSSCT00000042953.3","ENSSSCG00000026520",NA,"ENSSSCG00000026520","Significant"
"ENSSSCT00000097104.2",-1.35045127604129,5.00140493598067,-9.46297163271949,2.09616983949607e-11,1.21607689407348e-09,15.830162414041,"ENSSSCT00000097104.2","ENSSSCG00000002723","AARS1","AARS1","Significant"
"ENSSSCT00000091757.1",1.35679970977577,3.26829427012164,9.40247327918231,2.48192683686788e-11,1.40181888155167e-09,15.815763569199,"ENSSSCT00000091757.1","ENSSSCG00000004160","PEX7","PEX7","Significant"
"ENSSSCT00000033132.4",1.143198073766,3.8901577142128,9.4115831268499,2.41951864620013e-11,1.3695483670262e-09,15.8099427780188,"ENSSSCT00000033132.4","ENSSSCG00000002396","GSTZ1","GSTZ1","Significant"
"ENSSSCT00000099879.1",1.79103312613347,1.94014810586507,9.45568404961429,2.13920706877835e-11,1.23445499593715e-09,15.7196430690259,"ENSSSCT00000099879.1","ENSSSCG00000060236","CBX7","CBX7","Significant"
"ENSSSCT00000065744.3",1.67769883348817,3.13812696554031,9.32007258087776,3.12636256854608e-11,1.71891948035205e-09,15.5869367408984,"ENSSSCT00000065744.3","ENSSSCG00000025425","FCSK","FCSK","Significant"
"ENSSSCT00000007885.5",1.01519086697494,4.8417675739321,9.36053890166802,2.7910007545142e-11,1.55286328669251e-09,15.5549298830187,"ENSSSCT00000007885.5","ENSSSCG00000007206","RBCK1","RBCK1","Significant"
"ENSSSCT00000053817.3",1.36441889560688,3.14854288149247,9.3023837309472,3.28555845752457e-11,1.77944099583274e-09,15.5380386348049,"ENSSSCT00000053817.3","ENSSSCG00000004510","ACAA2","ACAA2","Significant"
"ENSSSCT00000043526.3",1.01137196500604,4.33858682769514,9.32684558390519,3.06750244181778e-11,1.69513304428859e-09,15.5281836793789,"ENSSSCT00000043526.3","ENSSSCG00000002013","DHRS4","DHRS4","Significant"
"ENSSSCT00000013273.5",-1.02544607448932,4.19567938456174,-9.30452578817406,3.26585005057492e-11,1.77594568463295e-09,15.4718270924744,"ENSSSCT00000013273.5","ENSSSCG00000012134","PIGA","PIGA","Significant"
"ENSSSCT00000074172.2",1.35862643398819,2.35829149610208,9.28393406953462,3.46039200930173e-11,1.8586922746503e-09,15.4193094359217,"ENSSSCT00000074172.2","ENSSSCG00000043940",NA,"ENSSSCG00000043940","Significant"
"ENSSSCT00000092909.1",1.28536440507268,4.12480454280125,9.2773467626712,3.52508077532897e-11,1.87757009689414e-09,15.4135674279007,"ENSSSCT00000092909.1","ENSSSCG00000052718","TPGS1","TPGS1","Significant"
"ENSSSCT00000052132.3",-6.06406324676709,3.67179881947428,-9.35406454612665,2.84209259219206e-11,1.57591134142568e-09,15.3749838616212,"ENSSSCT00000052132.3","ENSSSCG00000033844","CYP1B1","CYP1B1","Significant"
"ENSSSCT00000039945.3",1.3263442760987,1.41460705060972,9.36631290001401,2.7462234925227e-11,1.53318271832552e-09,15.3582115482955,"ENSSSCT00000039945.3","ENSSSCG00000008039","NTHL1","NTHL1","Significant"
"ENSSSCT00000062243.3",1.08036124350834,2.51858825739843,9.24652595689546,3.84446904462746e-11,2.01519403104556e-09,15.3511413464627,"ENSSSCT00000062243.3","ENSSSCG00000002428","TTC8","TTC8","Significant"
"ENSSSCT00000076615.2",-1.07247226225288,3.39235299201409,-9.23159231470347,4.00964817334223e-11,2.07838742517727e-09,15.3423426944557,"ENSSSCT00000076615.2","ENSSSCG00000005786","SNRPA1","SNRPA1","Significant"
"ENSSSCT00000057230.3",-3.94985368743497,3.20071812634583,-9.27775603667804,3.52102604623874e-11,1.87757009689414e-09,15.3339191591105,"ENSSSCT00000057230.3","ENSSSCG00000002965","ACTN4","ACTN4","Significant"
"ENSSSCT00000018873.4",1.07659630284863,3.05823129270059,9.22072427586901,4.1343766665648e-11,2.12613906682459e-09,15.3165795021288,"ENSSSCT00000018873.4","ENSSSCG00000017337","ACBD4","ACBD4","Significant"
"ENSSSCT00000061667.3",-1.84406597133737,6.15063681954859,-9.31286546835213,3.19025668149229e-11,1.74533981966388e-09,15.3014704851775,"ENSSSCT00000061667.3","ENSSSCG00000017879","SPNS2","SPNS2","Significant"
"ENSSSCT00000003528.4",1.06234966940715,2.66855815709721,9.18595038810229,4.56059253336932e-11,2.30532649547246e-09,15.195772031379,"ENSSSCT00000003528.4","ENSSSCG00000003177",NA,"ENSSSCG00000003177","Significant"
"ENSSSCT00000063902.3",-1.48260711552256,4.98132237359724,-9.22129156861985,4.12776957374128e-11,2.12609477381138e-09,15.1704900969718,"ENSSSCT00000063902.3","ENSSSCG00000004587","MYO1E","MYO1E","Significant"
"ENSSSCT00000103929.2",1.13439460455636,4.93623088800612,9.22545453183435,4.07961182131639e-11,2.10461493389556e-09,15.165636032125,"ENSSSCT00000103929.2","ENSSSCG00000028117","CDK5RAP2","CDK5RAP2","Significant"
"ENSSSCT00000018391.4",-1.46161849068878,7.34147202574004,-9.28050332487546,3.49393071658906e-11,1.86972674004708e-09,15.1015871917982,"ENSSSCT00000018391.4","ENSSSCG00000016887","ITGA2","ITGA2","Significant"
"ENSSSCT00000017065.5",1.63366138763645,2.76053977916622,9.13407094717269,5.28101353715448e-11,2.60882068735431e-09,15.061823586932,"ENSSSCT00000017065.5","ENSSSCG00000015667","MBD5","MBD5","Significant"
"ENSSSCT00000015036.5",1.81182081343323,2.26512831498606,9.1069290609266,5.70295939775323e-11,2.76284232101555e-09,14.9268417969125,"ENSSSCT00000015036.5","ENSSSCG00000013762","PODNL1","PODNL1","Significant"
"ENSSSCT00000017443.4",1.66715377519977,0.44763044431804,9.43425645323182,2.27102573138322e-11,1.30130971785621e-09,14.9145938698182,"ENSSSCT00000017443.4","ENSSSCG00000016020","DUSP19","DUSP19","Significant"
"ENSSSCT00000048208.3",1.48747710088614,2.20998465513739,9.09939522840098,5.82604247022016e-11,2.80994509909849e-09,14.9095285463211,"ENSSSCT00000048208.3","ENSSSCG00000028112","CLIC6","CLIC6","Significant"
"ENSSSCT00000037948.3",1.11058283841409,2.69314169334515,9.06880928942956,6.35409554970766e-11,3.0243639606229e-09,14.8885646187766,"ENSSSCT00000037948.3","ENSSSCG00000038178","FUT10","FUT10","Significant"
"ENSSSCT00000042273.3",-1.05493076199647,7.10269593838284,-9.17976254912096,4.64099096395867e-11,2.34233543945679e-09,14.8483248919722,"ENSSSCT00000042273.3","ENSSSCG00000027121","ODC1","ODC1","Significant"
"ENSSSCT00000036645.4",-3.86795990183147,-1.32834446448083,-9.8228022204407,7.75041955939236e-12,5.37561519700769e-10,14.8235081498145,"ENSSSCT00000036645.4","ENSSSCG00000001414","CSNK2B","CSNK2B","Significant"
"ENSSSCT00000079260.1",-1.25524408460965,4.34139074303532,-9.06920486558138,6.34696476302399e-11,3.0243639606229e-09,14.801043966974,"ENSSSCT00000079260.1","ENSSSCG00000014921","PRSS23","PRSS23","Significant"
"ENSSSCT00000071361.1",-4.15184657490243,-2.99537573804922,-10.3878187487628,1.68107200366783e-12,1.65588131744972e-10,14.7740520429932,"ENSSSCT00000071361.1","ENSSSCG00000042407",NA,"ENSSSCG00000042407","Significant"
"ENSSSCT00000044915.2",1.18562736478305,2.03363095731034,9.04433936490953,6.81139645587784e-11,3.17255385782059e-09,14.7260806094564,"ENSSSCT00000044915.2","ENSSSCG00000014126","MSH3","MSH3","Significant"
"ENSSSCT00000059008.2",1.11594557966471,2.09821594295661,9.05040208936063,6.69506875333315e-11,3.14421314387723e-09,14.7254834483465,"ENSSSCT00000059008.2","ENSSSCG00000038597","KLHDC9","KLHDC9","Significant"
"ENSSSCT00000003494.4",1.81038097090532,2.03440385750056,9.06285734720158,6.46237485131824e-11,3.07141792496181e-09,14.7083389287349,"ENSSSCT00000003494.4","ENSSSCG00000003148","DBP","DBP","Significant"
"ENSSSCT00000006809.5",1.31008001468846,1.49157862667184,9.08980622816132,5.98661343735679e-11,2.86619008093364e-09,14.6740037360664,"ENSSSCT00000006809.5","ENSSSCG00000006213","ADHFE1","ADHFE1","Significant"
"ENSSSCT00000051570.2",-1.05824166525621,3.35653134141279,-8.9800192508697,8.17951871482828e-11,3.67841418176912e-09,14.6439485787062,"ENSSSCT00000051570.2","ENSSSCG00000006344",NA,"ENSSSCG00000006344","Significant"
"ENSSSCT00000014118.5",-1.21531937535593,3.5220687123775,-8.9656318856894,8.52196171594964e-11,3.80095813661863e-09,14.586709139984,"ENSSSCT00000014118.5","ENSSSCG00000012915","CLCF1","CLCF1","Significant"
"ENSSSCT00000014053.4",-1.03269768112115,4.80834654126533,-9.01131515411286,7.48206974467354e-11,3.41205235830758e-09,14.5728071837284,"ENSSSCT00000014053.4","ENSSSCG00000012857","CARS1","CARS1","Significant"
"ENSSSCT00000045020.2",1.07504839691126,2.56270868994947,8.96092067340747,8.63723218392475e-11,3.83662558752973e-09,14.5660350735578,"ENSSSCT00000045020.2","ENSSSCG00000027278","ARL6","ARL6","Significant"
"ENSSSCT00000023628.4",1.54794602667463,2.66773510920015,8.93891758193732,9.1969160630234e-11,4.0466430677303e-09,14.5180946496142,"ENSSSCT00000023628.4","ENSSSCG00000027252","HCFC1R1","HCFC1R1","Significant"
"ENSSSCT00000066843.2",-1.45777790240009,0.913177319462906,-9.12590967862606,5.40444282729068e-11,2.65771423742059e-09,14.5164669644884,"ENSSSCT00000066843.2","ENSSSCG00000012165",NA,"ENSSSCG00000012165","Significant"
"ENSSSCT00000009426.5",1.20595429328065,4.12666235779977,8.94746353789576,8.97528834055597e-11,3.96518023110416e-09,14.484159281865,"ENSSSCT00000009426.5","ENSSSCG00000008615","VSNL1","VSNL1","Significant"
"ENSSSCT00000004748.4",-1.31096455311871,5.88811006859264,-9.01378792210347,7.42960576800841e-11,3.40582295757368e-09,14.4790615808402,"ENSSSCT00000004748.4","ENSSSCG00000004294","SYNCRIP","SYNCRIP","Significant"
"ENSSSCT00000062890.3",1.13519373468012,4.20891872758672,8.94852235667051,8.94820949762749e-11,3.95858103745789e-09,14.4775182729842,"ENSSSCT00000062890.3","ENSSSCG00000008470","THUMPD2","THUMPD2","Significant"
"ENSSSCT00000082738.2",1.4946803230642,0.641072597229871,9.17070227527056,4.76131654571515e-11,2.39195631211859e-09,14.435121276518,"ENSSSCT00000082738.2","ENSSSCG00000051369",NA,"ENSSSCG00000051369","Significant"
"ENSSSCT00000059040.3",-1.30380767774949,6.87059505343878,-9.03283780379291,7.03775377193727e-11,3.25473651035805e-09,14.431429309946,"ENSSSCT00000059040.3","ENSSSCG00000016216","TUBA4A","TUBA4A","Significant"
"ENSSSCT00000103431.1",1.48283386409279,1.06806204749402,9.08189749557288,6.12242616568506e-11,2.92262932219613e-09,14.4272914575583,"ENSSSCT00000103431.1","ENSSSCG00000062589","THAP8","THAP8","Significant"
"ENSSSCT00000081803.1",-4.15850294090098,-2.82037203724057,-10.1174296688623,3.47506728588318e-12,2.90515625099834e-10,14.3990915804987,"ENSSSCT00000081803.1","ENSSSCG00000000936","SLC6A15","SLC6A15","Significant"
"ENSSSCT00000032587.4",-1.26607405486362,2.52515427223725,-8.89582227422653,1.04021883836279e-10,4.49804973554118e-09,14.3931838054194,"ENSSSCT00000032587.4","ENSSSCG00000023775","TFB2M","TFB2M","Significant"
"ENSSSCT00000048184.3",-1.61261858735647,3.04560324134834,-8.88717149867986,1.0662834816695e-10,4.57435613636215e-09,14.3910709006795,"ENSSSCT00000048184.3","ENSSSCG00000005037","ERO1A","ERO1A","Significant"
"ENSSSCT00000027178.3",1.18027353103028,2.55206832165507,8.87423515208745,1.10650327495737e-10,4.70240444507327e-09,14.3327450537083,"ENSSSCT00000027178.3","ENSSSCG00000025007","NFU1","NFU1","Significant"
"ENSSSCT00000058269.3",-2.75442592819776,1.84904421145963,-8.95555778829625,8.77037573007144e-11,3.88518111825067e-09,14.3000532926813,"ENSSSCT00000058269.3","ENSSSCG00000063479",NA,"ENSSSCG00000063479","Significant"
"ENSSSCT00000060779.3",1.00972491016223,1.77832810068169,8.90636941177186,1.00931360502573e-10,4.37601872051316e-09,14.2997706845647,"ENSSSCT00000060779.3","ENSSSCG00000000619","FAM234B","FAM234B","Significant"
"ENSSSCT00000056350.2",-1.20094681739708,3.57491500725539,-8.85296255938562,1.17601916859063e-10,4.93473989353009e-09,14.2660013227374,"ENSSSCT00000056350.2","ENSSSCG00000039419","SLCO4A1","SLCO4A1","Significant"
"ENSSSCT00000009359.5",1.0285227761254,1.73791078308188,8.88305823190046,1.0789083093592e-10,4.61255581733965e-09,14.2137736685499,"ENSSSCT00000009359.5","ENSSSCG00000008554","ABHD1","ABHD1","Significant"
"ENSSSCT00000027483.4",1.60219543336382,1.90447123920193,8.8643362037803,1.13831721861593e-10,4.80332666576887e-09,14.1829654705242,"ENSSSCT00000027483.4","ENSSSCG00000026900","CDIN1","CDIN1","Significant"
"ENSSSCT00000040283.3",1.89775165698127,-0.0759512564495037,9.2368188892197,3.95103287965654e-11,2.0545370974214e-09,14.1753348154633,"ENSSSCT00000040283.3","ENSSSCG00000035521","KLHL38","KLHL38","Significant"
"ENSSSCT00000058522.3",-2.03411160867738,3.25871067009665,-8.80465486249451,1.35081670201305e-10,5.53291805935095e-09,14.1605856992622,"ENSSSCT00000058522.3","ENSSSCG00000029249","NAV3","NAV3","Significant"
"ENSSSCT00000104143.1",1.39100964352459,0.5913542698854,9.05458898013748,6.61591303544242e-11,3.1267833270144e-09,14.1556289581447,"ENSSSCT00000104143.1","ENSSSCG00000055574",NA,"ENSSSCG00000055574","Significant"
"ENSSSCT00000018085.3",1.84390547924091,3.10218041352657,8.78949312061187,1.41094745222062e-10,5.72883321696153e-09,14.1166904392221,"ENSSSCT00000018085.3","ENSSSCG00000016611","CADPS2","CADPS2","Significant"
"ENSSSCT00000009597.4",-1.33065164123343,3.97869143116601,-8.81032168745439,1.32901587111042e-10,5.45733418912898e-09,14.116597271882,"ENSSSCT00000009597.4","ENSSSCG00000008772","RELL1","RELL1","Significant"
"ENSSSCT00000051634.2",1.29943092285148,3.59790610814812,8.7480735951781,1.58944238572779e-10,6.37419182586333e-09,13.9747858710447,"ENSSSCT00000051634.2","ENSSSCG00000006179","STAU2","STAU2","Significant"
"ENSSSCT00000104421.1",1.07627260270009,0.859804879707352,8.92377035123435,9.60348580645432e-11,4.19721248302462e-09,13.9312342936169,"ENSSSCT00000104421.1","ENSSSCG00000061764","C4orf33","C4orf33","Significant"
"ENSSSCT00000037752.2",1.97671683824348,-0.409755692242113,9.31014028475171,3.21476095910703e-11,1.75567950269222e-09,13.9091830189769,"ENSSSCT00000037752.2","ENSSSCG00000008584","FAM228B","FAM228B","Significant"
"ENSSSCT00000056157.2",1.38393898832545,0.874262569042115,8.88800792288493,1.06373465419381e-10,4.56943407975429e-09,13.9019306989066,"ENSSSCT00000056157.2","ENSSSCG00000038296","SH3RF3","SH3RF3","Significant"
"ENSSSCT00000018268.5",-1.31589751299518,5.72306323125901,-8.7823013535034,1.44041270480537e-10,5.81948151517647e-09,13.8187624987013,"ENSSSCT00000018268.5","ENSSSCG00000016781","TRIO","TRIO","Significant"
"ENSSSCT00000050846.3",1.06907955911836,2.98239074050254,8.68191293509211,1.92340460062915e-10,7.40935010193661e-09,13.8160081931632,"ENSSSCT00000050846.3","ENSSSCG00000013729","GCDH","GCDH","Significant"
"ENSSSCT00000023503.3",-1.01513527629175,2.88171221614117,-8.68113492515467,1.92772915612205e-10,7.40935010193661e-09,13.8137526333479,"ENSSSCT00000023503.3","ENSSSCG00000024933","SLC36A4","SLC36A4","Significant"
"ENSSSCT00000076816.2",-1.91526337137688,0.0589229356452867,-9.05982901464659,6.5181845287928e-11,3.08893733105756e-09,13.7688638761242,"ENSSSCT00000076816.2","ENSSSCG00000009177","DNAJB14","DNAJB14","Significant"
"ENSSSCT00000010168.5",-1.14925955051822,4.36407738684516,-8.70445237982879,1.8023022444026e-10,7.00627901009057e-09,13.7607864950816,"ENSSSCT00000010168.5","ENSSSCG00000009283","TNFRSF19","TNFRSF19","Significant"
"ENSSSCT00000107120.1",-1.7140561200135,3.81337902731036,-8.67552102796304,1.95922775392712e-10,7.48870594244312e-09,13.7544111967142,"ENSSSCT00000107120.1","ENSSSCG00000024802","MACC1","MACC1","Significant"
"ENSSSCT00000015784.5",-1.36859927479654,6.94585335660413,-8.78450399622498,1.43132254736714e-10,5.79712302290163e-09,13.7108970857628,"ENSSSCT00000015784.5","ENSSSCG00000039045","SLC26A2","SLC26A2","Significant"
"ENSSSCT00000013444.6",1.28034083889286,2.20022869900282,8.66404481119285,2.02525359965481e-10,7.67748360408887e-09,13.7101164424249,"ENSSSCT00000013444.6","ENSSSCG00000012295","MAGIX","MAGIX","Significant"
"ENSSSCT00000015794.5",-3.03061191083658,-1.44445860984255,-9.48856983226813,1.95185138090729e-11,1.15286526128807e-09,13.6848040096436,"ENSSSCT00000015794.5","ENSSSCG00000014447","SLC6A7","SLC6A7","Significant"
"ENSSSCT00000038512.3",1.01247770698757,6.53707181035754,8.74628048686108,1.59766784009262e-10,6.38568192515273e-09,13.633808403873,"ENSSSCT00000038512.3","ENSSSCG00000006233","CA8","CA8","Significant"
"ENSSSCT00000073128.1",1.58471980275043,0.661421397425447,8.84248217649096,1.21188181183181e-10,5.05917984544996e-09,13.6198366356385,"ENSSSCT00000073128.1","ENSSSCG00000016020","DUSP19","DUSP19","Significant"
"ENSSSCT00000004065.5",-1.15712035815207,1.85075389450013,-8.64047697316906,2.16801414637116e-10,8.11389088197891e-09,13.5882365845765,"ENSSSCT00000004065.5","ENSSSCG00000003669","MFSD2A","MFSD2A","Significant"
"ENSSSCT00000015003.5",1.98090530917069,3.02304391055955,8.59792139597426,2.45218175559532e-10,8.98325100667751e-09,13.5766432338633,"ENSSSCT00000015003.5","ENSSSCG00000013729","GCDH","GCDH","Significant"
"ENSSSCT00000003470.5",1.44316710476227,0.774574174310326,8.79057843945198,1.40655424180076e-10,5.7181165211561e-09,13.5698119137587,"ENSSSCT00000003470.5","ENSSSCG00000003129","ZSWIM9","ZSWIM9","Significant"
"ENSSSCT00000074051.1",1.2632250566387,2.21540424832664,8.61672744403974,2.32221543417096e-10,8.57457667222084e-09,13.5664764114037,"ENSSSCT00000074051.1","ENSSSCG00000004760",NA,"ENSSSCG00000004760","Significant"
"ENSSSCT00000095647.1",-1.14994597857055,2.158137540959,-8.60254601623778,2.41955274729961e-10,8.87368928829656e-09,13.5571853443405,"ENSSSCT00000095647.1","ENSSSCG00000038253","ZNF326","ZNF326","Significant"
"ENSSSCT00000034412.3",1.81172159564947,0.552535154346325,8.83973634782865,1.22145992460502e-10,5.09185480488859e-09,13.5349121923661,"ENSSSCT00000034412.3","ENSSSCG00000006200","CPA6","CPA6","Significant"
"ENSSSCT00000010217.5",-1.3008999895387,5.79599281725489,-8.67839338352376,1.94304675912565e-10,7.44431216622004e-09,13.5072652586257,"ENSSSCT00000010217.5","ENSSSCG00000029456","SLC7A1","SLC7A1","Significant"
"ENSSSCT00000017589.5",1.25448967435879,3.75509455173875,8.56455135773153,2.70124447265854e-10,9.73164362282419e-09,13.4465744638357,"ENSSSCT00000017589.5","ENSSSCG00000016156","ACADL","ACADL","Significant"
"ENSSSCT00000030699.4",1.09573718216655,2.6413129702472,8.55097003025455,2.80982192576662e-10,1.00012482606654e-08,13.43805128112,"ENSSSCT00000030699.4","ENSSSCG00000010742","UROS","UROS","Significant"
"ENSSSCT00000093721.1",-1.57589581041775,4.94678709680962,-8.61333499288977,2.34513268105674e-10,8.6494011236622e-09,13.4135633687172,"ENSSSCT00000093721.1","ENSSSCG00000001679","XPO5","XPO5","Significant"
"ENSSSCT00000012122.3",1.16077434995197,4.4236625943457,8.57870948658319,2.59258127517829e-10,9.41297548952259e-09,13.3907551013893,"ENSSSCT00000012122.3","ENSSSCG00000011076","OTUD1","OTUD1","Significant"
"ENSSSCT00000077316.2",1.61728636486663,4.35271907343678,8.56216109145477,2.72004040979108e-10,9.76159031078504e-09,13.3784095789788,"ENSSSCT00000077316.2","ENSSSCG00000029830",NA,"ENSSSCG00000029830","Significant"
"ENSSSCT00000053756.2",1.59880233997033,3.73540826519866,8.53456527208159,2.94689437215451e-10,1.04208833090809e-08,13.3504349478949,"ENSSSCT00000053756.2","ENSSSCG00000004172","SLC2A12","SLC2A12","Significant"
"ENSSSCT00000019647.4",1.13857924391957,1.49697075959813,8.58232423403174,2.56555573461735e-10,9.32523736582655e-09,13.343149705541,"ENSSSCT00000019647.4","ENSSSCG00000018052","NT5M","NT5M","Significant"
"ENSSSCT00000085255.2",-1.24196732777096,7.00719436597858,-8.64344805264324,2.14946883844687e-10,8.07388041575136e-09,13.2999125934456,"ENSSSCT00000085255.2","ENSSSCG00000022126","EGFR","EGFR","Significant"
"ENSSSCT00000042416.3",-1.09385375386121,4.83615416444915,-8.5609640359029,2.72950329426788e-10,9.77942037431978e-09,13.2705232641912,"ENSSSCT00000042416.3","ENSSSCG00000040337",NA,"ENSSSCG00000040337","Significant"
"ENSSSCT00000006061.4",1.53837110062888,0.52356031445629,8.70808336877792,1.78352966880981e-10,6.96409596669161e-09,13.2129968345852,"ENSSSCT00000006061.4","ENSSSCG00000005511","TRAF1","TRAF1","Significant"
"ENSSSCT00000024678.4",1.03821352079388,3.7972424108157,8.48733948228824,3.38059122412596e-10,1.16266662733547e-08,13.2021462741364,"ENSSSCT00000024678.4","ENSSSCG00000025417","BBS2","BBS2","Significant"
"ENSSSCT00000010710.5",1.24958941760186,3.02997729896359,8.46112597974487,3.64871691821932e-10,1.24048765799398e-08,13.190203924566,"ENSSSCT00000010710.5","ENSSSCG00000009768","TCTN2","TCTN2","Significant"
"ENSSSCT00000081682.2",-1.00739630890914,2.00928270491622,-8.46680288444225,3.58887717502535e-10,1.22397229513103e-08,13.1606919721853,"ENSSSCT00000081682.2","ENSSSCG00000025592","TP63","TP63","Significant"
"ENSSSCT00000069095.2",-1.42984719882482,3.05821104710033,-8.4385810599816,3.89652130330805e-10,1.30836437253404e-08,13.1236653629899,"ENSSSCT00000069095.2","ENSSSCG00000003707","NPC1","NPC1","Significant"
"ENSSSCT00000010653.4",1.31624386922545,2.2841901209486,8.45167159692625,3.75062928018443e-10,1.26983922171478e-08,13.1227060866041,"ENSSSCT00000010653.4","ENSSSCG00000009717","CBR4","CBR4","Significant"
"ENSSSCT00000086105.1",-1.82458462078329,3.61208655103944,-8.44415936635161,3.83366106486376e-10,1.2925820616217e-08,13.1191583518861,"ENSSSCT00000086105.1","ENSSSCG00000009967","PITPNB","PITPNB","Significant"
"ENSSSCT00000012005.4",1.21230584593048,3.14455320661991,8.40706793474837,4.27178627999274e-10,1.4025913380955e-08,13.0322749109253,"ENSSSCT00000012005.4","ENSSSCG00000010968","IL11RA","IL11RA","Significant"
"ENSSSCT00000023234.3",-1.44972059061296,2.15378003829351,-8.41186637348369,4.2123630389634e-10,1.39289943734648e-08,13.008965761298,"ENSSSCT00000023234.3","ENSSSCG00000030680","TCF7","TCF7","Significant"
"ENSSSCT00000062095.3",-1.03280125826132,2.1330818510171,-8.40257914203634,4.32814419821988e-10,1.41539431733963e-08,12.9947180765165,"ENSSSCT00000062095.3","ENSSSCG00000013049","RCOR2","RCOR2","Significant"
"ENSSSCT00000073260.2",-1.7808958226593,-0.0904839033210317,-8.74698386959698,1.5944361037046e-10,6.38568192515273e-09,12.9755503863867,"ENSSSCT00000073260.2","ENSSSCG00000047196",NA,"ENSSSCG00000047196","Significant"
"ENSSSCT00000029315.4",1.68690382800335,3.23205116566246,8.36821888274157,4.78528533694288e-10,1.54474696164045e-08,12.9228364031406,"ENSSSCT00000029315.4","ENSSSCG00000025942","MCCC1","MCCC1","Significant"
"ENSSSCT00000056369.2",-1.06067854773554,5.63616533986805,-8.45720422641038,3.69064574635626e-10,1.25213125821227e-08,12.8770249836361,"ENSSSCT00000056369.2","ENSSSCG00000017528","SNX11","SNX11","Significant"
"ENSSSCT00000034651.4",1.5021022243555,3.08940544376042,8.34749854865965,5.08431928570958e-10,1.62838060895162e-08,12.8664693479073,"ENSSSCT00000034651.4","ENSSSCG00000017407","GHDC","GHDC","Significant"
"ENSSSCT00000106061.1",-1.12253215555047,3.43519834136927,-8.34831289768319,5.07221648485693e-10,1.6269325521632e-08,12.8404747514374,"ENSSSCT00000106061.1","ENSSSCG00000060520",NA,"ENSSSCG00000060520","Significant"
"ENSSSCT00000076955.1",-1.18953925987246,5.68994191328688,-8.41736020344589,4.14535629997653e-10,1.37632583303905e-08,12.7468923259688,"ENSSSCT00000076955.1","ENSSSCG00000004587","MYO1E","MYO1E","Significant"
"ENSSSCT00000034942.3",-5.17699010398334,-0.622164652942566,-8.87979869077236,1.08902050261406e-10,4.64136267545473e-09,12.737909621551,"ENSSSCT00000034942.3","ENSSSCG00000002525","TRAF3","TRAF3","Significant"
"ENSSSCT00000012297.5",-1.83982718085284,1.82194731092555,-8.32827604341818,5.37866280324593e-10,1.70589418323959e-08,12.6940352253096,"ENSSSCT00000012297.5","ENSSSCG00000011230","OSBPL10","OSBPL10","Significant"
"ENSSSCT00000063327.3",-1.83982718085284,1.82194731092555,-8.32827604341818,5.37866280324593e-10,1.70589418323959e-08,12.6940352253096,"ENSSSCT00000063327.3","ENSSSCG00000011230","OSBPL10","OSBPL10","Significant"
"ENSSSCT00000104122.1",-1.09778099534855,5.09616526341632,-8.3655697437012,4.82250098839689e-10,1.55522079352811e-08,12.6731679398198,"ENSSSCT00000104122.1","ENSSSCG00000011090","NEBL","NEBL","Significant"
"ENSSSCT00000033754.4",1.39181977812086,5.27737659456467,8.35786919747614,4.93235446795483e-10,1.58750725639881e-08,12.6431938263448,"ENSSSCT00000033754.4","ENSSSCG00000002795","CDH11","CDH11","Significant"
"ENSSSCT00000028767.4",-1.36274236843062,3.92472885532334,-8.28760434009662,6.05968713678794e-10,1.87625868383508e-08,12.6209438170333,"ENSSSCT00000028767.4","ENSSSCG00000027161","PIP5K1B","PIP5K1B","Significant"
"ENSSSCT00000023064.4",1.24876978392502,2.06328969398223,8.26838796704626,6.41123981311181e-10,1.95906338206839e-08,12.598490933567,"ENSSSCT00000023064.4","ENSSSCG00000028699","NEIL2","NEIL2","Significant"
"ENSSSCT00000107794.1",1.04840194419333,2.31063564610616,8.24688925367234,6.82911948205139e-10,2.07315280812666e-08,12.5662427551258,"ENSSSCT00000107794.1","ENSSSCG00000032341","AIF1","AIF1","Significant"
"ENSSSCT00000051536.1",1.70069805280171,1.48116593099571,8.29192339235947,5.9833995176723e-10,1.85970217229922e-08,12.5197504539525,"ENSSSCT00000051536.1","ENSSSCG00000015694","ZRANB3","ZRANB3","Significant"
"ENSSSCT00000102496.1",1.20247725484788,2.26407144832721,8.22927563333102,7.1919887395475e-10,2.15521691970778e-08,12.5081480921741,"ENSSSCT00000102496.1","ENSSSCG00000062884",NA,"ENSSSCG00000062884","Significant"
"ENSSSCT00000003710.4",1.16675898695571,4.12051202675573,8.23315227600807,7.11048172803867e-10,2.13494387054025e-08,12.4102015550165,"ENSSSCT00000003710.4","ENSSSCG00000003341","TAS1R3","TAS1R3","Significant"
"ENSSSCT00000058230.3",1.09821702657674,3.20195960986559,8.18846714447522,8.10963973380999e-10,2.40104785928472e-08,12.3852728137999,"ENSSSCT00000058230.3","ENSSSCG00000034348","NBEA","NBEA","Significant"
"ENSSSCT00000104241.1",1.6410533646931,2.93727017736691,8.14939349698141,9.09943272734758e-10,2.62546818267646e-08,12.303662597545,"ENSSSCT00000104241.1","ENSSSCG00000003854","ECHDC2","ECHDC2","Significant"
"ENSSSCT00000096884.1",-1.03050403638934,4.17234456737157,-8.19998620727588,7.83920485777959e-10,2.3256545512561e-08,12.3030695786486,"ENSSSCT00000096884.1","ENSSSCG00000009766","ATP6V0A2","ATP6V0A2","Significant"
"ENSSSCT00000078814.1",-1.10911319380573,3.04691974867459,-8.15094102104673,9.05799582369086e-10,2.61582724389386e-08,12.2966180526871,"ENSSSCT00000078814.1","ENSSSCG00000012857","CARS1","CARS1","Significant"
"ENSSSCT00000065140.3",-1.46921309666635,5.82080981198866,-8.23436539540486,7.08516847100121e-10,2.13494387054025e-08,12.207370019615,"ENSSSCT00000065140.3","ENSSSCG00000015480","PRRC2C","PRRC2C","Significant"
"ENSSSCT00000012674.5",1.168230862452,2.55548335612727,8.1145940075582,1.00836915480826e-09,2.87385209120355e-08,12.2023368338211,"ENSSSCT00000012674.5","ENSSSCG00000011581","MKRN2OS","MKRN2OS","Significant"
"ENSSSCT00000034856.4",1.68470501320766,-0.680336151868596,8.56034087386172,2.73444268286337e-10,9.78636325269785e-09,12.1912487669861,"ENSSSCT00000034856.4","ENSSSCG00000060070",NA,"ENSSSCG00000060070","Significant"
"ENSSSCT00000052478.2",-1.09289376979209,4.6111160935078,-8.16859286486897,8.59865361949029e-10,2.51887244034017e-08,12.1571333860025,"ENSSSCT00000052478.2","ENSSSCG00000003580","EYA3","EYA3","Significant"
"ENSSSCT00000048979.3",1.35299461538245,3.84720521563287,8.11323946612951,1.01241127599425e-09,2.88098857131537e-08,12.1399851975691,"ENSSSCT00000048979.3","ENSSSCG00000006309","CD247","CD247","Significant"
"ENSSSCT00000043579.3",1.03834399824512,3.94227759333289,8.11912427734007,9.94968637648631e-10,2.84062674797688e-08,12.1149653698378,"ENSSSCT00000043579.3","ENSSSCG00000017197","FBF1","FBF1","Significant"
"ENSSSCT00000088419.2",1.00355507308725,1.97821827164127,8.08103356303138,1.11350627789325e-09,3.1189655227175e-08,12.0778058922406,"ENSSSCT00000088419.2","ENSSSCG00000040257","ZNF862","ZNF862","Significant"
"ENSSSCT00000056818.3",1.13375907288585,5.00064693596114,8.15406109169426,8.9750322630755e-10,2.596468073694e-08,12.0762639131146,"ENSSSCT00000056818.3","ENSSSCG00000037562","SLC2A4RG","SLC2A4RG","Significant"
"ENSSSCT00000090407.2",1.51127206409764,0.712284081476128,8.23341567149876,7.10497787367994e-10,2.13494387054025e-08,12.0588210681146,"ENSSSCT00000090407.2","ENSSSCG00000049640",NA,"ENSSSCG00000049640","Significant"
"ENSSSCT00000065394.3",1.14867941827431,3.37031270169631,8.07134141542664,1.14588818445862e-09,3.18232865128526e-08,12.0500529025043,"ENSSSCT00000065394.3","ENSSSCG00000040533","ACTMAP","ACTMAP","Significant"
"ENSSSCT00000049801.3",-1.27093506164159,4.79027279150712,-8.1379847604241,9.41090190313129e-10,2.7081469165904e-08,12.0485862248523,"ENSSSCT00000049801.3","ENSSSCG00000003973","CTPS1","CTPS1","Significant"
"ENSSSCT00000073195.1",-1.97655096300387,-0.905790314265358,-8.51443876613085,3.12437009626403e-10,1.09411394136091e-08,12.025924744581,"ENSSSCT00000073195.1","ENSSSCG00000045298",NA,"ENSSSCG00000045298","Significant"
"ENSSSCT00000055970.3",-1.5395878545996,7.86959963822101,-8.22535944207856,7.2752887052432e-10,2.17418435330659e-08,12.0121623154201,"ENSSSCT00000055970.3","ENSSSCG00000039094","PLEC","PLEC","Significant"
"ENSSSCT00000058645.3",-1.0564177500096,2.74955200185617,-8.04536329204514,1.23746691720557e-09,3.38109606932779e-08,12.0033001628433,"ENSSSCT00000058645.3","ENSSSCG00000031159","BEND3","BEND3","Significant"
"ENSSSCT00000096870.1",-1.26871029131592,0.486288295461549,-8.22666877099877,7.24733018523654e-10,2.16980673424658e-08,11.9874150212392,"ENSSSCT00000096870.1","ENSSSCG00000061894","STYXL1","STYXL1","Significant"
"ENSSSCT00000053592.2",-1.17932631240385,4.72233411570953,-8.1131628346832,1.01264044372697e-09,2.88098857131537e-08,11.9756141643376,"ENSSSCT00000053592.2","ENSSSCG00000013119","STX3","STX3","Significant"
"ENSSSCT00000008697.5",1.29702863229458,1.87800193924112,8.06641873055947,1.16269867690216e-09,3.21532041235945e-08,11.9623418258565,"ENSSSCT00000008697.5","ENSSSCG00000007935","DNAAF8","DNAAF8","Significant"
"ENSSSCT00000007207.3",-1.94888803234206,-0.665254498545298,-8.40274054536825,4.32610473213243e-10,1.41539431733963e-08,11.9337070174286,"ENSSSCT00000007207.3","ENSSSCG00000006579","S100A3","S100A3","Significant"
"ENSSSCT00000005375.5",1.18588453811368,3.5150819284796,8.03596889028372,1.2723800441553e-09,3.44946990132658e-08,11.9280342254684,"ENSSSCT00000005375.5","ENSSSCG00000004869","CNDP1","CNDP1","Significant"
"ENSSSCT00000083276.2",1.31004877238209,5.29088434562315,8.11737263597002,1.00012846353632e-09,2.85285987971462e-08,11.9250483533712,"ENSSSCT00000083276.2","ENSSSCG00000000059","XRCC6","XRCC6","Significant"
"ENSSSCT00000016413.4",1.51408424432608,2.07646661343572,8.02725259026547,1.30566485348406e-09,3.52691772021494e-08,11.9011676333008,"ENSSSCT00000016413.4","ENSSSCG00000015047","TTC12","TTC12","Significant"
"ENSSSCT00000045197.3",1.21379123546296,0.621616967020219,8.16344899741562,8.73001816019473e-10,2.54819616915836e-08,11.8766350322179,"ENSSSCT00000045197.3","ENSSSCG00000053939",NA,"ENSSSCG00000053939","Significant"
"ENSSSCT00000028938.4",-1.24570227428134,1.21157862922594,-8.07614769285621,1.12971268276824e-09,3.15352331412464e-08,11.8567182509628,"ENSSSCT00000028938.4","ENSSSCG00000027628","IL6R","IL6R","Significant"
"ENSSSCT00000090999.2",-2.9950918281459,-1.51007476493906,-8.5735851694309,2.63138872887526e-10,9.52206416384561e-09,11.8504144130177,"ENSSSCT00000090999.2","ENSSSCG00000004528","MBD2","MBD2","Significant"
"ENSSSCT00000011560.5",-1.3247247358998,4.63951269714464,-8.04443350872642,1.24087864874408e-09,3.38285058464367e-08,11.8004971575088,"ENSSSCT00000011560.5","ENSSSCG00000010568","NPM3","NPM3","Significant"
"ENSSSCT00000044869.2",2.38398249185707,5.09691797756362,8.03301467663222,1.28356389156059e-09,3.47297237514037e-08,11.7648702236046,"ENSSSCT00000044869.2","ENSSSCG00000006540","PBXIP1","PBXIP1","Significant"
"ENSSSCT00000064896.3",-4.87226518175272,-1.23533865097374,-8.57519329209215,2.61914707161477e-10,9.49885107040356e-09,11.7562098740221,"ENSSSCT00000064896.3","ENSSSCG00000002495","SYNE3","SYNE3","Significant"
"ENSSSCT00000045310.2",-5.26865815982242,0.396539208359519,-8.39748400067972,4.39302912680207e-10,1.43087234415839e-08,11.7457296353351,"ENSSSCT00000045310.2","ENSSSCG00000013746","CALR","CALR","Significant"
"ENSSSCT00000059971.3",-3.42007904823779,1.47321714902268,-8.08265663353201,1.10817482608477e-09,3.10670094838071e-08,11.7419103839584,"ENSSSCT00000059971.3","ENSSSCG00000004092","MTHFD1L","MTHFD1L","Significant"
"ENSSSCT00000050207.3",-1.8114006055351,5.19836353089258,-8.04835104620721,1.22656787165926e-09,3.36058982248558e-08,11.7273352368487,"ENSSSCT00000050207.3","ENSSSCG00000021821","MYO1C","MYO1C","Significant"
"ENSSSCT00000013138.5",-1.01545789858453,3.78601153772848,-7.97332863231284,1.53212470288502e-09,4.03500757777571e-08,11.7131549637225,"ENSSSCT00000013138.5","ENSSSCG00000012007","HSPA13","HSPA13","Significant"
"ENSSSCT00000046156.3",-1.03078729969683,5.17972140855204,-8.03493333613936,1.27628909325515e-09,3.45615694323015e-08,11.6955630955309,"ENSSSCT00000046156.3","ENSSSCG00000022225","NOP58","NOP58","Significant"
"ENSSSCT00000072000.1",1.00258100842545,1.71885526050872,7.96618620527635,1.56496656541374e-09,4.10492115034188e-08,11.6918093126535,"ENSSSCT00000072000.1","ENSSSCG00000045290",NA,"ENSSSCG00000045290","Significant"
"ENSSSCT00000002135.5",-9.1174724718954,3.09406568769027,-8.3452535075916,5.11783674945394e-10,1.63429921037411e-08,11.6831414593524,"ENSSSCT00000002135.5","ENSSSCG00000001906","CYP1A1","CYP1A1","Significant"
"ENSSSCT00000100011.1",-4.82795735935786,-3.22403372701416,-8.70176483400361,1.81632614554577e-10,7.04994019635407e-09,11.6612525389018,"ENSSSCT00000100011.1","ENSSSCG00000022178","NUMB","NUMB","Significant"
"ENSSSCT00000069839.2",1.06333271937769,2.77665098226102,7.92208431186407,1.78415590662155e-09,4.59377794309596e-08,11.6472994027912,"ENSSSCT00000069839.2","ENSSSCG00000001913","STOML1","STOML1","Significant"
"ENSSSCT00000084072.2",-1.03409875826193,5.43750506824946,-8.02649690099481,1.30859180622059e-09,3.53189795116027e-08,11.6319735014937,"ENSSSCT00000084072.2","ENSSSCG00000016330",NA,"ENSSSCG00000016330","Significant"
"ENSSSCT00000076949.1",-1.27625153887433,2.32047561051178,-7.91185750127775,1.83927595192079e-09,4.71132595906594e-08,11.6143221015741,"ENSSSCT00000076949.1","ENSSSCG00000028638","UTP4","UTP4","Significant"
"ENSSSCT00000107801.1",-4.19802198463587,-0.880743241676625,-8.3552734334183,4.96995369615862e-10,1.59803126538023e-08,11.5917178128674,"ENSSSCT00000107801.1","ENSSSCG00000026761","CCT8","CCT8","Significant"
"ENSSSCT00000022302.3",1.69690990900502,3.23099598360186,7.8931500992415,1.94460528097992e-09,4.95714703526734e-08,11.5530319242028,"ENSSSCT00000022302.3","ENSSSCG00000000110","PLA2G6","PLA2G6","Significant"
"ENSSSCT00000058777.2",1.04098462347928,3.50348479280599,7.8750441050346,2.05236264588416e-09,5.17919750049592e-08,11.4590465324168,"ENSSSCT00000058777.2","ENSSSCG00000023665","FBXO25","FBXO25","Significant"
"ENSSSCT00000055978.3",1.27034302098276,1.14633055233496,7.92189626890191,1.78515416939719e-09,4.59377794309596e-08,11.4096261909591,"ENSSSCT00000055978.3","ENSSSCG00000031514","CCDC28B","CCDC28B","Significant"
"ENSSSCT00000076338.2",1.74772581113415,2.78470307248876,7.82497227206683,2.3829130606777e-09,5.90817470953123e-08,11.3694121413739,"ENSSSCT00000076338.2","ENSSSCG00000016639","FOXP2","FOXP2","Significant"
"ENSSSCT00000002129.4",-4.52175950145805,-1.14703660656598,-8.28534270132213,6.10002706121918e-10,1.8798230841587e-08,11.3671585379236,"ENSSSCT00000002129.4","ENSSSCG00000001901","CYP1A2","CYP1A2","Significant"
"ENSSSCT00000007341.5",1.09995149482462,2.46493516020627,7.81412257739188,2.46136592063421e-09,6.07957382396649e-08,11.337985002759,"ENSSSCT00000007341.5","ENSSSCG00000006702","FMO5","FMO5","Significant"
"ENSSSCT00000049183.1",1.55765701609826,-0.0350289524021809,8.04597798633419,1.23521658557397e-09,3.38109606932779e-08,11.2770251204796,"ENSSSCT00000049183.1","ENSSSCG00000036239","GJA8","GJA8","Significant"
"ENSSSCT00000001022.5",-2.97681048299313,-0.0227108881774616,-8.02514314917536,1.31385181105801e-09,3.53731002871474e-08,11.2767086850719,"ENSSSCT00000001022.5","ENSSSCG00000000936","SLC6A15","SLC6A15","Significant"
"ENSSSCT00000095177.1",1.35910976948881,2.75323096050039,7.7869810357797,2.66926798223193e-09,6.49468755915596e-08,11.2578977311217,"ENSSSCT00000095177.1","ENSSSCG00000063105",NA,"ENSSSCG00000063105","Significant"
"ENSSSCT00000043589.2",-1.33354532424083,5.96614157724785,-7.91527928189671,1.82064408217004e-09,4.67036031904578e-08,11.2557560995055,"ENSSSCT00000043589.2","ENSSSCG00000038994","CLIC4","CLIC4","Significant"
"ENSSSCT00000053484.3",-2.15022120987313,6.93475551051259,-7.92996110235566,1.74284405459832e-09,4.49554490159205e-08,11.2173676161336,"ENSSSCT00000053484.3","ENSSSCG00000032330",NA,"ENSSSCG00000032330","Significant"
"ENSSSCT00000103255.1",1.28262990567508,0.388964734336296,7.94189411664547,1.68209488251709e-09,4.36648260745121e-08,11.2068251663222,"ENSSSCT00000103255.1","ENSSSCG00000057046",NA,"ENSSSCG00000057046","Significant"
"ENSSSCT00000100492.1",1.0445887955449,3.5714527729385,7.77531028044948,2.76404580592037e-09,6.68093547511271e-08,11.1618817915679,"ENSSSCT00000100492.1","ENSSSCG00000057748",NA,"ENSSSCG00000057748","Significant"
"ENSSSCT00000003441.4",2.490258540513,-1.77836355268922,8.33211243814719,5.31856937491761e-10,1.69342417870912e-08,11.1430338542206,"ENSSSCT00000003441.4","ENSSSCG00000003102",NA,"ENSSSCG00000003102","Significant"
"ENSSSCT00000026550.4",1.0516351829804,3.32002357059777,7.74995590131125,2.98185205508617e-09,7.11194618902923e-08,11.1020039602495,"ENSSSCT00000026550.4","ENSSSCG00000029837","VWA8","VWA8","Significant"
"ENSSSCT00000045371.3",1.07403255415497,2.31857024645718,7.73305347555825,3.13662162142201e-09,7.41060951774226e-08,11.0984413312527,"ENSSSCT00000045371.3","ENSSSCG00000011077","MSRB2","MSRB2","Significant"
"ENSSSCT00000055687.3",1.23703657783012,1.10630098069542,7.82376700682081,2.39150177717454e-09,5.92496382545584e-08,11.0939711687917,"ENSSSCT00000055687.3","ENSSSCG00000035887","C8orf34","C8orf34","Significant"
"ENSSSCT00000013042.5",-1.05665618759667,3.60443542718049,-7.74065161026434,3.06606720202976e-09,7.27627272124609e-08,11.0284986896651,"ENSSSCT00000013042.5","ENSSSCG00000011918","USF3","USF3","Significant"
"ENSSSCT00000057953.3",1.12287510803027,1.47328255832865,7.74706416989372,3.00777209033982e-09,7.16267027803439e-08,11.0165476588843,"ENSSSCT00000057953.3","ENSSSCG00000014161","KIAA0825","KIAA0825","Significant"
"ENSSSCT00000098503.1",1.4536167386848,-0.0944211142623956,7.94221977736561,1.68046738114795e-09,4.36573374461735e-08,11.0162154309814,"ENSSSCT00000098503.1","ENSSSCG00000062653",NA,"ENSSSCG00000062653","Significant"
"ENSSSCT00000072620.2",-1.01285621859465,5.87986040778221,-7.82811986744647,2.36063019629837e-09,5.85738104414856e-08,10.9900006752064,"ENSSSCT00000072620.2","ENSSSCG00000036612","TNFAIP2","TNFAIP2","Significant"
"ENSSSCT00000069670.2",1.10684423218027,1.59691690584015,7.72686325360334,3.19531507275667e-09,7.52202546080566e-08,10.9814021464724,"ENSSSCT00000069670.2","ENSSSCG00000014141","RFESD","RFESD","Significant"
"ENSSSCT00000032548.4",-1.0051179231414,3.85293497451253,-7.7300011309128,3.1654253021221e-09,7.46243865151042e-08,10.977342682425,"ENSSSCT00000032548.4","ENSSSCG00000024938","SH3BP5","SH3BP5","Significant"
"ENSSSCT00000103403.1",1.08761793786619,3.77405610674018,7.71859608559338,3.27543799863694e-09,7.6718664157729e-08,10.9623443712629,"ENSSSCT00000103403.1","ENSSSCG00000012657","AIFM1","AIFM1","Significant"
"ENSSSCT00000062281.1",1.67628474052497,0.727599706394239,7.80931782492885,2.49693863671889e-09,6.148805688186e-08,10.927875437448,"ENSSSCT00000062281.1","ENSSSCG00000011167","ZNF782","ZNF782","Significant"
"ENSSSCT00000038285.2",-1.35279007129741,9.01090333518172,-7.88099469555854,2.0162969550143e-09,5.0960733272315e-08,10.9261106555072,"ENSSSCT00000038285.2","ENSSSCG00000013849",NA,"ENSSSCG00000013849","Significant"
"ENSSSCT00000095561.1",-1.53070390274341,0.19267705170096,-7.83436851884193,2.31701667056356e-09,5.76671843717972e-08,10.8928607049919,"ENSSSCT00000095561.1","ENSSSCG00000062136",NA,"ENSSSCG00000062136","Significant"
"ENSSSCT00000005152.5",1.40006369561591,7.49030608394829,7.83475839045628,2.31432267404901e-09,5.76441378645486e-08,10.8907668020697,"ENSSSCT00000005152.5","ENSSSCG00000004666","SQOR","SQOR","Significant"
"ENSSSCT00000056480.3",-1.20150753135592,5.89976665333984,-7.79598340738136,2.59841147015718e-09,6.36503437813709e-08,10.8896677201347,"ENSSSCT00000056480.3","ENSSSCG00000013145","DTX4","DTX4","Significant"
"ENSSSCT00000034708.4",1.48234495459014,0.966308657032798,7.7300960484819,3.16452558724488e-09,7.46243865151042e-08,10.8568310799272,"ENSSSCT00000034708.4","ENSSSCG00000021647","EDA","EDA","Significant"
"ENSSSCT00000037954.3",-1.07695812885608,2.46141444229096,-7.6446883591669,4.08845526084145e-09,9.21216277294226e-08,10.8463417414236,"ENSSSCT00000037954.3","ENSSSCG00000000927","TMTC3","TMTC3","Significant"
"ENSSSCT00000025489.4",-1.1970493232837,5.85813188523843,-7.76177032240704,2.87827954157668e-09,6.91041429849529e-08,10.7826553179682,"ENSSSCT00000025489.4","ENSSSCG00000022099","TP53INP2","TP53INP2","Significant"
"ENSSSCT00000052977.2",1.19987987800679,1.38182675052238,7.66599479250892,3.83509068418352e-09,8.768534128129e-08,10.7385146284252,"ENSSSCT00000052977.2","ENSSSCG00000017143","CEP131","CEP131","Significant"
"ENSSSCT00000002555.6",-1.29419592993895,5.22440847638946,-7.69698509293506,3.49462022018699e-09,8.1268614592708e-08,10.689050243111,"ENSSSCT00000002555.6","ENSSSCG00000002294","ARG2","ARG2","Significant"
"ENSSSCT00000086036.2",-1.79820696555699,-0.918948094026371,-7.9180014719632,1.80595806699019e-09,4.63998871679655e-08,10.6517478524068,"ENSSSCT00000086036.2","ENSSSCG00000015943","GORASP2","GORASP2","Significant"
"ENSSSCT00000063029.3",-1.45912801582512,0.936045134758464,-7.67291710417295,3.75623914563515e-09,8.61846735427785e-08,10.6415646929934,"ENSSSCT00000063029.3","ENSSSCG00000021065","NAA60","NAA60","Significant"
"ENSSSCT00000000645.5",-1.36363063600322,2.22138555106996,-7.56387344256872,5.21340682002735e-09,1.13849910221147e-07,10.6087781164357,"ENSSSCT00000000645.5","ENSSSCG00000000600","EPS8","EPS8","Significant"
"ENSSSCT00000043890.3",-1.25935705429728,2.49488460664301,-7.5543501227613,5.36512344250105e-09,1.16928131496861e-07,10.5827076060566,"ENSSSCT00000043890.3","ENSSSCG00000016834","LMBRD2","LMBRD2","Significant"
"ENSSSCT00000046701.2",-1.25731650228849,5.75194448018897,-7.68439789104024,3.62905934711359e-09,8.37973448677703e-08,10.5805294341457,"ENSSSCT00000046701.2","ENSSSCG00000037950","NIPAL1","NIPAL1","Significant"
"ENSSSCT00000090317.2",1.97717824961551,0.50894278973203,7.70720219499919,3.38920619191724e-09,7.90992689200214e-08,10.5692676541246,"ENSSSCT00000090317.2","ENSSSCG00000050487","RILP","RILP","Significant"
"ENSSSCT00000080181.2",2.30667403270462,-2.03172878748068,8.07913516296647,1.11977510332365e-09,3.1311447228786e-08,10.5360292853237,"ENSSSCT00000080181.2","ENSSSCG00000047361",NA,"ENSSSCG00000047361","Significant"
"ENSSSCT00000007701.5",-2.68672821515691,6.27616669770526,-7.66183844673117,3.88323747975802e-09,8.85667748749395e-08,10.498602956328,"ENSSSCT00000007701.5","ENSSSCG00000007032","PLAT","PLAT","Significant"
"ENSSSCT00000055041.2",-1.17866010262493,4.11311341770742,-7.57748843156228,5.00400407942512e-09,1.09570550037325e-07,10.4740827765864,"ENSSSCT00000055041.2","ENSSSCG00000002135","PNP","PNP","Significant"
"ENSSSCT00000100682.1",1.46725081632365,5.02014365479538,7.60017031916499,4.67385066422896e-09,1.03102995302112e-07,10.4392093128221,"ENSSSCT00000100682.1","ENSSSCG00000062141",NA,"ENSSSCG00000062141","Significant"
"ENSSSCT00000049761.3",5.07235128030103,-3.47507497152796,8.2438726758112,6.88992284901007e-10,2.08578500064182e-08,10.4297870892212,"ENSSSCT00000049761.3","ENSSSCG00000010640","NRAP","NRAP","Significant"
"ENSSSCT00000053029.3",-1.14077161631629,1.82355611802413,-7.50640732632008,6.1994819580517e-09,1.32023455101448e-07,10.4155092453611,"ENSSSCT00000053029.3","ENSSSCG00000021289","GAK","GAK","Significant"
"ENSSSCT00000011586.4",1.12795119189192,0.904255549157283,7.59009521450513,4.81769376536932e-09,1.06060828849494e-07,10.4097111519248,"ENSSSCT00000011586.4","ENSSSCG00000010592","AS3MT","AS3MT","Significant"
"ENSSSCT00000028916.3",-1.31872009799656,6.4472486110453,-7.62564908812509,4.3291566473871e-09,9.69421863539898e-08,10.3289491052001,"ENSSSCT00000028916.3","ENSSSCG00000004822","ALDH1A3","ALDH1A3","Significant"
"ENSSSCT00000101115.1",1.55948569304425,1.70757015751335,7.48984373106805,6.51727495594539e-09,1.37355677222782e-07,10.3065594295884,"ENSSSCT00000101115.1","ENSSSCG00000054789","YPEL1","YPEL1","Significant"
"ENSSSCT00000024105.4",-1.24196543239145,3.41962249026184,-7.47984271321467,6.71707765038079e-09,1.41019703614305e-07,10.3040057860879,"ENSSSCT00000024105.4","ENSSSCG00000026383","NRP2","NRP2","Significant"
"ENSSSCT00000080410.1",-1.13164455641748,3.7955693742518,-7.50168240506412,6.28850477806009e-09,1.33657372740464e-07,10.2976269331352,"ENSSSCT00000080410.1","ENSSSCG00000013297","CD44","CD44","Significant"
"ENSSSCT00000104972.1",1.38837775219191,0.186930822137132,7.62048346942962,4.39689973973428e-09,9.80182545181487e-08,10.2940669230772,"ENSSSCT00000104972.1","ENSSSCG00000061994",NA,"ENSSSCG00000061994","Significant"
"ENSSSCT00000045827.3",-1.11072695631312,4.34536575482746,-7.52717256466595,5.82309317780051e-09,1.2540035004558e-07,10.2768800553304,"ENSSSCT00000045827.3","ENSSSCG00000017732","ZNF207","ZNF207","Significant"
"ENSSSCT00000079474.2",1.0493689637822,2.36724497503237,7.43385890294952,7.71848708219912e-09,1.58372279942115e-07,10.2324608929303,"ENSSSCT00000079474.2","ENSSSCG00000011740","SERPINI1","SERPINI1","Significant"
"ENSSSCT00000066754.2",-3.43461255817274,-1.05131074607227,-7.73632571920789,3.10603720636745e-09,7.34900123921656e-08,10.1900138115009,"ENSSSCT00000066754.2","ENSSSCG00000009594","SPTLC1","SPTLC1","Significant"
"ENSSSCT00000102953.1",-2.48195255897434,2.35629578256404,-7.41095132057884,8.27236681020382e-09,1.67835872731727e-07,10.1485620497833,"ENSSSCT00000102953.1","ENSSSCG00000003080",NA,"ENSSSCG00000003080","Significant"
"ENSSSCT00000091911.1",-1.60788040163867,-0.560561966852536,-7.65991770707547,3.90569324205341e-09,8.88347085087932e-08,10.140994870049,"ENSSSCT00000091911.1","ENSSSCG00000060135",NA,"ENSSSCG00000060135","Significant"
"ENSSSCT00000052417.3",1.18319073892084,3.31721474861689,7.41383713356241,8.20043749365899e-09,1.66775010050527e-07,10.1352508173862,"ENSSSCT00000052417.3","ENSSSCG00000027045","LRRC56","LRRC56","Significant"
"ENSSSCT00000018871.3",1.04682779831522,3.05126524858333,7.40502997562674,8.42195923687743e-09,1.70340917468456e-07,10.1151128202788,"ENSSSCT00000018871.3","ENSSSCG00000017335","HEXIM2","HEXIM2","Significant"
"ENSSSCT00000028536.3",1.18343275905204,0.824205712298904,7.47417320255395,6.83308212159828e-09,1.4299474293491e-07,10.1010507534703,"ENSSSCT00000028536.3","ENSSSCG00000026554","PRXL2B","PRXL2B","Significant"
"ENSSSCT00000025385.4",2.02846954287121,2.34190570842144,7.39132253550689,8.7788254132163e-09,1.76572994307529e-07,10.0995762014507,"ENSSSCT00000025385.4","ENSSSCG00000060620","IL20RB","IL20RB","Significant"
"ENSSSCT00000053392.3",1.09602701462396,4.94059080769466,7.49258681329255,6.46353003317624e-09,1.36842164416674e-07,10.0906300783737,"ENSSSCT00000053392.3","ENSSSCG00000040678","TYMS","TYMS","Significant"
"ENSSSCT00000104607.1",-2.3508475971307,-1.10586361565005,-7.72603533645084,3.20324886803309e-09,7.5352616228969e-08,10.0782668248221,"ENSSSCT00000104607.1","ENSSSCG00000053460",NA,"ENSSSCG00000053460","Significant"
"ENSSSCT00000106818.1",1.15748560254119,0.588779009650802,7.48554469534547,6.6024155468905e-09,1.3879120341123e-07,10.0761942573521,"ENSSSCT00000106818.1","ENSSSCG00000057336",NA,"ENSSSCG00000057336","Significant"
"ENSSSCT00000042466.3",-2.16202400904561,-0.740099906119786,-7.68465668954476,3.62624322119438e-09,8.37916612217019e-08,10.0558259302174,"ENSSSCT00000042466.3","ENSSSCG00000023118","BZW2","BZW2","Significant"
"ENSSSCT00000028088.3",1.03123124780981,2.26242612547617,7.36957826830216,9.37653649124959e-09,1.86296523924864e-07,10.0429134027001,"ENSSSCT00000028088.3","ENSSSCG00000026177","SLC25A40","SLC25A40","Significant"
"ENSSSCT00000024967.4",-2.81147723201387,0.410630324607163,-7.54521654268253,5.51482336219865e-09,1.19494051004279e-07,10.0127451769184,"ENSSSCT00000024967.4","ENSSSCG00000023607","CYP4F22","CYP4F22","Significant"
"ENSSSCT00000073274.2",1.34948730888346,0.669814885747338,7.44152156781508,7.54169931044461e-09,1.55192304576854e-07,10.0112355011023,"ENSSSCT00000073274.2","ENSSSCG00000039269","SHLD1","SHLD1","Significant"
"ENSSSCT00000089784.2",1.33058797351948,0.398639776659268,7.45449068428315,7.25175387782361e-09,1.50692277522346e-07,9.93371640410695,"ENSSSCT00000089784.2","ENSSSCG00000050757",NA,"ENSSSCG00000050757","Significant"
"ENSSSCT00000040309.3",4.11369187247798,-2.17384091349176,7.81851325606864,2.42930737613964e-09,6.00949451378276e-08,9.91149213442974,"ENSSSCT00000040309.3","ENSSSCG00000013883","NIBAN3","NIBAN3","Significant"
"ENSSSCT00000078257.1",2.47145729490504,-1.47739951420309,7.77621538746479,2.75657518991042e-09,6.67226262003262e-08,9.9045488824792,"ENSSSCT00000078257.1","ENSSSCG00000045152",NA,"ENSSSCG00000045152","Significant"
"ENSSSCT00000038723.3",1.16297393339244,2.58517017821068,7.3223223295323,1.08212069507493e-08,2.11519563202776e-07,9.90138625977737,"ENSSSCT00000038723.3","ENSSSCG00000001825","SLC41A3","SLC41A3","Significant"
"ENSSSCT00000023781.4",2.41456240868338,0.311643156985398,7.50377797220271,6.24886360678817e-09,1.32901467081358e-07,9.89183032807983,"ENSSSCT00000023781.4","ENSSSCG00000028672","GCKR","GCKR","Significant"
"ENSSSCT00000035919.4",1.17530099721507,0.490006402907407,7.42404911459587,7.95093783194504e-09,1.6242630142402e-07,9.87023651401637,"ENSSSCT00000035919.4","ENSSSCG00000030908",NA,"ENSSSCG00000030908","Significant"
"ENSSSCT00000033171.4",1.00750342244078,6.15009442210282,7.46330894385603,7.06106479034881e-09,1.47387296046436e-07,9.84905107425846,"ENSSSCT00000033171.4","ENSSSCG00000015595","ATF3","ATF3","Significant"
"ENSSSCT00000010533.3",1.11443978272671,2.13367574794868,7.29195786388165,1.18661602214921e-08,2.27796238491104e-07,9.81124198138018,"ENSSSCT00000010533.3","ENSSSCG00000009610",NA,"ENSSSCG00000009610","Significant"
"ENSSSCT00000034393.4",-1.50073438594726,3.77025724629008,-7.32526718290604,1.07249414741314e-08,2.10015610704252e-07,9.77286198765001,"ENSSSCT00000034393.4","ENSSSCG00000007477","NFATC2","NFATC2","Significant"
"ENSSSCT00000064008.2",1.48526985908931,3.11983192335015,7.28704044052537,1.20447290124995e-08,2.30867927527062e-07,9.76793778213159,"ENSSSCT00000064008.2","ENSSSCG00000035152","TEF","TEF","Significant"
"ENSSSCT00000104693.1",-1.53978123093911,2.22170229543237,-7.27462439873806,1.25077682602461e-08,2.38470677921179e-07,9.76255827250637,"ENSSSCT00000104693.1","ENSSSCG00000002009","PCK2","PCK2","Significant"
"ENSSSCT00000005931.5",1.29655054382675,2.6713303397969,7.27492253076135,1.24964419353688e-08,2.38404910977627e-07,9.75752249958102,"ENSSSCT00000005931.5","ENSSSCG00000005388","INVS","INVS","Significant"
"ENSSSCT00000103177.1",-1.2608676179837,0.960003963641706,-7.31957780558371,1.09117092082774e-08,2.12806216131994e-07,9.75162248876319,"ENSSSCT00000103177.1","ENSSSCG00000013119","STX3","STX3","Significant"
"ENSSSCT00000009071.5",1.14212079774372,2.48006636710298,7.26752814033933,1.27804428762842e-08,2.42300370681089e-07,9.74520855550154,"ENSSSCT00000009071.5","ENSSSCG00000008282","WDR54","WDR54","Significant"
"ENSSSCT00000082261.1",1.41571045970022,0.207343220086126,7.41366407895904,8.20473304260352e-09,1.66775010050527e-07,9.72651739353617,"ENSSSCT00000082261.1","ENSSSCG00000045667",NA,"ENSSSCG00000045667","Significant"
"ENSSSCT00000091945.1",1.87370746213939,-0.374923869598015,7.52642748063445,5.83619046323267e-09,1.25599441493886e-07,9.71391794202347,"ENSSSCT00000091945.1","ENSSSCG00000057323",NA,"ENSSSCG00000057323","Significant"
"ENSSSCT00000003347.5",1.29069894949535,1.61137159012153,7.23324127067604,1.41849206687404e-08,2.64785453648433e-07,9.59220311289364,"ENSSSCT00000003347.5","ENSSSCG00000057647","TMEM91","TMEM91","Significant"
"ENSSSCT00000062052.2",1.47477131175895,-0.603442632764158,7.50110394095022,6.29949208997264e-09,1.3371656256606e-07,9.57964998234262,"ENSSSCT00000062052.2","ENSSSCG00000035706",NA,"ENSSSCG00000035706","Significant"
"ENSSSCT00000046148.3",2.32667003124215,0.519681277182633,7.33164095487224,1.05195374777703e-08,2.068630880128e-07,9.56440736541599,"ENSSSCT00000046148.3","ENSSSCG00000045531","FKBP1B","FKBP1B","Significant"
"ENSSSCT00000092296.1",1.2456511464228,1.94232443529191,7.19035671950761,1.61631083165622e-08,2.95228001990585e-07,9.50529306038723,"ENSSSCT00000092296.1","ENSSSCG00000056181",NA,"ENSSSCG00000056181","Significant"
"ENSSSCT00000027312.4",-3.2653522126357,1.41955398870298,-7.22682511039494,1.44645649432349e-08,2.68872676972196e-07,9.43872549415906,"ENSSSCT00000027312.4","ENSSSCG00000022638","ATP12A","ATP12A","Significant"
"ENSSSCT00000048737.3",-1.29135323965623,1.26772972288123,-7.19292526790113,1.60371449847695e-08,2.93420356388005e-07,9.42141986733031,"ENSSSCT00000048737.3","ENSSSCG00000034632","PDXP","PDXP","Significant"
"ENSSSCT00000050142.2",-1.03639478767353,4.45006534587378,-7.24029552877698,1.38837582923814e-08,2.60152905382071e-07,9.40634971215185,"ENSSSCT00000050142.2","ENSSSCG00000015566","EDEM3","EDEM3","Significant"
"ENSSSCT00000077553.1",2.12974536841709,-1.37821954100306,7.58926591008589,4.82973134416353e-09,1.06254089571598e-07,9.3865867873224,"ENSSSCT00000077553.1","ENSSSCG00000050951",NA,"ENSSSCG00000050951","Significant"
"ENSSSCT00000046744.3",-1.34962392701802,1.2059757480535,-7.18559266570472,1.63993903227231e-08,2.98373728840437e-07,9.38564849131125,"ENSSSCT00000046744.3","ENSSSCG00000026383","NRP2","NRP2","Significant"
"ENSSSCT00000009749.5",-1.93776434758355,-0.838583749376896,-7.44900783175053,7.37293199358551e-09,1.52529869745471e-07,9.3823695706078,"ENSSSCT00000009749.5","ENSSSCG00000008902","PPAT","PPAT","Significant"
"ENSSSCT00000053291.3",1.01396166638434,0.860388731295175,7.20435575067093,1.5488491011785e-08,2.85142157508886e-07,9.36644926743839,"ENSSSCT00000053291.3","ENSSSCG00000037391",NA,"ENSSSCG00000037391","Significant"
"ENSSSCT00000061527.2",1.43819159014864,1.9870331987602,7.1379764587938,1.89613607589123e-08,3.3800776718621e-07,9.36322761743466,"ENSSSCT00000061527.2","ENSSSCG00000034356",NA,"ENSSSCG00000034356","Significant"
"ENSSSCT00000012529.3",-1.13859083386192,2.78987025308696,-7.14152636570871,1.87571446597656e-08,3.35599027420467e-07,9.35509042462741,"ENSSSCT00000012529.3","ENSSSCG00000011449","GNL3","GNL3","Significant"
"ENSSSCT00000045136.3",-1.22625268608505,3.52624916676991,-7.16614700602722,1.74005467689198e-08,3.15181903807701e-07,9.34706493790835,"ENSSSCT00000045136.3","ENSSSCG00000015115","CBL","CBL","Significant"
"ENSSSCT00000001529.6",-3.22768629123305,4.92182449449352,-7.13803483373886,1.89579845385193e-08,3.3800776718621e-07,9.34650747561756,"ENSSSCT00000001529.6","ENSSSCG00000001400","DDX39B","DDX39B","Significant"
"ENSSSCT00000007083.4",-1.58595545000023,0.0918275567918817,-7.2755927825722,1.24710162116221e-08,2.38059140845273e-07,9.33144450803507,"ENSSSCT00000007083.4","ENSSSCG00000006466","SH2D2A","SH2D2A","Significant"
"ENSSSCT00000018130.5",-1.68528753300811,4.19037236836831,-7.18735035597032,1.63118113271279e-08,2.97398854841416e-07,9.32128991167475,"ENSSSCT00000018130.5","ENSSSCG00000016652","LRRN3","LRRN3","Significant"
"ENSSSCT00000073723.2",1.53359127950608,4.87929627118559,7.21224708800742,1.51208036107945e-08,2.7900321501208e-07,9.25582267126564,"ENSSSCT00000073723.2","ENSSSCG00000016784","ANKH","ANKH","Significant"
"ENSSSCT00000088599.1",-8.39554274044573,0.39940106877037,-7.54928131963138,5.44768693197064e-09,1.18332035129894e-07,9.24479258570343,"ENSSSCT00000088599.1","ENSSSCG00000006540","PBXIP1","PBXIP1","Significant"
"ENSSSCT00000098745.1",2.29061905899055,4.3099221926733,7.14753305493953,1.84166378425476e-08,3.30837393604999e-07,9.22509198527303,"ENSSSCT00000098745.1","ENSSSCG00000005672","PTPA","PTPA","Significant"
"ENSSSCT00000032601.3",1.16541923551733,1.44742099796375,7.09079752003459,2.18984408514835e-08,3.8221454257054e-07,9.14996877357145,"ENSSSCT00000032601.3","ENSSSCG00000007797","ITGAL","ITGAL","Significant"
"ENSSSCT00000047633.3",1.34756684077314,-0.248114863046602,7.25383483528341,1.33236930742025e-08,2.51246783684962e-07,9.13120387012098,"ENSSSCT00000047633.3","ENSSSCG00000013760",NA,"ENSSSCG00000013760","Significant"
"ENSSSCT00000095228.1",-1.08228185169577,4.6474859842257,-7.16221042370004,1.76106108971758e-08,3.18632828907613e-07,9.12979204118268,"ENSSSCT00000095228.1","ENSSSCG00000053453",NA,"ENSSSCG00000053453","Significant"
"ENSSSCT00000031056.4",2.03508948946094,2.13832001027655,7.06155493559316,2.39452163284104e-08,4.13073985805022e-07,9.12868410799011,"ENSSSCT00000031056.4","ENSSSCG00000024754","BBS9","BBS9","Significant"
"ENSSSCT00000045730.3",1.4594009025734,-0.149216371175525,7.24073715799547,1.38651202371852e-08,2.59953065102465e-07,9.11183008775698,"ENSSSCT00000045730.3","ENSSSCG00000034567",NA,"ENSSSCG00000034567","Significant"
"ENSSSCT00000000963.5",1.46374734399652,1.30118508089007,7.09562540520581,2.15779097658634e-08,3.7763079442094e-07,9.11176902490905,"ENSSSCT00000000963.5","ENSSSCG00000025682","ACTR6","ACTR6","Significant"
"ENSSSCT00000065553.2",-1.51631969227053,3.43981135353947,-7.06909061591301,2.34000015049066e-08,4.04524734393411e-07,9.07754492966493,"ENSSSCT00000065553.2","ENSSSCG00000030388","UPP1","UPP1","Significant"
"ENSSSCT00000103271.1",1.05296472448923,3.95460932150224,7.09424160428297,2.16692956456298e-08,3.78666932489093e-07,9.07193928846493,"ENSSSCT00000103271.1","ENSSSCG00000024752","ALDH4A1","ALDH4A1","Significant"
"ENSSSCT00000102081.1",-1.20490504659252,0.914035901851676,-7.07317144754475,2.31099926129938e-08,4.00360360868251e-07,9.06195718329458,"ENSSSCT00000102081.1","ENSSSCG00000061752",NA,"ENSSSCG00000061752","Significant"
"ENSSSCT00000026718.3",1.12843588894193,2.96481837081653,7.04549177054195,2.51505580771961e-08,4.30903203126065e-07,9.0476435471255,"ENSSSCT00000026718.3","ENSSSCG00000023837","WFDC1","WFDC1","Significant"
"ENSSSCT00000073739.2",2.04281529604534,-0.870118692118788,7.34577961716484,1.00779640569178e-08,1.98538936623413e-07,9.04759534794221,"ENSSSCT00000073739.2","ENSSSCG00000026140",NA,"ENSSSCG00000026140","Significant"
"ENSSSCT00000062299.1",-1.11746375799829,1.76323984090487,-7.02685361365567,2.66260493136724e-08,4.53324131500247e-07,9.02311132493086,"ENSSSCT00000062299.1","ENSSSCG00000027429","YARS2","YARS2","Significant"
"ENSSSCT00000028157.4",1.02885510383737,2.66531147857474,7.0212194023684,2.70890397433815e-08,4.59488439385495e-07,9.00533907136451,"ENSSSCT00000028157.4","ENSSSCG00000035136","SDCCAG8","SDCCAG8","Significant"
"ENSSSCT00000104216.1",1.27022380120132,0.00702298468609208,7.14655323005608,1.84717533751138e-08,3.31272303103526e-07,8.92075774176782,"ENSSSCT00000104216.1","ENSSSCG00000004648","FAM227B","FAM227B","Significant"
"ENSSSCT00000060515.3",1.21823433033793,3.68177532018781,7.01890865947381,2.72812644012016e-08,4.61826762480155e-07,8.88910283313605,"ENSSSCT00000060515.3","ENSSSCG00000006661","VPS45","VPS45","Significant"
"ENSSSCT00000031587.3",1.10238261392428,1.36619269838557,6.98523171596886,3.02440715870357e-08,5.06720303198208e-07,8.85802777224697,"ENSSSCT00000031587.3","ENSSSCG00000025537","PTPN6","PTPN6","Significant"
"ENSSSCT00000099426.1",-1.19093105395047,3.24454788246391,-6.99314210535859,2.95202097893558e-08,4.96377988639585e-07,8.85711519612911,"ENSSSCT00000099426.1","ENSSSCG00000058703",NA,"ENSSSCG00000058703","Significant"
"ENSSSCT00000054355.3",1.14940697518601,0.993141956198012,7.00297959056913,2.86443193768246e-08,4.82895237312301e-07,8.82622413011297,"ENSSSCT00000054355.3","ENSSSCG00000008558","AGBL5","AGBL5","Significant"
"ENSSSCT00000055914.3",-1.98600326895242,1.66150885410074,-6.96570933304931,3.21080498420094e-08,5.31666255484446e-07,8.81961363226853,"ENSSSCT00000055914.3","ENSSSCG00000022714","OSER1","OSER1","Significant"
"ENSSSCT00000050025.2",-1.01899878498002,3.32997051377009,-6.98431669843576,3.03289493194717e-08,5.07881388604034e-07,8.80756839958049,"ENSSSCT00000050025.2","ENSSSCG00000037267","MAX","MAX","Significant"
"ENSSSCT00000017787.5",2.11667228565333,1.30273981052386,6.96811531394894,3.18722112743705e-08,5.28297700248895e-07,8.77335272736557,"ENSSSCT00000017787.5","ENSSSCG00000016334","SCLY","SCLY","Significant"
"ENSSSCT00000027731.4",5.04792229635741,0.954712381500795,7.09990931515038,2.12974586121654e-08,3.73524658736439e-07,8.75938781442889,"ENSSSCT00000027731.4","ENSSSCG00000024990","MPI","MPI","Significant"
"ENSSSCT00000055070.3",1.04742194384977,2.81443846984697,6.93611438714526,3.51570635451201e-08,5.75432178627056e-07,8.74027097305452,"ENSSSCT00000055070.3","ENSSSCG00000013032","GPR137","GPR137","Significant"
"ENSSSCT00000042276.3",1.03182684063523,2.30001301595274,6.92286866341883,3.66146890875946e-08,5.94514603093593e-07,8.73272359539204,"ENSSSCT00000042276.3","ENSSSCG00000038991",NA,"ENSSSCG00000038991","Significant"
"ENSSSCT00000031448.4",-1.14535532035967,5.08269257560612,-7.05387772158531,2.45138512572854e-08,4.2176760231796e-07,8.73132393927415,"ENSSSCT00000031448.4","ENSSSCG00000000549","PPFIBP1","PPFIBP1","Significant"
"ENSSSCT00000029680.4",-1.67546862294516,2.68730755074919,-6.92824688243301,3.60156372622577e-08,5.87126918649325e-07,8.72970960252266,"ENSSSCT00000029680.4","ENSSSCG00000028282","SLC1A4","SLC1A4","Significant"
"ENSSSCT00000068595.2",1.88500506343607,0.298252417631901,7.06969652105209,2.33567112322065e-08,4.04204996292388e-07,8.72330864683226,"ENSSSCT00000068595.2","ENSSSCG00000017131","FN3K","FN3K","Significant"
"ENSSSCT00000099452.1",-1.55824327128694,2.34432409941366,-6.91657381952603,3.73286083443954e-08,6.04781348065093e-07,8.71217613496007,"ENSSSCT00000099452.1","ENSSSCG00000012007","HSPA13","HSPA13","Significant"
"ENSSSCT00000000309.5",-2.40778213555887,4.39176966850749,-6.91463425487896,3.755139572566e-08,6.07003324858412e-07,8.69073457623106,"ENSSSCT00000000309.5","ENSSSCG00000000288","HNRNPA1","HNRNPA1","Significant"
"ENSSSCT00000016277.5",-1.43150124182415,0.848498013883678,-6.9458742041947,3.41205914506521e-08,5.60719638940051e-07,8.665513976491,"ENSSSCT00000016277.5","ENSSSCG00000014921","PRSS23","PRSS23","Significant"
"ENSSSCT00000054621.3",3.12740077094399,-3.10731879373013,7.39092402913037,8.78942577821628e-09,1.76677212128831e-07,8.62918123929122,"ENSSSCT00000054621.3","ENSSSCG00000001411","APOM","APOM","Significant"
"ENSSSCT00000062215.3",1.10133863176607,1.77346443810652,6.88857978634404,4.06773596809047e-08,6.50119919135401e-07,8.62564106161748,"ENSSSCT00000062215.3","ENSSSCG00000016432","PRKAG2","PRKAG2","Significant"
"ENSSSCT00000054028.2",1.4301059422102,0.197187572384641,7.04104970276023,2.54945546226974e-08,4.34968319685205e-07,8.62407792329848,"ENSSSCT00000054028.2","ENSSSCG00000040811","PYCARD","PYCARD","Significant"
"ENSSSCT00000042474.2",-1.42746093732332,4.96772458860199,-6.98276972253267,3.04729945845118e-08,5.09508469453037e-07,8.55802338958022,"ENSSSCT00000042474.2","ENSSSCG00000021890","GNB1","GNB1","Significant"
"ENSSSCT00000094078.1",2.27077176482485,-2.23295994384172,7.30495756246196,1.14068611285745e-08,2.2045601673743e-07,8.54710617892195,"ENSSSCT00000094078.1","ENSSSCG00000059741",NA,"ENSSSCG00000059741","Significant"
"ENSSSCT00000070653.1",1.26834944853649,1.24778298953415,6.88170497476127,4.15450618453645e-08,6.61394138870247e-07,8.54055098826033,"ENSSSCT00000070653.1","ENSSSCG00000013331","METTL15","METTL15","Significant"
"ENSSSCT00000084954.1",-2.56229004637589,-3.15850396801903,-7.39834973444474,8.59400746403641e-09,1.7349784480337e-07,8.53774306850181,"ENSSSCT00000084954.1","ENSSSCG00000045198",NA,"ENSSSCG00000045198","Significant"
"ENSSSCT00000051665.3",-1.04741771936138,4.42422060699162,-6.94453365823008,3.42611093248174e-08,5.62461837072681e-07,8.53234013370793,"ENSSSCT00000051665.3","ENSSSCG00000014199","WDR36","WDR36","Significant"
"ENSSSCT00000031481.4",1.30383524195026,1.00274893372669,6.89076658883986,4.04051993467851e-08,6.47993664290497e-07,8.53211922173277,"ENSSSCT00000031481.4","ENSSSCG00000001822","RCCD1","RCCD1","Significant"
"ENSSSCT00000005691.2",3.09929348981358,-4.01642114868758,7.35784440019176,9.7159884799393e-09,1.91871646517226e-07,8.53078362177273,"ENSSSCT00000005691.2","ENSSSCG00000005163","IFNB1","IFNB1","Significant"
"ENSSSCT00000012244.5",1.27829145010549,1.17025454681351,6.88791354813179,4.0760643484199e-08,6.50927231699088e-07,8.50968229016559,"ENSSSCT00000012244.5","ENSSSCG00000011181","NEK11","NEK11","Significant"
"ENSSSCT00000062359.2",-2.78272406965399,1.57401072951139,-6.8755510172978,4.23375919958225e-08,6.71715255197954e-07,8.50562361899378,"ENSSSCT00000062359.2","ENSSSCG00000005029","RTRAF","RTRAF","Significant"
"ENSSSCT00000000776.6",-1.32175972330087,0.338454093911409,-6.92202484783816,3.67095845421921e-08,5.95758732908727e-07,8.50395679824296,"ENSSSCT00000000776.6","ENSSSCG00000000712","ANO2","ANO2","Significant"
"ENSSSCT00000066380.2",-5.35898095170065,-0.549501831761768,-7.08099281644766,2.25642507312321e-08,3.92156093198875e-07,8.47550700248257,"ENSSSCT00000066380.2","ENSSSCG00000008305","SMYD5","SMYD5","Significant"
"ENSSSCT00000056974.2",1.29449609161532,2.03909897740083,6.83317437225054,4.82247738246986e-08,7.53749053586037e-07,8.46570667590345,"ENSSSCT00000056974.2","ENSSSCG00000004136","AIG1","AIG1","Significant"
"ENSSSCT00000047025.3",1.13945154387906,4.0447089504469,6.89474396906731,3.99148859610993e-08,6.41392282836708e-07,8.44407384483834,"ENSSSCT00000047025.3","ENSSSCG00000003780","CRYZ","CRYZ","Significant"
"ENSSSCT00000096789.1",2.97660938098873,-1.2480797676528,7.15203292439161,1.81656415111284e-08,3.27008867800633e-07,8.4324195333824,"ENSSSCT00000096789.1","ENSSSCG00000055222",NA,"ENSSSCG00000055222","Significant"
"ENSSSCT00000100839.1",1.19155226214441,5.87667431583289,6.98319816951928,3.04330312096989e-08,5.09194986385619e-07,8.42245736589088,"ENSSSCT00000100839.1","ENSSSCG00000055218","BTG2","BTG2","Significant"
"ENSSSCT00000091026.2",2.17970189993275,-1.91056464426883,7.22529090946592,1.45322524816412e-08,2.6997695721449e-07,8.41904150837424,"ENSSSCT00000091026.2","ENSSSCG00000044342",NA,"ENSSSCG00000044342","Significant"
"ENSSSCT00000008195.3",-2.09680938981523,0.79976571733391,-6.85476755448471,4.51285185191991e-08,7.09778204437997e-07,8.41358387861595,"ENSSSCT00000008195.3","ENSSSCG00000007486","CYP24A1","CYP24A1","Significant"
"ENSSSCT00000005024.5",-1.08018642214389,0.0516674831032848,-6.93495902170957,3.52818433722876e-08,5.76606125969957e-07,8.41222396491971,"ENSSSCT00000005024.5","ENSSSCG00000004549","RBPMS2","RBPMS2","Significant"
"ENSSSCT00000014717.5",-1.33717980512738,1.60508661324867,-6.80920450906767,5.19132049297282e-08,8.0407512281656e-07,8.37869112957905,"ENSSSCT00000014717.5","ENSSSCG00000036537","NFIC","NFIC","Significant"
"ENSSSCT00000005879.2",-2.43066279525187,-2.68007972411374,-7.29615140750518,1.17159909985643e-08,2.25228874125701e-07,8.37735076147749,"ENSSSCT00000005879.2","ENSSSCG00000005340","CCIN","CCIN","Significant"
"ENSSSCT00000042142.3",1.55181873197165,-0.742975004635553,7.0693666243726,2.33802714250866e-08,4.04398074028394e-07,8.36506089179274,"ENSSSCT00000042142.3","ENSSSCG00000034653","DLX4","DLX4","Significant"
"ENSSSCT00000078861.1",-1.12233563968054,2.58725780432144,-6.80469017758874,5.2639029984725e-08,8.12999968556123e-07,8.36413458759021,"ENSSSCT00000078861.1","ENSSSCG00000012160","SH3KBP1","SH3KBP1","Significant"
"ENSSSCT00000039902.3",1.85688976641197,1.05449554156836,6.8420982140603,4.69200387655204e-08,7.35471607649533e-07,8.36148460857871,"ENSSSCT00000039902.3","ENSSSCG00000058048","TTPA","TTPA","Significant"
"ENSSSCT00000100053.1",-1.28517512315328,0.0533483203270561,-6.88915126256968,4.0606058334354e-08,6.49617235492286e-07,8.34767743678177,"ENSSSCT00000100053.1","ENSSSCG00000061752",NA,"ENSSSCG00000061752","Significant"
"ENSSSCT00000056573.3",-1.01642267707231,3.76599004115427,-6.85504480297686,4.50900941811635e-08,7.09516134499351e-07,8.34252137308832,"ENSSSCT00000056573.3","ENSSSCG00000037216","PPP4R2","PPP4R2","Significant"
"ENSSSCT00000059830.3",2.1861741471402,1.62887453765267,6.79146773302157,5.48243231221816e-08,8.41965252508529e-07,8.30318547726213,"ENSSSCT00000059830.3","ENSSSCG00000015332","PON1","PON1","Significant"
"ENSSSCT00000004040.5",-1.02894451332701,1.94045775000677,-6.77614451479004,5.74713982120744e-08,8.79304301880091e-07,8.29939161299291,"ENSSSCT00000004040.5","ENSSSCG00000003644","FHL3","FHL3","Significant"
"ENSSSCT00000036832.2",-2.23038635883916,3.85380339854431,-6.79805637776992,5.37242173475953e-08,8.2705453402926e-07,8.28956345766147,"ENSSSCT00000036832.2","ENSSSCG00000004412","MICAL1","MICAL1","Significant"
"ENSSSCT00000057350.3",1.61105384122334,2.64997613386106,6.77700210148187,5.7319906534608e-08,8.77398231293127e-07,8.28819308960982,"ENSSSCT00000057350.3","ENSSSCG00000062058",NA,"ENSSSCG00000062058","Significant"
"ENSSSCT00000007292.5",1.04665250097725,1.64971980013704,6.76096649647626,6.02203000309572e-08,9.14922023396705e-07,8.24225017765018,"ENSSSCT00000007292.5","ENSSSCG00000038374","CIART","CIART","Significant"
"ENSSSCT00000003899.5",-2.16009454487201,1.95193661958348,-6.75705926506533,6.09491253281982e-08,9.238425300793e-07,8.24011813195914,"ENSSSCT00000003899.5","ENSSSCG00000003509","SH2D5","SH2D5","Significant"
"ENSSSCT00000092133.1",-1.20225174104,1.10735892448842,-6.77384211514264,5.78801117938639e-08,8.85142197432991e-07,8.21972963599213,"ENSSSCT00000092133.1","ENSSSCG00000059591","ADM2","ADM2","Significant"
"ENSSSCT00000030756.4",2.70676660775123,0.694240392966251,6.80779347045348,5.21389855342692e-08,8.0680564041733e-07,8.21329102165898,"ENSSSCT00000030756.4","ENSSSCG00000023181","ZNF385B","ZNF385B","Significant"
"ENSSSCT00000065256.3",-1.80969150738997,3.11673919096349,-6.76206511333826,6.0016957558904e-08,9.12257754895341e-07,8.20132708776498,"ENSSSCT00000065256.3","ENSSSCG00000001536","SCUBE3","SCUBE3","Significant"
"ENSSSCT00000093179.1",1.09581934338169,-0.543539320577844,6.95400862188284,3.32803002543843e-08,5.48569721685513e-07,8.18776244163037,"ENSSSCT00000093179.1","ENSSSCG00000056488",NA,"ENSSSCG00000056488","Significant"
"ENSSSCT00000079832.2",-4.3062090300503,-0.592356479867081,-6.92701603960074,3.61518569047987e-08,5.89053044739658e-07,8.17242096682224,"ENSSSCT00000079832.2","ENSSSCG00000010575","PPRC1","PPRC1","Significant"
"ENSSSCT00000073972.2",-1.13060524169039,3.56140531234771,-6.77334257346876,5.79691743357762e-08,8.8608858886247e-07,8.14907486580233,"ENSSSCT00000073972.2","ENSSSCG00000041731",NA,"ENSSSCG00000041731","Significant"
"ENSSSCT00000045547.3",-2.36599426841515,4.9062025579575,-6.83444944699451,4.80361331520456e-08,7.51538832125437e-07,8.14049331416685,"ENSSSCT00000045547.3","ENSSSCG00000028355","ACTG1","ACTG1","Significant"
"ENSSSCT00000090665.2",-1.56411813189726,3.17949341792094,-6.74181083895218,6.38794409633014e-08,9.61997825943408e-07,8.13169540381133,"ENSSSCT00000090665.2","ENSSSCG00000008642","ASAP2","ASAP2","Significant"
"ENSSSCT00000009903.4",-1.0389948660368,4.81667265573634,-6.80649045678951,5.23483593537304e-08,8.09661246854377e-07,8.04855746662822,"ENSSSCT00000009903.4","ENSSSCG00000009043","ABCE1","ABCE1","Significant"
"ENSSSCT00000062153.3",-1.71076609939955,2.1420858896649,-6.68873641505135,7.52306661066102e-08,1.10288697740104e-06,8.04154759099055,"ENSSSCT00000062153.3","ENSSSCG00000023539","MBOAT2","MBOAT2","Significant"
"ENSSSCT00000086986.2",1.3429115785508,3.4102848960263,6.72684480634406,6.68934270707417e-08,9.98166268290372e-07,8.01431826020775,"ENSSSCT00000086986.2","ENSSSCG00000011199","TBC1D5","TBC1D5","Significant"
"ENSSSCT00000003764.5",-1.02856696152475,2.98767449176995,-6.70451180550818,7.16594233122577e-08,1.05843404561554e-06,8.0138902344192,"ENSSSCT00000003764.5","ENSSSCG00000003393","TMEM201","TMEM201","Significant"
"ENSSSCT00000107014.1",1.2669235963264,4.96158441501973,6.79804206602777,5.37265827221805e-08,8.2705453402926e-07,7.99589288928043,"ENSSSCT00000107014.1","ENSSSCG00000051899","B2M","B2M","Significant"
"ENSSSCT00000047127.2",1.89102024427748,-0.460211447108225,6.86498489270218,4.37340387192863e-08,6.9084525116454e-07,7.98015702405613,"ENSSSCT00000047127.2","ENSSSCG00000000289","NFE2","NFE2","Significant"
"ENSSSCT00000036455.4",-1.26042925972599,3.44293390890537,-6.70481106993456,7.15933510358751e-08,1.05812765964355e-06,7.97125394344816,"ENSSSCT00000036455.4","ENSSSCG00000012160","SH3KBP1","SH3KBP1","Significant"
"ENSSSCT00000072662.2",-2.21935712732789,-0.68386340703118,-6.84856824003519,4.5996360982051e-08,7.22382154845274e-07,7.96976757252917,"ENSSSCT00000072662.2","ENSSSCG00000011552","TTLL3","TTLL3","Significant"
"ENSSSCT00000053174.3",1.04855126903486,1.53268499878364,6.66913693760004,7.9918243392071e-08,1.16427810882711e-06,7.96127459003076,"ENSSSCT00000053174.3","ENSSSCG00000005272","NMRK1","NMRK1","Significant"
"ENSSSCT00000014547.5",1.04291983417015,1.79099295330187,6.66205882050475,8.16824384252462e-08,1.1862691413883e-06,7.9607544954229,"ENSSSCT00000014547.5","ENSSSCG00000013321","ELP4","ELP4","Significant"
"ENSSSCT00000096856.1",-1.85057428206777,0.865285186605888,-6.70485525982526,7.1583599889587e-08,1.05812765964355e-06,7.9607412984478,"ENSSSCT00000096856.1","ENSSSCG00000014800",NA,"ENSSSCG00000014800","Significant"
"ENSSSCT00000069044.2",1.19365356734718,2.04422011774473,6.65891623475537,8.24782305260582e-08,1.19410312081332e-06,7.95357091534328,"ENSSSCT00000069044.2","ENSSSCG00000041717",NA,"ENSSSCG00000041717","Significant"
"ENSSSCT00000076066.2",1.7361964117605,-1.83440935447064,7.00637183555458,2.83484020764518e-08,4.78232600170783e-07,7.95127598459319,"ENSSSCT00000076066.2","ENSSSCG00000001612",NA,"ENSSSCG00000001612","Significant"
"ENSSSCT00000068602.2",-1.12027625933751,1.21413138425406,-6.66215643504011,8.16578437727686e-08,1.1862691413883e-06,7.92382812592144,"ENSSSCT00000068602.2","ENSSSCG00000016549","MKLN1","MKLN1","Significant"
"ENSSSCT00000076657.2",1.36419493972837,3.02091997412746,6.66164684100564,8.17863216445685e-08,1.18724898971483e-06,7.90924149640102,"ENSSSCT00000076657.2","ENSSSCG00000029649","IFT46","IFT46","Significant"
"ENSSSCT00000068913.1",-1.05809079558819,4.12303367924288,-6.72972474585635,6.63025183622346e-08,9.90255294861336e-07,7.90449917808495,"ENSSSCT00000068913.1","ENSSSCG00000016794","MYO10","MYO10","Significant"
"ENSSSCT00000090657.2",3.89690513857859,-3.0122606649444,6.94386987746672,3.43309035140635e-08,5.63323995054115e-07,7.90402117221116,"ENSSSCT00000090657.2","ENSSSCG00000008484","SRSF7","SRSF7","Significant"
"ENSSSCT00000105156.1",-1.06917416317494,0.937765493372058,-6.6636109684243,8.12922457713422e-08,1.18218215036969e-06,7.88518962047717,"ENSSSCT00000105156.1","ENSSSCG00000056261",NA,"ENSSSCG00000056261","Significant"
"ENSSSCT00000036275.4",-1.01063383932389,1.0264272621729,-6.65190025612184,8.42831461873207e-08,1.21645316436096e-06,7.86195056504503,"ENSSSCT00000036275.4","ENSSSCG00000012269","CDK16","CDK16","Significant"
"ENSSSCT00000092943.1",-1.14475464077972,0.0321257264008867,-6.69844895954641,7.30112902121839e-08,1.07469982215713e-06,7.79185122229935,"ENSSSCT00000092943.1","ENSSSCG00000057514",NA,"ENSSSCG00000057514","Significant"
"ENSSSCT00000044959.3",-1.94505492824758,7.17349597907297,-6.7981336089521,5.37114547664404e-08,8.2705453402926e-07,7.78593985792604,"ENSSSCT00000044959.3","ENSSSCG00000039094","PLEC","PLEC","Significant"
"ENSSSCT00000057916.3",-1.0104093744131,4.99040096330876,-6.72047390798067,6.82195215225226e-08,1.01470313855854e-06,7.75342055651527,"ENSSSCT00000057916.3","ENSSSCG00000033669","RDH10","RDH10","Significant"
"ENSSSCT00000104169.1",-1.49977283130643,3.0958288120478,-6.60138649122408,9.85069141328852e-08,1.39035473090415e-06,7.69804863275878,"ENSSSCT00000104169.1","ENSSSCG00000053466","CIRBP","CIRBP","Significant"
"ENSSSCT00000084142.2",1.28616541157487,2.51063674428437,6.57582197858357,1.06602322812347e-07,1.48532569785203e-06,7.68598464495449,"ENSSSCT00000084142.2","ENSSSCG00000023924","PDE1A","PDE1A","Significant"
"ENSSSCT00000046388.2",1.3049577758966,3.30317885190091,6.59816633450345,9.94915766445334e-08,1.40121959607705e-06,7.66558429148249,"ENSSSCT00000046388.2","ENSSSCG00000025425","FCSK","FCSK","Significant"
"ENSSSCT00000059264.2",-2.71980770304639,1.82418305452708,-6.56531806487253,1.10119550820867e-07,1.5284537398738e-06,7.66095476203402,"ENSSSCT00000059264.2","ENSSSCG00000036756","ZNF496","ZNF496","Significant"
"ENSSSCT00000098892.1",1.09774269284827,0.329247114316087,6.62412092193238,9.18285242045081e-08,1.30627277624947e-06,7.65859105954372,"ENSSSCT00000098892.1","ENSSSCG00000058313",NA,"ENSSSCG00000058313","Significant"
"ENSSSCT00000001927.5",-1.2889155402451,1.92409928452489,-6.55719496249851,1.12919417823937e-07,1.56465138067644e-06,7.65118735106547,"ENSSSCT00000001927.5","ENSSSCG00000001723","PLA2G7","PLA2G7","Significant"
"ENSSSCT00000065474.2",5.11169632359404,-1.38669939117519,6.80809359353877,5.20908801040015e-08,8.06443995684172e-07,7.63450353268738,"ENSSSCT00000065474.2","ENSSSCG00000003971","SCMH1","SCMH1","Significant"
"ENSSSCT00000055076.2",-1.23288969537891,3.33774759248984,-6.59073116392643,1.01803104778759e-07,1.43068466733046e-06,7.62945797164455,"ENSSSCT00000055076.2","ENSSSCG00000011684","U2SURP","U2SURP","Significant"
"ENSSSCT00000037566.3",1.00357893980135,4.43110254643902,6.65269475844863,8.40767744143923e-08,1.21454991271903e-06,7.62855402423605,"ENSSSCT00000037566.3","ENSSSCG00000010219","ARID5B","ARID5B","Significant"
"ENSSSCT00000060122.1",-3.10272164657846,-2.1770741306386,-6.88785634908139,4.07678017154195e-08,6.50927231699088e-07,7.61961207736672,"ENSSSCT00000060122.1","ENSSSCG00000028530","TMEM52","TMEM52","Significant"
"ENSSSCT00000005633.4",1.0810955173472,6.38621068466719,6.73311171127745,6.56142982197493e-08,9.81325036310415e-07,7.60588731301573,"ENSSSCT00000005633.4","ENSSSCG00000005110","SYNE2","SYNE2","Significant"
"ENSSSCT00000036941.3",2.06507724697605,2.4956023927854,6.53912150283653,1.19408577482303e-07,1.64009234214479e-06,7.59948515763748,"ENSSSCT00000036941.3","ENSSSCG00000017676","BCAS3","BCAS3","Significant"
"ENSSSCT00000094045.1",1.04742822968829,1.44979877521111,6.54045590028343,1.18916903007173e-07,1.63589075211763e-06,7.57961747489696,"ENSSSCT00000094045.1","ENSSSCG00000034174",NA,"ENSSSCG00000034174","Significant"
"ENSSSCT00000052103.3",-3.84583404077161,-1.16652842509106,-6.68524618649481,7.60446860538704e-08,1.11281909519766e-06,7.57234759798859,"ENSSSCT00000052103.3","ENSSSCG00000008144","NCK2","NCK2","Significant"
"ENSSSCT00000011955.4",1.2408040774963,2.64214389403106,6.53792275036245,1.1985201497697e-07,1.64394408763531e-06,7.56950247354655,"ENSSSCT00000011955.4","ENSSSCG00000010923","UBE2T","UBE2T","Significant"
"ENSSSCT00000072089.2",-1.32732584792635,5.02641231132557,-6.65319605598289,8.39468242347191e-08,1.21321022045602e-06,7.56144780501253,"ENSSSCT00000072089.2","ENSSSCG00000016406","ESYT2","ESYT2","Significant"
"ENSSSCT00000103659.1",-1.18150010377741,0.527127240720112,-6.5881423127752,1.026205736493e-07,1.43969069847752e-06,7.55738926565556,"ENSSSCT00000103659.1","ENSSSCG00000061837",NA,"ENSSSCG00000061837","Significant"
"ENSSSCT00000007187.4",1.35017488194308,2.73619953613355,6.53358862480483,1.21469139862893e-07,1.66193027112454e-06,7.5542187708873,"ENSSSCT00000007187.4","ENSSSCG00000006560","CREB3L4","CREB3L4","Significant"
"ENSSSCT00000050612.3",-2.2448922815052,-2.51696005525161,-6.88539003981966,4.10776582705879e-08,6.54912454892053e-07,7.54378341156476,"ENSSSCT00000050612.3","ENSSSCG00000041322","ALPK3","ALPK3","Significant"
"ENSSSCT00000039635.3",-1.41922534398813,3.81621995128043,-6.57803200256266,1.05876807952823e-07,1.47711058900035e-06,7.53874315002898,"ENSSSCT00000039635.3","ENSSSCG00000022126","EGFR","EGFR","Significant"
"ENSSSCT00000080142.2",-2.61615916661489,-3.67459497594837,-6.96698817132632,3.19824776164199e-08,5.29856046852517e-07,7.51488423401287,"ENSSSCT00000080142.2","ENSSSCG00000049642",NA,"ENSSSCG00000049642","Significant"
"ENSSSCT00000071892.2",-1.84616964686588,3.47238328189571,-6.54032828014361,1.18963837972975e-07,1.63589075211763e-06,7.50255480355571,"ENSSSCT00000071892.2","ENSSSCG00000011615","RAB7A","RAB7A","Significant"
"ENSSSCT00000051175.3",1.05118028344235,3.4148980670402,6.54653300181824,1.16703346088691e-07,1.60819775818922e-06,7.50097215090833,"ENSSSCT00000051175.3","ENSSSCG00000037557","DRC3","DRC3","Significant"
"ENSSSCT00000007009.4",1.02937809277311,5.03191722924987,6.62821566804066,9.0674995472135e-08,1.29268366959925e-06,7.45074693242905,"ENSSSCT00000007009.4","ENSSSCG00000006396","IGSF9","IGSF9","Significant"
"ENSSSCT00000043229.3",1.24896850011283,4.9329201735444,6.6103324466636,9.58225556079367e-08,1.3559889770144e-06,7.42310411100521,"ENSSSCT00000043229.3","ENSSSCG00000011047","FAM171A1","FAM171A1","Significant"
"ENSSSCT00000080756.1",-2.36120958927899,3.65954676487488,-6.51395377462448,1.29074516104679e-07,1.75274699003621e-06,7.42022903319929,"ENSSSCT00000080756.1","ENSSSCG00000007032","PLAT","PLAT","Significant"
"ENSSSCT00000029534.3",-1.13121984242809,2.54176488705001,-6.48458502150948,1.41353485752774e-07,1.89814211263734e-06,7.41705215224891,"ENSSSCT00000029534.3","ENSSSCG00000009242","LIN54","LIN54","Significant"
"ENSSSCT00000017050.3",-2.96887958393861,-2.47588815204143,-6.88878402005131,4.06518635883454e-08,6.50031074268962e-07,7.41406720709937,"ENSSSCT00000017050.3","ENSSSCG00000015653","IL19","IL19","Significant"
"ENSSSCT00000049253.3",-2.12542128288987,2.01367016433576,-6.47626375323106,1.45041478583082e-07,1.93796786187293e-06,7.41172362532427,"ENSSSCT00000049253.3","ENSSSCG00000015659","YOD1","YOD1","Significant"
"ENSSSCT00000058369.3",1.57082252703293,1.86966475323427,6.47590738134467,1.45201565250978e-07,1.93863711443198e-06,7.4098540874257,"ENSSSCT00000058369.3","ENSSSCG00000033444","SPC24","SPC24","Significant"
"ENSSSCT00000106539.1",-1.38614954340183,0.583041817204239,-6.52008104825493,1.26651132965942e-07,1.72342802137795e-06,7.40693161178759,"ENSSSCT00000106539.1","ENSSSCG00000060759",NA,"ENSSSCG00000060759","Significant"
"ENSSSCT00000007226.4",-3.56123020302567,-1.76953533189185,-6.69941557128145,7.2794051513588e-08,1.07198611361745e-06,7.38672827419604,"ENSSSCT00000007226.4","ENSSSCG00000006595","IVL","IVL","Significant"
"ENSSSCT00000098629.1",-1.48517275750318,3.87472653494056,-6.52557594550459,1.24516792946908e-07,1.69721802560242e-06,7.37949764777228,"ENSSSCT00000098629.1","ENSSSCG00000028019","LRRC59","LRRC59","Significant"
"ENSSSCT00000041159.3",1.00389521184009,1.66095149864441,6.46107888845343,1.52022566578184e-07,2.01649461379785e-06,7.36471428408241,"ENSSSCT00000041159.3","ENSSSCG00000008096","ZC3H6","ZC3H6","Significant"
"ENSSSCT00000088002.2",1.28986234626523,0.979080192860273,6.46628015472063,1.49594100487828e-07,1.99157454157009e-06,7.29909984383865,"ENSSSCT00000088002.2","ENSSSCG00000013043","MACROD1","MACROD1","Significant"
"ENSSSCT00000045856.3",1.06583220655464,5.54812642563307,6.58538385843479,1.03498865284768e-07,1.44951761329235e-06,7.25326647521814,"ENSSSCT00000045856.3","ENSSSCG00000038943","TOM1","TOM1","Significant"
"ENSSSCT00000093705.1",1.92263166574834,-1.78872255225142,6.68811396810901,7.53751930111976e-08,1.10351719485276e-06,7.23751064494544,"ENSSSCT00000093705.1","ENSSSCG00000057139",NA,"ENSSSCG00000057139","Significant"
"ENSSSCT00000049397.3",2.69031546471845,-2.1012170655027,6.7369363663828,6.48457830643692e-08,9.72507778762968e-07,7.23681974622347,"ENSSSCT00000049397.3","ENSSSCG00000054784",NA,"ENSSSCG00000054784","Significant"
"ENSSSCT00000045697.3",1.68849579941599,3.28435935407157,6.44987003458102,1.57391543795683e-07,2.07756837810302e-06,7.23058311321653,"ENSSSCT00000045697.3","ENSSSCG00000035025","ADGRV1","ADGRV1","Significant"
"ENSSSCT00000005852.5",2.78624806206319,1.15957291548591,6.44288275977667,1.60834430576468e-07,2.11701484639288e-06,7.22864946945227,"ENSSSCT00000005852.5","ENSSSCG00000005314","ARHGEF39","ARHGEF39","Significant"
"ENSSSCT00000054429.3",1.20810922357264,3.1798771400636,6.43036619222407,1.67192162094832e-07,2.18657571317284e-06,7.17272800394373,"ENSSSCT00000054429.3","ENSSSCG00000039160","RTEL1","RTEL1","Significant"
"ENSSSCT00000086597.2",1.53342363822449,-0.286449195380841,6.53851930573965,1.19631133089869e-07,1.64160499295542e-06,7.16182746720998,"ENSSSCT00000086597.2","ENSSSCG00000048933",NA,"ENSSSCG00000048933","Significant"
"ENSSSCT00000024173.4",1.04087596226112,2.70431684529821,6.40607576205884,1.80260192440443e-07,2.33278366886271e-06,7.1478658898599,"ENSSSCT00000024173.4","ENSSSCG00000030345","INPP5J","INPP5J","Significant"
"ENSSSCT00000104669.1",1.24277444398167,0.267292962472971,6.46466723202698,1.50342971985534e-07,1.99587812124977e-06,7.144090729517,"ENSSSCT00000104669.1","ENSSSCG00000062098","TMEM218","TMEM218","Significant"
"ENSSSCT00000081840.2",1.04341201728745,4.17208434815787,6.44954876039065,1.57548210523087e-07,2.07879476159236e-06,7.07464656224021,"ENSSSCT00000081840.2","ENSSSCG00000007167","VPS16","VPS16","Significant"
"ENSSSCT00000033087.3",1.50666989021712,2.09719240198254,6.35516009036559,2.11080045895588e-07,2.67368058134412e-06,7.05447908267368,"ENSSSCT00000033087.3","ENSSSCG00000010122","CDC45","CDC45","Significant"
"ENSSSCT00000004888.5",1.03633672830204,2.75448781464154,6.37460847224215,1.98727549275874e-07,2.53891575885211e-06,7.04722645243866,"ENSSSCT00000004888.5","ENSSSCG00000004423","TUBE1","TUBE1","Significant"
"ENSSSCT00000051038.3",-1.65936950137649,2.01351005497292,-6.34600266480496,2.17160575813779e-07,2.73899551792358e-06,7.02726319749222,"ENSSSCT00000051038.3","ENSSSCG00000016690","CREB5","CREB5","Significant"
"ENSSSCT00000073528.2",1.25352452209943,-0.188355207401461,6.4299347574501,1.67415754493865e-07,2.18862199659903e-06,6.95355978159215,"ENSSSCT00000073528.2","ENSSSCG00000047676",NA,"ENSSSCG00000047676","Significant"
"ENSSSCT00000062219.2",2.61496144568085,-1.21447811927227,6.56050453947302,1.11770132600131e-07,1.55070357587007e-06,6.93569741961687,"ENSSSCT00000062219.2","ENSSSCG00000038027","PNPLA4","PNPLA4","Significant"
"ENSSSCT00000019373.4",1.9320910436257,-1.59069091677587,6.57162118733079,1.07995189978268e-07,1.50152459447823e-06,6.92922588224068,"ENSSSCT00000019373.4","ENSSSCG00000017801","TRARG1","TRARG1","Significant"
"ENSSSCT00000078159.1",-3.8095549050715,-0.667045470416482,-6.47615124506006,1.45091999473433e-07,1.93796786187293e-06,6.92820443302304,"ENSSSCT00000078159.1","ENSSSCG00000014998","AASDHPPT","AASDHPPT","Significant"
"ENSSSCT00000002222.5",1.1043158750223,2.15373662805815,6.31183249434357,2.41444327022459e-07,3.01010045546753e-06,6.91418785522388,"ENSSSCT00000002222.5","ENSSSCG00000001986","NFATC4","NFATC4","Significant"
"ENSSSCT00000036153.5",1.59323356458915,-0.526576079242534,6.45535065083038,1.54742956307102e-07,2.0484122401286e-06,6.88232088864613,"ENSSSCT00000036153.5","ENSSSCG00000000157","BPIFC","BPIFC","Significant"
"ENSSSCT00000028863.3",1.05169908669746,1.10305209097401,6.31076466204608,2.42245648833658e-07,3.01668931801452e-06,6.88226794597701,"ENSSSCT00000028863.3","ENSSSCG00000022758","PECR","PECR","Significant"
"ENSSSCT00000002139.6",1.65803553778512,2.57248672744521,6.3031945752371,2.48003482517617e-07,3.07799982641963e-06,6.87878126618936,"ENSSSCT00000002139.6","ENSSSCG00000001910","ISLR","ISLR","Significant"
"ENSSSCT00000037506.3",2.07576080087282,-0.643963712053871,6.4215797167326,1.71805530822322e-07,2.23703974717691e-06,6.85104647233079,"ENSSSCT00000037506.3","ENSSSCG00000017861","ASPA","ASPA","Significant"
"ENSSSCT00000089457.2",1.25355788055982,2.24825191996719,6.29388759190539,2.55271097252927e-07,3.15977936781869e-06,6.85075164838208,"ENSSSCT00000089457.2","ENSSSCG00000016943","ADAMTS6","ADAMTS6","Significant"
"ENSSSCT00000057584.1",1.3700399606211,-0.29936507737055,6.41100250815554,1.77529157976075e-07,2.30145553346002e-06,6.85050300666293,"ENSSSCT00000057584.1","ENSSSCG00000040025","NANOS1","NANOS1","Significant"
"ENSSSCT00000002700.5",1.2745511576659,0.417085909583198,6.34951911537265,2.14805116121843e-07,2.71558976581488e-06,6.84402407181374,"ENSSSCT00000002700.5","ENSSSCG00000002430","EFCAB11","EFCAB11","Significant"
"ENSSSCT00000095446.1",1.09818388616557,2.70831192064657,6.30467140161269,2.46869514479047e-07,3.06742898249804e-06,6.83466489349254,"ENSSSCT00000095446.1","ENSSSCG00000052586","ADRB2","ADRB2","Significant"
"ENSSSCT00000062560.2",-1.96240715952699,3.88428922675869,-6.32855044026322,2.29240322275147e-07,2.88021251154485e-06,6.81704775115042,"ENSSSCT00000062560.2","ENSSSCG00000004565","CA12","CA12","Significant"
"ENSSSCT00000089555.1",-1.17385138531,0.473598763918671,-6.30297614229407,2.48171647743522e-07,3.07891491743903e-06,6.77997473777858,"ENSSSCT00000089555.1","ENSSSCG00000012000","GBE1","GBE1","Significant"
"ENSSSCT00000098218.1",1.30134040261342,-0.523662269625024,6.39073542033865,1.89037122988074e-07,2.42939154824721e-06,6.7579757739714,"ENSSSCT00000098218.1","ENSSSCG00000054796","LRRC31","LRRC31","Significant"
"ENSSSCT00000060783.2",1.06954935132869,2.90577160799718,6.27184441893926,2.7334871964559e-07,3.34921520305329e-06,6.7269105931084,"ENSSSCT00000060783.2","ENSSSCG00000008877","ETFDH","ETFDH","Significant"
"ENSSSCT00000031278.4",-1.49078903101339,-1.08441218029846,-6.42831135490401,1.68259783941314e-07,2.19780424599418e-06,6.70952823465949,"ENSSSCT00000031278.4","ENSSSCG00000020838",NA,"ENSSSCG00000020838","Significant"
"ENSSSCT00000048968.3",1.4422266032158,4.98967177060665,6.37496080229658,1.98510597754148e-07,2.53759985211141e-06,6.7056474070717,"ENSSSCT00000048968.3","ENSSSCG00000001792","EFL1","EFL1","Significant"
"ENSSSCT00000089918.2",1.32878326894488,-0.691641570739279,6.39656380871959,1.85652950055914e-07,2.39250149550317e-06,6.66919889839374,"ENSSSCT00000089918.2","ENSSSCG00000051671",NA,"ENSSSCG00000051671","Significant"
"ENSSSCT00000057246.3",1.63842438303879,0.135685019225891,6.29069364291119,2.57814155820462e-07,3.1851342907986e-06,6.66806306907696,"ENSSSCT00000057246.3","ENSSSCG00000000435","ARHGEF25","ARHGEF25","Significant"
"ENSSSCT00000023287.3",1.10586743599734,3.46287935290105,6.27323577759333,2.72170580141661e-07,3.33612988397594e-06,6.63405259099816,"ENSSSCT00000023287.3","ENSSSCG00000020809","B3GAT3","B3GAT3","Significant"
"ENSSSCT00000040629.3",2.75548305585205,0.546834635899083,6.29141534078588,2.57237316287435e-07,3.18049505507605e-06,6.63026134859639,"ENSSSCT00000040629.3","ENSSSCG00000016943","ADAMTS6","ADAMTS6","Significant"
"ENSSSCT00000025519.4",-1.83240798488678,0.663621942410146,-6.23456312728223,3.06896645839206e-07,3.69909731642938e-06,6.60951497305072,"ENSSSCT00000025519.4","ENSSSCG00000026360","CLGN","CLGN","Significant"
"ENSSSCT00000010338.5",-1.08662321673684,2.84805530275804,-6.23317367102713,3.0822388486017e-07,3.71235003397894e-06,6.60441977345102,"ENSSSCT00000010338.5","ENSSSCG00000009431","DGKH","DGKH","Significant"
"ENSSSCT00000060301.3",1.24885893990569,4.45044171616295,6.3117354012525,2.41517077398572e-07,3.01010045546753e-06,6.58860119297811,"ENSSSCT00000060301.3","ENSSSCG00000010621","ADD3","ADD3","Significant"
"ENSSSCT00000027982.4",-1.2528647672031,-0.0394311171701923,-6.26407956573567,2.80018286595597e-07,3.41297802473378e-06,6.54809972469017,"ENSSSCT00000027982.4","ENSSSCG00000022869","BCAP29","BCAP29","Significant"
"ENSSSCT00000005863.5",1.35618340177755,-0.243727328432907,6.30153673804245,2.49282670461701e-07,3.09034683944231e-06,6.54674931557922,"ENSSSCT00000005863.5","ENSSSCG00000005324","FAM221B","FAM221B","Significant"
"ENSSSCT00000106747.1",1.1371818559956,-0.315377984076298,6.27933236296767,2.67068078974691e-07,3.2821287775691e-06,6.50983250280696,"ENSSSCT00000106747.1","ENSSSCG00000062471",NA,"ENSSSCG00000062471","Significant"
"ENSSSCT00000084355.1",2.09300785337543,-0.836550176868819,6.359968846641,2.07955813486537e-07,2.63718060790161e-06,6.50741430022775,"ENSSSCT00000084355.1","ENSSSCG00000048711",NA,"ENSSSCG00000048711","Significant"
"ENSSSCT00000084094.1",-1.15477589102281,5.58765741630508,-6.34438888169819,2.18250220492399e-07,2.7503908120022e-06,6.50257749256976,"ENSSSCT00000084094.1","ENSSSCG00000003079",NA,"ENSSSCG00000003079","Significant"
"ENSSSCT00000094828.1",1.15901189536194,1.75696739121688,6.15045685122076,3.98554530566025e-07,4.65751681525974e-06,6.44979912902003,"ENSSSCT00000094828.1","ENSSSCG00000038077","PPP1R14A","PPP1R14A","Significant"
"ENSSSCT00000056374.2",1.03299781950986,0.744235469861178,6.16521595020026,3.8068375680968e-07,4.47272548000822e-06,6.42923559503012,"ENSSSCT00000056374.2","ENSSSCG00000032124","GABRR3","GABRR3","Significant"
"ENSSSCT00000080112.1",-1.19362804946751,1.54902975614479,-6.14100778885686,4.10435164196771e-07,4.77410920209473e-06,6.42155909726421,"ENSSSCT00000080112.1","ENSSSCG00000008900","SRP72","SRP72","Significant"
"ENSSSCT00000046340.3",1.13878554290413,2.05084530668218,6.14029973831401,4.11339597319519e-07,4.78121790766687e-06,6.41323783448903,"ENSSSCT00000046340.3","ENSSSCG00000036454","TMEM220","TMEM220","Significant"
"ENSSSCT00000087343.2",-1.42821814927523,0.994807592099673,-6.1433559187884,4.07450015343251e-07,4.74615944989331e-06,6.39892219096053,"ENSSSCT00000087343.2","ENSSSCG00000006904","GLMN","GLMN","Significant"
"ENSSSCT00000101523.1",1.99923489016403,-1.77592659270895,6.35489982281484,2.11250479483486e-07,2.67480024585615e-06,6.39525149846745,"ENSSSCT00000101523.1","ENSSSCG00000061160",NA,"ENSSSCG00000061160","Significant"
"ENSSSCT00000026401.4",-1.41798884954602,2.0868040675922,-6.12475929858297,4.31701539495367e-07,4.97532590799114e-06,6.36904961471665,"ENSSSCT00000026401.4","ENSSSCG00000023915","SLC2A4","SLC2A4","Significant"
"ENSSSCT00000038406.3",-1.30492714574014,3.51402459539734,-6.16776143752151,3.77683892979761e-07,4.44709485255043e-06,6.36635536437875,"ENSSSCT00000038406.3","ENSSSCG00000031175","FNIP2","FNIP2","Significant"
"ENSSSCT00000012975.5",-1.34213763337794,6.65943406394658,-6.33112996564118,2.27413249813203e-07,2.8594607006979e-06,6.33681479015007,"ENSSSCT00000012975.5","ENSSSCG00000011862","MUC13","MUC13","Significant"
"ENSSSCT00000003415.3",-1.01662520732087,1.54183281972881,-6.11257069019982,4.48376635405828e-07,5.13663802556979e-06,6.33639639155254,"ENSSSCT00000003415.3","ENSSSCG00000003078","CEACAM19","CEACAM19","Significant"
"ENSSSCT00000028843.4",1.15285733407829,2.01950940420573,6.09879943609794,4.67995417540247e-07,5.33855306190317e-06,6.29497066692659,"ENSSSCT00000028843.4","ENSSSCG00000021588","DAPK2","DAPK2","Significant"
"ENSSSCT00000056034.2",-1.01553047004341,2.27614685737964,-6.10598939725816,4.57647404463962e-07,5.23181485804454e-06,6.28346994959196,"ENSSSCT00000056034.2","ENSSSCG00000016509","LUC7L2","LUC7L2","Significant"
"ENSSSCT00000090413.1",1.0862854198496,1.94973106145526,6.09371679231477,4.75451750223637e-07,5.40880281377929e-06,6.28194628764003,"ENSSSCT00000090413.1","ENSSSCG00000026248",NA,"ENSSSCG00000026248","Significant"
"ENSSSCT00000086580.2",1.38656163782054,0.863113737854449,6.11147535684383,4.4990641533541e-07,5.14873596546006e-06,6.26968923952583,"ENSSSCT00000086580.2","ENSSSCG00000039269","SHLD1","SHLD1","Significant"
"ENSSSCT00000039802.3",1.46690172147385,2.00291373700263,6.09179663809164,4.78299549660998e-07,5.43740534070682e-06,6.26841763667785,"ENSSSCT00000039802.3","ENSSSCG00000017227","FDXR","FDXR","Significant"
"ENSSSCT00000039987.2",-3.1691209998055,-3.49607619686221,-6.48096329856403,1.42946907013803e-07,1.91510585419585e-06,6.25457244769634,"ENSSSCT00000039987.2","ENSSSCG00000039966","NXPH4","NXPH4","Significant"
"ENSSSCT00000071533.2",1.92902233906874,-1.08999435317689,6.24324548340614,2.98731995696916e-07,3.6140474907986e-06,6.25106098272907,"ENSSSCT00000071533.2","ENSSSCG00000050527",NA,"ENSSSCG00000050527","Significant"
"ENSSSCT00000050570.3",1.3901147080034,2.39552572013373,6.08452524332639,4.8923969927807e-07,5.54116610749362e-06,6.23819680292615,"ENSSSCT00000050570.3","ENSSSCG00000038428","PAXX","PAXX","Significant"
"ENSSSCT00000093670.1",-1.11303953972428,3.5097700361573,-6.1438754457725,4.06792494556333e-07,4.74019388581655e-06,6.23498752644835,"ENSSSCT00000093670.1","ENSSSCG00000027176","SACM1L","SACM1L","Significant"
"ENSSSCT00000054103.3",2.1094864694988,2.04928650373796,6.07716430113563,5.00570138644605e-07,5.64726256068121e-06,6.23085747992785,"ENSSSCT00000054103.3","ENSSSCG00000010861","COQ8A","COQ8A","Significant"
"ENSSSCT00000076505.2",1.6699961985325,-1.71339313783569,6.29411065399021,2.55094436461443e-07,3.15879187481538e-06,6.21432913117806,"ENSSSCT00000076505.2","ENSSSCG00000041170",NA,"ENSSSCG00000041170","Significant"
"ENSSSCT00000081408.2",2.4064406318428,1.62634891734595,6.06783212055669,5.15313795848916e-07,5.7898406968539e-06,6.19642498541297,"ENSSSCT00000081408.2","ENSSSCG00000051049",NA,"ENSSSCG00000051049","Significant"
"ENSSSCT00000061846.3",1.05873174658864,3.17279628697399,6.08359657772655,4.90654867324051e-07,5.55076727766598e-06,6.1705725256735,"ENSSSCT00000061846.3","ENSSSCG00000009524","TMTC4","TMTC4","Significant"
"ENSSSCT00000104285.1",1.07744303427595,-0.341759438050511,6.15167639237906,3.97046504937077e-07,4.64322247021824e-06,6.15515045980802,"ENSSSCT00000104285.1","ENSSSCG00000052091",NA,"ENSSSCG00000052091","Significant"
"ENSSSCT00000043312.2",-1.34357560268438,5.34277154208465,-6.20493444715901,3.3648259764355e-07,4.01268420393939e-06,6.12131531529862,"ENSSSCT00000043312.2","ENSSSCG00000012006",NA,"ENSSSCG00000012006","Significant"
"ENSSSCT00000048541.2",-1.52004472639775,4.32473582659189,-6.14738607148014,4.02377202918743e-07,4.69377686009399e-06,6.10767176397268,"ENSSSCT00000048541.2","ENSSSCG00000035669",NA,"ENSSSCG00000035669","Significant"
"ENSSSCT00000066386.3",-3.66946619373605,-0.883454704731941,-6.12387441618913,4.32890918400508e-07,4.98295922484136e-06,6.06717302213307,"ENSSSCT00000066386.3","ENSSSCG00000005585","DENND1A","DENND1A","Significant"
"ENSSSCT00000014507.5",1.05805059548031,-0.306759099831816,6.12157277162462,4.35999993829133e-07,5.01246255247005e-06,6.05824111571348,"ENSSSCT00000014507.5","ENSSSCG00000057793","ACCSL","ACCSL","Significant"
"ENSSSCT00000101025.1",2.05512642818422,-1.19729659527796,6.18291539515188,3.60309358032081e-07,4.27027492158414e-06,6.042338233073,"ENSSSCT00000101025.1","ENSSSCG00000055319",NA,"ENSSSCG00000055319","Significant"
"ENSSSCT00000069878.2",1.32882147341629,0.182049081370693,6.05952948671276,5.28796449021002e-07,5.91453839584245e-06,6.01027327532305,"ENSSSCT00000069878.2","ENSSSCG00000000983",NA,"ENSSSCG00000000983","Significant"
"ENSSSCT00000057451.3",-1.06411114855981,2.43191519860153,-6.002847073059,6.30787428124642e-07,6.88062673354829e-06,5.96132199817719,"ENSSSCT00000057451.3","ENSSSCG00000010494","SORBS1","SORBS1","Significant"
"ENSSSCT00000051284.3",-5.09245645807493,-1.59745572131809,-6.13812739623494,4.14126946363922e-07,4.81018701790143e-06,5.95463513111943,"ENSSSCT00000051284.3","ENSSSCG00000011720","MBNL1","MBNL1","Significant"
"ENSSSCT00000013435.5",1.96751501855212,-2.12871204263094,6.23992591258449,3.01827566880109e-07,3.64473555205892e-06,5.94901624380495,"ENSSSCT00000013435.5","ENSSSCG00000012286","ZNF630","ZNF630","Significant"
"ENSSSCT00000100681.1",-1.06936877041859,-0.162684868628538,-6.04845905819467,5.47325401519981e-07,6.08628833259122e-06,5.92581444719095,"ENSSSCT00000100681.1","ENSSSCG00000055669",NA,"ENSSSCG00000055669","Significant"
"ENSSSCT00000105734.1",1.37903467119335,-0.472524805087755,6.06804537719842,5.14972065309627e-07,5.78970662667416e-06,5.90968355874949,"ENSSSCT00000105734.1","ENSSSCG00000061150",NA,"ENSSSCG00000061150","Significant"
"ENSSSCT00000092709.1",-1.00355043459522,-0.0992757035951095,-6.02247732434662,5.93408280142814e-07,6.52308953667442e-06,5.89900142072152,"ENSSSCT00000092709.1","ENSSSCG00000058036",NA,"ENSSSCG00000058036","Significant"
"ENSSSCT00000087563.2",-1.61084499228692,1.82332576224445,-5.95684464260676,7.27888717961416e-07,7.79891020716858e-06,5.87757221879171,"ENSSSCT00000087563.2","ENSSSCG00000022952","NMD3","NMD3","Significant"
"ENSSSCT00000039500.3",-1.00683770404454,3.77015469016611,-6.03098664735932,5.77902599100771e-07,6.37413272702352e-06,5.85277652592174,"ENSSSCT00000039500.3","ENSSSCG00000002009","PCK2","PCK2","Significant"
"ENSSSCT00000032217.3",-1.33089490273895,1.72267816179099,-5.94891053102743,7.46089777799895e-07,7.97557741488124e-06,5.85173632037922,"ENSSSCT00000032217.3","ENSSSCG00000021569","MMP25","MMP25","Significant"
"ENSSSCT00000078005.2",2.31842841283543,-0.78498460613424,6.0910112371877,4.79469307794547e-07,5.44690498652732e-06,5.84704002598538,"ENSSSCT00000078005.2","ENSSSCG00000048264",NA,"ENSSSCG00000048264","Significant"
"ENSSSCT00000104632.1",-1.8637343713746,-0.305979926822081,-6.03169340644085,5.76633152297126e-07,6.36443713523883e-06,5.84633079476889,"ENSSSCT00000104632.1","ENSSSCG00000028530","TMEM52","TMEM52","Significant"
"ENSSSCT00000036829.3",-2.23031391762497,2.06649985932971,-5.94697439349245,7.50600083646094e-07,8.0159073459539e-06,5.84214333750493,"ENSSSCT00000036829.3","ENSSSCG00000061081","MT1A","MT1A","Significant"
"ENSSSCT00000101488.1",1.89288905084222,-1.56982576768114,6.16562468056239,3.8020046100542e-07,4.4708106262443e-06,5.82635675485712,"ENSSSCT00000101488.1","ENSSSCG00000055865",NA,"ENSSSCG00000055865","Significant"
"ENSSSCT00000073865.2",-3.50049315401364,-1.62531583791443,-6.06807492378643,5.14924736655798e-07,5.78970662667416e-06,5.79834356500275,"ENSSSCT00000073865.2","ENSSSCG00000031598","CDADC1","CDADC1","Significant"
"ENSSSCT00000062724.2",-5.23056011397642,-1.71074012582012,-6.08840239730806,4.83375480399878e-07,5.48123925213497e-06,5.79402615357127,"ENSSSCT00000062724.2","ENSSSCG00000008079","FAM120A","FAM120A","Significant"
"ENSSSCT00000054137.2",1.11728019208319,5.31248454601753,6.1020350610222,4.6330988668504e-07,5.28913009295484e-06,5.78907242180845,"ENSSSCT00000054137.2","ENSSSCG00000016553","COPG2","COPG2","Significant"
"ENSSSCT00000060977.3",1.38312637029463,1.43650355335787,5.9276456673406,7.97151527971112e-07,8.45907950451236e-06,5.78884566075271,"ENSSSCT00000060977.3","ENSSSCG00000033214","GNMT","GNMT","Significant"
"ENSSSCT00000099249.1",1.61276651664589,-1.67010911373357,6.1417354191018,4.09507798759756e-07,4.76502222368419e-06,5.77807967288559,"ENSSSCT00000099249.1","ENSSSCG00000062502",NA,"ENSSSCG00000062502","Significant"
"ENSSSCT00000056039.3",-3.99278429934071,-2.02266224813811,-6.15030707705197,3.98740129727828e-07,4.65801619120247e-06,5.77541924073824,"ENSSSCT00000056039.3","ENSSSCG00000010105","SMPD4","SMPD4","Significant"
"ENSSSCT00000107067.1",-2.13038979050837,-2.38119377760031,-6.16372893723755,3.82447253720396e-07,4.48536340298554e-06,5.77257352089761,"ENSSSCT00000107067.1","ENSSSCG00000008415","ASB3","ASB3","Significant"
"ENSSSCT00000045875.3",1.51274420882796,0.459227707745135,5.95716637031046,7.27160121946883e-07,7.79366489676402e-06,5.77205911373787,"ENSSSCT00000045875.3","ENSSSCG00000033654","FANCC","FANCC","Significant"
"ENSSSCT00000071419.2",-3.23909722651223,2.16870582193558,-5.92468216635104,8.04540107586179e-07,8.52216558406101e-06,5.76523532618628,"ENSSSCT00000071419.2","ENSSSCG00000025355","ZNF146","ZNF146","Significant"
"ENSSSCT00000011201.4",1.79163194683874,-2.10900396825089,6.16915367244933,3.76053184188773e-07,4.43269631861561e-06,5.75173695098697,"ENSSSCT00000011201.4","ENSSSCG00000010234",NA,"ENSSSCG00000010234","Significant"
"ENSSSCT00000030909.4",1.12331256394817,2.14849369201963,5.9252631565079,8.03086203024097e-07,8.51295507479776e-06,5.74340722823122,"ENSSSCT00000030909.4","ENSSSCG00000030337","NYAP1","NYAP1","Significant"
"ENSSSCT00000047955.3",1.65474649412141,6.38079566991347,6.11245124155012,4.48543207759245e-07,5.13674139296888e-06,5.72538288470351,"ENSSSCT00000047955.3","ENSSSCG00000039341","SULT1E1","SULT1E1","Significant"
"ENSSSCT00000054881.2",-1.47753461989859,-0.0436935548544769,-5.95644316015761,7.28798955004198e-07,7.80609761135245e-06,5.71342855805667,"ENSSSCT00000054881.2","ENSSSCG00000035564","MCM6","MCM6","Significant"
"ENSSSCT00000067751.1",-2.62774075991874,-3.52564301018151,-6.26703099850302,2.77464140400913e-07,3.39326362851889e-06,5.71160456011519,"ENSSSCT00000067751.1","ENSSSCG00000007896","TXNDC11","TXNDC11","Significant"
"ENSSSCT00000103233.1",1.002654087064,1.88820453886074,5.88416052468412,9.12724211439286e-07,9.53491194801873e-06,5.65908283464022,"ENSSSCT00000103233.1","ENSSSCG00000062997","CCDC89","CCDC89","Significant"
"ENSSSCT00000055960.3",-1.20018400680486,1.73582951646245,-5.88071719092415,9.22562623643603e-07,9.62442519374921e-06,5.64410477191509,"ENSSSCT00000055960.3","ENSSSCG00000001639","TRERF1","TRERF1","Significant"
"ENSSSCT00000087700.2",-1.13793966976714,4.33467509781381,-5.99808633358943,6.40202603920973e-07,6.96933746184956e-06,5.63682760514961,"ENSSSCT00000087700.2","ENSSSCG00000022126","EGFR","EGFR","Significant"
"ENSSSCT00000087220.2",-3.85953820958532,-1.65638240236267,-5.9880641145755,6.60485987009506e-07,7.17337945385007e-06,5.62526035050344,"ENSSSCT00000087220.2","ENSSSCG00000062050","TUBB2A","TUBB2A","Significant"
"ENSSSCT00000098367.1",-2.3757135294845,-3.51145011747818,-6.21677653003146,3.24328812760929e-07,3.88479669774332e-06,5.62071177301569,"ENSSSCT00000098367.1","ENSSSCG00000053352",NA,"ENSSSCG00000053352","Significant"
"ENSSSCT00000082223.2",2.33348891800846,-3.59705587808053,6.21182689170216,3.29354215510997e-07,3.93487169018708e-06,5.59989479605756,"ENSSSCT00000082223.2","ENSSSCG00000049958",NA,"ENSSSCG00000049958","Significant"
"ENSSSCT00000088856.2",-1.58086196117137,0.267088111722005,-5.88748334963137,9.03329702569401e-07,9.44585042417343e-06,5.59772196900716,"ENSSSCT00000088856.2","ENSSSCG00000026733","HIPK2","HIPK2","Significant"
"ENSSSCT00000009207.5",-1.22708159346601,2.32909948263408,-5.86884945606725,9.57292090572401e-07,9.93365732686906e-06,5.58513439232776,"ENSSSCT00000009207.5","ENSSSCG00000032007","RTN4","RTN4","Significant"
"ENSSSCT00000033724.3",1.07132847203599,4.21914894400331,5.96728476670968,7.04614605911637e-07,7.5844353288686e-06,5.57807725412289,"ENSSSCT00000033724.3","ENSSSCG00000012202","GK","GK","Significant"
"ENSSSCT00000067789.1",2.68115534918215,-2.86498056342456,6.13367442381107,4.19899946470555e-07,4.85820363900851e-06,5.57239764819971,"ENSSSCT00000067789.1","ENSSSCG00000031142","NMNAT3","NMNAT3","Significant"
"ENSSSCT00000101961.1",-1.03202486193845,1.53849494683278,-5.84899144294814,1.01835527862752e-06,1.04772658581167e-05,5.55969084301796,"ENSSSCT00000101961.1","ENSSSCG00000017919","MED11","MED11","Significant"
"ENSSSCT00000045004.3",-1.09135842152286,4.08451368189389,-5.94479946563523,7.55699234159138e-07,8.06405198872245e-06,5.52126087455783,"ENSSSCT00000045004.3","ENSSSCG00000015252","SNX19","SNX19","Significant"
"ENSSSCT00000061318.2",-1.21333640329304,3.9025330316405,-5.93397279394091,7.81603368986555e-07,8.31432177567296e-06,5.5172565657856,"ENSSSCT00000061318.2","ENSSSCG00000015907","GALNT3","GALNT3","Significant"
"ENSSSCT00000105604.1",-1.74286343918573,1.58158598287743,-5.82990673679544,1.0807106266881e-06,1.10110903976684e-05,5.5026603938101,"ENSSSCT00000105604.1","ENSSSCG00000008147",NA,"ENSSSCG00000008147","Significant"
"ENSSSCT00000044856.2",-1.41605010168039,2.99702027301157,-5.86945688324555,9.55483167973899e-07,9.9212016587965e-06,5.48965478559756,"ENSSSCT00000044856.2","ENSSSCG00000012967","FOSL1","FOSL1","Significant"
"ENSSSCT00000005274.5",1.02483322533837,2.72614076517745,5.849669580827,1.01620709837486e-06,1.04595923713393e-05,5.47895179692027,"ENSSSCT00000005274.5","ENSSSCG00000053306","KNSTRN","KNSTRN","Significant"
"ENSSSCT00000049546.2",-1.37444227915966,4.23183713003552,-5.93366343088863,7.82356482310142e-07,8.31759118585564e-06,5.45690871143244,"ENSSSCT00000049546.2","ENSSSCG00000034980","IRF8","IRF8","Significant"
"ENSSSCT00000047413.1",2.26644110766827,-3.90760237122261,6.18950031931341,3.53011624859654e-07,4.1914024096592e-06,5.45103164150667,"ENSSSCT00000047413.1","ENSSSCG00000060949","LY6G6D","LY6G6D","Significant"
"ENSSSCT00000067387.2",-1.168040236056,6.78569207480555,-6.0448038382393,5.53585071842377e-07,6.14123432539941e-06,5.44883794877693,"ENSSSCT00000067387.2","ENSSSCG00000005287","PSAT1","PSAT1","Significant"
"ENSSSCT00000093584.1",-3.39845723696726,0.644386703178098,-5.84465809917792,1.0321899858892e-06,1.05928619137336e-05,5.44393405145383,"ENSSSCT00000093584.1","ENSSSCG00000015071","SIK3","SIK3","Significant"
"ENSSSCT00000023123.4",1.85873727451966,-2.44670159015048,6.08936240447049,4.81934381230556e-07,5.46728899291616e-06,5.43653530510091,"ENSSSCT00000023123.4","ENSSSCG00000022290","UMODL1","UMODL1","Significant"
"ENSSSCT00000076031.2",2.01353344904649,-0.778248460926374,5.95856030261337,7.24011801943372e-07,7.76502657584266e-06,5.42585714576634,"ENSSSCT00000076031.2","ENSSSCG00000009051","IL15","IL15","Significant"
"ENSSSCT00000090954.2",-2.48650263972889,-2.70247233083485,-6.0286207559249,5.8217251449701e-07,6.41688730989199e-06,5.42273539134433,"ENSSSCT00000090954.2","ENSSSCG00000001497","ZNF451","ZNF451","Significant"
"ENSSSCT00000098072.1",1.39502616237861,1.30585575474308,5.80583461376468,1.16483804162896e-06,1.17563475313644e-05,5.41766896095571,"ENSSSCT00000098072.1","ENSSSCG00000037733","TRIQK","TRIQK","Significant"
"ENSSSCT00000024571.4",-1.29564460094554,3.68942271591199,-5.85331127343418,1.00474839994965e-06,1.03568817046975e-05,5.34547876144177,"ENSSSCT00000024571.4","ENSSSCG00000027857","DMXL1","DMXL1","Significant"
"ENSSSCT00000050902.3",1.55528906955422,2.96743490202816,5.81232459673324,1.14153212172061e-06,1.15442038761101e-05,5.33721259207806,"ENSSSCT00000050902.3","ENSSSCG00000000148",NA,"ENSSSCG00000000148","Significant"
"ENSSSCT00000082088.1",3.89970442252767,-3.24265915908424,6.11258114335617,4.48362061325267e-07,5.13663802556979e-06,5.33313270733107,"ENSSSCT00000082088.1","ENSSSCG00000016961","CDK7","CDK7","Significant"
"ENSSSCT00000019504.5",-2.53751647191737,-1.10241088237522,-5.87431602535201,9.4113520949609e-07,9.79092928219863e-06,5.31450972439027,"ENSSSCT00000019504.5","ENSSSCG00000017921","ZMYND15","ZMYND15","Significant"
"ENSSSCT00000100224.1",-1.66101772846842,-0.61999896160538,-5.8511656020848,1.01148407949154e-06,1.04197241477859e-05,5.31238517326234,"ENSSSCT00000100224.1","ENSSSCG00000054135",NA,"ENSSSCG00000054135","Significant"
"ENSSSCT00000100230.1",-1.33362528990414,-0.178081693456005,-5.81591262580066,1.12884812258566e-06,1.14443296606911e-05,5.31086869129968,"ENSSSCT00000100230.1","ENSSSCG00000016817","TARS1","TARS1","Significant"
"ENSSSCT00000043428.3",-4.77892738630594,-0.582722452329837,-5.8484571302733,1.02005105485925e-06,1.04914020796943e-05,5.29273160162642,"ENSSSCT00000043428.3","ENSSSCG00000029200","TRIM2","TRIM2","Significant"
"ENSSSCT00000071767.2",-1.02511562355802,1.19751034884912,-5.758353270211,1.35046346726868e-06,1.33223936117483e-05,5.29079298957154,"ENSSSCT00000071767.2","ENSSSCG00000021149","RNF217","RNF217","Significant"
"ENSSSCT00000106208.1",1.36377016484445,0.0233726629850299,5.80089935317338,1.18287893390027e-06,1.19032669015075e-05,5.28946387117936,"ENSSSCT00000106208.1","ENSSSCG00000056258",NA,"ENSSSCG00000056258","Significant"
"ENSSSCT00000090743.1",-1.41152880347642,-0.526492987310204,-5.82607100687623,1.09369682653717e-06,1.11294916767846e-05,5.27068642543461,"ENSSSCT00000090743.1","ENSSSCG00000009759","SCARB1","SCARB1","Significant"
"ENSSSCT00000035529.3",-1.27875421973754,2.90569070101498,-5.78851173971401,1.22940273346714e-06,1.22993085983315e-05,5.27027686463519,"ENSSSCT00000035529.3","ENSSSCG00000012288","CCDC120","CCDC120","Significant"
"ENSSSCT00000009778.4",-1.07097124290672,2.8100993344006,-5.78458389334296,1.24453321348061e-06,1.24125912793887e-05,5.26112944544209,"ENSSSCT00000009778.4","ENSSSCG00000008930","TMPRSS11F","TMPRSS11F","Significant"
"ENSSSCT00000056844.3",1.2212802778925,1.85631324756511,5.74870588542675,1.39165204972829e-06,1.36666938040184e-05,5.25466284049499,"ENSSSCT00000056844.3","ENSSSCG00000037733","TRIQK","TRIQK","Significant"
"ENSSSCT00000085256.2",-2.96804949802251,-1.06942916302553,-5.86074464113051,9.81758821298787e-07,1.0148783959932e-05,5.25104951214358,"ENSSSCT00000085256.2","ENSSSCG00000022331",NA,"ENSSSCG00000022331","Significant"
"ENSSSCT00000103940.1",1.7963301682628,0.0823808471994436,5.7775269852159,1.27218656270027e-06,1.26458447226463e-05,5.24502570246196,"ENSSSCT00000103940.1","ENSSSCG00000057040",NA,"ENSSSCG00000057040","Significant"
"ENSSSCT00000092443.1",-1.18029631689787,3.02933370030567,-5.78993717392917,1.22395742517353e-06,1.2252351209812e-05,5.22922749613323,"ENSSSCT00000092443.1","ENSSSCG00000007253","MAPRE1","MAPRE1","Significant"
"ENSSSCT00000008507.5",1.58183906566918,-0.872809224257093,5.84692267463281,1.02493676337414e-06,1.05316855446109e-05,5.21215857673374,"ENSSSCT00000008507.5","ENSSSCG00000007760","PRSS36","PRSS36","Significant"
"ENSSSCT00000024494.3",-1.23672077819908,3.69948498126367,-5.8200511167103,1.11439318610608e-06,1.13224292426932e-05,5.20671540662602,"ENSSSCT00000024494.3","ENSSSCG00000030388","UPP1","UPP1","Significant"
"ENSSSCT00000004574.4",-1.23503329844768,3.75822440264428,-5.81263208842083,1.14043954849013e-06,1.1536733179948e-05,5.204881847193,"ENSSSCT00000004574.4","ENSSSCG00000004139","ADGRG6","ADGRG6","Significant"
"ENSSSCT00000032330.4",-3.51606755731559,0.883637152633042,-5.75314364466307,1.37255173802273e-06,1.35075994163879e-05,5.19417715678893,"ENSSSCT00000032330.4","ENSSSCG00000012328","HUWE1","HUWE1","Significant"
"ENSSSCT00000008975.4",1.27282946065393,0.89510300626513,5.72748350471148,1.48673311770912e-06,1.44740061420687e-05,5.17585455315237,"ENSSSCT00000008975.4","ENSSSCG00000008196","FAM178B","FAM178B","Significant"
"ENSSSCT00000057909.3",-2.63475644591423,-1.82688566152068,-5.91290475963055,8.34587472465672e-07,8.80611325316206e-06,5.16842687685135,"ENSSSCT00000057909.3","ENSSSCG00000033457",NA,"ENSSSCG00000033457","Significant"
"ENSSSCT00000102888.1",-1.34914934039145,4.80072063602098,-5.86695824069309,9.62946121454577e-07,9.98279661173451e-06,5.16500720658515,"ENSSSCT00000102888.1","ENSSSCG00000010368","GLUD1","GLUD1","Significant"
"ENSSSCT00000102978.1",3.84565060647988,-2.98355943372179,5.96783952281512,7.03398960375236e-07,7.57782613675191e-06,5.1644175637764,"ENSSSCT00000102978.1","ENSSSCG00000013087","TKFC","TKFC","Significant"
"ENSSSCT00000027176.4",1.75546528105671,-0.888178265600322,5.84578395795434,1.02857756854098e-06,1.05624387542394e-05,5.15808561759037,"ENSSSCT00000027176.4","ENSSSCG00000026005","SAMD13","SAMD13","Significant"
"ENSSSCT00000015175.4",1.14457085335111,7.60303197903607,5.96106160864636,7.18396569208757e-07,7.71241413977027e-06,5.13978367393648,"ENSSSCT00000015175.4","ENSSSCG00000013889",NA,"ENSSSCG00000013889","Significant"
"ENSSSCT00000062547.3",-1.05048206817885,7.46053338533521,-5.96847359366117,7.02012083737715e-07,7.57141977445731e-06,5.13914312141409,"ENSSSCT00000062547.3","ENSSSCG00000011850",NA,"ENSSSCG00000011850","Significant"
"ENSSSCT00000031449.4",-1.24331778563768,4.2025387110043,-5.81827193669045,1.12058468185364e-06,1.13747020445691e-05,5.13444539386483,"ENSSSCT00000031449.4","ENSSSCG00000024453","RAF1","RAF1","Significant"
"ENSSSCT00000056658.3",1.64665971747982,4.76887101209037,5.84123480317381,1.0432521038965e-06,1.06862053394413e-05,5.12667319591242,"ENSSSCT00000056658.3","ENSSSCG00000009021","LRBA","LRBA","Significant"
"ENSSSCT00000076775.2",2.12522310713169,-0.192136347733305,5.78004414740726,1.2622529546713e-06,1.25547575759924e-05,5.12463390782542,"ENSSSCT00000076775.2","ENSSSCG00000012975","SNX32","SNX32","Significant"
"ENSSSCT00000027070.4",2.09417282643626,-0.571596628196303,5.78357630380984,1.24844447846615e-06,1.24439877028157e-05,5.12338413879834,"ENSSSCT00000027070.4","ENSSSCG00000024492","EPHB1","EPHB1","Significant"
"ENSSSCT00000099097.1",2.29459922128812,-3.10845701075188,5.99514026508213,6.46099348551213e-07,7.02414910308894e-06,5.11565067341185,"ENSSSCT00000099097.1","ENSSSCG00000061933",NA,"ENSSSCG00000061933","Significant"
"ENSSSCT00000009013.5",1.81474892294921,-0.201600775664168,5.75426184946095,1.36778041995968e-06,1.34728437499593e-05,5.1134878084522,"ENSSSCT00000009013.5","ENSSSCG00000008230","ATOH8","ATOH8","Significant"
"ENSSSCT00000013982.5",2.07695733873058,-3.37603590058212,5.9867063954432,6.63282866769622e-07,7.19416985633957e-06,5.10018933737417,"ENSSSCT00000013982.5","ENSSSCG00000012790","ARHGAP4","ARHGAP4","Significant"
"ENSSSCT00000081165.2",1.52478054056165,-0.0295162327469044,5.74445781856916,1.4101848139475e-06,1.38219643129786e-05,5.0980473007553,"ENSSSCT00000081165.2","ENSSSCG00000051406",NA,"ENSSSCG00000051406","Significant"
"ENSSSCT00000004644.5",-1.18528875093945,2.95300754595512,-5.73200660117152,1.46593857957921e-06,1.43057352435201e-05,5.09742840899964,"ENSSSCT00000004644.5","ENSSSCG00000004203","L3MBTL3","L3MBTL3","Significant"
"ENSSSCT00000002071.5",1.17562457682302,0.292943096332915,5.71192826710217,1.5605236055026e-06,1.51111706664112e-05,5.0905302405592,"ENSSSCT00000002071.5","ENSSSCG00000001848","MESP2","MESP2","Significant"
"ENSSSCT00000063248.2",1.22854478783708,0.98322052199214,5.69313820128919,1.65455723601945e-06,1.59130336646543e-05,5.08523743476283,"ENSSSCT00000063248.2","ENSSSCG00000005325","TMEM8B","TMEM8B","Significant"
"ENSSSCT00000074662.2",-3.46421807133007,0.0190002648601728,-5.74827651621823,1.39351411484706e-06,1.36782850811502e-05,5.07758181946182,"ENSSSCT00000074662.2","ENSSSCG00000005950","PHF20L1","PHF20L1","Significant"
"ENSSSCT00000071081.2",1.09348539497516,-0.382132084079238,5.7532811591237,1.37196407517047e-06,1.35058927255007e-05,5.0756799199746,"ENSSSCT00000071081.2","ENSSSCG00000047673",NA,"ENSSSCG00000047673","Significant"
"ENSSSCT00000092936.1",1.53075309379226,1.46254766885631,5.68005527417495,1.72335353069889e-06,1.64919925197848e-05,5.06016718461624,"ENSSSCT00000092936.1","ENSSSCG00000052641",NA,"ENSSSCG00000052641","Significant"
"ENSSSCT00000057785.3",1.10381771207926,-0.901567393425778,5.79787037303179,1.19408953025545e-06,1.19864824644239e-05,5.05454653311268,"ENSSSCT00000057785.3","ENSSSCG00000036747","WAS","WAS","Significant"
"ENSSSCT00000067795.1",-2.32952568082859,1.8268962815849,-5.67493964039172,1.75102482759848e-06,1.67273406032877e-05,5.0480065893961,"ENSSSCT00000067795.1","ENSSSCG00000027334","EIF1AD","EIF1AD","Significant"
"ENSSSCT00000028900.4",1.69208919647251,-2.09525277116292,5.85147230965138,1.01051850399644e-06,1.0413067416024e-05,5.02548158013134,"ENSSSCT00000028900.4","ENSSSCG00000026425","ADAMTSL2","ADAMTSL2","Significant"
"ENSSSCT00000052388.3",1.07368242626465,1.48963080708769,5.66601812591341,1.80034911281089e-06,1.71332698406557e-05,5.02196854015829,"ENSSSCT00000052388.3","ENSSSCG00000000091",NA,"ENSSSCG00000000091","Significant"
"ENSSSCT00000027984.4",-2.0417830710957,-2.59443625237958,-5.90043790492042,8.67618845812164e-07,9.11628902638086e-06,5.0181711181938,"ENSSSCT00000027984.4","ENSSSCG00000026259","LINGO4","LINGO4","Significant"
"ENSSSCT00000080987.1",4.22503636392689,-1.63859980499641,5.81269554203738,1.14021421662581e-06,1.1536733179948e-05,5.01154808804954,"ENSSSCT00000080987.1","ENSSSCG00000036835","OSBPL2","OSBPL2","Significant"
"ENSSSCT00000036594.4",4.17387517972938,-2.32731409554993,5.80822793800767,1.15618858177182e-06,1.16779344857771e-05,5.01117741885794,"ENSSSCT00000036594.4","ENSSSCG00000057240","IL28B","IL28B","Significant"
"ENSSSCT00000105777.1",-1.27103361944185,1.67375764917522,-5.64896465449079,1.89852779046083e-06,1.78590883093436e-05,4.96392462048758,"ENSSSCT00000105777.1","ENSSSCG00000010301","PPP3CB","PPP3CB","Significant"
"ENSSSCT00000098508.1",1.28567387849852,3.27604395515425,5.69574683131723,1.64117152584801e-06,1.58076089892906e-05,4.96080637715365,"ENSSSCT00000098508.1","ENSSSCG00000034566","NPDC1","NPDC1","Significant"
"ENSSSCT00000001115.5",-1.66363908147419,1.42431431138791,-5.63478838666986,1.98420032331078e-06,1.84942445229344e-05,4.93073928924841,"ENSSSCT00000001115.5","ENSSSCG00000001022","SSR1","SSR1","Significant"
"ENSSSCT00000052976.3",1.57702669097348,-0.931713209443519,5.74233981701179,1.41951685545293e-06,1.38943042795519e-05,4.91470117401902,"ENSSSCT00000052976.3","ENSSSCG00000040897",NA,"ENSSSCG00000040897","Significant"
"ENSSSCT00000094592.1",1.17006528609283,0.0180538171798695,5.67440346179937,1.75395068538101e-06,1.67462618650717e-05,4.91344322921966,"ENSSSCT00000094592.1","ENSSSCG00000046841",NA,"ENSSSCG00000046841","Significant"
"ENSSSCT00000104015.1",1.45086560801124,-1.24575760239276,5.76705486316417,1.31435938804286e-06,1.30016303057492e-05,4.90879680180087,"ENSSSCT00000104015.1","ENSSSCG00000057224",NA,"ENSSSCG00000057224","Significant"
"ENSSSCT00000064416.3",-4.81613844640172,-1.50669770749002,-5.7593230153258,1.34639125824638e-06,1.329026357368e-05,4.90876768348137,"ENSSSCT00000064416.3","ENSSSCG00000038410","CPEB2","CPEB2","Significant"
"ENSSSCT00000085657.1",1.60606094391721,1.97121656686635,5.62845696213153,2.02370064637322e-06,1.88086476266684e-05,4.90690326883444,"ENSSSCT00000085657.1","ENSSSCG00000036742","KLF15","KLF15","Significant"
"ENSSSCT00000103857.1",-1.21482806164946,1.97525718065902,-5.62973476795174,2.01566594985636e-06,1.87393135526424e-05,4.90077540442128,"ENSSSCT00000103857.1","ENSSSCG00000014215","PGGT1B","PGGT1B","Significant"
"ENSSSCT00000015305.5",-1.66856779524291,-0.973383364791907,-5.74440188350091,1.41043047691325e-06,1.38219643129786e-05,4.89982484814514,"ENSSSCT00000015305.5","ENSSSCG00000014012","GFPT2","GFPT2","Significant"
"ENSSSCT00000014463.5",1.41247102146646,2.67161303036825,5.65131946277114,1.88465903607453e-06,1.77542395874527e-05,4.89862878646202,"ENSSSCT00000014463.5","ENSSSCG00000013243","DDB2","DDB2","Significant"
"ENSSSCT00000087641.1",1.59745408039141,-1.403117849721,5.78762373997818,1.2328072273877e-06,1.23258039993096e-05,4.89263539914118,"ENSSSCT00000087641.1","ENSSSCG00000048394",NA,"ENSSSCG00000048394","Significant"
"ENSSSCT00000094875.1",1.71860814757792,0.0867606077795954,5.647192956831,1.90902944943038e-06,1.79475190799389e-05,4.89236821482009,"ENSSSCT00000094875.1","ENSSSCG00000014672","TRIM34","TRIM34","Significant"
"ENSSSCT00000006624.5",3.11753205137738,-2.95377052854651,5.86645032852617,9.64470275017487e-07,9.99224303993332e-06,4.87041409782979,"ENSSSCT00000006624.5","ENSSSCG00000006035","ANGPT1","ANGPT1","Significant"
"ENSSSCT00000003892.5",2.86584895614905,-1.12856579927348,5.72802792941759,1.48421464554509e-06,1.44590503523787e-05,4.86633113763293,"ENSSSCT00000003892.5","ENSSSCG00000003503","VWA5B1","VWA5B1","Significant"
"ENSSSCT00000028322.4",-1.22909643128524,0.703113492470391,-5.62487252251918,2.0464103056356e-06,1.89872400697049e-05,4.86049118087201,"ENSSSCT00000028322.4","ENSSSCG00000029783","MKX","MKX","Significant"
"ENSSSCT00000090846.2",1.5797014486176,-0.353849359422303,5.65875515806105,1.84152700611312e-06,1.74032308716847e-05,4.83086091562749,"ENSSSCT00000090846.2","ENSSSCG00000051668",NA,"ENSSSCG00000051668","Significant"
"ENSSSCT00000018791.5",-2.11533012107135,-2.6649475664439,-5.85738313757668,9.92089193233308e-07,1.02425826650344e-05,4.83052195337294,"ENSSSCT00000018791.5","ENSSSCG00000017262","SLC16A6","SLC16A6","Significant"
"ENSSSCT00000052757.2",-1.21950344763755,2.98824882703097,-5.64260999086238,1.93646473552547e-06,1.81272036583274e-05,4.81083597852656,"ENSSSCT00000052757.2","ENSSSCG00000010006","SEC14L2","SEC14L2","Significant"
"ENSSSCT00000069067.2",-3.16585213621887,2.55989073254915,-5.59169443041654,2.26907279082126e-06,2.07811374359372e-05,4.79640746747175,"ENSSSCT00000069067.2","ENSSSCG00000008268","AUP1","AUP1","Significant"
"ENSSSCT00000000995.4",1.56136259559932,1.58658346127997,5.58692995047881,2.302975181809e-06,2.10572788596771e-05,4.78140102896451,"ENSSSCT00000000995.4","ENSSSCG00000000910","CRADD","CRADD","Significant"
"ENSSSCT00000017424.6",1.34071837440178,2.85558516549592,5.64976682375017,1.89379196553286e-06,1.78196805899663e-05,4.77241032042856,"ENSSSCT00000017424.6","ENSSSCG00000016002","CCDC141","CCDC141","Significant"
"ENSSSCT00000018271.4",1.25699302889257,5.28294313588397,5.75688415865999,1.35665611660142e-06,1.3375390391797e-05,4.7237003190813,"ENSSSCT00000018271.4","ENSSSCG00000016784","ANKH","ANKH","Significant"
"ENSSSCT00000005824.4",-1.39994680439139,4.98420011487551,-5.73031876949291,1.4736640142633e-06,1.43768227172473e-05,4.71470280026082,"ENSSSCT00000005824.4","ENSSSCG00000005287","PSAT1","PSAT1","Significant"
"ENSSSCT00000100162.1",1.80133878192194,-1.52843086997319,5.71790596290099,1.53174334093285e-06,1.48678058612012e-05,4.71176760317645,"ENSSSCT00000100162.1","ENSSSCG00000051876",NA,"ENSSSCG00000051876","Significant"
"ENSSSCT00000015338.3",1.18564112819443,2.82931248032024,5.59933346306679,2.21575290045789e-06,2.0344243189673e-05,4.70978698428496,"ENSSSCT00000015338.3","ENSSSCG00000014041","MXD3","MXD3","Significant"
"ENSSSCT00000076255.2",1.09094339869958,1.95701403457266,5.56853142655326,2.43870695213612e-06,2.20576271819465e-05,4.69733484306188,"ENSSSCT00000076255.2","ENSSSCG00000013311","KIAA1549L","KIAA1549L","Significant"
"ENSSSCT00000025792.4",-1.00477121161672,2.25193241586581,-5.57612685679467,2.38173116269236e-06,2.16125696711443e-05,4.69054835959221,"ENSSSCT00000025792.4","ENSSSCG00000030016","PDE9A","PDE9A","Significant"
"ENSSSCT00000076584.2",-2.28070816368444,2.45701350074772,-5.55689681932355,2.52863085307784e-06,2.27304880986352e-05,4.69030469210432,"ENSSSCT00000076584.2","ENSSSCG00000005126","PLAA","PLAA","Significant"
"ENSSSCT00000043854.3",1.3780769138225,1.77615086009637,5.55103073578447,2.57521710874272e-06,2.30856141362243e-05,4.67753193435051,"ENSSSCT00000043854.3","ENSSSCG00000033171","MAPK11","MAPK11","Significant"
"ENSSSCT00000033497.4",1.37748654293623,1.95768114296314,5.56091565746925,2.49720116822584e-06,2.25034478342382e-05,4.67465990630819,"ENSSSCT00000033497.4","ENSSSCG00000005485","AMBP","AMBP","Significant"
"ENSSSCT00000057134.3",1.12588339764107,-0.512660106031443,5.64342800088771,1.93153912101002e-06,1.80913247634044e-05,4.67063029761211,"ENSSSCT00000057134.3","ENSSSCG00000007313","CNBD2","CNBD2","Significant"
"ENSSSCT00000036577.3",-1.55622688119607,-1.66118901516892,-5.70976047036281,1.57109370879722e-06,1.52011392850606e-05,4.669753724214,"ENSSSCT00000036577.3","ENSSSCG00000014047","FGFR4","FGFR4","Significant"
"ENSSSCT00000061078.3",-1.40381397137617,3.86283534770411,-5.66252795397258,1.82002078853296e-06,1.7268358805051e-05,4.66937050841895,"ENSSSCT00000061078.3","ENSSSCG00000034049","TRIM16","TRIM16","Significant"
"ENSSSCT00000054773.3",1.46559269047024,2.40397955440226,5.56708933081263,2.44967726618601e-06,2.21258871945426e-05,4.66641950582881,"ENSSSCT00000054773.3","ENSSSCG00000016057","STAT1","STAT1","Significant"
"ENSSSCT00000025671.4",2.0834842706136,-2.0504043772071,5.72151181520905,1.51463973819619e-06,1.47193186361099e-05,4.66003081174978,"ENSSSCT00000025671.4","ENSSSCG00000010626","RBM20","RBM20","Significant"
"ENSSSCT00000097758.1",-1.36861361612651,-1.88674635242686,-5.69294822404366,1.65553632096357e-06,1.59155938291332e-05,4.6534142236109,"ENSSSCT00000097758.1","ENSSSCG00000052405",NA,"ENSSSCG00000052405","Significant"
"ENSSSCT00000106541.1",-1.26786416243682,1.11738444659881,-5.5368784765612,2.69116527066277e-06,2.3993096112849e-05,4.64136999336065,"ENSSSCT00000106541.1","ENSSSCG00000055134","PSAPL1","PSAPL1","Significant"
"ENSSSCT00000071206.2",-1.22273598798977,2.54854874896806,-5.57010380099561,2.42680145554334e-06,2.19665282222474e-05,4.63959920586728,"ENSSSCT00000071206.2","ENSSSCG00000028282","SLC1A4","SLC1A4","Significant"
"ENSSSCT00000062855.3",1.04890006739503,6.32628159380635,5.76798232783433,1.31056858985473e-06,1.29720031279974e-05,4.63694158818365,"ENSSSCT00000062855.3","ENSSSCG00000004241","GJA1","GJA1","Significant"
"ENSSSCT00000038249.2",-2.96551432310747,1.72482931495159,-5.53392161056463,2.71604081518802e-06,2.41818117800083e-05,4.62904343525453,"ENSSSCT00000038249.2","ENSSSCG00000038466","EIF4E2","EIF4E2","Significant"
"ENSSSCT00000106995.1",-3.53655000988032,-3.69770444809075,-5.79140377669264,1.2183800248875e-06,1.22040130050482e-05,4.61691840124933,"ENSSSCT00000106995.1","ENSSSCG00000025593","TAP2","TAP2","Significant"
"ENSSSCT00000004335.4",-1.33604948079944,-0.188566727355022,-5.58014270862392,2.35214593538726e-06,2.14216106361358e-05,4.61437192717027,"ENSSSCT00000004335.4","ENSSSCG00000003920","HPDL","HPDL","Significant"
"ENSSSCT00000011178.5",-1.07867570443442,1.71061437467661,-5.52745784475135,2.77122105867666e-06,2.46126100237248e-05,4.60219621804716,"ENSSSCT00000011178.5","ENSSSCG00000010212","ANK3","ANK3","Significant"
"ENSSSCT00000051965.3",-1.00667167162953,-0.353761341535155,-5.58040796568973,2.35020472329872e-06,2.14119610973221e-05,4.59842166783313,"ENSSSCT00000051965.3","ENSSSCG00000032190","C4orf36","C4orf36","Significant"
"ENSSSCT00000016844.5",1.11505410632331,3.85485562629884,5.63388472721565,1.98979058736893e-06,1.85324575755392e-05,4.58616515406377,"ENSSSCT00000016844.5","ENSSSCG00000015462","TPK1","TPK1","Significant"
"ENSSSCT00000046765.3",1.4433888974124,-0.686867038868375,5.59393880764506,2.25327566857192e-06,2.06712999150588e-05,4.57997360448626,"ENSSSCT00000046765.3","ENSSSCG00000052605",NA,"ENSSSCG00000052605","Significant"
"ENSSSCT00000101285.1",1.47335882984286,2.83408097564535,5.54287163442655,2.64144117533466e-06,2.360141081957e-05,4.57068060512072,"ENSSSCT00000101285.1","ENSSSCG00000028755","EIPR1","EIPR1","Significant"
"ENSSSCT00000030401.2",1.64431144609929,2.77386019724888,5.54723857572424,2.60578786852347e-06,2.3339891047037e-05,4.56861811926622,"ENSSSCT00000030401.2","ENSSSCG00000023130","ASCC1","ASCC1","Significant"
"ENSSSCT00000075145.2",3.12781468955769,0.0944017207855229,5.55897735715601,2.51231084378901e-06,2.26087172925468e-05,4.56464313059389,"ENSSSCT00000075145.2","ENSSSCG00000006035","ANGPT1","ANGPT1","Significant"
"ENSSSCT00000067221.3",-1.20624589562823,3.23584500309494,-5.57917198185927,2.35926359302691e-06,2.145999478859e-05,4.54812379576739,"ENSSSCT00000067221.3","ENSSSCG00000001410","BAG6","BAG6","Significant"
"ENSSSCT00000076900.1",-1.02866212936637,1.59828187666409,-5.50631785361859,2.95962081815086e-06,2.60516946962718e-05,4.54625125513769,"ENSSSCT00000076900.1","ENSSSCG00000047552",NA,"ENSSSCG00000047552","Significant"
"ENSSSCT00000094242.1",-1.43406968802375,2.49376950165651,-5.52831286535506,2.76385816394654e-06,2.4560597322789e-05,4.54034688342966,"ENSSSCT00000094242.1","ENSSSCG00000016436","CHPF2","CHPF2","Significant"
"ENSSSCT00000094687.1",-1.56363116545484,2.93649407527744,-5.54436469675155,2.62919683522698e-06,2.35048899412504e-05,4.53125291102276,"ENSSSCT00000094687.1","ENSSSCG00000058656","P2RY1","P2RY1","Significant"
"ENSSSCT00000014228.5",-1.51329709122135,4.12762361727866,-5.6194091213484,2.08151488964124e-06,1.92722432133165e-05,4.52739488677153,"ENSSSCT00000014228.5","ENSSSCG00000013017","EHD1","EHD1","Significant"
"ENSSSCT00000008080.5",1.85924421688205,-2.13199302161817,5.68258746073011,1.70981861724283e-06,1.63720781781455e-05,4.51102466747458,"ENSSSCT00000008080.5","ENSSSCG00000007382","PABPC1L","PABPC1L","Significant"
"ENSSSCT00000068841.2",-2.59092432716584,-4.1996886853758,-5.79925366324948,1.18895669352569e-06,1.19496744869641e-05,4.50843073635494,"ENSSSCT00000068841.2","ENSSSCG00000029275","PPARGC1A","PPARGC1A","Significant"
"ENSSSCT00000040034.3",-1.25492434522383,4.00927879296366,-5.60789817565324,2.15745800497276e-06,1.98664492455204e-05,4.50437519315314,"ENSSSCT00000040034.3","ENSSSCG00000010594","NT5C2","NT5C2","Significant"
"ENSSSCT00000023266.4",-4.61689965916795,-2.16986175252694,-5.61953326332496,2.08071058848235e-06,1.92722432133165e-05,4.4863409893792,"ENSSSCT00000023266.4","ENSSSCG00000023001","CCDC149","CCDC149","Significant"
"ENSSSCT00000046248.3",-1.43572801158488,3.43358792064174,-5.56063096575386,2.49941473648601e-06,2.25050864590969e-05,4.48420883102645,"ENSSSCT00000046248.3","ENSSSCG00000006219","MTFR1","MTFR1","Significant"
"ENSSSCT00000061522.3",-2.07340064973148,0.634285413173036,-5.48845050767845,3.12878176769591e-06,2.73487401485141e-05,4.47404839552656,"ENSSSCT00000061522.3","ENSSSCG00000013174","CTNND1","CTNND1","Significant"
"ENSSSCT00000065757.3",-1.08147332793532,2.19282252926451,-5.49309198426133,3.08393249663702e-06,2.70146521011159e-05,4.44826722201013,"ENSSSCT00000065757.3","ENSSSCG00000034167",NA,"ENSSSCG00000034167","Significant"
"ENSSSCT00000064303.3",1.09974563449735,0.77356521690028,5.47418526609945,3.27073525805535e-06,2.84598485064416e-05,4.44437902754923,"ENSSSCT00000064303.3","ENSSSCG00000002929","SYNE4","SYNE4","Significant"
"ENSSSCT00000097579.1",1.00192799244678,1.26893884050363,5.45956589099491,3.42287786572841e-06,2.96413040993915e-05,4.41858268967533,"ENSSSCT00000097579.1","ENSSSCG00000056181",NA,"ENSSSCG00000056181","Significant"
"ENSSSCT00000018880.5",1.52989169851648,-1.4182916002699,5.60093375271598,2.20474246757331e-06,2.02488516655663e-05,4.41848917708825,"ENSSSCT00000018880.5","ENSSSCG00000017344","FAM187A","FAM187A","Significant"
"ENSSSCT00000072160.2",1.11280410197744,2.29554685425938,5.47772830497388,3.234890002905e-06,2.82006293194424e-05,4.41577191524562,"ENSSSCT00000072160.2","ENSSSCG00000006126","DECR1","DECR1","Significant"
"ENSSSCT00000092861.1",-1.1222605961102,3.22436941820997,-5.53237943299782,2.72910575797301e-06,2.42782439653348e-05,4.41372014479957,"ENSSSCT00000092861.1","ENSSSCG00000000145","MYH9","MYH9","Significant"
"ENSSSCT00000090371.2",2.35712237735593,-3.96170481311796,5.74954780464025,1.38800807823576e-06,1.36391245879441e-05,4.40975688087709,"ENSSSCT00000090371.2","ENSSSCG00000007671","TFR2","TFR2","Significant"
"ENSSSCT00000028045.4",-1.33281534801908,0.310862395293874,-5.46623865103159,3.3525788442036e-06,2.90866100682316e-05,4.40386642635164,"ENSSSCT00000028045.4","ENSSSCG00000047420","RBM12","RBM12","Significant"
"ENSSSCT00000046885.3",-1.93057280722476,-2.82128376065228,-5.67045071504796,1.77567158943209e-06,1.69280691525859e-05,4.40133938808467,"ENSSSCT00000046885.3","ENSSSCG00000015610","SYT14","SYT14","Significant"
"ENSSSCT00000079004.1",1.71059620401861,-1.39716877323191,5.59600641736544,2.23881991698263e-06,2.05502490352764e-05,4.39540432177099,"ENSSSCT00000079004.1","ENSSSCG00000041916",NA,"ENSSSCG00000041916","Significant"
"ENSSSCT00000101963.1",-1.98550777480114,1.54782195037784,-5.44845123952299,3.54325091035133e-06,3.05296386577946e-05,4.38621186170886,"ENSSSCT00000101963.1","ENSSSCG00000006785","RAP1A","RAP1A","Significant"
"ENSSSCT00000097700.1",1.1938989497187,-0.130635649443284,5.48956625391598,3.11794159089816e-06,2.72686071967928e-05,4.38123436245647,"ENSSSCT00000097700.1","ENSSSCG00000039930","ZNF446","ZNF446","Significant"
"ENSSSCT00000019010.5",1.44718499420116,-1.97914276665643,5.61367637472694,2.11899684978335e-06,1.95549881942644e-05,4.34932855632327,"ENSSSCT00000019010.5","ENSSSCG00000017462","KRT27","KRT27","Significant"
"ENSSSCT00000051651.2",1.62916517943677,-0.934336775436712,5.52848880924374,2.76234547001274e-06,2.45604083998465e-05,4.33287069291796,"ENSSSCT00000051651.2","ENSSSCG00000005182","CCDC171","CCDC171","Significant"
"ENSSSCT00000094817.1",1.24510758985475,-0.976085575448803,5.51654709116435,2.86691370862615e-06,2.53088284487671e-05,4.32495159217212,"ENSSSCT00000094817.1","ENSSSCG00000058070",NA,"ENSSSCG00000058070","Significant"
"ENSSSCT00000048792.3",-4.28753455327412,-0.577562273068665,-5.50564376423663,2.96583404300091e-06,2.6099339578408e-05,4.32084376338373,"ENSSSCT00000048792.3","ENSSSCG00000023307","FBXW11","FBXW11","Significant"
"ENSSSCT00000096540.1",-1.11738695218776,-0.563028239152742,-5.48498126247806,3.16272838573372e-06,2.76158533177456e-05,4.31846943589817,"ENSSSCT00000096540.1","ENSSSCG00000055860",NA,"ENSSSCG00000055860","Significant"
"ENSSSCT00000033168.4",-1.47598593198958,6.46634703928363,-5.66021376089649,1.8331825360834e-06,1.73545538346293e-05,4.30796991268495,"ENSSSCT00000033168.4","ENSSSCG00000022659","CLTC","CLTC","Significant"
"ENSSSCT00000054680.3",1.84857186117496,0.641070483180585,5.42161941135084,3.85151883117975e-06,3.28386296997345e-05,4.29578616147161,"ENSSSCT00000054680.3","ENSSSCG00000004013","SMOC2","SMOC2","Significant"
"ENSSSCT00000099029.1",1.69238864887022,-2.38893754508186,5.6215770851184,2.06751343617943e-06,1.91721297136502e-05,4.2924018096594,"ENSSSCT00000099029.1","ENSSSCG00000056553",NA,"ENSSSCG00000056553","Significant"
"ENSSSCT00000028184.3",2.01056047798117,0.500779677057699,5.43986303692315,3.63914464610273e-06,3.12478955367872e-05,4.28205718701315,"ENSSSCT00000028184.3","ENSSSCG00000024588",NA,"ENSSSCG00000024588","Significant"
"ENSSSCT00000082822.2",-2.13021078172749,-1.8299971767241,-5.52437318083761,2.79794725883171e-06,2.48161785709872e-05,4.25976402780437,"ENSSSCT00000082822.2","ENSSSCG00000021408","TKT","TKT","Significant"
"ENSSSCT00000070844.2",-5.18451892581514,-1.0916935383637,-5.48565479769536,3.15610922222564e-06,2.75654393467573e-05,4.25584060105484,"ENSSSCT00000070844.2","ENSSSCG00000014794","NUP98","NUP98","Significant"
"ENSSSCT00000007544.4",-1.09098284100228,3.92923277658894,-5.51884942623825,2.84645043708403e-06,2.51574058147703e-05,4.24567669540418,"ENSSSCT00000007544.4","ENSSSCG00000006889","ARHGAP29","ARHGAP29","Significant"
"ENSSSCT00000019590.2",-4.11722568090219,-1.47668053642077,-5.49684791049858,3.04810986402039e-06,2.67223915048456e-05,4.23911852326372,"ENSSSCT00000019590.2","ENSSSCG00000039056","GAS7","GAS7","Significant"
"ENSSSCT00000039719.2",1.00260244350631,1.36763401954485,5.39034791795484,4.24467133897391e-06,3.57236097924381e-05,4.21417139055972,"ENSSSCT00000039719.2","ENSSSCG00000013039","NUDT22","NUDT22","Significant"
"ENSSSCT00000057165.3",1.27849454854169,3.17907072411265,5.44776059893161,3.55086839147383e-06,3.05791106802992e-05,4.21155082666315,"ENSSSCT00000057165.3","ENSSSCG00000011394","RBM6","RBM6","Significant"
"ENSSSCT00000066035.3",1.86807802634786,-2.00965841927967,5.55550040350991,2.539643816151e-06,2.28169046519116e-05,4.19707322377469,"ENSSSCT00000066035.3","ENSSSCG00000008582",NA,"ENSSSCG00000008582","Significant"
"ENSSSCT00000043966.3",-1.96426853359123,3.4464283310006,-5.41312767737917,3.95454083558256e-06,3.35940201676221e-05,4.18782791128425,"ENSSSCT00000043966.3","ENSSSCG00000009061","NAA15","NAA15","Significant"
"ENSSSCT00000080721.1",3.13593354620397,-1.57348994989874,5.51850829274047,2.84947322803523e-06,2.5177296782347e-05,4.18421828517299,"ENSSSCT00000080721.1","ENSSSCG00000041125",NA,"ENSSSCG00000041125","Significant"
"ENSSSCT00000100357.1",1.32043297268891,0.537339611145603,5.38790050748689,4.27707735687353e-06,3.59592135491244e-05,4.18381454861325,"ENSSSCT00000100357.1","ENSSSCG00000061847",NA,"ENSSSCG00000061847","Significant"
"ENSSSCT00000017937.5",1.18654142911254,4.48075770574237,5.51965731325134,2.83930448679376e-06,2.51010530063513e-05,4.1752594170803,"ENSSSCT00000017937.5","ENSSSCG00000016473","EPHB6","EPHB6","Significant"
"ENSSSCT00000078586.2",1.88206410680099,-2.33327208531199,5.568131659364,2.44174314008917e-06,2.20772582749493e-05,4.1584907731345,"ENSSSCT00000078586.2","ENSSSCG00000049961",NA,"ENSSSCG00000049961","Significant"
"ENSSSCT00000105306.1",1.30418339613765,-0.0133644180991459,5.39538320723845,4.17876674896718e-06,3.52344766290005e-05,4.15068059182151,"ENSSSCT00000105306.1","ENSSSCG00000055634",NA,"ENSSSCG00000055634","Significant"
"ENSSSCT00000087803.2",-1.14788156161133,-0.100867243926052,-5.39557567797132,4.17626792033677e-06,3.52297643660181e-05,4.13968905504193,"ENSSSCT00000087803.2","ENSSSCG00000050878",NA,"ENSSSCG00000050878","Significant"
"ENSSSCT00000030713.3",1.34037854485442,0.439091290549423,5.37677622599606,4.42750750884992e-06,3.70805175490734e-05,4.13701054228018,"ENSSSCT00000030713.3","ENSSSCG00000000464","C12orf56","C12orf56","Significant"
"ENSSSCT00000094193.1",-1.27197495602596,-0.501150036620278,-5.41386851394777,3.94544468386313e-06,3.35254830525602e-05,4.12987677972752,"ENSSSCT00000094193.1","ENSSSCG00000063355",NA,"ENSSSCG00000063355","Significant"
"ENSSSCT00000095057.1",-4.52735520241594,-2.51919531679176,-5.4823356247334,3.18886264283765e-06,2.78291428284472e-05,4.12610912480536,"ENSSSCT00000095057.1","ENSSSCG00000027288","DAGLB","DAGLB","Significant"
"ENSSSCT00000072556.2",-1.26009380970741,-0.449399836345861,-5.40890497063445,4.00678862592768e-06,3.39670661361794e-05,4.12577145194907,"ENSSSCT00000072556.2","ENSSSCG00000012062","TTC3","TTC3","Significant"
"ENSSSCT00000064063.3",-1.96106504460151,-1.45903644119692,-5.44616762444779,3.5685005569602e-06,3.07147286586934e-05,4.11742048875669,"ENSSSCT00000064063.3","ENSSSCG00000029592","GPRC5A","GPRC5A","Significant"
"ENSSSCT00000046250.3",1.92371054063046,-2.7762821631361,5.57902853944333,2.36031717720492e-06,2.1460061697041e-05,4.11226925984572,"ENSSSCT00000046250.3","ENSSSCG00000062167",NA,"ENSSSCG00000062167","Significant"
"ENSSSCT00000035691.4",1.1015600621217,1.88300286128262,5.35862910547251,4.68429831033122e-06,3.88716879893202e-05,4.11042722725108,"ENSSSCT00000035691.4","ENSSSCG00000008111","NPHP1","NPHP1","Significant"
"ENSSSCT00000052882.2",1.18612355662859,4.32032602725224,5.49942049754407,3.02381327545388e-06,2.65536359388703e-05,4.10849030624165,"ENSSSCT00000052882.2","ENSSSCG00000001683","POLH","POLH","Significant"
"ENSSSCT00000042854.2",-1.49024403069461,2.90720614408953,-5.39871947613179,4.13566243164298e-06,3.49595898162529e-05,4.09771875998878,"ENSSSCT00000042854.2","ENSSSCG00000004589","RNF111","RNF111","Significant"
"ENSSSCT00000053183.3",1.9442114391454,-3.26273327634577,5.58443201514737,2.32095120528815e-06,2.11907849614155e-05,4.09272473526711,"ENSSSCT00000053183.3","ENSSSCG00000034405","MEI1","MEI1","Significant"
"ENSSSCT00000058616.3",1.18575005058338,3.704956544689,5.44090465218537,3.62737774484596e-06,3.11639061905027e-05,4.07963817080686,"ENSSSCT00000058616.3","ENSSSCG00000000033","TSPO","TSPO","Significant"
"ENSSSCT00000038330.1",3.77109614693543,-1.00331478302692,5.44621337934677,3.56799289400779e-06,3.07147286586934e-05,4.07693970422391,"ENSSSCT00000038330.1","ENSSSCG00000015965","GPR155","GPR155","Significant"
"ENSSSCT00000099582.1",1.62846618984427,-2.07819183679442,5.52166361016476,2.82163563716732e-06,2.49719349387089e-05,4.07286157424491,"ENSSSCT00000099582.1","ENSSSCG00000057934",NA,"ENSSSCG00000057934","Significant"
"ENSSSCT00000096232.1",2.81687948979674,-2.74230940867235,5.56560340990132,2.46103249300216e-06,2.22147019384946e-05,4.07136653076356,"ENSSSCT00000096232.1","ENSSSCG00000059704",NA,"ENSSSCG00000059704","Significant"
"ENSSSCT00000091924.1",-2.17580683164404,-2.03765236060472,-5.46486396925343,3.36694270109582e-06,2.92034583204384e-05,4.06386827503846,"ENSSSCT00000091924.1","ENSSSCG00000003080",NA,"ENSSSCG00000003080","Significant"
"ENSSSCT00000043726.3",-1.73328809625032,-0.572632787389889,-5.3961989336286,4.16818646536524e-06,3.51889051053258e-05,4.06320075661883,"ENSSSCT00000043726.3","ENSSSCG00000015080","CEP164","CEP164","Significant"
"ENSSSCT00000086483.1",-1.43415801905133,3.67869854984849,-5.4344450122768,3.70096736594694e-06,3.16943892114623e-05,4.056664455104,"ENSSSCT00000086483.1","ENSSSCG00000010604","SH3PXD2A","SH3PXD2A","Significant"
"ENSSSCT00000048216.3",-1.75253295941978,3.11995118940264,-5.38026920711698,4.37971392232325e-06,3.67363299678103e-05,4.04018327424709,"ENSSSCT00000048216.3","ENSSSCG00000005975","MTSS1","MTSS1","Significant"
"ENSSSCT00000054934.3",-1.09471309708507,5.02565662033955,-5.52477746003013,2.79442990557619e-06,2.47984737728378e-05,4.03871616099315,"ENSSSCT00000054934.3","ENSSSCG00000040184","LMO7","LMO7","Significant"
"ENSSSCT00000084747.2",-3.63535451442928,-1.94016019172937,-5.42607684304448,3.79851619380284e-06,3.24291233261974e-05,4.03192648907249,"ENSSSCT00000084747.2","ENSSSCG00000015022","LAYN","LAYN","Significant"
"ENSSSCT00000053227.2",-1.03951918021349,4.74208765407499,-5.50984590257876,2.92731323393859e-06,2.57881979679367e-05,4.03119593499748,"ENSSSCT00000053227.2","ENSSSCG00000048855",NA,"ENSSSCG00000048855","Significant"
"ENSSSCT00000088584.2",1.20228956267039,-1.02986761523006,5.41043308691545,3.98780220139305e-06,3.3832501424465e-05,4.02636314050735,"ENSSSCT00000088584.2","ENSSSCG00000045287",NA,"ENSSSCG00000045287","Significant"
"ENSSSCT00000063353.3",-3.60472391074133,-1.51465190488866,-5.41525557668331,3.92847005708513e-06,3.3389947273515e-05,4.00238592296546,"ENSSSCT00000063353.3","ENSSSCG00000000735","TSPAN9","TSPAN9","Significant"
"ENSSSCT00000073269.2",2.45676848482257,-4.09502925980041,5.58752697705945,2.2986993883442e-06,2.1034744557276e-05,3.9991583215553,"ENSSSCT00000073269.2","ENSSSCG00000048111",NA,"ENSSSCG00000048111","Significant"
"ENSSSCT00000034721.4",1.88889616915433,3.03335506035845,5.37013836839921,4.51976803789655e-06,3.77079112353068e-05,3.98831490687211,"ENSSSCT00000034721.4","ENSSSCG00000058709",NA,"ENSSSCG00000058709","Significant"
"ENSSSCT00000082364.1",-3.00198494294261,-4.27525124908174,-5.57979245072221,2.35471165540681e-06,2.14389887776833e-05,3.9717415043666,"ENSSSCT00000082364.1","ENSSSCG00000023031","TNNT2","TNNT2","Significant"
"ENSSSCT00000010370.5",-1.21040626068868,2.90828848330046,-5.35528176769193,4.73326028488705e-06,3.92180986857579e-05,3.95188035979507,"ENSSSCT00000010370.5","ENSSSCG00000009460","DIS3","DIS3","Significant"
"ENSSSCT00000093616.1",4.05217658104669,-1.97559789342189,5.40785947268677,4.01983052351401e-06,3.40422219191301e-05,3.950316578133,"ENSSSCT00000093616.1","ENSSSCG00000022975","AMT","AMT","Significant"
"ENSSSCT00000092703.1",-1.01736890686265,1.59948958099612,-5.30161130766865,5.59164155721687e-06,4.52943804550307e-05,3.94240965566209,"ENSSSCT00000092703.1","ENSSSCG00000036145","PRKAA2","PRKAA2","Significant"
"ENSSSCT00000097212.1",6.02388798906908,-1.79307398175533,5.45068132881427,3.51876500269398e-06,3.0366811579628e-05,3.93814772093012,"ENSSSCT00000097212.1","ENSSSCG00000011850",NA,"ENSSSCG00000011850","Significant"
"ENSSSCT00000065337.2",-2.70483156435208,-4.54701059576605,-5.56070338300823,2.49885148375047e-06,2.25050864590969e-05,3.92912334234413,"ENSSSCT00000065337.2","ENSSSCG00000021170","FAR1","FAR1","Significant"
"ENSSSCT00000063797.2",-2.6561787567835,5.16399616872777,-5.35549578577602,4.73011461640668e-06,3.92019971919989e-05,3.92863093125157,"ENSSSCT00000063797.2","ENSSSCG00000022300","MAT2A","MAT2A","Significant"
"ENSSSCT00000007092.5",1.26367921896215,2.91070562269705,5.3406521589225,4.95330101926876e-06,4.08130974051652e-05,3.91768208327319,"ENSSSCT00000007092.5","ENSSSCG00000006475","IQGAP3","IQGAP3","Significant"
"ENSSSCT00000084600.2",2.10838859292887,-2.79754563593176,5.48582146137763,3.15447346925565e-06,2.75654393467573e-05,3.91680238643522,"ENSSSCT00000084600.2","ENSSSCG00000046199",NA,"ENSSSCG00000046199","Significant"
"ENSSSCT00000030238.4",1.52398915636142,1.71102505905442,5.2853851862136,5.88045456437026e-06,4.73281512260498e-05,3.90636912458922,"ENSSSCT00000030238.4","ENSSSCG00000058540",NA,"ENSSSCG00000058540","Significant"
"ENSSSCT00000090069.2",6.11287663595073,0.194991295376325,5.3588911640861,4.68048650278138e-06,3.88499444848992e-05,3.89701941663985,"ENSSSCT00000090069.2","ENSSSCG00000006346","ATF6","ATF6","Significant"
"ENSSSCT00000023544.4",1.55698862469928,1.21197384054003,5.28603771685462,5.86855849760537e-06,4.72440694459075e-05,3.89690796860449,"ENSSSCT00000023544.4","ENSSSCG00000020970","IL6","IL6","Significant"
"ENSSSCT00000105550.1",-1.84168246674873,-3.35523217056885,-5.50919765847701,2.93322293669885e-06,2.58332794781548e-05,3.89501235532748,"ENSSSCT00000105550.1","ENSSSCG00000055121",NA,"ENSSSCG00000055121","Significant"
"ENSSSCT00000031472.4",1.11397979441123,-0.909291466462446,5.35952444283779,4.67128781328021e-06,3.87985361513818e-05,3.8821303940841,"ENSSSCT00000031472.4","ENSSSCG00000028777",NA,"ENSSSCG00000028777","Significant"
"ENSSSCT00000060341.3",1.41670770374982,-1.09936024096114,5.36245904382189,4.62889577110124e-06,3.85197850232223e-05,3.86772648589321,"ENSSSCT00000060341.3","ENSSSCG00000033691","RAB26","RAB26","Significant"
"ENSSSCT00000093893.1",1.12122357455699,1.7651985493882,5.27608311302958,6.05267019921317e-06,4.85583807025458e-05,3.86244703527813,"ENSSSCT00000093893.1","ENSSSCG00000011071","THNSL1","THNSL1","Significant"
"ENSSSCT00000061010.2",-1.27288012575789,0.955945390263073,-5.26713307606203,6.22310341467541e-06,4.96733063328603e-05,3.85869426218038,"ENSSSCT00000061010.2","ENSSSCG00000038056",NA,"ENSSSCG00000038056","Significant"
"ENSSSCT00000065367.3",2.25146734276633,3.03268902358677,5.32241233693891,5.24195990014956e-06,4.2834300898365e-05,3.85542193525032,"ENSSSCT00000065367.3","ENSSSCG00000040638","DIO2","DIO2","Significant"
"ENSSSCT00000096196.1",1.94044072564313,-3.41332380621489,5.49281338912662,3.08660630164252e-06,2.70308116730466e-05,3.82734090814035,"ENSSSCT00000096196.1","ENSSSCG00000062878","SP7","SP7","Significant"
"ENSSSCT00000086815.1",2.58221185682193,-1.99989780034836,5.39070953678563,4.23990395321157e-06,3.56927003590266e-05,3.82097526244692,"ENSSSCT00000086815.1","ENSSSCG00000047161",NA,"ENSSSCG00000047161","Significant"
"ENSSSCT00000025342.3",2.19827126290781,1.22053993608375,5.25367890557081,6.48833246517614e-06,5.14334042534896e-05,3.81993734355479,"ENSSSCT00000025342.3","ENSSSCG00000024088","TLN2","TLN2","Significant"
"ENSSSCT00000073226.2",-1.07627862001053,2.2282672161955,-5.2716660549054,6.13619456040578e-06,4.90955797417104e-05,3.78749983645647,"ENSSSCT00000073226.2","ENSSSCG00000011615","RAB7A","RAB7A","Significant"
"ENSSSCT00000001930.4",-1.52426461430319,4.90136030247347,-5.41243805351689,3.96302696739506e-06,3.3639815476425e-05,3.76914926002597,"ENSSSCT00000001930.4","ENSSSCG00000001726","ADGRF1","ADGRF1","Significant"
"ENSSSCT00000103378.1",-3.94992736154487,-3.85367003521023,-5.42632553960524,3.79558048679803e-06,3.2412547457193e-05,3.75693552600255,"ENSSSCT00000103378.1","ENSSSCG00000008496","EIF2AK2","EIF2AK2","Significant"
"ENSSSCT00000009960.4",1.15853208116019,1.27564114181634,5.23280373176284,6.92228254723e-06,5.43448350999006e-05,3.75459987420628,"ENSSSCT00000009960.4","ENSSSCG00000009093","BBS7","BBS7","Significant"
"ENSSSCT00000063184.3",-2.83615442575639,3.89426516319766,-5.28848658367582,5.82412723926623e-06,4.69559457242919e-05,3.75386428264052,"ENSSSCT00000063184.3","ENSSSCG00000004921","ATP8B1","ATP8B1","Significant"
"ENSSSCT00000041884.3",2.18426889281221,-1.04681587765894,5.27585933602986,6.05687437382207e-06,4.85801554942422e-05,3.73457972778819,"ENSSSCT00000041884.3","ENSSSCG00000011729","SCHIP1","SCHIP1","Significant"
"ENSSSCT00000089621.1",2.12803522619097,3.48682125199748,5.29570502189956,5.69509728323316e-06,4.60409005262916e-05,3.71726830224425,"ENSSSCT00000089621.1","ENSSSCG00000005110","SYNE2","SYNE2","Significant"
"ENSSSCT00000082879.2",-4.7006820442747,0.575322997722287,-5.252193602379,6.51829372830801e-06,5.16583492264838e-05,3.71491892494846,"ENSSSCT00000082879.2","ENSSSCG00000011158","PFKP","PFKP","Significant"
"ENSSSCT00000006423.2",-1.1474848561831,1.4965957819689,-5.22037460488142,7.19424380277553e-06,5.62227049246628e-05,3.70459865010441,"ENSSSCT00000006423.2","ENSSSCG00000005844","NRARP","NRARP","Significant"
"ENSSSCT00000046919.4",1.10761820607422,1.37691585333306,5.21369134401885,7.3448460391992e-06,5.72226296273514e-05,3.69810956975611,"ENSSSCT00000046919.4","ENSSSCG00000036787","APOLD1","APOLD1","Significant"
"ENSSSCT00000063873.2",-1.42851086339817,2.89512799548368,-5.25647560043846,6.43228941534227e-06,5.10636386895105e-05,3.64811395039724,"ENSSSCT00000063873.2","ENSSSCG00000038253","ZNF326","ZNF326","Significant"
"ENSSSCT00000009917.5",-1.31763162764512,1.8032881522649,-5.20973888967966,7.4353825535146e-06,5.78713804666483e-05,3.6456818440922,"ENSSSCT00000009917.5","ENSSSCG00000009053","RNF150","RNF150","Significant"
"ENSSSCT00000075324.2",-2.44768193083827,-2.0886182327067,-5.3459056320731,4.87313647459596e-06,4.02237320551207e-05,3.64113599692455,"ENSSSCT00000075324.2","ENSSSCG00000010522","ANKRD2","ANKRD2","Significant"
"ENSSSCT00000018677.6",1.01643386629546,0.273843941189482,5.21064817299665,7.41445635654882e-06,5.77222863058543e-05,3.63730266874152,"ENSSSCT00000018677.6","ENSSSCG00000017154","CARD14","CARD14","Significant"
"ENSSSCT00000062657.3",1.38293295363185,1.62422269065817,5.19376892139384,7.81263623852872e-06,6.0418214402512e-05,3.63435978719451,"ENSSSCT00000062657.3","ENSSSCG00000002768","CENPT","CENPT","Significant"
"ENSSSCT00000061331.3",-1.00307744620951,2.87092406106247,-5.25002077765748,6.56237166312454e-06,5.19445413218045e-05,3.62892151267305,"ENSSSCT00000061331.3","ENSSSCG00000000927","TMTC3","TMTC3","Significant"
"ENSSSCT00000054294.3",-1.2514184486615,0.222577120793352,-5.1926271710991,7.84032510525784e-06,6.06035940568579e-05,3.62745409453097,"ENSSSCT00000054294.3","ENSSSCG00000010314","AP3M1","AP3M1","Significant"
"ENSSSCT00000075477.2",-3.68053175606346,-1.95788475218857,-5.27130477153911,6.14307677470698e-06,4.91265330298127e-05,3.62403999552635,"ENSSSCT00000075477.2","ENSSSCG00000015861","WDR33","WDR33","Significant"
"ENSSSCT00000082452.2",1.49725014633742,1.97144816186921,5.19502328090019,7.78232851678723e-06,6.02123965261819e-05,3.62201789989967,"ENSSSCT00000082452.2","ENSSSCG00000015604","NEK2","NEK2","Significant"
"ENSSSCT00000003629.5",1.0231837696358,2.41011065481553,5.22393798229163,7.11520507775066e-06,5.56956542790233e-05,3.62121045572747,"ENSSSCT00000003629.5","ENSSSCG00000003268","TSEN34","TSEN34","Significant"
"ENSSSCT00000090062.1",-1.03331314657172,2.17524214310774,-5.20463149712688,7.5540198185104e-06,5.86966783037924e-05,3.61400825058299,"ENSSSCT00000090062.1","ENSSSCG00000008969","RCHY1","RCHY1","Significant"
"ENSSSCT00000100250.1",1.14499173562434,-0.7867860980334,5.26094596461249,6.34370613620071e-06,5.04833280118838e-05,3.61341327685081,"ENSSSCT00000100250.1","ENSSSCG00000053939",NA,"ENSSSCG00000053939","Significant"
"ENSSSCT00000030037.4",-1.08119249728771,0.193150989284564,-5.18833911687394,7.94518976845694e-06,6.13559846543747e-05,3.61013447385175,"ENSSSCT00000030037.4","ENSSSCG00000051733",NA,"ENSSSCG00000051733","Significant"
"ENSSSCT00000007114.5",4.86639418278014,-1.0002690465102,5.24272066037042,6.71264481588931e-06,5.29532805280338e-05,3.59925299283163,"ENSSSCT00000007114.5","ENSSSCG00000006495","SEMA4A","SEMA4A","Significant"
"ENSSSCT00000068956.1",1.18954100603874,-0.639491028127447,5.24513681148023,6.66253308428611e-06,5.26096460838131e-05,3.5862393982531,"ENSSSCT00000068956.1","ENSSSCG00000037744","ZNF483","ZNF483","Significant"
"ENSSSCT00000004636.5",-3.18043050263189,-3.36871841111917,-5.35281871284146,4.76961293154059e-06,3.94791723838409e-05,3.5820849007037,"ENSSSCT00000004636.5","ENSSSCG00000004195","ARG1","ARG1","Significant"
"ENSSSCT00000092481.1",-1.64595582955653,4.97233425023399,-5.34908495005323,4.82525109533926e-06,3.98991850652907e-05,3.57685260895525,"ENSSSCT00000092481.1","ENSSSCG00000056178",NA,"ENSSSCG00000056178","Significant"
"ENSSSCT00000056786.3",3.17028304437718,-0.933535001183772,5.23001623139753,6.98237226487674e-06,5.4750665061097e-05,3.57396228758145,"ENSSSCT00000056786.3","ENSSSCG00000022975","AMT","AMT","Significant"
"ENSSSCT00000080694.2",-1.70558128568893,2.75137783148898,-5.19437425161547,7.79799568226227e-06,6.0319300409129e-05,3.56027913356374,"ENSSSCT00000080694.2","ENSSSCG00000002774","RIPOR1","RIPOR1","Significant"
"ENSSSCT00000062011.3",-3.26205604182498,-3.18969461207917,-5.32685065939755,5.17021429371073e-06,4.23064359811835e-05,3.54614760510522,"ENSSSCT00000062011.3","ENSSSCG00000009522","PCCA","PCCA","Significant"
"ENSSSCT00000017562.5",1.45591508726727,2.24692814045082,5.17890203555818,8.1809105624192e-06,6.30354319432297e-05,3.54507790934167,"ENSSSCT00000017562.5","ENSSSCG00000016129","CMKLR2","CMKLR2","Significant"
"ENSSSCT00000048010.3",2.52727117463083,-2.9148458341077,5.30853200536973,5.47279510841086e-06,4.44310288134033e-05,3.52995526259962,"ENSSSCT00000048010.3","ENSSSCG00000039706",NA,"ENSSSCG00000039706","Significant"
"ENSSSCT00000076582.2",1.27884285228258,3.52075472006355,5.23892714580932,6.7920809645843e-06,5.34513656213629e-05,3.5274882269382,"ENSSSCT00000076582.2","ENSSSCG00000001910","ISLR","ISLR","Significant"
"ENSSSCT00000023197.4",1.23986308720366,-0.500977891004795,5.19923805823199,7.68134512026111e-06,5.95479987277582e-05,3.51019641002651,"ENSSSCT00000023197.4","ENSSSCG00000015211","PKNOX2","PKNOX2","Significant"
"ENSSSCT00000078397.2",2.20809211560443,0.934173750395987,5.14818283925999,8.99741828659965e-06,6.84441964107081e-05,3.51013811973134,"ENSSSCT00000078397.2","ENSSSCG00000012739","TMEM185A","TMEM185A","Significant"
"ENSSSCT00000099715.1",1.08113543131419,-1.11623929279673,5.22071628249682,7.1866274103052e-06,5.61836534896345e-05,3.49156752919641,"ENSSSCT00000099715.1","ENSSSCG00000061945",NA,"ENSSSCG00000061945","Significant"
"ENSSSCT00000037021.3",-2.22223072572021,1.74223786327739,-5.14007860414448,9.22600544131483e-06,6.98084663282963e-05,3.48368020042855,"ENSSSCT00000037021.3","ENSSSCG00000029163","BCAT1","BCAT1","Significant"
"ENSSSCT00000085860.2",1.02031188567751,-0.263056861944286,5.16480102626593,8.54614079251333e-06,6.55197043295098e-05,3.48021515373658,"ENSSSCT00000085860.2","ENSSSCG00000049698",NA,"ENSSSCG00000049698","Significant"
"ENSSSCT00000013066.5",1.1041854593028,5.33890113023766,5.34454422603874,4.8937857608215e-06,4.03635190857132e-05,3.4769875203518,"ENSSSCT00000013066.5","ENSSSCG00000011941","IFT57","IFT57","Significant"
"ENSSSCT00000099737.1",2.25113250710308,-2.69002296787451,5.30726106066749,5.49443046385481e-06,4.45733791598711e-05,3.45755617582365,"ENSSSCT00000099737.1","ENSSSCG00000055470","BATF","BATF","Significant"
"ENSSSCT00000104887.1",-2.44649166271258,3.41942158305986,-5.16252606319935,8.60656398933307e-06,6.59169397012487e-05,3.44960965021596,"ENSSSCT00000104887.1","ENSSSCG00000004294","SYNCRIP","SYNCRIP","Significant"
"ENSSSCT00000018664.5",-2.30259743228584,-1.04639008700669,-5.19305619444457,7.8299093315372e-06,6.0537435106815e-05,3.44549816858077,"ENSSSCT00000018664.5","ENSSSCG00000017144","NPTX1","NPTX1","Significant"
"ENSSSCT00000058272.2",-5.4729740635453,-2.10178497076211,-5.21808700007424,7.24544437429362e-06,5.65821481148429e-05,3.43446591109337,"ENSSSCT00000058272.2","ENSSSCG00000000036","PACSIN2","PACSIN2","Significant"
"ENSSSCT00000061379.3",1.41675521957994,-0.311674281436619,5.14240019600259,9.15993951583975e-06,6.94859627674359e-05,3.42064277733274,"ENSSSCT00000061379.3","ENSSSCG00000029960","LRRC4B","LRRC4B","Significant"
"ENSSSCT00000063855.2",1.66311444962157,-0.291712861650212,5.13308177207508,9.42799236482268e-06,7.11222265300043e-05,3.40237255160052,"ENSSSCT00000063855.2","ENSSSCG00000040031","SMIM32","SMIM32","Significant"
"ENSSSCT00000104922.1",1.08383040705866,-0.953287822877046,5.15945442064713,8.68882116975642e-06,6.64084827151631e-05,3.39722060093582,"ENSSSCT00000104922.1","ENSSSCG00000052962",NA,"ENSSSCG00000052962","Significant"
"ENSSSCT00000014761.4",1.48063917366787,3.60993230461316,5.19117677204512,7.87563981111282e-06,6.08477157349579e-05,3.37433587646632,"ENSSSCT00000014761.4","ENSSSCG00000013513","PLIN5","PLIN5","Significant"
"ENSSSCT00000089563.2",1.07813805638115,-0.425407584849847,5.13689600303044,9.3173432182727e-06,7.04002810307515e-05,3.35957615444701,"ENSSSCT00000089563.2","ENSSSCG00000049199",NA,"ENSSSCG00000049199","Significant"
"ENSSSCT00000025126.4",2.34999616205299,-3.32724324429986,5.27571418217155,6.05960298237861e-06,4.85900874661761e-05,3.35909520341372,"ENSSSCT00000025126.4","ENSSSCG00000027796","SLC22A7","SLC22A7","Significant"
"ENSSSCT00000041604.2",1.68127470010564,1.05854590712857,5.09415322002115,1.06346740486052e-05,7.88029347001642e-05,3.35807320722532,"ENSSSCT00000041604.2","ENSSSCG00000011686","SLC9A9","SLC9A9","Significant"
"ENSSSCT00000005228.4",1.13771971770725,3.53600753773766,5.22414374623025,7.11066752421578e-06,5.56763217962371e-05,3.35489839735067,"ENSSSCT00000005228.4","ENSSSCG00000004732","PLA2G4F","PLA2G4F","Significant"
"ENSSSCT00000002938.5",1.63156762879927,-2.03381975187477,5.20778983936637,7.48043595139416e-06,5.82081464819225e-05,3.34973246985351,"ENSSSCT00000002938.5","ENSSSCG00000002648","CBFA2T3","CBFA2T3","Significant"
"ENSSSCT00000061240.3",-1.99453561915167,3.22697467074452,-5.14385081752455,9.11889776405129e-06,6.92229435853616e-05,3.33524633293697,"ENSSSCT00000061240.3","ENSSSCG00000030535","SNX9","SNX9","Significant"
"ENSSSCT00000096135.1",-3.69966903954445,-2.60761250467373,-5.16551690520936,8.52721433770606e-06,6.54167755921337e-05,3.33356947733312,"ENSSSCT00000096135.1","ENSSSCG00000033356","RRN3","RRN3","Significant"
"ENSSSCT00000007120.5",1.25602097149611,4.84585856954654,5.26540456231877,6.25656507201718e-06,4.98872701413667e-05,3.3263027628883,"ENSSSCT00000007120.5","ENSSSCG00000006501","SSR2","SSR2","Significant"
"ENSSSCT00000031626.4",-1.6374488058435,2.92469523472245,-5.11413598971069,9.99724639972607e-06,7.48794444329586e-05,3.31212836395559,"ENSSSCT00000031626.4","ENSSSCG00000022559","USP14","USP14","Significant"
"ENSSSCT00000070309.2",1.76464502143747,1.34263004949054,5.07373706591692,1.1327605076052e-05,8.33056759695519e-05,3.30034924132863,"ENSSSCT00000070309.2","ENSSSCG00000017602","STXBP4","STXBP4","Significant"
"ENSSSCT00000087243.1",-1.55289331099149,-1.72418253302878,-5.16560470757777,8.52489588261714e-06,6.54143811148151e-05,3.29296712743687,"ENSSSCT00000087243.1","ENSSSCG00000040710","SURF4","SURF4","Significant"
"ENSSSCT00000007420.5",-2.6685305014443,-0.0108548139349935,-5.0962571564394,1.05657032835662e-05,7.83853194792873e-05,3.27550061339126,"ENSSSCT00000007420.5","ENSSSCG00000006774","PPM1J","PPM1J","Significant"
"ENSSSCT00000097615.1",1.30527233290578,0.899211096779466,5.06100828122417,1.17821188641905e-05,8.6266382988562e-05,3.26410494565661,"ENSSSCT00000097615.1","ENSSSCG00000035199","PTGES3L","PTGES3L","Significant"
"ENSSSCT00000038021.3",1.06692662753155,4.03628817758052,5.20414170448008,7.56549541315053e-06,5.87718399929378e-05,3.26388296998676,"ENSSSCT00000038021.3","ENSSSCG00000009522","PCCA","PCCA","Significant"
"ENSSSCT00000098161.1",-1.04171734714942,2.42148676571126,-5.10434601197632,1.03046480587786e-05,7.67061062347986e-05,3.26366256017205,"ENSSSCT00000098161.1","ENSSSCG00000027675","FOXP1","FOXP1","Significant"
"ENSSSCT00000074955.2",1.25532736929286,0.265024602486517,5.06411194277763,1.16696530892703e-05,8.55197503534656e-05,3.25434485758575,"ENSSSCT00000074955.2","ENSSSCG00000058443","AKR1C2","AKR1C2","Significant"
"ENSSSCT00000028145.4",1.03693456132379,1.27456084399783,5.05750145511166,1.19104888506199e-05,8.7069412216505e-05,3.25279869014506,"ENSSSCT00000028145.4","ENSSSCG00000025759",NA,"ENSSSCG00000025759","Significant"
"ENSSSCT00000005023.5",2.02758966922903,0.279908694988516,5.06233005949543,1.1734091345926e-05,8.59340328487354e-05,3.22753730679429,"ENSSSCT00000005023.5","ENSSSCG00000004548","PIF1","PIF1","Significant"
"ENSSSCT00000037614.3",1.04901287929248,-0.678098968874088,5.10368175343185,1.03258423743942e-05,7.68463284124057e-05,3.22599122633959,"ENSSSCT00000037614.3","ENSSSCG00000035335","FGL1","FGL1","Significant"
"ENSSSCT00000063565.3",-3.49489286180408,0.952551385269285,-5.04378806680757,1.24259433599046e-05,9.03916682968159e-05,3.20757483780194,"ENSSSCT00000063565.3","ENSSSCG00000005389","TEX10","TEX10","Significant"
"ENSSSCT00000103374.1",-2.64482506063158,-2.65196755470764,-5.18569909990205,8.0104438027436e-06,6.18452544979049e-05,3.20565454364002,"ENSSSCT00000103374.1","ENSSSCG00000033272","DNAJB6","DNAJB6","Significant"
"ENSSSCT00000073665.1",-1.16383514496688,-0.647854589924505,-5.07533840537357,1.12716719646277e-05,8.29574701432779e-05,3.19981985874457,"ENSSSCT00000073665.1","ENSSSCG00000051442",NA,"ENSSSCG00000051442","Significant"
"ENSSSCT00000101164.1",2.74476135844152,-3.21681517859389,5.21478846520028,7.31990989297694e-06,5.70952971652201e-05,3.19663038829799,"ENSSSCT00000101164.1","ENSSSCG00000055222",NA,"ENSSSCG00000055222","Significant"
"ENSSSCT00000048570.3",-1.38763765076278,6.60029051870848,-5.30813987689513,5.47946126933287e-06,4.44740739918668e-05,3.19357797772018,"ENSSSCT00000048570.3","ENSSSCG00000040184","LMO7","LMO7","Significant"
"ENSSSCT00000002070.5",1.21417063012559,-0.44964151652214,5.07328830715283,1.13433291175495e-05,8.33719347494557e-05,3.18895104382105,"ENSSSCT00000002070.5","ENSSSCG00000001847","MESP1","MESP1","Significant"
"ENSSSCT00000095050.1",1.18505292605338,0.0996099915683356,5.04316167908512,1.24500093232914e-05,9.05253343396668e-05,3.18067705750668,"ENSSSCT00000095050.1","ENSSSCG00000060934",NA,"ENSSSCG00000060934","Significant"
"ENSSSCT00000018793.5",1.65131903260456,-1.04288149513905,5.09653802897857,1.05565294535038e-05,7.83485286369308e-05,3.18015549533315,"ENSSSCT00000018793.5","ENSSSCG00000017264","AMZ2","AMZ2","Significant"
"ENSSSCT00000062500.2",2.57015797946926,3.15926798028806,5.09673460299531,1.05501136784718e-05,7.83187400666878e-05,3.17918461756453,"ENSSSCT00000062500.2","ENSSSCG00000032474","CXCL10","CXCL10","Significant"
"ENSSSCT00000046078.3",1.56586487260376,3.06294731468275,5.11092332829345,1.00971052954157e-05,7.54479811602041e-05,3.17274438754048,"ENSSSCT00000046078.3","ENSSSCG00000016057","STAT1","STAT1","Significant"
"ENSSSCT00000003286.6",1.51242543121545,1.20938485303284,5.02983480809061,1.2973132862099e-05,9.38278668668754e-05,3.16923532823996,"ENSSSCT00000003286.6","ENSSSCG00000002962","MAP4K1","MAP4K1","Significant"
"ENSSSCT00000079897.2",2.29810034768288,-3.23019726901543,5.21646224351345,7.28202917022e-06,5.68406222326677e-05,3.16683137313919,"ENSSSCT00000079897.2","ENSSSCG00000041874",NA,"ENSSSCG00000041874","Significant"
"ENSSSCT00000105875.1",-1.06851279034628,-0.879666678198582,-5.0668530865555,1.1571210227849e-05,8.48640314111901e-05,3.15949010260517,"ENSSSCT00000105875.1","ENSSSCG00000030510","FBL","FBL","Significant"
"ENSSSCT00000047927.3",-1.04757019225157,2.9729489848583,-5.09978636057443,1.04510057563365e-05,7.76537355696434e-05,3.15555534487573,"ENSSSCT00000047927.3","ENSSSCG00000033524","KRR1","KRR1","Significant"
"ENSSSCT00000094660.1",1.08246410129407,2.21950310147769,5.05483088264794,1.20091773699275e-05,8.77318438201026e-05,3.14692168063082,"ENSSSCT00000094660.1","ENSSSCG00000058397",NA,"ENSSSCG00000058397","Significant"
"ENSSSCT00000094783.1",3.31097580473881,1.07936632954384,5.02037815982651,1.33575090380568e-05,9.62023911369125e-05,3.13976331740051,"ENSSSCT00000094783.1","ENSSSCG00000006571","INTS3","INTS3","Significant"
"ENSSSCT00000080881.1",-1.35430552847522,3.70739441863123,-5.13376383027714,9.40811075901073e-06,7.09886700270275e-05,3.13748707055177,"ENSSSCT00000080881.1","ENSSSCG00000015943","GORASP2","GORASP2","Significant"
"ENSSSCT00000030816.5",2.6837482328287,-3.97244095409261,5.21444308502565,7.32775084487061e-06,5.71427860670083e-05,3.12367342285175,"ENSSSCT00000030816.5","ENSSSCG00000022584","PPP1R3F","PPP1R3F","Significant"
"ENSSSCT00000084961.1",-2.48348185222444,-2.04611271128925,-5.10643647431252,1.02382297603995e-05,7.62813626846588e-05,3.10272971136608,"ENSSSCT00000084961.1","ENSSSCG00000016690","CREB5","CREB5","Significant"
"ENSSSCT00000045074.2",2.00072251813255,-0.341933006435311,5.03013546323691,1.29610940929448e-05,9.37615956969986e-05,3.08542673961741,"ENSSSCT00000045074.2","ENSSSCG00000040272","TTC29","TTC29","Significant"
"ENSSSCT00000038204.3",1.6251420786831,2.30756250258181,5.02397343847171,1.32100615056225e-05,9.524565354474e-05,3.08019243146717,"ENSSSCT00000038204.3","ENSSSCG00000027935","FHOD3","FHOD3","Significant"
"ENSSSCT00000055664.3",1.32370990835589,1.76032250253326,5.01143081748544,1.37315776505823e-05,9.84831407214223e-05,3.07299961849057,"ENSSSCT00000055664.3","ENSSSCG00000052939","FBXO16","FBXO16","Significant"
"ENSSSCT00000097267.1",-1.40462887390556,4.15741688587218,-5.1385921620651,9.26855373947594e-06,7.0081615519915e-05,3.07092649935526,"ENSSSCT00000097267.1","ENSSSCG00000032452","WFS1","WFS1","Significant"
"ENSSSCT00000100781.1",-1.46142781776219,-0.221417089097438,-5.01091445694404,1.3753479918027e-05,9.86185307339679e-05,3.06882693017207,"ENSSSCT00000100781.1","ENSSSCG00000007253","MAPRE1","MAPRE1","Significant"
"ENSSSCT00000047259.3",2.06219938417808,-2.73519059789419,5.14906589485367,8.97285345686736e-06,6.83210915711591e-05,3.0550275792906,"ENSSSCT00000047259.3","ENSSSCG00000023969","ACER1","ACER1","Significant"
"ENSSSCT00000082563.2",1.5802253210807,-2.99782151671792,5.14628994000681,9.0503003003351e-06,6.87822822825468e-05,3.05124489989862,"ENSSSCT00000082563.2","ENSSSCG00000046995",NA,"ENSSSCG00000046995","Significant"
"ENSSSCT00000064147.3",-3.51196098573387,-1.99011159565472,-5.08483790911306,1.09454572954989e-05,8.08728384803947e-05,3.05031001352089,"ENSSSCT00000064147.3","ENSSSCG00000008924","UBA6","UBA6","Significant"
"ENSSSCT00000047431.3",-1.2675497732952,3.82879995158525,-5.1085193503087,1.01724753550539e-05,7.58781483587683e-05,3.04475610346919,"ENSSSCT00000047431.3","ENSSSCG00000003341","TAS1R3","TAS1R3","Significant"
"ENSSSCT00000068134.1",1.68541975205289,-0.822347497098504,5.04959148028104,1.22051585916479e-05,8.90040238698471e-05,3.03999280910337,"ENSSSCT00000068134.1","ENSSSCG00000034990",NA,"ENSSSCG00000034990","Significant"
"ENSSSCT00000093150.1",-3.56146614961466,-2.10948621233193,-5.10275294366672,1.0355550256783e-05,7.70146807874438e-05,3.03181175362094,"ENSSSCT00000093150.1","ENSSSCG00000007043","GPCPD1","GPCPD1","Significant"
"ENSSSCT00000000947.4",1.00009680753401,-0.523399983400967,5.01506166111687,1.35785434488866e-05,9.75142798694932e-05,3.02687823416201,"ENSSSCT00000000947.4","ENSSSCG00000000867","SPIC","SPIC","Significant"
"ENSSSCT00000043788.3",1.26360767303741,3.0911818777085,5.050193934378,1.21824631112655e-05,8.88782786484004e-05,3.02670103273317,"ENSSSCT00000043788.3","ENSSSCG00000040486","BIRC5","BIRC5","Significant"
"ENSSSCT00000052098.3",-4.3293661565846,-1.99494324135027,-5.07863895009424,1.11572508747283e-05,8.21895633799462e-05,3.01807741938507,"ENSSSCT00000052098.3","ENSSSCG00000003413","MTOR","MTOR","Significant"
"ENSSSCT00000103086.1",1.15967877722204,0.336156064916394,4.98023272647955,1.51190315960309e-05,0.000107137775735056,3.01543922450781,"ENSSSCT00000103086.1","ENSSSCG00000057171",NA,"ENSSSCG00000057171","Significant"
"ENSSSCT00000077419.2",2.52026163266323,-2.99005487631979,5.13679812880047,9.32016631307038e-06,7.04002810307515e-05,3.01162183704211,"ENSSSCT00000077419.2","ENSSSCG00000006116","SLC26A7","SLC26A7","Significant"
"ENSSSCT00000059627.2",-3.02507557595964,2.1514902190843,-4.97906097172706,1.51737666247779e-05,0.000107478923970075,3.00463537797799,"ENSSSCT00000059627.2","ENSSSCG00000009010","ARFIP1","ARFIP1","Significant"
"ENSSSCT00000071573.1",3.06244343029642,-4.25932178246705,5.14088704841608,9.20294585725176e-06,6.97148807457798e-05,2.99885516328335,"ENSSSCT00000071573.1","ENSSSCG00000004547","PLEKHO2","PLEKHO2","Significant"
"ENSSSCT00000107839.1",1.06540487405558,2.92288566224816,5.05111468565096,1.21478577242333e-05,8.86456475472027e-05,2.99621040238673,"ENSSSCT00000107839.1","ENSSSCG00000001413","GPANK1","GPANK1","Significant"
"ENSSSCT00000039390.3",4.08709077495375,-2.66689843967767,5.05163417461654,1.21283763895488e-05,8.85291709475609e-05,2.98364512806265,"ENSSSCT00000039390.3","ENSSSCG00000033228","SPAG9","SPAG9","Significant"
"ENSSSCT00000096623.1",1.37257008374921,-0.749322746975922,5.00475142541685,1.40175851621985e-05,0.000100269711853515,2.97550026407288,"ENSSSCT00000096623.1","ENSSSCG00000060781",NA,"ENSSSCG00000060781","Significant"
"ENSSSCT00000065916.3",-2.42257113005667,-2.75848019534675,-5.08015296316911,1.11051505971572e-05,8.18797670894877e-05,2.95741543904781,"ENSSSCT00000065916.3","ENSSSCG00000017797","SLC6A4","SLC6A4","Significant"
"ENSSSCT00000042446.3",2.52298721757772,0.890296467822729,4.95411296686062,1.63868965424156e-05,0.000115047023012257,2.95468229277846,"ENSSSCT00000042446.3","ENSSSCG00000025408","ULK4","ULK4","Significant"
"ENSSSCT00000099603.1",-2.13854924746005,-3.26701328302535,-5.12298198853831,9.72732729681409e-06,7.30928276527602e-05,2.9511783040689,"ENSSSCT00000099603.1","ENSSSCG00000007253","MAPRE1","MAPRE1","Significant"
"ENSSSCT00000067730.1",2.52488078641933,-1.21134672520381,4.98852111127086,1.47374147079401e-05,0.000104818841278974,2.90298589537561,"ENSSSCT00000067730.1","ENSSSCG00000006035","ANGPT1","ANGPT1","Significant"
"ENSSSCT00000098946.1",1.12126284155697,-0.930622858650163,4.98269871788867,1.50044788796995e-05,0.000106441694820218,2.88619310598888,"ENSSSCT00000098946.1","ENSSSCG00000053428",NA,"ENSSSCG00000053428","Significant"
"ENSSSCT00000071510.2",3.94882463872962,-2.47194248030713,5.01875014874644,1.34248120318304e-05,9.66444185219247e-05,2.88127695822352,"ENSSSCT00000071510.2","ENSSSCG00000002887","MAG","MAG","Significant"
"ENSSSCT00000086249.2",1.14926000477092,3.23252316586301,5.00492232258795,1.40101943172505e-05,0.000100238835970953,2.8381318568684,"ENSSSCT00000086249.2","ENSSSCG00000004869","CNDP1","CNDP1","Significant"
"ENSSSCT00000077113.1",-1.36768289646797,3.7840754104848,-5.04045805797478,1.25544148378938e-05,9.11838140732211e-05,2.82355564343835,"ENSSSCT00000077113.1","ENSSSCG00000004412","MICAL1","MICAL1","Significant"
"ENSSSCT00000018988.3",-3.15826394098178,-3.15234893625438,-4.98480205439234,1.49074529328305e-05,0.00010579943304789,2.82128752259703,"ENSSSCT00000018988.3","ENSSSCG00000030350",NA,"ENSSSCG00000030350","Significant"
"ENSSSCT00000016154.4",1.37773136407326,0.766619431061367,4.9060272193274,1.90026840698565e-05,0.000130930581448352,2.82055074465277,"ENSSSCT00000016154.4","ENSSSCG00000014803","LRRC51","LRRC51","Significant"
"ENSSSCT00000036195.4",1.11034941296537,0.347133382340167,4.90860938123235,1.88522569323222e-05,0.000130251956986954,2.81833206313386,"ENSSSCT00000036195.4","ENSSSCG00000009228","MAPK10","MAPK10","Significant"
"ENSSSCT00000086846.1",1.06309799652228,0.882840943259069,4.90457951071108,1.90875417101209e-05,0.00013145969791229,2.81654252985514,"ENSSSCT00000086846.1","ENSSSCG00000038077","PPP1R14A","PPP1R14A","Significant"
"ENSSSCT00000105539.1",-5.98952878308512,-2.02615041546424,-4.98033880600756,1.51140860815872e-05,0.00010712601360958,2.79895250138564,"ENSSSCT00000105539.1","ENSSSCG00000018039","NCOR1","NCOR1","Significant"
"ENSSSCT00000074700.2",-1.15063226179503,3.7895244202468,-5.03396243018283,1.28088205505502e-05,9.27629465193554e-05,2.77637685716432,"ENSSSCT00000074700.2","ENSSSCG00000005466","PTBP3","PTBP3","Significant"
"ENSSSCT00000105509.2",7.35449097456732,-1.67516969408953,5.00994128983662,1.37948526132914e-05,9.88717024848875e-05,2.77482512005483,"ENSSSCT00000105509.2","ENSSSCG00000000804","ANO6","ANO6","Significant"
"ENSSSCT00000105027.1",-1.5095290891848,-0.419290606095789,-4.91534836092327,1.84652028080095e-05,0.000127931619580774,2.75001568598041,"ENSSSCT00000105027.1","ENSSSCG00000056711",NA,"ENSSSCG00000056711","Significant"
"ENSSSCT00000046823.3",1.46140264751264,-1.35734358751848,4.95030260711107,1.65804569312478e-05,0.000116180790411864,2.74724393232336,"ENSSSCT00000046823.3","ENSSSCG00000033217",NA,"ENSSSCG00000033217","Significant"
"ENSSSCT00000074751.2",1.2298076882085,-0.396969515000681,4.90288452802924,1.91873704362198e-05,0.000132119329609822,2.7448899224565,"ENSSSCT00000074751.2","ENSSSCG00000051151",NA,"ENSSSCG00000051151","Significant"
"ENSSSCT00000017873.5",1.41076171719858,-0.3953233891432,4.91479572743764,1.84966448368036e-05,0.000128066385274824,2.74282078183931,"ENSSSCT00000017873.5","ENSSSCG00000016414",NA,"ENSSSCG00000016414","Significant"
"ENSSSCT00000089031.2",1.45327738337641,-1.10026082285382,4.92001724558007,1.82016717033291e-05,0.000126238524615049,2.72473833382498,"ENSSSCT00000089031.2","ENSSSCG00000000137","NCF4","NCF4","Significant"
"ENSSSCT00000025334.4",5.66044656225867,-1.1656829634217,4.90981314726328,1.87825337186754e-05,0.000129880324361335,2.72067954724817,"ENSSSCT00000025334.4","ENSSSCG00000017712","AP2B1","AP2B1","Significant"
"ENSSSCT00000107776.1",1.11422066888368,-1.02822458196943,4.92917389128874,1.76956058740493e-05,0.000123253051467102,2.71953441478553,"ENSSSCT00000107776.1","ENSSSCG00000063578",NA,"ENSSSCG00000063578","Significant"
"ENSSSCT00000063096.1",2.68401525355059,-2.96038749126668,4.99546658002897,1.44249959914486e-05,0.000102823036577436,2.71355425217298,"ENSSSCT00000063096.1","ENSSSCG00000038785","CA7","CA7","Significant"
"ENSSSCT00000059312.3",1.84425839960157,-1.89010125056587,4.96361873923963,1.59137267298867e-05,0.000112138256120085,2.70241899688311,"ENSSSCT00000059312.3","ENSSSCG00000015792","LRP2BP","LRP2BP","Significant"
"ENSSSCT00000051061.3",1.75901268653855,-1.437650498778,4.93738846771295,1.72534839086252e-05,0.000120430869055195,2.68654039929528,"ENSSSCT00000051061.3","ENSSSCG00000058619",NA,"ENSSSCG00000058619","Significant"
"ENSSSCT00000018200.5",1.56446829972164,-2.6249735216942,4.99871965995864,1.42809344473411e-05,0.000101929856987984,2.6607315165812,"ENSSSCT00000018200.5","ENSSSCG00000016719",NA,"ENSSSCG00000016719","Significant"
"ENSSSCT00000085006.1",-1.08240556759536,3.37956325310124,-4.9515436824017,1.65171646738802e-05,0.000115811964952084,2.65769788403505,"ENSSSCT00000085006.1","ENSSSCG00000028531","SH3BP1","SH3BP1","Significant"
"ENSSSCT00000000744.3",1.72196167188706,1.77378002914891,4.85686002387882,2.21047993357004e-05,0.000149368886537031,2.65046263308603,"ENSSSCT00000000744.3","ENSSSCG00000000683","CDCA3","CDCA3","Significant"
"ENSSSCT00000103381.1",1.94383532784843,-3.41855800856741,4.97629384022195,1.53038059862078e-05,0.000108235420905492,2.64602310029248,"ENSSSCT00000103381.1","ENSSSCG00000009111","SYNPO2","SYNPO2","Significant"
"ENSSSCT00000097844.1",-1.10473829844624,1.0074978311453,-4.84436967252702,2.29696263373373e-05,0.000154285475299247,2.63780546347071,"ENSSSCT00000097844.1","ENSSSCG00000011600","SLC6A6","SLC6A6","Significant"
"ENSSSCT00000103010.1",-4.0140884800346,-1.54904312565508,-4.90866392251297,1.88490923143482e-05,0.000130251956986954,2.63329587539218,"ENSSSCT00000103010.1","ENSSSCG00000040337",NA,"ENSSSCG00000040337","Significant"
"ENSSSCT00000009199.5",1.30331402140391,0.084465673619547,4.84565847862635,2.28788624397206e-05,0.000153816399595926,2.62768344759184,"ENSSSCT00000009199.5","ENSSSCG00000008402","CLHC1","CLHC1","Significant"
"ENSSSCT00000091985.1",-1.49847141935477,2.30850543105338,-4.87549842610509,2.08738770614181e-05,0.000142189077468976,2.62050073681016,"ENSSSCT00000091985.1","ENSSSCG00000062610",NA,"ENSSSCG00000062610","Significant"
"ENSSSCT00000100562.1",1.6213484330488,-1.76015796701895,4.92713887652629,1.78068574848409e-05,0.000123922045130363,2.6172456066412,"ENSSSCT00000100562.1","ENSSSCG00000030137","LMNTD2","LMNTD2","Significant"
"ENSSSCT00000091042.2",1.0563069253722,1.20091036791582,4.83414286418681,2.37025933605405e-05,0.000158653121315348,2.6168746748242,"ENSSSCT00000091042.2","ENSSSCG00000043687","TNNI3","TNNI3","Significant"
"ENSSSCT00000042270.3",-3.60230408389461,-0.868036122407089,-4.86453473651619,2.15894746928515e-05,0.000146341628458572,2.6160875411467,"ENSSSCT00000042270.3","ENSSSCG00000012739","TMEM185A","TMEM185A","Significant"
"ENSSSCT00000035387.4",1.04756307310525,-0.520360201540499,4.86135490103487,2.18015282300876e-05,0.000147594897511166,2.60087276998416,"ENSSSCT00000035387.4","ENSSSCG00000001401","ATP6V1G2","ATP6V1G2","Significant"
"ENSSSCT00000022493.4",-3.79583670011066,-1.72613827897889,-4.8703448753494,2.12072748439983e-05,0.000144260794703467,2.59172928211055,"ENSSSCT00000022493.4","ENSSSCG00000011600","SLC6A6","SLC6A6","Significant"
"ENSSSCT00000000254.4",1.67118048058111,-3.42322646438341,4.98737410121188,1.47896507789927e-05,0.000105077745477942,2.58397856859646,"ENSSSCT00000000254.4","ENSSSCG00000000235","KRT82","KRT82","Significant"
"ENSSSCT00000052066.3",2.83466505472874,1.05575737969361,4.81986840164773,2.47645033248283e-05,0.000164813608165483,2.57697143890976,"ENSSSCT00000052066.3","ENSSSCG00000011456","CHDH","CHDH","Significant"
"ENSSSCT00000019329.5",1.6917416774474,2.38913362734785,4.85621955685919,2.21483504365874e-05,0.000149632162792063,2.57676131665191,"ENSSSCT00000019329.5","ENSSSCG00000017758","SPAG5","SPAG5","Significant"
"ENSSSCT00000012200.5",1.73776076533598,6.07074241839981,5.08347629916488,1.09916332898662e-05,8.11345283637755e-05,2.57341649445673,"ENSSSCT00000012200.5","ENSSSCG00000011147",NA,"ENSSSCG00000011147","Significant"
"ENSSSCT00000018960.6",1.58666257093437,4.47764173009319,5.00441400127744,1.4032189209739e-05,0.000100352159902244,2.56270676257586,"ENSSSCT00000018960.6","ENSSSCG00000017416","DHX58","DHX58","Significant"
"ENSSSCT00000045385.3",2.20614127060739,1.33612440541102,4.81768071921019,2.49313574556228e-05,0.000165822517030421,2.55782399254971,"ENSSSCT00000045385.3","ENSSSCG00000011546","MTMR14","MTMR14","Significant"
"ENSSSCT00000043790.3",2.67960324999808,1.85653403258238,4.81700571989135,2.49830636928904e-05,0.000166098655922308,2.55574438395301,"ENSSSCT00000043790.3","ENSSSCG00000034039","SLC11A2","SLC11A2","Significant"
"ENSSSCT00000029140.3",1.44442549597906,1.05567636425065,4.81010704993073,2.5517635570271e-05,0.000169273039701549,2.54863553984604,"ENSSSCT00000029140.3","ENSSSCG00000029219","SH3BGR","SH3BGR","Significant"
"ENSSSCT00000053601.3",-1.8180194324129,2.75797569543695,-4.86083191861341,2.18366012283773e-05,0.000147770972696142,2.54801553193865,"ENSSSCT00000053601.3","ENSSSCG00000039770","SLC6A9","SLC6A9","Significant"
"ENSSSCT00000045677.3",-3.16123151475081,1.13978722698323,-4.80833367832098,2.56568709685256e-05,0.000170023703467035,2.54316659310282,"ENSSSCT00000045677.3","ENSSSCG00000036122",NA,"ENSSSCG00000036122","Significant"
"ENSSSCT00000106156.1",-1.19938596029672,0.336143137206505,-4.8059323847641,2.58466057913664e-05,0.000171085898730864,2.53777255858458,"ENSSSCT00000106156.1","ENSSSCG00000055623",NA,"ENSSSCG00000055623","Significant"
"ENSSSCT00000003104.5",-4.56914791822908,1.64822002841391,-4.79989135778308,2.63300885107149e-05,0.000173884181852005,2.5195770541615,"ENSSSCT00000003104.5","ENSSSCG00000002804","CSNK2A2","CSNK2A2","Significant"
"ENSSSCT00000051803.2",1.2199535461338,-0.450275090666181,4.82640554129692,2.42724719218272e-05,0.000161968824097269,2.51175598672681,"ENSSSCT00000051803.2","ENSSSCG00000009610",NA,"ENSSSCG00000009610","Significant"
"ENSSSCT00000024168.4",2.64067873446961,-0.777566688348232,4.84598811881154,2.28557046609792e-05,0.000153741983653098,2.50333832878677,"ENSSSCT00000024168.4","ENSSSCG00000031142","NMNAT3","NMNAT3","Significant"
"ENSSSCT00000093507.1",1.01162531331888,1.5430652659685,4.81433892141363,2.5188385124943e-05,0.000167327242993815,2.49704914083082,"ENSSSCT00000093507.1","ENSSSCG00000062774",NA,"ENSSSCG00000062774","Significant"
"ENSSSCT00000017458.5",3.62686767411051,-1.68439117745354,4.87439619208851,2.09447446290578e-05,0.00014253442994903,2.49580486350019,"ENSSSCT00000017458.5","ENSSSCG00000016033","GULP1","GULP1","Significant"
"ENSSSCT00000066962.2",-1.6763918598497,2.89329189954601,-4.83988644299722,2.32881415049864e-05,0.000156167537151085,2.4892484985057,"ENSSSCT00000066962.2","ENSSSCG00000035639","NAE1","NAE1","Significant"
"ENSSSCT00000102336.1",-2.24118201557906,-4.43343875759291,-4.97912871615809,1.51705968014133e-05,0.000107478923970075,2.48653957557848,"ENSSSCT00000102336.1","ENSSSCG00000061874",NA,"ENSSSCG00000061874","Significant"
"ENSSSCT00000105207.1",-1.1361352605485,-0.288411521643506,-4.79785696514326,2.64949124036106e-05,0.000174772844733933,2.48011078180658,"ENSSSCT00000105207.1","ENSSSCG00000056037",NA,"ENSSSCG00000056037","Significant"
"ENSSSCT00000088355.2",2.58074654266313,-1.57650846107875,4.81857394359837,2.48630974734411e-05,0.000165412574579432,2.47561864673131,"ENSSSCT00000088355.2","ENSSSCG00000009111","SYNPO2","SYNPO2","Significant"
"ENSSSCT00000090825.2",1.51708771187351,-2.17437810755425,4.89060952575238,1.99259244029702e-05,0.00013659899899799,2.47323695593608,"ENSSSCT00000090825.2","ENSSSCG00000049194",NA,"ENSSSCG00000049194","Significant"
"ENSSSCT00000105886.1",-1.35861581742496,-2.71301738168314,-4.90688415029301,1.89526311141495e-05,0.000130696189688183,2.46788317928215,"ENSSSCT00000105886.1","ENSSSCG00000053787",NA,"ENSSSCG00000053787","Significant"
"ENSSSCT00000030692.4",1.35572099710279,3.62278007679493,4.89299287795965,1.9780355078035e-05,0.000135743779617818,2.45338121461072,"ENSSSCT00000030692.4","ENSSSCG00000029662","RASSF4","RASSF4","Significant"
"ENSSSCT00000090791.2",-4.6539583986997,-2.52866948172878,-4.88332251331587,2.0377609987029e-05,0.000139285449898762,2.45123619315068,"ENSSSCT00000090791.2","ENSSSCG00000032096","LETMD1","LETMD1","Significant"
"ENSSSCT00000060369.1",1.72374289715601,-0.988760836853837,4.82085526236337,2.46895976879711e-05,0.000164382201964184,2.44750219654598,"ENSSSCT00000060369.1","ENSSSCG00000036748",NA,"ENSSSCG00000036748","Significant"
"ENSSSCT00000102300.1",-2.13701442812758,-3.97354874399446,-4.94122681087376,1.70506676885089e-05,0.000119142728100331,2.44420812889848,"ENSSSCT00000102300.1","ENSSSCG00000060679",NA,"ENSSSCG00000060679","Significant"
"ENSSSCT00000066703.2",-3.13474166381805,1.83602102597068,-4.77260110295468,2.86280746716575e-05,0.00018708954632085,2.43476497185811,"ENSSSCT00000066703.2","ENSSSCG00000013380",NA,"ENSSSCG00000013380","Significant"
"ENSSSCT00000014183.5",2.62099447411804,-0.931182369979364,4.81241633747317,2.53374428646574e-05,0.000168214617625593,2.431043092691,"ENSSSCT00000014183.5","ENSSSCG00000012975","SNX32","SNX32","Significant"
"ENSSSCT00000072250.2",1.272423502273,0.0784648094682138,4.7770325068043,2.8241878280334e-05,0.000184973523393333,2.43019233789686,"ENSSSCT00000072250.2","ENSSSCG00000051151",NA,"ENSSSCG00000051151","Significant"
"ENSSSCT00000097601.1",1.37661142696973,2.02276444537285,4.78862711065211,2.72556121655062e-05,0.000179161689323421,2.42633420788358,"ENSSSCT00000097601.1","ENSSSCG00000008039","NTHL1","NTHL1","Significant"
"ENSSSCT00000042745.2",-3.68316632342731,1.15327634459965,-4.76281613163934,2.94994230706573e-05,0.000191482606697393,2.41490402945684,"ENSSSCT00000042745.2","ENSSSCG00000004441","DSE","DSE","Significant"
"ENSSSCT00000016206.3",-1.71565511253687,-1.47693221693529,-4.80590670390789,2.58486424103864e-05,0.000171085898730864,2.41311224308234,"ENSSSCT00000016206.3","ENSSSCG00000014854","KLHL35","KLHL35","Significant"
"ENSSSCT00000018649.5",2.01459974682569,-1.83179895348126,4.83732097474059,2.34723697648544e-05,0.000157273560175362,2.39522012216566,"ENSSSCT00000018649.5","ENSSSCG00000017131","FN3K","FN3K","Significant"
"ENSSSCT00000010760.6",1.29798194506718,3.29686696434471,4.86938074826978,2.12702298126993e-05,0.000144598534781745,2.39084012918457,"ENSSSCT00000010760.6","ENSSSCG00000009817","P2RX7","P2RX7","Significant"
"ENSSSCT00000070584.2",1.29197240777018,-0.696642801262442,4.79274986781693,2.69131927447506e-05,0.000177196634945446,2.39021843387027,"ENSSSCT00000070584.2","ENSSSCG00000059082",NA,"ENSSSCG00000059082","Significant"
"ENSSSCT00000018203.4",-2.41559324365182,-1.85272772646566,-4.80387440688076,2.60103179630342e-05,0.000172086121523289,2.38642823332919,"ENSSSCT00000018203.4","ENSSSCG00000016722","UBE2D4","UBE2D4","Significant"
"ENSSSCT00000076906.2",2.3223084616832,0.6307669298081,4.75164584637176,3.05262132756691e-05,0.000197358052278389,2.38422051525895,"ENSSSCT00000076906.2","ENSSSCG00000015332","PON1","PON1","Significant"
"ENSSSCT00000075168.2",1.83858570449878,0.522514148131208,4.74409312205088,3.12404075924206e-05,0.000201376482630147,2.36329069721362,"ENSSSCT00000075168.2","ENSSSCG00000030801",NA,"ENSSSCG00000030801","Significant"
"ENSSSCT00000077951.2",-2.70824268606295,1.02052313476775,-4.74276671622696,3.13675276999061e-05,0.000202115982831569,2.35971381189251,"ENSSSCT00000077951.2","ENSSSCG00000034517","ZNF12","ZNF12","Significant"
"ENSSSCT00000058707.3",1.96619852531266,0.174076610028514,4.7429164656569,3.13531504521772e-05,0.00020206327680229,2.34796411806707,"ENSSSCT00000058707.3","ENSSSCG00000013352","E2F8","E2F8","Significant"
"ENSSSCT00000024371.4",1.74295972293796,2.79516014440668,4.80059515990436,2.62733038006501e-05,0.000173614673108309,2.31447015207823,"ENSSSCT00000024371.4","ENSSSCG00000003350","MIB2","MIB2","Significant"
"ENSSSCT00000072932.1",-1.85131172862642,0.396811855261413,-4.72986858477763,3.26306196512547e-05,0.000209344494905452,2.30236897950612,"ENSSSCT00000072932.1","ENSSSCG00000007931","GLYR1","GLYR1","Significant"
"ENSSSCT00000064165.3",-1.72706953031915,2.65952944294686,-4.78244632005763,2.77770499088377e-05,0.000182331978101016,2.29750486804562,"ENSSSCT00000064165.3","ENSSSCG00000004139","ADGRG6","ADGRG6","Significant"
"ENSSSCT00000065636.2",2.43159158238226,1.48173416965428,4.73264431453332,3.23546213071136e-05,0.00020761465717322,2.29521064227873,"ENSSSCT00000065636.2","ENSSSCG00000039751","NLRC5","NLRC5","Significant"
"ENSSSCT00000068754.2",1.9582386246653,-1.75590660281988,4.77883807219491,2.80860044967564e-05,0.000184026545541046,2.29304012871822,"ENSSSCT00000068754.2","ENSSSCG00000051117",NA,"ENSSSCG00000051117","Significant"
"ENSSSCT00000053202.3",-1.73333647103977,2.51767789872039,-4.7605187456637,2.97077751656393e-05,0.000192716335356248,2.29113742894204,"ENSSSCT00000053202.3","ENSSSCG00000034756","PLB1","PLB1","Significant"
"ENSSSCT00000039146.3",1.84318372498654,1.67507289757823,4.7666564862757,2.91543584966182e-05,0.000189692417566102,2.28633671427714,"ENSSSCT00000039146.3","ENSSSCG00000008344","ARHGAP25","ARHGAP25","Significant"
"ENSSSCT00000042819.3",-1.80822750449001,-3.20244459138966,-4.85404143329103,2.22970971568162e-05,0.000150481174850101,2.27913898842902,"ENSSSCT00000042819.3","ENSSSCG00000009979",NA,"ENSSSCG00000009979","Significant"
"ENSSSCT00000040551.3",1.02757758088549,-0.787353937210948,4.74644541641228,3.10162191792434e-05,0.000200287742150931,2.26879587607752,"ENSSSCT00000040551.3","ENSSSCG00000034013","TMEM88B","TMEM88B","Significant"
"ENSSSCT00000024128.4",-1.00604668080944,3.29111938132898,-4.82839369880667,2.41247564256124e-05,0.000161082031230937,2.25774925712071,"ENSSSCT00000024128.4","ENSSSCG00000002739","PHLPP2","PHLPP2","Significant"
"ENSSSCT00000075655.1",-1.75319345670331,-2.05421774488005,-4.77030344672977,2.8830365900256e-05,0.000187990150600254,2.25391090205827,"ENSSSCT00000075655.1","ENSSSCG00000042315",NA,"ENSSSCG00000042315","Significant"
"ENSSSCT00000061956.3",-1.23667506812252,0.849279407412622,-4.7060058211815,3.51013493589716e-05,0.000223524295800764,2.25240475978261,"ENSSSCT00000061956.3","ENSSSCG00000021774","B3GALNT1","B3GALNT1","Significant"
"ENSSSCT00000097009.1",-1.22955648312298,-1.9795524902374,-4.77198487195257,2.86821910219715e-05,0.000187368093784884,2.24993380787652,"ENSSSCT00000097009.1","ENSSSCG00000063431",NA,"ENSSSCG00000063431","Significant"
"ENSSSCT00000047036.2",-1.14280212192532,4.03777654167965,-4.87525015637133,2.08898186918024e-05,0.000142249717758464,2.24960749245,"ENSSSCT00000047036.2","ENSSSCG00000021906","SYT7","SYT7","Significant"
"ENSSSCT00000099874.1",2.28494990909071,-2.87611058779598,4.8253080722968,2.43543942969603e-05,0.000162349350165221,2.2478169482181,"ENSSSCT00000099874.1","ENSSSCG00000045152",NA,"ENSSSCG00000045152","Significant"
"ENSSSCT00000084078.1",1.22648621706149,0.849717190144333,4.70277415250726,3.54498562302458e-05,0.000225347458087529,2.23960230130154,"ENSSSCT00000084078.1","ENSSSCG00000047020",NA,"ENSSSCG00000047020","Significant"
"ENSSSCT00000070780.2",2.15826724146896,-1.5820819290907,4.74516439905882,3.11381102774496e-05,0.000200796469043902,2.23360005525555,"ENSSSCT00000070780.2","ENSSSCG00000009881","OAS2","OAS2","Significant"
"ENSSSCT00000005994.5",-1.09324790362049,3.92156712232052,-4.85174186634751,2.24552104912385e-05,0.00015126646340007,2.22847002465132,"ENSSSCT00000005994.5","ENSSSCG00000005449","PTPN3","PTPN3","Significant"
"ENSSSCT00000004347.5",1.33915903750939,2.33546885242861,4.74114519228105,3.152362593809e-05,0.000202961354677229,2.22769291613142,"ENSSSCT00000004347.5","ENSSSCG00000003931","KIF2C","KIF2C","Significant"
"ENSSSCT00000018371.5",1.24057039444702,0.297342027278467,4.69790653726098,3.5981245292408e-05,0.000228280311639165,2.2240850714411,"ENSSSCT00000018371.5","ENSSSCG00000016867","CCDC152","CCDC152","Significant"
"ENSSSCT00000008810.5",1.69955044018871,1.20090794121966,4.69633158402579,3.61548587464718e-05,0.000229114288546155,2.2181494800081,"ENSSSCT00000008810.5","ENSSSCG00000008039","NTHL1","NTHL1","Significant"
"ENSSSCT00000063008.2",1.16221238715593,4.08091039207462,4.86576428105643,2.15080286385923e-05,0.000145850200859539,2.20024165798917,"ENSSSCT00000063008.2","ENSSSCG00000016626","CFTR","CFTR","Significant"
"ENSSSCT00000048019.3",-1.60465475055866,3.47394733906811,-4.78817273481693,2.72936133484321e-05,0.000179375321429607,2.1997513677303,"ENSSSCT00000048019.3","ENSSSCG00000015136","UBASH3B","UBASH3B","Significant"
"ENSSSCT00000011015.5",-1.94085700671058,-2.73717722014225,-4.78983961505929,2.71544617121748e-05,0.000178640853443048,2.18015734902659,"ENSSSCT00000011015.5","ENSSSCG00000010054","ADORA2A","ADORA2A","Significant"
"ENSSSCT00000082538.2",-1.29356474312185,1.45407331491148,-4.69329004476742,3.6492484581047e-05,0.000230850013054027,2.17571409507937,"ENSSSCT00000082538.2","ENSSSCG00000024598","PRKAA1","PRKAA1","Significant"
"ENSSSCT00000103503.1",-2.09762687631718,-3.29576844893875,-4.80003064869277,2.63188405069294e-05,0.00017384511261911,2.1728910820003,"ENSSSCT00000103503.1","ENSSSCG00000060745",NA,"ENSSSCG00000060745","Significant"
"ENSSSCT00000026009.4",1.67227909112234,0.599600488941975,4.67342883459615,3.87750017656721e-05,0.000243259603149504,2.16508097037609,"ENSSSCT00000026009.4","ENSSSCG00000030544","TMEM143","TMEM143","Significant"
"ENSSSCT00000078807.2",4.23566587818808,-2.72393506979369,4.7631484679344,2.94694030139445e-05,0.000191360369620922,2.16051401647036,"ENSSSCT00000078807.2","ENSSSCG00000002813","KATNB1","KATNB1","Significant"
"ENSSSCT00000051573.3",-2.34977885247897,-1.41015924378779,-4.73951904310425,3.16809403214771e-05,0.000203813215911886,2.15930739245083,"ENSSSCT00000051573.3","ENSSSCG00000011714","MED12L","MED12L","Significant"
"ENSSSCT00000058634.3",3.62157624155754,-1.39341184120614,4.72827829680463,3.27897931148914e-05,0.00021024157614905,2.15834946877756,"ENSSSCT00000058634.3","ENSSSCG00000012001","ROBO1","ROBO1","Significant"
"ENSSSCT00000006728.5",-1.08891378996566,5.54225545653366,-4.89786898109605,1.94858082873227e-05,0.00013397623226484,2.14021490904438,"ENSSSCT00000006728.5","ENSSSCG00000006135","CPNE3","CPNE3","Significant"
"ENSSSCT00000101048.1",1.11741609133426,-0.74192119716022,4.68746355899234,3.71479708046788e-05,0.00023426933077674,2.13776593835113,"ENSSSCT00000101048.1","ENSSSCG00000061525",NA,"ENSSSCG00000061525","Significant"
"ENSSSCT00000079635.1",-1.50082881594978,-0.664960174671947,-4.67464715112802,3.86310187519183e-05,0.000242449612201645,2.12959301109437,"ENSSSCT00000079635.1","ENSSSCG00000050759",NA,"ENSSSCG00000050759","Significant"
"ENSSSCT00000043255.3",2.6532721987926,1.30038768694247,4.65845619419368,4.0588350311855e-05,0.000252842702800963,2.12038969097419,"ENSSSCT00000043255.3","ENSSSCG00000011482","CFAP20DC","CFAP20DC","Significant"
"ENSSSCT00000043655.3",1.72876021132611,2.6104041658762,4.72335789772948,3.32871551461221e-05,0.000213095308538026,2.11906262930074,"ENSSSCT00000043655.3","ENSSSCG00000027660","IFI44L","IFI44L","Significant"
"ENSSSCT00000049840.3",-4.89959777249333,-1.53508261523474,-4.70309356926311,3.54152583195948e-05,0.000225171427896269,2.11732083262828,"ENSSSCT00000049840.3","ENSSSCG00000037880","NSMF","NSMF","Significant"
"ENSSSCT00000074153.2",1.83891009861451,1.02634934121387,4.65719326299882,4.07450784559072e-05,0.000253666705743059,2.11681825393492,"ENSSSCT00000074153.2","ENSSSCG00000027565","ARHGAP45","ARHGAP45","Significant"
"ENSSSCT00000048623.3",2.05918509227997,1.41277531157881,4.65889128399504,4.05344941423732e-05,0.000252693431552187,2.11455703547375,"ENSSSCT00000048623.3","ENSSSCG00000012377","KIF4A","KIF4A","Significant"
"ENSSSCT00000055700.3",-1.20170285953585,3.43558909225845,-4.78630868976193,2.74500596725542e-05,0.00018033079701067,2.10994454644132,"ENSSSCT00000055700.3","ENSSSCG00000000403","BAZ2A","BAZ2A","Significant"
"ENSSSCT00000030507.3",1.76828686073974,-0.30139031509648,4.66064718616274,4.03178612793826e-05,0.000251535313653462,2.09662301333847,"ENSSSCT00000030507.3","ENSSSCG00000024872","CPT1C","CPT1C","Significant"
"ENSSSCT00000061763.2",1.0284814721961,1.67542988218762,4.66653419151825,3.95998618715397e-05,0.000247529504689356,2.08973535220054,"ENSSSCT00000061763.2","ENSSSCG00000034229","MIS18A","MIS18A","Significant"
"ENSSSCT00000051979.3",-2.78119287376189,5.17140316223787,-4.79609197456279,2.6638736115853e-05,0.000175637887223715,2.0811535288939,"ENSSSCT00000051979.3","ENSSSCG00000039094","PLEC","PLEC","Significant"
"ENSSSCT00000048174.3",-1.05815783202153,1.76258747621901,-4.6717295813357,3.89767079228002e-05,0.000244290000983272,2.08059629626804,"ENSSSCT00000048174.3","ENSSSCG00000033340",NA,"ENSSSCG00000033340","Significant"
"ENSSSCT00000058271.3",-2.90714874934007,-1.16490878204431,-4.66089581966493,4.02872788445435e-05,0.000251440742620118,2.07822780666782,"ENSSSCT00000058271.3","ENSSSCG00000040037","MTSS2","MTSS2","Significant"
"ENSSSCT00000003233.5",1.82819639831914,-2.69054361140549,4.74153152698109,3.1486365378662e-05,0.000202761496505214,2.07765243854566,"ENSSSCT00000003233.5","ENSSSCG00000002927","LRFN3","LRFN3","Significant"
"ENSSSCT00000084882.2",1.35344115759768,0.50603220201275,4.64087674073386,4.28244469672448e-05,0.000265194353071234,2.07352567758235,"ENSSSCT00000084882.2","ENSSSCG00000046214",NA,"ENSSSCG00000046214","Significant"
"ENSSSCT00000080944.2",-1.3720648112871,0.424900834844233,-4.64097043807357,4.28122123542512e-05,0.00026516895357105,2.07313625840511,"ENSSSCT00000080944.2","ENSSSCG00000040954","CSTF3","CSTF3","Significant"
"ENSSSCT00000019457.5",-1.33045876473798,0.340661256542966,-4.64021284916895,4.29112340674118e-05,0.000265630885804802,2.06524988804533,"ENSSSCT00000019457.5","ENSSSCG00000017880","SPNS3","SPNS3","Significant"
"ENSSSCT00000090078.2",1.13875730166997,2.7281898561824,4.7079672940272,3.48914743914669e-05,0.000222361538518254,2.0649086099208,"ENSSSCT00000090078.2","ENSSSCG00000028924","AURKB","AURKB","Significant"
"ENSSSCT00000064844.3",-1.01263663990155,2.10952454993144,-4.67842994333593,3.81873162780672e-05,0.000239988292199326,2.06250198317666,"ENSSSCT00000064844.3","ENSSSCG00000032193","NKAIN1","NKAIN1","Significant"
"ENSSSCT00000060067.3",1.24394459002243,0.712416635777385,4.63607430576114,4.34561703372376e-05,0.0002687314151485,2.06024332354079,"ENSSSCT00000060067.3","ENSSSCG00000004469","LCA5","LCA5","Significant"
"ENSSSCT00000012581.5",1.49961156793064,2.34017526699042,4.68441910145135,3.74950862748609e-05,0.000236047459529941,2.05635009419322,"ENSSSCT00000012581.5","ENSSSCG00000011497","MAGI1","MAGI1","Significant"
"ENSSSCT00000005442.4",-1.90456528127932,-4.1774570387393,-4.78193945051181,2.78202466489585e-05,0.000182578768466715,2.05207524320794,"ENSSSCT00000005442.4","ENSSSCG00000054127","IGDCC3","IGDCC3","Significant"
"ENSSSCT00000098565.1",1.30421523851021,1.49009942877949,4.64911556985214,4.17617315504428e-05,0.000259154833549798,2.04846909246696,"ENSSSCT00000098565.1","ENSSSCG00000013114","SLC15A3","SLC15A3","Significant"
"ENSSSCT00000047511.3",1.01355829983231,2.89184688565481,4.71831692780203,3.38044334399307e-05,0.000216109754485392,2.04342108712119,"ENSSSCT00000047511.3","ENSSSCG00000003350","MIB2","MIB2","Significant"
"ENSSSCT00000043842.2",1.24008038900121,1.00174573235521,4.63063738653764,4.41824561670665e-05,0.000272105175835103,2.04310640699586,"ENSSSCT00000043842.2","ENSSSCG00000025826","BOC","BOC","Significant"
"ENSSSCT00000056863.2",1.03964343020854,3.21314084527541,4.75423693997339,3.02849334573671e-05,0.000195953556349275,2.03665408894874,"ENSSSCT00000056863.2","ENSSSCG00000040673","TMEM140","TMEM140","Significant"
"ENSSSCT00000069419.2",3.72193358181203,-1.12945644554269,4.64138118212312,4.27586197708707e-05,0.000264937673700013,2.03652311026575,"ENSSSCT00000069419.2","ENSSSCG00000014074","GFM2","GFM2","Significant"
"ENSSSCT00000094870.1",-1.49603508624946,-2.65968360245681,-4.7234657666107,3.32761720895227e-05,0.000213066833229929,2.03084143693574,"ENSSSCT00000094870.1","ENSSSCG00000012035","SYNJ1","SYNJ1","Significant"
"ENSSSCT00000073775.1",3.13758662390175,-4.07873620976468,4.77041033350367,2.88209240655044e-05,0.000187973076261594,2.0233080694308,"ENSSSCT00000073775.1","ENSSSCG00000004813","TTC23","TTC23","Significant"
"ENSSSCT00000012836.5",1.9688278650158,-3.09974428193624,4.68948416073074,3.6919344555533e-05,0.00023314319385795,2.02102499860369,"ENSSSCT00000012836.5","ENSSSCG00000011726","VEPH1","VEPH1","Significant"
"ENSSSCT00000074538.1",-2.07972771447794,1.69319118972855,-4.63450698196005,4.36643228851624e-05,0.000269576137729187,2.01721682468997,"ENSSSCT00000074538.1","ENSSSCG00000014411","LARS1","LARS1","Significant"
"ENSSSCT00000103042.1",1.98383031569121,-2.1358233820797,4.70801468573999,3.488641890678e-05,0.000222361538518254,2.01400676903649,"ENSSSCT00000103042.1","ENSSSCG00000056207","AKAIN1","AKAIN1","Significant"
"ENSSSCT00000064671.3",1.23730444673532,1.68055723596434,4.63429042932437,4.3693159961095e-05,0.00026965205136694,2.00992461712907,"ENSSSCT00000064671.3","ENSSSCG00000028112","CLIC6","CLIC6","Significant"
"ENSSSCT00000085692.2",-4.50828669072683,-1.51734783155904,-4.6583846453854,4.05972135064116e-05,0.000252842702800963,2.0096619381682,"ENSSSCT00000085692.2","ENSSSCG00000010635","ZDHHC6","ZDHHC6","Significant"
"ENSSSCT00000095793.1",1.39495806142624,3.71614409082177,4.76459724717118,2.93388866607266e-05,0.000190626755816327,2.00599951887749,"ENSSSCT00000095793.1","ENSSSCG00000058443","AKR1C2","AKR1C2","Significant"
"ENSSSCT00000024610.4",-1.11228423816414,1.10524935710141,-4.62479669230123,4.49760239100786e-05,0.000276261922299209,2.00441931712724,"ENSSSCT00000024610.4","ENSSSCG00000028018","EP400","EP400","Significant"
"ENSSSCT00000023124.3",1.97449344584572,-4.92135342100471,4.76792897712571,2.90409047878466e-05,0.000189029678519255,2.00313320313356,"ENSSSCT00000023124.3","ENSSSCG00000021504","IFN-ALPHAOMEGA","IFN-ALPHAOMEGA","Significant"
"ENSSSCT00000005031.5",1.56079258481963,0.452270485941248,4.61429186028651,4.64388410049465e-05,0.000284281423893206,1.99910494939991,"ENSSSCT00000005031.5","ENSSSCG00000004554","PCLAF","PCLAF","Significant"
"ENSSSCT00000032131.3",1.43341150095911,-0.405451539626468,4.6304592796648,4.42064498797392e-05,0.000272201528211335,1.99686813219335,"ENSSSCT00000032131.3","ENSSSCG00000026559","EML6","EML6","Significant"
"ENSSSCT00000055725.2",2.22326959809472,3.08171902394232,4.68105181833663,3.7882739445159e-05,0.000238257877482632,1.98477344789785,"ENSSSCT00000055725.2","ENSSSCG00000017604","HLF","HLF","Significant"
"ENSSSCT00000012321.4",1.07725924507123,1.09219046249211,4.60970779813468,4.70917934478588e-05,0.000287632228095539,1.98267147519872,"ENSSSCT00000012321.4","ENSSSCG00000011254","XYLB","XYLB","Significant"
"ENSSSCT00000007410.5",-2.14820760891032,-3.56916106834987,-4.73566912272036,3.20564824232141e-05,0.000205904167243198,1.98191770763675,"ENSSSCT00000007410.5","ENSSSCG00000006764","PTPN22","PTPN22","Significant"
"ENSSSCT00000005189.4",1.10057864561751,-0.812568390629661,4.63937647326251,4.30208162059183e-05,0.00026620814036397,1.98103299012247,"ENSSSCT00000005189.4","ENSSSCG00000004699","ELL3","ELL3","Significant"
"ENSSSCT00000070625.1",-1.28571346249467,2.82149273177007,-4.68414656034855,3.75263159241282e-05,0.000236198456445999,1.97630378498641,"ENSSSCT00000070625.1","ENSSSCG00000035133","MTMR9","MTMR9","Significant"
"ENSSSCT00000028395.4",-1.83755212086089,-1.9515763834601,-4.66906202089891,3.92954460415482e-05,0.000245956752301524,1.96976232527459,"ENSSSCT00000028395.4","ENSSSCG00000030461","HEPHL1","HEPHL1","Significant"
"ENSSSCT00000009045.5",2.30098794466129,-4.46311997911319,4.76558720931129,2.92500326143789e-05,0.000190167292648742,1.96808600662761,"ENSSSCT00000009045.5","ENSSSCG00000008259","LRRTM4","LRRTM4","Significant"
"ENSSSCT00000026450.4",1.28449119083946,4.12829303971798,4.77181891404528,2.86967824390901e-05,0.000187396377163832,1.96722089666811,"ENSSSCT00000026450.4","ENSSSCG00000007235","TPX2","TPX2","Significant"
"ENSSSCT00000005493.5",-3.32404416882255,-1.56310608735273,-4.63282975557072,4.38881609112078e-05,0.000270650576574431,1.96708484580912,"ENSSSCT00000005493.5","ENSSSCG00000004980","THSD4","THSD4","Significant"
"ENSSSCT00000008239.4",-1.34082305942913,1.08975839976209,-4.60447679075191,4.78479622220009e-05,0.000291377467367598,1.96260132087329,"ENSSSCT00000008239.4","ENSSSCG00000007520",NA,"ENSSSCG00000007520","Significant"
"ENSSSCT00000039539.3",1.08669040565672,-0.623055189334566,4.62955381293042,4.43286289873663e-05,0.000272850787144439,1.96037293565704,"ENSSSCT00000039539.3","ENSSSCG00000022296","CDK15","CDK15","Significant"
"ENSSSCT00000039911.3",-1.59510946111053,-0.990165413419455,-4.62323178495647,4.51910234546698e-05,0.000277477990342007,1.96017387388843,"ENSSSCT00000039911.3","ENSSSCG00000016260","SLC16A14","SLC16A14","Significant"
"ENSSSCT00000053197.3",-1.62699578427138,-2.23259536214669,-4.66760446544216,3.94706901914125e-05,0.000246911431888107,1.95448140403972,"ENSSSCT00000053197.3","ENSSSCG00000020879","FBXW7","FBXW7","Significant"
"ENSSSCT00000036602.4",-2.52999818101607,1.9201511548821,-4.60670002276296,4.75251307292091e-05,0.000289953099231874,1.94328550190079,"ENSSSCT00000036602.4","ENSSSCG00000012163","RPS6KA3","RPS6KA3","Significant"
"ENSSSCT00000079690.2",-2.84296525141697,2.99700738986012,-4.63350728951195,4.37976031347283e-05,0.000270194333510819,1.93656106459735,"ENSSSCT00000079690.2","ENSSSCG00000007381","YWHAB","YWHAB","Significant"
"ENSSSCT00000008175.5",-1.08510452780757,-0.00914238136272488,-4.59201489289818,4.96979660011886e-05,0.000301180759015382,1.93301438792156,"ENSSSCT00000008175.5","ENSSSCG00000007470","RIPOR3","RIPOR3","Significant"
"ENSSSCT00000071422.2",1.15177210746975,-0.804610329326301,4.62603722727283,4.48063064691489e-05,0.000275323184342279,1.92931636275805,"ENSSSCT00000071422.2","ENSSSCG00000046803",NA,"ENSSSCG00000046803","Significant"
"ENSSSCT00000037726.3",-3.42250354846224,-0.884729646182791,-4.61004730280408,4.70431256200396e-05,0.000287388807891282,1.92179572603936,"ENSSSCT00000037726.3","ENSSSCG00000063066","TMOD1","TMOD1","Significant"
"ENSSSCT00000090043.2",-2.26269066954045,0.0164110739083148,-4.59028994287485,4.99595343120654e-05,0.000302484801617564,1.92085307375159,"ENSSSCT00000090043.2","ENSSSCG00000017779","PHF12","PHF12","Significant"
"ENSSSCT00000069733.2",1.68069382218159,-1.95495616565042,4.64859704389112,4.18278412504686e-05,0.000259416955702925,1.91686839083582,"ENSSSCT00000069733.2","ENSSSCG00000041467","CCDC194","CCDC194","Significant"
"ENSSSCT00000103814.1",-1.08571047941544,2.07439961459509,-4.62744456513679,4.46145335298759e-05,0.000274403367517086,1.9147293916358,"ENSSSCT00000103814.1","ENSSSCG00000015955","ITGA6","ITGA6","Significant"
"ENSSSCT00000075067.1",-3.01969660801839,-2.63212063962115,-4.63164691901327,4.40466993324352e-05,0.000271427056604348,1.91369097486234,"ENSSSCT00000075067.1","ENSSSCG00000001578","RNF8","RNF8","Significant"
"ENSSSCT00000025163.3",1.17224499619923,2.83398457316544,4.66453779810541,3.98419232287463e-05,0.000248899418461399,1.90347700643753,"ENSSSCT00000025163.3","ENSSSCG00000030469","BUB1","BUB1","Significant"
"ENSSSCT00000011222.3",-3.00605363850186,-0.521442961920344,-4.59271050295478,4.95928673751274e-05,0.000300655605782568,1.90250426835815,"ENSSSCT00000011222.3","ENSSSCG00000010252","HKDC1","HKDC1","Significant"
"ENSSSCT00000095392.1",1.94354096543221,-1.71954839290139,4.63429106761511,4.36930749359658e-05,0.00026965205136694,1.8924562964112,"ENSSSCT00000095392.1","ENSSSCG00000057158",NA,"ENSSSCG00000057158","Significant"
"ENSSSCT00000088497.2",1.5041705025618,-2.40614525734153,4.67270003943328,3.88613852959094e-05,0.000243614036952092,1.88451143518139,"ENSSSCT00000088497.2","ENSSSCG00000042865",NA,"ENSSSCG00000042865","Significant"
"ENSSSCT00000000594.5",-1.44061519294364,-1.23404264278044,-4.61368714294752,4.65244628021027e-05,0.000284700372597552,1.88209144582537,"ENSSSCT00000000594.5","ENSSSCG00000000551","BMAL2","BMAL2","Significant"
"ENSSSCT00000053108.3",1.90582124413416,1.03861044842375,4.56924717441989,5.32617809267926e-05,0.000319511886906559,1.87303857982172,"ENSSSCT00000053108.3","ENSSSCG00000036022",NA,"ENSSSCG00000036022","Significant"
"ENSSSCT00000047705.3",3.13910210956584,0.733039099913345,4.56667192691504,5.36804077545151e-05,0.000321608969942707,1.86738326426141,"ENSSSCT00000047705.3","ENSSSCG00000004969","KIF23","KIF23","Significant"
"ENSSSCT00000048900.2",1.0762624242792,1.81336002969882,4.58864405821695,5.02103784288562e-05,0.000303608898051637,1.86587477497751,"ENSSSCT00000048900.2","ENSSSCG00000040617","TNFAIP8","TNFAIP8","Significant"
"ENSSSCT00000103336.1",-2.15717601502109,-0.669730605797519,-4.56703041565248,5.36219388843878e-05,0.000321435869716231,1.8620832444449,"ENSSSCT00000103336.1","ENSSSCG00000022147","CHURC1","CHURC1","Significant"
"ENSSSCT00000077448.2",1.67293768434857,-2.41834963110084,4.65441361184727,4.10921366041278e-05,0.000255437182429167,1.8615794767161,"ENSSSCT00000077448.2","ENSSSCG00000046743",NA,"ENSSSCG00000046743","Significant"
"ENSSSCT00000088759.1",4.14605450323537,-3.77784722756047,4.65840372640296,4.05948496356818e-05,0.000252842702800963,1.86133824313155,"ENSSSCT00000088759.1","ENSSSCG00000036731","TSPAN31","TSPAN31","Significant"
"ENSSSCT00000010097.4",1.06165002202435,0.107261315439007,4.5668852117053,5.36456138218134e-05,0.00032150565781588,1.85689057434491,"ENSSSCT00000010097.4","ENSSSCG00000009220","DMP1","DMP1","Significant"
"ENSSSCT00000001840.4",4.50875350303555,-1.85404292465043,4.58976044740882,5.00400979604528e-05,0.000302860099109449,1.83980680678096,"ENSSSCT00000001840.4","ENSSSCG00000001654","PPP2R5D","PPP2R5D","Significant"
"ENSSSCT00000047886.3",-1.91825874240364,-1.50307000005761,-4.59837753882812,4.8744768835884e-05,0.000296201644995531,1.83957816148741,"ENSSSCT00000047886.3","ENSSSCG00000051968",NA,"ENSSSCG00000051968","Significant"
"ENSSSCT00000076411.1",-3.23469902299408,-2.39169468555504,-4.60065887247873,4.84074080298897e-05,0.000294399390301534,1.81021461455775,"ENSSSCT00000076411.1","ENSSSCG00000012074",NA,"ENSSSCG00000012074","Significant"
"ENSSSCT00000096974.1",3.46075716145385,-4.37430990867557,4.68517687846824,3.74083897278209e-05,0.000235592647998044,1.80771646127405,"ENSSSCT00000096974.1","ENSSSCG00000005648","SLC27A4","SLC27A4","Significant"
"ENSSSCT00000062070.3",1.50268186848632,1.92570968477294,4.59064202313449,4.99060354894991e-05,0.000302273152721462,1.80635672251968,"ENSSSCT00000062070.3","ENSSSCG00000025856","TMEM106A","TMEM106A","Significant"
"ENSSSCT00000086537.2",-1.69814942507114,5.40962608098249,-4.80206645805371,2.6154986367597e-05,0.000172902914746377,1.79692832204251,"ENSSSCT00000086537.2","ENSSSCG00000004822","ALDH1A3","ALDH1A3","Significant"
"ENSSSCT00000038962.2",1.31618307399869,-1.0289993849756,4.56977284973045,5.31767244978063e-05,0.000319177821341398,1.7967390974231,"ENSSSCT00000038962.2","ENSSSCG00000006625","RFX5","RFX5","Significant"
"ENSSSCT00000066636.2",1.32879727447887,2.30271272111637,4.58933717538592,5.01045916310665e-05,0.000303164968099035,1.79665256106728,"ENSSSCT00000066636.2","ENSSSCG00000008029","BAIAP3","BAIAP3","Significant"
"ENSSSCT00000076934.2",-1.80321220323131,-3.24455940303952,-4.6600890659155,4.03865946939913e-05,0.000251915923742662,1.79609940900474,"ENSSSCT00000076934.2","ENSSSCG00000022496","STK39","STK39","Significant"
"ENSSSCT00000099964.1",-1.10660373488141,-1.39218124559319,-4.58065884260263,5.14451139577729e-05,0.000310097475202374,1.79458843503322,"ENSSSCT00000099964.1","ENSSSCG00000062936",NA,"ENSSSCG00000062936","Significant"
"ENSSSCT00000065840.3",-2.78166373818908,-2.61190121829281,-4.61273616308032,4.6659426877646e-05,0.000285365588804871,1.7940336113943,"ENSSSCT00000065840.3","ENSSSCG00000003211","NR1H2","NR1H2","Significant"
"ENSSSCT00000056578.3",1.54354708417078,1.51031522323076,4.55415460529804,5.57618294287683e-05,0.000332551433454465,1.79037993265899,"ENSSSCT00000056578.3","ENSSSCG00000032279","SAPCD2","SAPCD2","Significant"
"ENSSSCT00000096817.1",1.0117866919419,-0.3445246956384,4.54858031369671,5.67141426500188e-05,0.000337551644206136,1.78563579327527,"ENSSSCT00000096817.1","ENSSSCG00000055767","BGLAP","BGLAP","Significant"
"ENSSSCT00000066176.3",1.13790085762428,1.41679468078511,4.55581811205581,5.54807004190905e-05,0.000331177729121938,1.77868621883177,"ENSSSCT00000066176.3","ENSSSCG00000036975","PSRC1","PSRC1","Significant"
"ENSSSCT00000064379.3",-1.01212281796567,5.96184935541551,-4.8237359938107,2.44722215013745e-05,0.00016306811972835,1.7786694432766,"ENSSSCT00000064379.3","ENSSSCG00000049263","HAS3","HAS3","Significant"
"ENSSSCT00000024706.3",-1.30291469805781,0.320539332622815,-4.53423455031445,5.92392742940134e-05,0.000351042766099966,1.77728465004529,"ENSSSCT00000024706.3","ENSSSCG00000020735","MAP3K15","MAP3K15","Significant"
"ENSSSCT00000054569.3",1.34107425694955,1.44869841379364,4.54638600738796,5.70933979042307e-05,0.000339499023394043,1.76892466935041,"ENSSSCT00000054569.3","ENSSSCG00000031940","GAS2","GAS2","Significant"
"ENSSSCT00000040645.3",-1.22523033686433,2.91919212867733,-4.62053762391254,4.55635464915368e-05,0.000279449561664798,1.76597987612458,"ENSSSCT00000040645.3","ENSSSCG00000034980","IRF8","IRF8","Significant"
"ENSSSCT00000079252.2",-3.50917487448249,-3.86707469796706,-4.65491109423198,4.10298089538113e-05,0.000255147032448992,1.76151661498103,"ENSSSCT00000079252.2","ENSSSCG00000011090","NEBL","NEBL","Significant"
"ENSSSCT00000093752.1",1.39706165398561,-1.31573129189329,4.5806586960174,5.1445136896382e-05,0.000310097475202374,1.75516447038231,"ENSSSCT00000093752.1","ENSSSCG00000061381",NA,"ENSSSCG00000061381","Significant"
"ENSSSCT00000043678.2",1.51780461645518,2.00623575366237,4.56030416534387,5.47295096094641e-05,0.000327112911330333,1.74938473143186,"ENSSSCT00000043678.2","ENSSSCG00000034864","CHEK2","CHEK2","Significant"
"ENSSSCT00000056612.2",1.1219734745172,-1.23673152966157,4.57660591911757,5.20832105534535e-05,0.000313422110905279,1.74460100387818,"ENSSSCT00000056612.2","ENSSSCG00000017261","ARSG","ARSG","Significant"
"ENSSSCT00000053210.3",-1.09309259084786,4.70687643848692,-4.74080247530021,3.15567161988295e-05,0.000203134289229346,1.73225769650561,"ENSSSCT00000053210.3","ENSSSCG00000003682","ANKRD12","ANKRD12","Significant"
"ENSSSCT00000017521.5",1.88117914288758,0.0444823617555861,4.51800345231181,6.22299423143554e-05,0.000366500187719878,1.73053310912776,"ENSSSCT00000017521.5","ENSSSCG00000016093",NA,"ENSSSCG00000016093","Significant"
"ENSSSCT00000104580.1",4.37815437368378,-3.45663125368346,4.63286199621749,4.38838475106228e-05,0.000270650576574431,1.72603387635784,"ENSSSCT00000104580.1","ENSSSCG00000017752","WSB1","WSB1","Significant"
"ENSSSCT00000097927.1",1.54128139678137,2.49917147298108,4.58168012362042,5.12855417487699e-05,0.000309307029814446,1.72424017621391,"ENSSSCT00000097927.1","ENSSSCG00000001657","CUL7","CUL7","Significant"
"ENSSSCT00000104581.1",1.95971474796351,-3.77293454510731,4.63565732150538,4.35114532506687e-05,0.000268888251088314,1.70449057973055,"ENSSSCT00000104581.1","ENSSSCG00000058354",NA,"ENSSSCG00000058354","Significant"
"ENSSSCT00000041634.3",2.05683124256671,-3.27091600755061,4.61238944781568,4.67087290679036e-05,0.000285613541359701,1.70362768966692,"ENSSSCT00000041634.3","ENSSSCG00000033993","PLCXD3","PLCXD3","Significant"
"ENSSSCT00000019470.4",1.64648554165151,1.50468123013496,4.5203610087545,6.17864948246375e-05,0.000364344536627323,1.69944406125131,"ENSSSCT00000019470.4","ENSSSCG00000017893","PIMREG","PIMREG","Significant"
"ENSSSCT00000066004.3",-1.98298736811883,1.03864677056149,-4.50550040501544,6.4634616981067e-05,0.000378951097293779,1.68778022087282,"ENSSSCT00000066004.3","ENSSSCG00000027890",NA,"ENSSSCG00000027890","Significant"
"ENSSSCT00000012537.5",1.5246538473485,2.47640573323037,4.56266119355528,5.43388499873843e-05,0.000325016302511223,1.68578097115359,"ENSSSCT00000012537.5","ENSSSCG00000011456","CHDH","CHDH","Significant"
"ENSSSCT00000055186.3",-1.47132042140736,2.60285071253574,-4.5535850671303,5.58584022951489e-05,0.000332883814372333,1.68355925959618,"ENSSSCT00000055186.3","ENSSSCG00000011628","DNAJC13","DNAJC13","Significant"
"ENSSSCT00000100365.1",-1.58207065145984,-0.832053372071588,-4.50953326995272,6.38491596846365e-05,0.000375087928352772,1.68272579154283,"ENSSSCT00000100365.1","ENSSSCG00000008404","MTIF2","MTIF2","Significant"
"ENSSSCT00000092616.1",1.30097059781298,-1.49590306021817,4.55757976793837,5.51845069237057e-05,0.000329771932503758,1.67986356346772,"ENSSSCT00000092616.1","ENSSSCG00000058159",NA,"ENSSSCG00000058159","Significant"
"ENSSSCT00000078988.2",1.63612538470997,-2.74597276525852,4.58780175555843,5.03392310273996e-05,0.000304275173974293,1.67735226650464,"ENSSSCT00000078988.2","ENSSSCG00000051522",NA,"ENSSSCG00000051522","Significant"
"ENSSSCT00000086633.1",-1.76569928325256,-1.96751832276855,-4.54230220680663,5.7805889391911e-05,0.000343422597983576,1.66791148942913,"ENSSSCT00000086633.1","ENSSSCG00000008874","TMEM144","TMEM144","Significant"
"ENSSSCT00000107651.1",3.18788201543421,-1.55103441370304,4.52190673990517,6.14974390391952e-05,0.000362841567577619,1.65091147175045,"ENSSSCT00000107651.1","ENSSSCG00000001391","CCHCR1","CCHCR1","Significant"
"ENSSSCT00000083673.2",-1.17991682951504,-0.959176204665621,-4.50080776552358,6.55605541083821e-05,0.000383827672140364,1.64759659550381,"ENSSSCT00000083673.2","ENSSSCG00000001710","RUNX2","RUNX2","Significant"
"ENSSSCT00000045649.3",-2.03241639857759,0.724365864567485,-4.49070397457476,6.75987519897233e-05,0.000394132637673987,1.6467622049116,"ENSSSCT00000045649.3","ENSSSCG00000039368","SLC35D2","SLC35D2","Significant"
"ENSSSCT00000046037.3",-1.1346567778917,2.43697385726651,-4.55257276438357,5.60304587714825e-05,0.000333787151066219,1.6384510438437,"ENSSSCT00000046037.3","ENSSSCG00000006496","LMNA","LMNA","Significant"
"ENSSSCT00000000472.4",-1.39843047793527,-0.862857357753413,-4.49748441944044,6.62241924148363e-05,0.000387226249909133,1.6235992473753,"ENSSSCT00000000472.4","ENSSSCG00000000437","ARHGAP9","ARHGAP9","Significant"
"ENSSSCT00000009978.5",2.03814672655667,-2.07608739978998,4.51468837830914,6.28588012232222e-05,0.000370003313789843,1.6151357656249,"ENSSSCT00000009978.5","ENSSSCG00000009111","SYNPO2","SYNPO2","Significant"
"ENSSSCT00000044776.1",-3.07689968542984,1.16942860317594,-4.47428838490765,7.104393577905e-05,0.000410548827036538,1.61131251720013,"ENSSSCT00000044776.1","ENSSSCG00000000037","ARFGAP3","ARFGAP3","Significant"
"ENSSSCT00000061426.3",-1.22648867297243,0.777855766333685,-4.47346148147426,7.12219778320887e-05,0.000411286107906025,1.60803166778268,"ENSSSCT00000061426.3","ENSSSCG00000002867","CEBPG","CEBPG","Significant"
"ENSSSCT00000007771.4",1.56330771175165,-2.69529816598367,4.57807960380764,5.18502945391919e-05,0.000312135709593023,1.60786075145491,"ENSSSCT00000007771.4","ENSSSCG00000007099","SCP2D1","SCP2D1","Significant"
"ENSSSCT00000073005.1",-1.05590895617253,1.39400819823308,-4.48978350607423,6.77875048216594e-05,0.00039480954040825,1.60762765829146,"ENSSSCT00000073005.1","ENSSSCG00000049319",NA,"ENSSSCG00000049319","Significant"
"ENSSSCT00000055966.2",2.0288307049253,0.729122247993329,4.47324597552202,7.12684508736246e-05,0.000411472471421669,1.60671312794574,"ENSSSCT00000055966.2","ENSSSCG00000034191","SOX6","SOX6","Significant"
"ENSSSCT00000105810.1",-2.0043988834603,-3.2969144020084,-4.55586803881076,5.54722845278456e-05,0.000331177729121938,1.60459364399779,"ENSSSCT00000105810.1","ENSSSCG00000055937",NA,"ENSSSCG00000055937","Significant"
"ENSSSCT00000053926.3",-2.86502085739296,-2.84975156857519,-4.56210727590421,5.44304099212994e-05,0.000325444541550348,1.60312051845117,"ENSSSCT00000053926.3","ENSSSCG00000016434","RHEB","RHEB","Significant"
"ENSSSCT00000000799.5",-1.24777367732125,0.9284495979956,-4.47592342649063,7.0693180129446e-05,0.000408956785830457,1.59414865447192,"ENSSSCT00000000799.5","ENSSSCG00000000736","TEAD4","TEAD4","Significant"
"ENSSSCT00000093557.1",-1.2968315355621,1.65123402927453,-4.49338652076558,6.70516100700767e-05,0.000391432532627535,1.58865265927835,"ENSSSCT00000093557.1","ENSSSCG00000033539","CRYBG2","CRYBG2","Significant"
"ENSSSCT00000103055.1",4.40026858460693,-0.504292083119485,4.48681936605032,6.83988680067462e-05,0.000398014758610022,1.58530625452849,"ENSSSCT00000103055.1","ENSSSCG00000055827",NA,"ENSSSCG00000055827","Significant"
"ENSSSCT00000048257.2",-1.65334637169267,-1.00248687267992,-4.48097189424329,6.96208811398207e-05,0.000403512074029625,1.58513182013465,"ENSSSCT00000048257.2","ENSSSCG00000027890",NA,"ENSSSCG00000027890","Significant"
"ENSSSCT00000063443.3",-2.40545838583539,-4.61895617370227,-4.59165462538622,4.97524845343227e-05,0.000301455120936082,1.58208615802122,"ENSSSCT00000063443.3","ENSSSCG00000010189","NUP133","NUP133","Significant"
"ENSSSCT00000023747.4",1.53047324237987,0.456268615273318,4.4618692508728,7.37646228962408e-05,0.000423493883590251,1.57659904019361,"ENSSSCT00000023747.4","ENSSSCG00000025240","DDIT4L","DDIT4L","Significant"
"ENSSSCT00000051375.3",-2.91166724288836,0.22854690174902,-4.45834165874147,7.45559383941386e-05,0.000427209457891475,1.56787909125017,"ENSSSCT00000051375.3","ENSSSCG00000011284","NKTR","NKTR","Significant"
"ENSSSCT00000051364.3",1.98175969128351,-1.30325216892207,4.50455449006169,6.48202200806109e-05,0.000379902652437217,1.55981253817448,"ENSSSCT00000051364.3","ENSSSCG00000034633","CFAP99","CFAP99","Significant"
"ENSSSCT00000102296.1",1.32089861618263,-2.5055313742973,4.53241645273111,5.95670989454118e-05,0.00035279304160149,1.55893355225073,"ENSSSCT00000102296.1","ENSSSCG00000059680",NA,"ENSSSCG00000059680","Significant"
"ENSSSCT00000075007.1",1.02224326939196,-0.856971099298135,4.4805820265382,6.97031159457093e-05,0.000403802486192947,1.55890985125279,"ENSSSCT00000075007.1","ENSSSCG00000051590",NA,"ENSSSCG00000051590","Significant"
"ENSSSCT00000093250.1",1.69402602884772,-2.70063738417255,4.53330523651266,5.94066180130137e-05,0.000351906499581449,1.5493335451994,"ENSSSCT00000093250.1","ENSSSCG00000051966",NA,"ENSSSCG00000051966","Significant"
"ENSSSCT00000031062.4",1.20279952297438,0.271301685628825,4.45145463611756,7.61249863181632e-05,0.000435266256236807,1.54845070308214,"ENSSSCT00000031062.4","ENSSSCG00000029870","WNT3A","WNT3A","Significant"
"ENSSSCT00000090246.2",1.61151113480195,0.307559293943735,4.45085414698202,7.62633232119008e-05,0.000435843889570695,1.54574910518168,"ENSSSCT00000090246.2","ENSSSCG00000057381","DEPDC1B","DEPDC1B","Significant"
"ENSSSCT00000047731.3",1.29875522414708,-2.13796258057173,4.5150476357855,6.2790350058004e-05,0.000369667131327404,1.54295993342161,"ENSSSCT00000047731.3","ENSSSCG00000003935",NA,"ENSSSCG00000003935","Significant"
"ENSSSCT00000007487.4",-2.54099247131205,0.221571366177573,-4.44979367082488,7.65082331455559e-05,0.000436923942831383,1.54142021066737,"ENSSSCT00000007487.4","ENSSSCG00000006836","ELAPOR1","ELAPOR1","Significant"
"ENSSSCT00000013132.4",2.59631829502184,-0.286689047138873,4.45014774012442,7.64263772950087e-05,0.000436622674842555,1.53794130083954,"ENSSSCT00000013132.4","ENSSSCG00000012001","ROBO1","ROBO1","Significant"
"ENSSSCT00000062135.3",-2.23420919908799,1.31807586804793,-4.46508903727782,7.30495703919756e-05,0.000419802179674629,1.53216025670605,"ENSSSCT00000062135.3","ENSSSCG00000036122",NA,"ENSSSCG00000036122","Significant"
"ENSSSCT00000053378.3",-2.06374873545005,-4.56232612956268,-4.57866408172263,5.17582023526931e-05,0.000311696422147618,1.51664984860388,"ENSSSCT00000053378.3","ENSSSCG00000013227","KBTBD4","KBTBD4","Significant"
"ENSSSCT00000097604.1",1.33775385298358,2.90228494233941,4.52710781965962,6.05345682374085e-05,0.000357771805891234,1.5129748595083,"ENSSSCT00000097604.1","ENSSSCG00000053658","NREP","NREP","Significant"
"ENSSSCT00000069856.2",1.26986231157825,-2.22270066898077,4.52018659291516,6.18191949245861e-05,0.000364410238893727,1.51115128911596,"ENSSSCT00000069856.2","ENSSSCG00000048200",NA,"ENSSSCG00000048200","Significant"
"ENSSSCT00000101350.1",3.04076214594308,-1.41121282850501,4.47808946261081,7.02311361442645e-05,0.00040671686729087,1.50891267806798,"ENSSSCT00000101350.1","ENSSSCG00000022953","PTER","PTER","Significant"
"ENSSSCT00000107717.1",5.09583590582762,-1.88860422818288,4.47716593507342,7.04277721950788e-05,0.000407638395996512,1.50890593950326,"ENSSSCT00000107717.1","ENSSSCG00000001347","PPP1R10","PPP1R10","Significant"
"ENSSSCT00000088460.2",2.87806516957158,1.35953584255869,4.44891569842079,7.67115802102947e-05,0.000437945081627815,1.50809373486903,"ENSSSCT00000088460.2","ENSSSCG00000007826",NA,"ENSSSCG00000007826","Significant"
"ENSSSCT00000096950.1",1.63359033467564,-1.95828773611855,4.48814031086715,6.8125751598796e-05,0.000396626990430508,1.50801199380219,"ENSSSCT00000096950.1","ENSSSCG00000057091",NA,"ENSSSCG00000057091","Significant"
"ENSSSCT00000012648.3",1.77254926039642,-3.24495256117069,4.54759463739996,5.68841950296091e-05,0.000338378451878376,1.50515786850879,"ENSSSCT00000012648.3","ENSSSCG00000011557","CIDEC","CIDEC","Significant"
"ENSSSCT00000015693.5",1.17307288666876,0.443859832685859,4.43247161172854,8.06198959519483e-05,0.000457135841324752,1.49612565852981,"ENSSSCT00000015693.5","ENSSSCG00000014363","SLC4A9","SLC4A9","Significant"
"ENSSSCT00000060477.3",-2.87559267375507,1.33243665433585,-4.43972248137668,7.88729994744717e-05,0.000448791496486156,1.49223841701941,"ENSSSCT00000060477.3","ENSSSCG00000010604","SH3PXD2A","SH3PXD2A","Significant"
"ENSSSCT00000083626.2",1.25395300156972,-0.626009786054687,4.44974576898815,7.65193139972762e-05,0.000436923942831383,1.48340856532339,"ENSSSCT00000083626.2","ENSSSCG00000010774","ZNF511","ZNF511","Significant"
"ENSSSCT00000067728.1",-1.02669930163638,1.3689898367445,-4.45073227640866,7.62914291516082e-05,0.000435928103059768,1.48164615108873,"ENSSSCT00000067728.1","ENSSSCG00000045200",NA,"ENSSSCG00000045200","Significant"
"ENSSSCT00000019165.5",1.38073214000043,2.88046017443936,4.52970578602595,6.00591849632075e-05,0.000355449204309388,1.47169068961194,"ENSSSCT00000019165.5","ENSSSCG00000017604","HLF","HLF","Significant"
"ENSSSCT00000096210.1",-1.85293282168025,-1.82351299411855,-4.46777747273457,7.24577480849551e-05,0.000417166240254614,1.46874654082751,"ENSSSCT00000096210.1","ENSSSCG00000054501",NA,"ENSSSCG00000054501","Significant"
"ENSSSCT00000017783.5",-3.90299000853746,-1.94262127400058,-4.4374988162143,7.94047352190182e-05,0.000451265816120075,1.45953928914836,"ENSSSCT00000017783.5","ENSSSCG00000016330",NA,"ENSSSCG00000016330","Significant"
"ENSSSCT00000094663.1",-2.18393173255737,-4.65999753689372,-4.54993192737069,5.64817714478134e-05,0.000336291394500458,1.45013809661662,"ENSSSCT00000094663.1","ENSSSCG00000060025",NA,"ENSSSCG00000060025","Significant"
"ENSSSCT00000106376.1",6.10040673813756,-3.09612768170291,4.50221385881993,6.52817464519489e-05,0.000382264019633503,1.4501238902841,"ENSSSCT00000106376.1","ENSSSCG00000009216","SPP1","SPP1","Significant"
"ENSSSCT00000102707.1",-1.65923017755799,-0.260200986110435,-4.42039523186346,8.36141706499524e-05,0.000471653359839281,1.44943195692217,"ENSSSCT00000102707.1","ENSSSCG00000059578","C16orf74","C16orf74","Significant"
"ENSSSCT00000000068.5",1.03876856355706,-0.946541184690379,4.43259781888382,8.05891669684752e-05,0.000457041085378356,1.44154723580883,"ENSSSCT00000000068.5","ENSSSCG00000000062","CSDC2","CSDC2","Significant"
"ENSSSCT00000092998.1",-2.05777001011113,-2.3136787826391,-4.46616503321282,7.28121359933091e-05,0.000418661126488423,1.42948149034759,"ENSSSCT00000092998.1","ENSSSCG00000055056",NA,"ENSSSCG00000055056","Significant"
"ENSSSCT00000088190.2",3.184288518172,-3.49332008706411,4.49292558902399,6.71453122690466e-05,0.000391909373651986,1.41460868617478,"ENSSSCT00000088190.2","ENSSSCG00000023243","NFIA","NFIA","Significant"
"ENSSSCT00000073850.2",1.30470424138212,1.93508575097593,4.42698158845424,8.19678178305427e-05,0.000463569598013359,1.41248167920895,"ENSSSCT00000073850.2","ENSSSCG00000004508","DYM","DYM","Significant"
"ENSSSCT00000000486.5",1.58006097652222,-2.66624116884637,4.48332753800634,6.91260324515939e-05,0.000401315021732865,1.40934977066125,"ENSSSCT00000000486.5","ENSSSCG00000038732","AGAP2","AGAP2","Significant"
"ENSSSCT00000101214.1",1.96056379833345,-2.49219089621767,4.48132440528301,6.95466081687237e-05,0.000403182363572736,1.40527003985301,"ENSSSCT00000101214.1","ENSSSCG00000057939",NA,"ENSSSCG00000057939","Significant"
"ENSSSCT00000007255.4",-4.16200612636346,-3.74830416936324,-4.47536063654338,7.08137193352204e-05,0.000409581427214037,1.39808626202628,"ENSSSCT00000007255.4","ENSSSCG00000006621",NA,"ENSSSCG00000006621","Significant"
"ENSSSCT00000058692.4",4.83088779874044,-1.37480182021878,4.40143655898112,8.85367376269168e-05,0.000496500136496043,1.39587447618503,"ENSSSCT00000058692.4","ENSSSCG00000025652","CDH1","CDH1","Significant"
"ENSSSCT00000084966.2",-1.88505726201162,-0.432218940610935,-4.39305082979204,9.08038832915517e-05,0.000507729345024481,1.3884859807613,"ENSSSCT00000084966.2","ENSSSCG00000013174","CTNND1","CTNND1","Significant"
"ENSSSCT00000060195.2",-1.04599788736101,0.244303369437461,-4.39020963546416,9.15848832288621e-05,0.000511307111779764,1.37982338141243,"ENSSSCT00000060195.2","ENSSSCG00000010368","GLUD1","GLUD1","Significant"
"ENSSSCT00000009242.4",1.4299677641487,-2.22222322172591,4.4617032308895,7.38016788183349e-05,0.000423632031019893,1.37835726261107,"ENSSSCT00000009242.4","ENSSSCG00000008441","ATP6V1E2","ATP6V1E2","Significant"
"ENSSSCT00000011292.5",1.00509771509606,2.76114528835329,4.48270338370068,6.92568101074278e-05,0.00040180274958159,1.36207686962512,"ENSSSCT00000011292.5","ENSSSCG00000010315","ADK","ADK","Significant"
"ENSSSCT00000089181.1",1.53025012910882,-2.86544298715209,4.46013404351306,7.41528296429748e-05,0.000425273325889103,1.36150909987935,"ENSSSCT00000089181.1","ENSSSCG00000049465",NA,"ENSSSCG00000049465","Significant"
"ENSSSCT00000055996.1",2.01687582911974,-2.68222020059269,4.44030768752307,7.87336445542807e-05,0.000448154983772306,1.35216914947864,"ENSSSCT00000055996.1","ENSSSCG00000036439","IL29","IL29","Significant"
"ENSSSCT00000082314.2",3.48528152418213,-2.14442094742497,4.39897686546692,8.91959067527867e-05,0.000499833861490109,1.3459053259016,"ENSSSCT00000082314.2","ENSSSCG00000004480","COX7A2","COX7A2","Significant"
"ENSSSCT00000077444.2",-2.12499937778569,2.11100790712844,-4.44351843175254,7.79733686496137e-05,0.000444458119442564,1.34493795294667,"ENSSSCT00000077444.2","ENSSSCG00000012066","KCNJ15","KCNJ15","Significant"
"ENSSSCT00000082189.1",1.29423212328109,-1.64274739141682,4.4328646306857,8.05242413947514e-05,0.000456831802059244,1.34277974661312,"ENSSSCT00000082189.1","ENSSSCG00000042319",NA,"ENSSSCG00000042319","Significant"
"ENSSSCT00000055575.3",3.66457635130606,-1.01908090015887,4.39264281375346,9.09156368351701e-05,0.000508245200934457,1.33873133832115,"ENSSSCT00000055575.3","ENSSSCG00000011833","DLG1","DLG1","Significant"
"ENSSSCT00000084989.1",1.2015779773741,-0.827466079083913,4.39311399126985,9.07865957475808e-05,0.000507719754331754,1.33054766949122,"ENSSSCT00000084989.1","ENSSSCG00000011880","EAF2","EAF2","Significant"
"ENSSSCT00000056981.2",1.4735877197738,1.99188936873183,4.43610162493855,7.97406412677882e-05,0.000452859060772508,1.32902148720559,"ENSSSCT00000056981.2","ENSSSCG00000016634","CAV1","CAV1","Significant"
"ENSSSCT00000083443.2",-1.23335731194127,-0.676761407777355,-4.37980748001579,9.45009888688752e-05,0.000526056042527029,1.32632145455455,"ENSSSCT00000083443.2","ENSSSCG00000033516","DHDDS","DHDDS","Significant"
"ENSSSCT00000093029.1",-1.26378873791661,-1.49246991088697,-4.40334670877279,8.80281440413926e-05,0.00049407292276219,1.3225516536073,"ENSSSCT00000093029.1","ENSSSCG00000054958",NA,"ENSSSCG00000054958","Significant"
"ENSSSCT00000076572.2",1.61294013550768,2.06082447375059,4.41460700294302,8.50878254629986e-05,0.000479054301743327,1.32214650690676,"ENSSSCT00000076572.2","ENSSSCG00000062134","TRPV5","TRPV5","Significant"
"ENSSSCT00000039179.3",3.51176280824474,-2.07329594952795,4.40524179451315,8.75263988156005e-05,0.00049142598708177,1.31882329751423,"ENSSSCT00000039179.3","ENSSSCG00000001983","SDR39U1","SDR39U1","Significant"
"ENSSSCT00000050819.3",1.10871604940193,1.9473967424127,4.40846799850414,8.66786822416331e-05,0.000487085790383696,1.31827899056273,"ENSSSCT00000050819.3","ENSSSCG00000014820","FCHSD2","FCHSD2","Significant"
"ENSSSCT00000093416.1",-1.55457902935102,2.63388994959752,-4.42813694838354,8.16823231128249e-05,0.000462202434307247,1.31737100912198,"ENSSSCT00000093416.1","ENSSSCG00000000779","KIF21A","KIF21A","Significant"
"ENSSSCT00000105959.1",1.03696928692445,-0.382349018776907,4.37020058371492,9.72750562116712e-05,0.000539288544928639,1.31090844139952,"ENSSSCT00000105959.1","ENSSSCG00000061158","H2BC26","H2BC26","Significant"
"ENSSSCT00000055451.1",4.49335716829434,-1.10785217647328,4.38299191664005,9.35987198632823e-05,0.000521746052730801,1.31041282403911,"ENSSSCT00000055451.1","ENSSSCG00000038466","EIF4E2","EIF4E2","Significant"
"ENSSSCT00000065902.2",-1.15244290216764,1.75748003698104,-4.40119329732199,8.86017150308657e-05,0.000496779074267643,1.30788228793653,"ENSSSCT00000065902.2","ENSSSCG00000034114","GPR68","GPR68","Significant"
"ENSSSCT00000074615.1",-1.10809998189518,-1.5138646789392,-4.38610478191947,9.27249106922699e-05,0.000517051990458486,1.30344463191151,"ENSSSCT00000074615.1","ENSSSCG00000017339","NMT1","NMT1","Significant"
"ENSSSCT00000048062.3",-1.12405539004268,2.80103460881449,-4.46780296027048,7.24521599859585e-05,0.000417166240254614,1.28955542399228,"ENSSSCT00000048062.3","ENSSSCG00000010203",NA,"ENSSSCG00000010203","Significant"
"ENSSSCT00000036268.2",1.28855445686142,-0.607154839986662,4.36064012214712,0.00010011506398537,0.000552964856205149,1.27439856423276,"ENSSSCT00000036268.2","ENSSSCG00000028695",NA,"ENSSSCG00000028695","Significant"
"ENSSSCT00000046901.3",3.74466350387221,-1.73373621914263,4.37257985176986,9.65806627956796e-05,0.000536161252283023,1.27423368942838,"ENSSSCT00000046901.3","ENSSSCG00000034059","ST3GAL3","ST3GAL3","Significant"
"ENSSSCT00000017762.3",2.38077882210833,-0.675091012458939,4.37689083540755,9.5334875088305e-05,0.000530064506715398,1.26241869186654,"ENSSSCT00000017762.3","ENSSSCG00000036274",NA,"ENSSSCG00000036274","Significant"
"ENSSSCT00000037447.3",-2.42485852981126,2.21805540406978,-4.37213878720286,9.67090196069166e-05,0.000536515377788652,1.25308712689363,"ENSSSCT00000037447.3","ENSSSCG00000009978","AP1B1","AP1B1","Significant"
"ENSSSCT00000080189.1",-2.86965163616262,-3.30122405447646,-4.41177219152842,8.58188378997234e-05,0.000482836478150575,1.25272669522171,"ENSSSCT00000080189.1","ENSSSCG00000006981","MICU3","MICU3","Significant"
"ENSSSCT00000054738.1",3.71198156901323,-4.25807390751987,4.4435110483119,7.79751086741341e-05,0.000444458119442564,1.2377592458479,"ENSSSCT00000054738.1","ENSSSCG00000034799",NA,"ENSSSCG00000034799","Significant"
"ENSSSCT00000085393.1",-2.07523016995337,0.152121110511914,-4.33696297338013,0.000107503676200875,0.000587602658651019,1.23140944307136,"ENSSSCT00000085393.1","ENSSSCG00000014792","STIM1","STIM1","Significant"
"ENSSSCT00000083182.2",5.1786752434954,-2.18629752936528,4.37753383940895,9.5150417569618e-05,0.00052921941563286,1.22643629359763,"ENSSSCT00000083182.2","ENSSSCG00000009334","HSPH1","HSPH1","Significant"
"ENSSSCT00000057405.3",-4.16681124062001,-1.8276629688948,-4.34989195948227,0.000103405162605287,0.000568057611050176,1.2260068761079,"ENSSSCT00000057405.3","ENSSSCG00000028663","RBM25","RBM25","Significant"
"ENSSSCT00000044800.3",1.3151171450028,0.0256881513034382,4.33037376479011,0.000109653382602684,0.00059655245893174,1.21803674986039,"ENSSSCT00000044800.3","ENSSSCG00000035199","PTGES3L","PTGES3L","Significant"
"ENSSSCT00000036636.4",-1.78387829304731,1.56457661794655,-4.3548900699113,0.000101862204438361,0.000560715062216497,1.21661328266007,"ENSSSCT00000036636.4","ENSSSCG00000016233","SERPINE2","SERPINE2","Significant"
"ENSSSCT00000097020.1",1.75405555727444,-3.05459361008426,4.39260019599463,9.09273174165957e-05,0.000508245200934457,1.20043887342633,"ENSSSCT00000097020.1","ENSSSCG00000062233","LINGO2","LINGO2","Significant"
"ENSSSCT00000100491.1",-2.05435258295964,2.69277618862119,-4.36968333000035,9.74266651686753e-05,0.00054002407012232,1.19961377271259,"ENSSSCT00000100491.1","ENSSSCG00000017752","WSB1","WSB1","Significant"
"ENSSSCT00000051202.2",1.59370273774486,-0.981051762432578,4.34131092983365,0.000106107879089202,0.000581142497870714,1.19933691299349,"ENSSSCT00000051202.2","ENSSSCG00000036052",NA,"ENSSSCG00000036052","Significant"
"ENSSSCT00000001683.5",1.15295702333867,2.93078398660824,4.42728244155629,8.18933813276924e-05,0.000463228973769619,1.19590669677334,"ENSSSCT00000001683.5","ENSSSCG00000001510","KIFC1","KIFC1","Significant"
"ENSSSCT00000062796.3",1.48840798340833,1.27695747229792,4.33332518272802,0.000108685326388728,0.000592567019105452,1.19319457761011,"ENSSSCT00000062796.3","ENSSSCG00000038543","CENPA","CENPA","Significant"
"ENSSSCT00000088275.2",-2.92552393801465,-3.67893994760591,-4.41409897225749,8.52183796214641e-05,0.000479706500203421,1.19296287911977,"ENSSSCT00000088275.2","ENSSSCG00000003089","TOMM40","TOMM40","Significant"
"ENSSSCT00000071577.1",1.33786163014242,-0.632168043774306,4.32309474988251,0.000112077190178579,0.000608172650023104,1.18760702169259,"ENSSSCT00000071577.1","ENSSSCG00000043928",NA,"ENSSSCG00000043928","Significant"
"ENSSSCT00000055912.3",-1.87315929607763,-2.47550875280487,-4.36390798257557,9.9135280338973e-05,0.000548203303964022,1.18753348294821,"ENSSSCT00000055912.3","ENSSSCG00000008043","TRAF7","TRAF7","Significant"
"ENSSSCT00000051111.3",2.78206140185405,-2.4899698638428,4.36541494806616,9.86866337245442e-05,0.000546092838756795,1.17116240201086,"ENSSSCT00000051111.3","ENSSSCG00000006179","STAU2","STAU2","Significant"
"ENSSSCT00000093626.1",-2.83451340359101,-2.71653816344052,-4.3746061774621,9.59931165844594e-05,0.00053342435873422,1.16332258261266,"ENSSSCT00000093626.1","ENSSSCG00000016898",NA,"ENSSSCG00000016898","Significant"
"ENSSSCT00000069771.2",-2.25841827207334,2.48611859041428,-4.35966745575904,0.000100408524758469,0.000554116374614951,1.16276547660643,"ENSSSCT00000069771.2","ENSSSCG00000022661","FCHO2","FCHO2","Significant"
"ENSSSCT00000087299.1",-2.82115716521634,-1.31350475886304,-4.3148240807105,0.000114895038563388,0.000621542697415084,1.1577877269342,"ENSSSCT00000087299.1","ENSSSCG00000036835","OSBPL2","OSBPL2","Significant"
"ENSSSCT00000004862.5",1.71414963081441,-1.76702433254045,4.33840968962115,0.000107037257076639,0.000585347656780733,1.15079544968813,"ENSSSCT00000004862.5","ENSSSCG00000004399","SLC22A16","SLC22A16","Significant"
"ENSSSCT00000062420.3",1.0300699600548,-0.687731298187055,4.31215767729101,0.000115818221487954,0.00062591369026906,1.15026820079594,"ENSSSCT00000062420.3","ENSSSCG00000013620","CCDC159","CCDC159","Significant"
"ENSSSCT00000053789.3",2.17958640083041,-2.12914005836261,4.37410055329363,9.61393960396739e-05,0.000534082274404077,1.14987415884055,"ENSSSCT00000053789.3","ENSSSCG00000031199",NA,"ENSSSCG00000031199","Significant"
"ENSSSCT00000078202.2",1.52484272603436,0.0692727155433128,4.30513356484437,0.000118285138275213,0.000637976616761793,1.14740610474698,"ENSSSCT00000078202.2","ENSSSCG00000051794","FGF11","FGF11","Significant"
"ENSSSCT00000104474.1",1.26733241108525,-1.13370906334811,4.33056955480692,0.000109588902858199,0.000596400699180226,1.14579093633724,"ENSSSCT00000104474.1","ENSSSCG00000062885",NA,"ENSSSCG00000062885","Significant"
"ENSSSCT00000092981.1",2.5412646472983,3.44667381170584,4.4032745521791,8.80473040638971e-05,0.000494095404767521,1.13699008179686,"ENSSSCT00000092981.1","ENSSSCG00000060656","GPX1","GPX1","Significant"
"ENSSSCT00000010895.4",-1.44271896480178,-1.94927327386559,-4.33686444627024,0.000107535513643781,0.000587678157365379,1.13571374874217,"ENSSSCT00000010895.4","ENSSSCG00000009943","SSH1","SSH1","Significant"
"ENSSSCT00000068164.1",2.9911651661234,2.04744227833251,4.31437974371422,0.000115048377532033,0.000622268961687857,1.1219239117641,"ENSSSCT00000068164.1","ENSSSCG00000004595","ADAM10","ADAM10","Significant"
"ENSSSCT00000026367.4",1.68689471270668,0.119849398033329,4.29679991164347,0.000121278879869341,0.000652261306624639,1.12102539033569,"ENSSSCT00000026367.4","ENSSSCG00000023141","RNLS","RNLS","Significant"
"ENSSSCT00000065245.3",-2.26129644744279,1.1907174724752,-4.30122163603235,0.000119681303850836,0.000644866837010848,1.11845770859771,"ENSSSCT00000065245.3","ENSSSCG00000010494","SORBS1","SORBS1","Significant"
"ENSSSCT00000058166.3",-1.088405379439,3.08957917534079,-4.42427008833681,8.26417002171417e-05,0.000467056681206394,1.11620095223996,"ENSSSCT00000058166.3","ENSSSCG00000001958","BAZ1A","BAZ1A","Significant"
"ENSSSCT00000097550.1",1.06862979146227,3.99541108614542,4.49882993004608,6.59547147864418e-05,0.000385858159141782,1.11214902173093,"ENSSSCT00000097550.1","ENSSSCG00000027860","ERAP2","ERAP2","Significant"
"ENSSSCT00000010814.5",1.04055900215429,-0.112587399489454,4.29169808009869,0.000123148176252964,0.000660490728500022,1.10683187767068,"ENSSSCT00000010814.5","ENSSSCG00000009866",NA,"ENSSSCG00000009866","Significant"
"ENSSSCT00000055271.3",1.33041342194356,-0.472423687738916,4.2921791677025,0.000122970707447668,0.00065986454009608,1.09738183592532,"ENSSSCT00000055271.3","ENSSSCG00000016085",NA,"ENSSSCG00000016085","Significant"
"ENSSSCT00000063922.3",-1.68870221599223,3.36087665998178,-4.42271063562511,8.30317309201981e-05,0.000468730904664794,1.09405927867453,"ENSSSCT00000063922.3","ENSSSCG00000015987","NFE2L2","NFE2L2","Significant"
"ENSSSCT00000071352.2",4.60468113603614,-1.66452259033011,4.32639161914617,0.000110972935513552,0.000602725568796246,1.08089205960601,"ENSSSCT00000071352.2","ENSSSCG00000006661","VPS45","VPS45","Significant"
"ENSSSCT00000062748.3",1.50643038728791,1.80926599138746,4.31613978200415,0.000114442170027888,0.000619298342172492,1.07323829770702,"ENSSSCT00000062748.3","ENSSSCG00000007943","NMRAL1","NMRAL1","Significant"
"ENSSSCT00000043364.3",-2.89357660192976,-1.00535147151098,-4.27895208585325,0.000127942607131088,0.000682053754562132,1.06700625199899,"ENSSSCT00000043364.3","ENSSSCG00000003486","ARHGEF10L","ARHGEF10L","Significant"
"ENSSSCT00000054979.3",-3.00208381471392,-1.07035806154038,-4.27529606250198,0.000129351281022201,0.000687988444771262,1.05296937491699,"ENSSSCT00000054979.3","ENSSSCG00000025534","CSE1L","CSE1L","Significant"
"ENSSSCT00000043202.3",-1.76529213113235,-2.91457695255971,-4.34075709351115,0.000106284680190273,0.000581915317031678,1.05244939901705,"ENSSSCT00000043202.3","ENSSSCG00000035689","NEXMIF","NEXMIF","Significant"
"ENSSSCT00000075387.2",-1.93030967620112,-3.24332194708741,-4.35957982636883,0.000100435004642185,0.000554168707286138,1.05193115072541,"ENSSSCT00000075387.2","ENSSSCG00000048443","APLN","APLN","Significant"
"ENSSSCT00000069141.2",-1.61943989186544,-2.26656837289163,-4.32431660640361,0.000111666689311918,0.000606291546765324,1.04983158255984,"ENSSSCT00000069141.2","ENSSSCG00000044178",NA,"ENSSSCG00000044178","Significant"
"ENSSSCT00000006779.4",1.53177348197672,-3.17595308427384,4.34748087311623,0.000104157666149731,0.000571998744676743,1.04927468071227,"ENSSSCT00000006779.4","ENSSSCG00000006185","KCNB2","KCNB2","Significant"
"ENSSSCT00000052596.3",-1.13099308730574,3.29351186649637,-4.42102273263879,8.3455927309233e-05,0.000470842196572112,1.03847186941408,"ENSSSCT00000052596.3","ENSSSCG00000006395","TAGLN2","TAGLN2","Significant"
"ENSSSCT00000066089.3",-1.35406533586526,4.52571415757628,-4.45988305605211,7.42091475643062e-05,0.000425446640968285,1.03775932594306,"ENSSSCT00000066089.3","ENSSSCG00000011218","SLC4A7","SLC4A7","Significant"
"ENSSSCT00000101261.1",1.36167821075457,-1.70329070163215,4.30580977452249,0.000118045424145039,0.000636894424760028,1.03555527583393,"ENSSSCT00000101261.1","ENSSSCG00000055443",NA,"ENSSSCG00000055443","Significant"
"ENSSSCT00000030684.4",-1.27759822529115,0.316926796983634,-4.26546197541928,0.000133216257145624,0.000705552769326826,1.03428062575745,"ENSSSCT00000030684.4","ENSSSCG00000004351","USP45","USP45","Significant"
"ENSSSCT00000019526.4",1.61964402433782,-2.76537763605902,4.33040665932954,0.000109642546805869,0.00059655245893174,1.02982157521697,"ENSSSCT00000019526.4","ENSSSCG00000017942",NA,"ENSSSCG00000017942","Significant"
"ENSSSCT00000054853.3",-2.2266986430657,3.0227607169169,-4.31781597861498,0.000113867753886149,0.000616701702276415,1.01741921996446,"ENSSSCT00000054853.3","ENSSSCG00000028317","ARHGEF28","ARHGEF28","Significant"
"ENSSSCT00000066674.2",-1.7767532205121,-3.08093448460429,-4.31011506488783,0.00011653034932211,0.000629437442682644,0.994485940312701,"ENSSSCT00000066674.2","ENSSSCG00000029901","UBE2O","UBE2O","Significant"
"ENSSSCT00000002110.5",-1.07929108400879,2.32935822619187,-4.33448258794288,0.000108307994727012,0.000590909280468455,0.993477636291273,"ENSSSCT00000002110.5","ENSSSCG00000001885","C15orf39","C15orf39","Significant"
"ENSSSCT00000065063.3",1.58379185537625,-1.26281903132643,4.26619356304941,0.000132924874355277,0.000704238317107482,0.990037830638367,"ENSSSCT00000065063.3","ENSSSCG00000032337",NA,"ENSSSCG00000032337","Significant"
"ENSSSCT00000088993.2",1.81891340374032,-0.356808799640002,4.2577692346692,0.000136318336736969,0.000720110669308513,0.983079936299276,"ENSSSCT00000088993.2","ENSSSCG00000017022","HMMR","HMMR","Significant"
"ENSSSCT00000029094.4",-2.738855805948,-2.13211120277743,-4.28244492993833,0.000126610859382001,0.000676059688714504,0.981793583921066,"ENSSSCT00000029094.4","ENSSSCG00000059404",NA,"ENSSSCG00000059404","Significant"
"ENSSSCT00000095895.1",3.18639677862813,-1.88483077769576,4.29796625695103,0.000120855458092591,0.00065022629631202,0.978609292363598,"ENSSSCT00000095895.1","ENSSSCG00000006690","NUDT17","NUDT17","Significant"
"ENSSSCT00000103856.1",1.98876472323763,-2.35795879592436,4.27600140383564,0.000129078332939732,0.000686648713846799,0.972755536918602,"ENSSSCT00000103856.1","ENSSSCG00000005832","MAMDC4","MAMDC4","Significant"
"ENSSSCT00000005408.3",-1.01591153207381,-0.314044840342333,-4.24300020569321,0.0001424735733656,0.000747900239254874,0.972193389729378,"ENSSSCT00000005408.3","ENSSSCG00000004902","RNF152","RNF152","Significant"
"ENSSSCT00000054919.3",1.27564600123636,2.81174915837544,4.32859258937967,0.000110241691654731,0.00059915321132036,0.969140650750331,"ENSSSCT00000054919.3","ENSSSCG00000004955","MAP2K5","MAP2K5","Significant"
"ENSSSCT00000091151.2",1.05696731803344,1.0468041194815,4.24229466856254,0.00014277433463023,0.00074899668644956,0.962725360734935,"ENSSSCT00000091151.2","ENSSSCG00000038383","DYNC2LI1","DYNC2LI1","Significant"
"ENSSSCT00000086700.2",-2.33197029107579,-1.4156185982222,-4.24749585084062,0.000140571664638783,0.000739106362503285,0.962623941950696,"ENSSSCT00000086700.2","ENSSSCG00000028585","CBLL1","CBLL1","Significant"
"ENSSSCT00000018544.5",1.11657149563003,2.69142570418409,4.33299478656316,0.000108793277054057,0.000592961552168249,0.960529015889178,"ENSSSCT00000018544.5","ENSSSCG00000017032",NA,"ENSSSCG00000017032","Significant"
"ENSSSCT00000090737.2",2.11657771976911,3.91497539965793,4.40228997336704,8.83091529496944e-05,0.000495394291598733,0.958493223341904,"ENSSSCT00000090737.2","ENSSSCG00000009881","OAS2","OAS2","Significant"
"ENSSSCT00000054964.3",2.46645460425704,-3.89104802947491,4.32312223070396,0.000112067941332015,0.000608172650023104,0.955836726589157,"ENSSSCT00000054964.3","ENSSSCG00000033937","DYNC2H1","DYNC2H1","Significant"
"ENSSSCT00000055105.3",-1.7087408817749,4.13859523544622,-4.40059395426043,8.87620050337862e-05,0.000497506689379674,0.952780751336627,"ENSSSCT00000055105.3","ENSSSCG00000016061","MYO1B","MYO1B","Significant"
"ENSSSCT00000049298.3",-1.19517326522001,2.68917280695914,-4.33254590119756,0.000108940110425956,0.000593662604099594,0.952122098313215,"ENSSSCT00000049298.3","ENSSSCG00000007151","CDC25B","CDC25B","Significant"
"ENSSSCT00000085258.2",3.127515627712,2.04338878129524,4.23882202499873,0.000144263765392243,0.000754988090986949,0.951606455637394,"ENSSSCT00000085258.2","ENSSSCG00000007845","UQCRC2","UQCRC2","Significant"
"ENSSSCT00000068257.2",1.64173305852167,-2.27498591125405,4.27618369447062,0.00012900788324315,0.000686385937542373,0.951570151490583,"ENSSSCT00000068257.2","ENSSSCG00000050340",NA,"ENSSSCG00000050340","Significant"
"ENSSSCT00000027242.4",1.97229984197925,-0.439300414034543,4.24473171629984,0.000141738081345763,0.000744273058616412,0.949520464553329,"ENSSSCT00000027242.4","ENSSSCG00000025321","MAZ","MAZ","Significant"
"ENSSSCT00000102568.1",-1.00955528851634,-0.996159735287451,-4.24632635794139,0.000141064018078571,0.000741381433311674,0.948727531257902,"ENSSSCT00000102568.1","ENSSSCG00000057911",NA,"ENSSSCG00000057911","Significant"
"ENSSSCT00000054255.2",4.906130242992,-2.10083929442222,4.26268163264817,0.000134329356488673,0.000710524714301867,0.937273066490393,"ENSSSCT00000054255.2","ENSSSCG00000010145","HEATR1","HEATR1","Significant"
"ENSSSCT00000070521.1",1.31359917940907,-1.07288294437017,4.24591601291931,0.00014123717233828,0.000742007213489731,0.934547518165332,"ENSSSCT00000070521.1","ENSSSCG00000047220",NA,"ENSSSCG00000047220","Significant"
"ENSSSCT00000064821.3",1.49446673857717,0.172182402581461,4.22394605214707,0.000150818227185938,0.000784129720805348,0.929322204046494,"ENSSSCT00000064821.3","ENSSSCG00000008456","PLEKHH2","PLEKHH2","Significant"
"ENSSSCT00000016156.5",1.40600124245276,-1.72685068325059,4.25136485587823,0.000138954792281744,0.00073202165900048,0.920992080559963,"ENSSSCT00000016156.5","ENSSSCG00000014805","TOMT","TOMT","Significant"
"ENSSSCT00000045460.3",-2.73946808202218,-2.37797356639767,-4.25588209737485,0.00013709006802768,0.000723718357832654,0.920159856378912,"ENSSSCT00000045460.3","ENSSSCG00000001654","PPP2R5D","PPP2R5D","Significant"
"ENSSSCT00000044984.3",-3.53108002077467,-0.626126036175143,-4.22144290828302,0.000151949431364531,0.000789130178434085,0.919855506847061,"ENSSSCT00000044984.3","ENSSSCG00000026034","NUP153","NUP153","Significant"
"ENSSSCT00000095375.1",1.02787677720064,-1.67617790520631,4.24982169872636,0.000139597487396371,0.000734695154006662,0.915970152519754,"ENSSSCT00000095375.1","ENSSSCG00000052859",NA,"ENSSSCG00000052859","Significant"
"ENSSSCT00000082402.1",1.63828380327236,-2.8623518388135,4.29190986126011,0.000123070021200897,0.000660288789079158,0.912990318886678,"ENSSSCT00000082402.1","ENSSSCG00000043670",NA,"ENSSSCG00000043670","Significant"
"ENSSSCT00000051920.3",2.68415595846639,1.86793997712108,4.23585070599851,0.000145550250792264,0.000760378204908023,0.910579430353726,"ENSSSCT00000051920.3","ENSSSCG00000024088","TLN2","TLN2","Significant"
"ENSSSCT00000068853.2",-3.41958775472346,-2.37636195507247,-4.25398561877458,0.000137869931938611,0.000727246604259256,0.902353595045071,"ENSSSCT00000068853.2","ENSSSCG00000008681","NELFA","NELFA","Significant"
"ENSSSCT00000043171.3",-1.34153408335163,-0.0669435066445081,-4.21317487357274,0.000155745225387872,0.000806146583353895,0.898288085097308,"ENSSSCT00000043171.3","ENSSSCG00000038042","MRPS18C","MRPS18C","Significant"
"ENSSSCT00000102098.1",1.55249356219598,1.60466129482098,4.23529104985045,0.000145793818386715,0.000761162794984862,0.893371994538859,"ENSSSCT00000102098.1","ENSSSCG00000010912","KIF14","KIF14","Significant"
"ENSSSCT00000097976.1",-1.68839851422117,-3.41843323003956,-4.28403652087637,0.000126008535844983,0.000673726189355499,0.892468038163631,"ENSSSCT00000097976.1","ENSSSCG00000058981",NA,"ENSSSCG00000058981","Significant"
"ENSSSCT00000051555.2",2.90287206958002,-0.364711037422903,4.21631355321738,0.000154293472214999,0.000799520719659539,0.890138878110563,"ENSSSCT00000051555.2","ENSSSCG00000002410","CEP128","CEP128","Significant"
"ENSSSCT00000011322.2",1.20715518841783,-1.40195954423596,4.23338469351038,0.000146626482345273,0.000764775208828233,0.885478755850458,"ENSSSCT00000011322.2","ENSSSCG00000010342","SH2D4B","SH2D4B","Significant"
"ENSSSCT00000073386.2",1.6370341613277,-0.389734428042928,4.20684750763513,0.000158712631721783,0.000818387892560023,0.884576257817223,"ENSSSCT00000073386.2","ENSSSCG00000017769","RAB34","RAB34","Significant"
"ENSSSCT00000072147.1",-2.2655991692643,1.36009872664428,-4.22360564874479,0.00015097157416584,0.000784676742245024,0.884398008974296,"ENSSSCT00000072147.1","ENSSSCG00000028444","ARMC10","ARMC10","Significant"
"ENSSSCT00000102520.1",3.33499957764307,-3.0432125786472,4.25261064635846,0.000138438060441314,0.000729889153077071,0.882673288329402,"ENSSSCT00000102520.1","ENSSSCG00000009699","HPGD","HPGD","Significant"
"ENSSSCT00000042648.3",1.27159651844624,-1.02247129463756,4.21250651656023,0.000156056087470397,0.000807561664190744,0.880172166808113,"ENSSSCT00000042648.3","ENSSSCG00000032538","GCM1","GCM1","Significant"
"ENSSSCT00000042506.3",-1.93008388859294,-1.93613695456016,-4.24098812643968,0.000143332939723069,0.000751081190409989,0.877641392448237,"ENSSSCT00000042506.3","ENSSSCG00000014598","PPFIBP2","PPFIBP2","Significant"
"ENSSSCT00000016956.5",-1.50349661762286,3.44334859190141,-4.33935580428894,0.000106733305913592,0.000583979309616841,0.872058914656899,"ENSSSCT00000016956.5","ENSSSCG00000015566","EDEM3","EDEM3","Significant"
"ENSSSCT00000030523.4",1.09278123213218,6.55805891904899,4.5477495178895,5.68574412712086e-05,0.000338281024672716,0.868771297483235,"ENSSSCT00000030523.4","ENSSSCG00000023379","UBE2L6","UBE2L6","Significant"
"ENSSSCT00000040934.3",1.8282804339232,-1.30438947475647,4.22251005372413,0.000151466161680216,0.000786996451860044,0.858292822087431,"ENSSSCT00000040934.3","ENSSSCG00000024290","RAD54B","RAD54B","Significant"
"ENSSSCT00000039290.3",1.34207520732949,-2.15425937431101,4.24249809470769,0.000142687552965587,0.000748661888781784,0.856816844729454,"ENSSSCT00000039290.3","ENSSSCG00000062115",NA,"ENSSSCG00000062115","Significant"
"ENSSSCT00000106631.1",-1.34028864075434,0.35224520547499,-4.1973653114266,0.000163263478853515,0.000838934982591019,0.855852469505839,"ENSSSCT00000106631.1","ENSSSCG00000062314",NA,"ENSSSCG00000062314","Significant"
"ENSSSCT00000009138.4",1.69640881007169,3.02809632686696,4.31791606507407,0.000113833544874325,0.000616694975542918,0.851865623569267,"ENSSSCT00000009138.4","ENSSSCG00000008344","ARHGAP25","ARHGAP25","Significant"
"ENSSSCT00000075687.2",1.35463860928039,2.92378862702189,4.31705423928817,0.000114128442984995,0.000617805703981864,0.850045186908892,"ENSSSCT00000075687.2","ENSSSCG00000033613","FOXS1","FOXS1","Significant"
"ENSSSCT00000029047.4",5.12673402288657,-1.12929030911822,4.20553441131129,0.000159335346360617,0.000821209236917731,0.845538202688383,"ENSSSCT00000029047.4","ENSSSCG00000010928","KDM5B","KDM5B","Significant"
"ENSSSCT00000076762.1",1.00765688205417,-1.37479239115098,4.2243896496637,0.000150618621581522,0.000783216832223916,0.842353425004642,"ENSSSCT00000076762.1","ENSSSCG00000013604","MYO1F","MYO1F","Significant"
"ENSSSCT00000101335.1",-2.78243758313241,-3.93569838619013,-4.27363125818382,0.000129997761096321,0.000690976035667503,0.832725797381963,"ENSSSCT00000101335.1","ENSSSCG00000032467","RAB5C","RAB5C","Significant"
"ENSSSCT00000022271.4",-1.14171931689718,2.21982865450249,-4.26246835550849,0.000134415116591413,0.00071086301076179,0.831688729010107,"ENSSSCT00000022271.4","ENSSSCG00000006879","PTBP2","PTBP2","Significant"
"ENSSSCT00000087188.2",-1.09348951144026,0.0774364755980027,-4.18605829631287,0.000168857256886249,0.000863721251733519,0.825017543711152,"ENSSSCT00000087188.2","ENSSSCG00000048379",NA,"ENSSSCG00000048379","Significant"
"ENSSSCT00000003577.5",1.04635625518565,-0.999891886193173,4.20101121148362,0.000161498763799292,0.000831176905274211,0.821703637984603,"ENSSSCT00000003577.5","ENSSSCG00000003219","GARIN5A","GARIN5A","Significant"
"ENSSSCT00000005573.5",1.45817619456418,0.702706404071778,4.1841520277051,0.000169818617555662,0.000867016318005765,0.81828461841759,"ENSSSCT00000005573.5","ENSSSCG00000005056","DLGAP5","DLGAP5","Significant"
"ENSSSCT00000086818.2",2.12532976416382,-2.27261431819226,4.23757322922066,0.000144803091110114,0.000757445849920451,0.817130439805572,"ENSSSCT00000086818.2","ENSSSCG00000058443","AKR1C2","AKR1C2","Significant"
"ENSSSCT00000018803.5",-1.98421657573395,3.31938037646027,-4.24468051951635,0.000141759774690465,0.000744273058616412,0.814836380131508,"ENSSSCT00000018803.5","ENSSSCG00000017273","PSMD12","PSMD12","Significant"
"ENSSSCT00000071287.2",1.25068484559775,0.759571739872855,4.18857492996392,0.000167596232067665,0.00085799774881294,0.812950783916095,"ENSSSCT00000071287.2","ENSSSCG00000004554","PCLAF","PCLAF","Significant"
"ENSSSCT00000029114.3",-2.97540285752385,-1.62846981180861,-4.18573032805674,0.000169022276199677,0.000864168463731265,0.812152197929916,"ENSSSCT00000029114.3","ENSSSCG00000003768","NEXN","NEXN","Significant"
"ENSSSCT00000066399.3",-1.54300606605494,3.17232706037706,-4.29952950437633,0.000120290220843749,0.000647505755388737,0.811490354142475,"ENSSSCT00000066399.3","ENSSSCG00000036639","STOM","STOM","Significant"
"ENSSSCT00000048125.3",-1.77530796754493,-1.89037348242699,-4.20492384475935,0.000159625711639762,0.000822575739260757,0.80843768562762,"ENSSSCT00000048125.3","ENSSSCG00000006774","PPM1J","PPM1J","Significant"
"ENSSSCT00000012080.4",-1.40329185609378,1.35873559270255,-4.21028248313958,0.000157094896363073,0.000811944997824718,0.805843480942448,"ENSSSCT00000012080.4","ENSSSCG00000011037","TMEM236","TMEM236","Significant"
"ENSSSCT00000022580.4",2.79210107894837,-1.09021017999925,4.17702990925353,0.000173458022861637,0.000882676919122017,0.80341682857853,"ENSSSCT00000022580.4","ENSSSCG00000030042","SBNO2","SBNO2","Significant"
"ENSSSCT00000107538.1",-1.87197942516187,-0.57311645750264,-4.17796449701213,0.000172976133583987,0.000880567822389371,0.80274139094119,"ENSSSCT00000107538.1","ENSSSCG00000001471","BRD2","BRD2","Significant"
"ENSSSCT00000103437.1",1.09632794793331,-1.21607913778606,4.19860862145693,0.000162659572532108,0.000836320425448756,0.801173994200694,"ENSSSCT00000103437.1","ENSSSCG00000056056",NA,"ENSSSCG00000056056","Significant"
"ENSSSCT00000091313.2",3.10758148087342,-1.37705746507758,4.19409864558912,0.000164860655354928,0.000846075367100911,0.800675596609914,"ENSSSCT00000091313.2","ENSSSCG00000015876",NA,"ENSSSCG00000015876","Significant"
"ENSSSCT00000016670.5",1.36042906077256,4.7406532326287,4.42155919541247,8.33208754106545e-05,0.000470198496645869,0.80000156184839,"ENSSSCT00000016670.5","ENSSSCG00000015299","STEAP4","STEAP4","Significant"
"ENSSSCT00000039694.1",3.16920105789126,-2.14771637031421,4.21962819763959,0.000152774714145241,0.000792784781154136,0.797006884032907,"ENSSSCT00000039694.1","ENSSSCG00000023118","BZW2","BZW2","Significant"
"ENSSSCT00000016974.5",1.24834656118799,4.28932459924457,4.38806829821993,9.21778609998759e-05,0.000514265396995201,0.790620836961803,"ENSSSCT00000016974.5","ENSSSCG00000015581","CENPF","CENPF","Significant"
"ENSSSCT00000093870.1",-1.95962668748522,-2.9018273695242,-4.23075376273763,0.000147783282328963,0.000770315929185212,0.790569141218499,"ENSSSCT00000093870.1","ENSSSCG00000039731",NA,"ENSSSCG00000039731","Significant"
"ENSSSCT00000015165.5",1.99856492471105,-0.612876136006302,4.17917291862283,0.000172354992161583,0.000878040963193162,0.789726791533121,"ENSSSCT00000015165.5","ENSSSCG00000013879","SLC27A1","SLC27A1","Significant"
"ENSSSCT00000084381.2",1.45027566447128,0.832838244098099,4.17416892148772,0.00017494137515164,0.000888302226357897,0.773115113994223,"ENSSSCT00000084381.2","ENSSSCG00000011538","LMCD1","LMCD1","Significant"
"ENSSSCT00000010823.3",1.27070945141339,0.475859210096873,4.16659854084004,0.00017892654967634,0.000905435546429831,0.772755929406837,"ENSSSCT00000010823.3","ENSSSCG00000009875","CFAP73","CFAP73","Significant"
"ENSSSCT00000095275.1",1.70344964046396,-3.35491317156242,4.24168155127502,0.000143036203560058,0.000749887824549306,0.770886344594413,"ENSSSCT00000095275.1","ENSSSCG00000061538",NA,"ENSSSCG00000061538","Significant"
"ENSSSCT00000031121.4",-1.24750081918908,0.705877027087398,-4.1781352693083,0.000172888222133563,0.000880344775018378,0.770397933313347,"ENSSSCT00000031121.4","ENSSSCG00000035442","SLC36A1","SLC36A1","Significant"
"ENSSSCT00000067945.2",1.85190944878525,-1.30217898554217,4.19089179806297,0.000166443454995639,0.000852855949501462,0.767924933413894,"ENSSSCT00000067945.2","ENSSSCG00000010627","PDCD4","PDCD4","Significant"
"ENSSSCT00000051856.3",1.13923456861037,3.82526886251121,4.35810089302946,0.000100882945078141,0.000556075662101051,0.767328472773555,"ENSSSCT00000051856.3","ENSSSCG00000010302","USP54","USP54","Significant"
"ENSSSCT00000088820.1",1.49021724450444,-2.61432794532039,4.21806320782052,0.000153489953874124,0.000795900167628505,0.765563668181797,"ENSSSCT00000088820.1","ENSSSCG00000034567",NA,"ENSSSCG00000034567","Significant"
"ENSSSCT00000017072.5",1.13314218917334,1.8988927058753,4.22372199146446,0.000150919146228315,0.000784529311802932,0.762143104007554,"ENSSSCT00000017072.5","ENSSSCG00000015673","KYNU","KYNU","Significant"
"ENSSSCT00000079552.1",1.57938136825964,2.15564107240574,4.21137329856702,0.000156584551538335,0.000809591296916568,0.758925815477872,"ENSSSCT00000079552.1","ENSSSCG00000024206","CPPED1","CPPED1","Significant"
"ENSSSCT00000026159.3",-2.77670770205644,-1.79437641798982,-4.17220538178251,0.000175966596074245,0.00089281277597334,0.758553490296799,"ENSSSCT00000026159.3","ENSSSCG00000023871","NAALADL2","NAALADL2","Significant"
"ENSSSCT00000075914.2",-3.7303764373368,-3.44529170509607,-4.22045276147237,0.000152399181505896,0.000790961941072626,0.756038015397823,"ENSSSCT00000075914.2","ENSSSCG00000034017","KPNA6","KPNA6","Significant"
"ENSSSCT00000054766.3",-1.79551312326217,-3.33165574359106,-4.22046172601705,0.000152395103737651,0.000790961941072626,0.755478154765928,"ENSSSCT00000054766.3","ENSSSCG00000028047","DTNA","DTNA","Significant"
"ENSSSCT00000049090.3",1.29148102491355,0.151299744535686,4.15780020219621,0.000183669783331423,0.000926348571734163,0.752769552677205,"ENSSSCT00000049090.3","ENSSSCG00000038929","CEMIP","CEMIP","Significant"
"ENSSSCT00000037196.4",-1.51134336992028,0.196362802685662,-4.1621470174146,0.00018131122077052,0.000915939114038123,0.751451819547472,"ENSSSCT00000037196.4","ENSSSCG00000001400","DDX39B","DDX39B","Significant"
"ENSSSCT00000106255.1",1.60361720903333,-1.50023073522118,4.18238302621967,0.000170715542004165,0.000870850831983118,0.750033369504029,"ENSSSCT00000106255.1","ENSSSCG00000052292",NA,"ENSSSCG00000052292","Significant"
"ENSSSCT00000095978.1",2.98613079908342,-1.12413491262009,4.16435303068513,0.000180125604738909,0.000910513987117425,0.745283855194335,"ENSSSCT00000095978.1","ENSSSCG00000031111","CBR1","CBR1","Significant"
"ENSSSCT00000104563.1",-4.14397628436818,-0.262605031210684,-4.15772155795468,0.000183712730488072,0.000926348571734163,0.744383211424668,"ENSSSCT00000104563.1","ENSSSCG00000008675","LETM1","LETM1","Significant"
"ENSSSCT00000070364.2",3.11868175003678,-0.722211450409309,4.15885159731936,0.000183096564834946,0.000923813122853388,0.743030814539072,"ENSSSCT00000070364.2","ENSSSCG00000008305","SMYD5","SMYD5","Significant"
"ENSSSCT00000011513.5",1.92511548171927,-2.16993188358412,4.17571493561775,0.000174138270200938,0.000885189298664077,0.729714798883769,"ENSSSCT00000011513.5","ENSSSCG00000010523","HOGA1","HOGA1","Significant"
"ENSSSCT00000102977.1",2.04847842958499,-2.60852686448124,4.20857831891587,0.000157895461184338,0.000814947540993218,0.727881715719346,"ENSSSCT00000102977.1","ENSSSCG00000049122",NA,"ENSSSCG00000049122","Significant"
"ENSSSCT00000026862.3",-1.34435335883771,-0.915894835370651,-4.15222944937392,0.000186736352345996,0.000938691340100041,0.72667239353783,"ENSSSCT00000026862.3","ENSSSCG00000015810",NA,"ENSSSCG00000015810","Significant"
"ENSSSCT00000105512.1",1.07128768513294,-1.53737570468056,4.16775057922126,0.000178314419163574,0.000903038726686731,0.719536247929859,"ENSSSCT00000105512.1","ENSSSCG00000054028",NA,"ENSSSCG00000054028","Significant"
"ENSSSCT00000000447.4",2.52345736593402,-3.03563605284106,4.2045968698112,0.000159781423027557,0.000823117951712823,0.719089252086048,"ENSSSCT00000000447.4","ENSSSCG00000000413","MYO1A","MYO1A","Significant"
"ENSSSCT00000082276.2",-1.96983724127089,-1.4107759717147,-4.1571801160358,0.000184008675390074,0.00092726504629019,0.715701086663415,"ENSSSCT00000082276.2","ENSSSCG00000032531","SMG1","SMG1","Significant"
"ENSSSCT00000030062.3",1.40640521871145,-1.17395531837707,4.15488627081494,0.000185267640220122,0.000932786180857475,0.712405788545579,"ENSSSCT00000030062.3","ENSSSCG00000023550","IL1RL2","IL1RL2","Significant"
"ENSSSCT00000014488.5",2.64382642343904,0.656093533502908,4.14459517288659,0.000191020285994133,0.000957608856518578,0.708568380642776,"ENSSSCT00000014488.5","ENSSSCG00000023974","PHF21A","PHF21A","Significant"
"ENSSSCT00000032036.4",-1.02925495630324,2.56590392249294,-4.24630605509093,0.000141072580427727,0.000741381433311674,0.706907955158722,"ENSSSCT00000032036.4","ENSSSCG00000030186","KIF2A","KIF2A","Significant"
"ENSSSCT00000014523.4",-2.06358093422942,2.52603870798976,-4.2098779866335,0.000157284556168273,0.00081256626038827,0.703642512496534,"ENSSSCT00000014523.4","ENSSSCG00000013297","CD44","CD44","Significant"
"ENSSSCT00000047590.3",-2.27122582858757,-0.0236520844886831,-4.13731473185591,0.000195195095641325,0.0009763947373872,0.696056119226886,"ENSSSCT00000047590.3","ENSSSCG00000011833","DLG1","DLG1","Significant"
"ENSSSCT00000012161.3",-1.82223231984003,3.60788152543112,-4.20866700173897,0.000157853702341805,0.00081486100556558,0.69601319754782,"ENSSSCT00000012161.3","ENSSSCG00000011112","CDC123","CDC123","Significant"
"ENSSSCT00000049108.2",-2.91138776154591,-0.179578822490612,-4.13937512616176,0.000194004642452913,0.00097088677859321,0.695219063220629,"ENSSSCT00000049108.2","ENSSSCG00000022073","ZBTB38","ZBTB38","Significant"
"ENSSSCT00000030501.4",-1.07698511363895,3.91988912282494,-4.31847003899365,0.000113644381855274,0.000615901167887195,0.694117598334001,"ENSSSCT00000030501.4","ENSSSCG00000024125","KPNA3","KPNA3","Significant"
"ENSSSCT00000096349.1",1.06505632633086,-1.48738893173149,4.16764100925851,0.000178372550423301,0.000903052582919457,0.69321033927521,"ENSSSCT00000096349.1","ENSSSCG00000054814",NA,"ENSSSCG00000054814","Significant"
"ENSSSCT00000045420.2",-3.213129789132,-2.76563102452605,-4.15472316848132,0.000185357478131403,0.000933054688435429,0.691975189491347,"ENSSSCT00000045420.2","ENSSSCG00000032220","CNOT10","CNOT10","Significant"
"ENSSSCT00000051217.3",-3.1602594740863,2.98400563528606,-4.18247122331941,0.000170670714465692,0.000870821279254998,0.689001736185263,"ENSSSCT00000051217.3","ENSSSCG00000022739","DSG2","DSG2","Significant"
"ENSSSCT00000062662.2",-1.22358240197582,-1.75724133104323,-4.1528872025447,0.000186371684241192,0.000937147192011078,0.679711574460545,"ENSSSCT00000062662.2","ENSSSCG00000040632",NA,"ENSSSCG00000040632","Significant"
"ENSSSCT00000008588.4",2.31690810005428,-3.17324572395811,4.19638324393189,0.000163742043981607,0.000841261519378556,0.679241758530853,"ENSSSCT00000008588.4","ENSSSCG00000007838","OTOA","OTOA","Significant"
"ENSSSCT00000079576.2",-1.20726825001741,3.67202764286264,-4.28215778948581,0.00012671982531509,0.00067641951380841,0.671348624466209,"ENSSSCT00000079576.2","ENSSSCG00000011163","DIP2C","DIP2C","Significant"
"ENSSSCT00000079291.2",-1.02929873578146,0.174978812871787,-4.12605941196193,0.000201825306883328,0.00100539531025577,0.668919270493063,"ENSSSCT00000079291.2","ENSSSCG00000030260",NA,"ENSSSCG00000030260","Significant"
"ENSSSCT00000017875.5",-1.05575158052548,0.283005560543598,-4.13369921352341,0.000197301348592717,0.000985267754559187,0.665322728156737,"ENSSSCT00000017875.5","ENSSSCG00000016416","SHH","SHH","Significant"
"ENSSSCT00000022564.4",1.62374384386474,-2.46156029768501,4.17359485068712,0.000175240508157494,0.000889544064762096,0.665315999865847,"ENSSSCT00000022564.4","ENSSSCG00000029096","HRH2","HRH2","Significant"
"ENSSSCT00000036394.4",-2.28324977352656,-2.86221056516825,-4.16491614968869,0.000179824174821866,0.00090955435865531,0.663192736231309,"ENSSSCT00000036394.4","ENSSSCG00000027628","IL6R","IL6R","Significant"
"ENSSSCT00000046843.1",2.88173612658519,-0.844403219280015,4.1334661645098,0.000197437872895429,0.000985798531069308,0.662590015768399,"ENSSSCT00000046843.1","ENSSSCG00000022975","AMT","AMT","Significant"
"ENSSSCT00000065039.2",-2.7255096060771,0.12331171965818,-4.12146795720897,0.000204592770532398,0.00101747142929199,0.656632384800707,"ENSSSCT00000065039.2","ENSSSCG00000023710","REEP1","REEP1","Significant"
"ENSSSCT00000017194.5",-1.43335268931558,1.51014238912795,-4.15413857663817,0.000185679825523526,0.000934388799408713,0.645784854838118,"ENSSSCT00000017194.5","ENSSSCG00000015791","CFAP97","CFAP97","Significant"
"ENSSSCT00000052554.3",1.59532146045432,-1.56245224104527,4.14041228722277,0.000193408080687985,0.000968198535659613,0.644650022868587,"ENSSSCT00000052554.3","ENSSSCG00000056133","SHC4","SHC4","Significant"
"ENSSSCT00000096965.1",-3.43225833377111,-1.08720356091259,-4.11987138595575,0.000205563753188498,0.00102152120240173,0.642684221666948,"ENSSSCT00000096965.1","ENSSSCG00000002332","SIPA1L1","SIPA1L1","Significant"
"ENSSSCT00000004368.4",1.03216676652242,4.28499670699974,4.33209559296065,0.000109087604633514,0.000594267712860666,0.64256862944512,"ENSSSCT00000004368.4","ENSSSCG00000003949","CDC20","CDC20","Significant"
"ENSSSCT00000100729.1",1.89724818147138,0.660432734849592,4.12060442429894,0.00020511738532453,0.00101976932466011,0.641074645256508,"ENSSSCT00000100729.1","ENSSSCG00000022611","CAPRIN2","CAPRIN2","Significant"
"ENSSSCT00000065032.3",1.14866873625343,4.47883586905344,4.37361044169418,9.62813965837842e-05,0.000534780009236406,0.639933615611446,"ENSSSCT00000065032.3","ENSSSCG00000037572","EPSTI1","EPSTI1","Significant"
"ENSSSCT00000035633.4",1.66807975692018,1.65725794250537,4.14919013185992,0.000188430475308106,0.000946331980429065,0.633793339169844,"ENSSSCT00000035633.4","ENSSSCG00000017254","MAP2K6","MAP2K6","Significant"
"ENSSSCT00000016153.5",2.54388069883165,3.5972214652908,4.22304440576388,0.000151224739756252,0.000785867295985469,0.633163324609236,"ENSSSCT00000016153.5","ENSSSCG00000014802","NUMA1","NUMA1","Significant"
"ENSSSCT00000093284.1",-1.90000228320399,-2.62533269338111,-4.15386539073319,0.000185830649715739,0.000934859204340682,0.632851852056675,"ENSSSCT00000093284.1","ENSSSCG00000017479","WIPF2","WIPF2","Significant"
"ENSSSCT00000043112.3",-2.7970918480338,-2.38853011516793,-4.14210392323771,0.000192438918874857,0.000963790861904122,0.632521104989046,"ENSSSCT00000043112.3","ENSSSCG00000006372","ARHGAP30","ARHGAP30","Significant"
"ENSSSCT00000015168.5",-2.44064505190073,-4.21214391362227,-4.198752564387,0.000162589797277585,0.000836132137293118,0.628030629071312,"ENSSSCT00000015168.5","ENSSSCG00000013883","NIBAN3","NIBAN3","Significant"
"ENSSSCT00000049570.3",-2.26061194867357,-0.439360186231487,-4.11043069798668,0.000211397974365857,0.00104748017571799,0.627449302330043,"ENSSSCT00000049570.3","ENSSSCG00000006776","MOV10","MOV10","Significant"
"ENSSSCT00000100311.1",1.6042783765435,-3.55275561625131,4.17952757059189,0.000172173111883676,0.000877388580783896,0.62131214415329,"ENSSSCT00000100311.1","ENSSSCG00000055636",NA,"ENSSSCG00000055636","Significant"
"ENSSSCT00000004757.5",-3.23693977508674,-3.73878919709193,-4.17698427146951,0.000173481588079189,0.000882676919122017,0.619259112239054,"ENSSSCT00000004757.5","ENSSSCG00000004303","RARS2","RARS2","Significant"
"ENSSSCT00000059130.3",1.87602695848561,2.36806976179586,4.16924289077609,0.000177524530510863,0.000899257210141633,0.617963972739969,"ENSSSCT00000059130.3","ENSSSCG00000016263",NA,"ENSSSCG00000016263","Significant"
"ENSSSCT00000075880.2",-1.53872764878086,0.0325870065817063,-4.10704176286268,0.000213531498862994,0.0010561257568157,0.61654995241717,"ENSSSCT00000075880.2","ENSSSCG00000046151",NA,"ENSSSCG00000046151","Significant"
"ENSSSCT00000025362.4",-1.59071152485599,-1.19816565777232,-4.11725662992448,0.000207163696699365,0.00102821817128727,0.611128792771283,"ENSSSCT00000025362.4","ENSSSCG00000003691","MYL12A","MYL12A","Significant"
"ENSSSCT00000053958.3",-1.60012277585664,-1.79785273414305,-4.12584640580578,0.000201952881582306,0.00100572349948213,0.609039276270406,"ENSSSCT00000053958.3","ENSSSCG00000000167","RIC8B","RIC8B","Significant"
"ENSSSCT00000013149.6",1.75807163124691,-4.00932776435105,4.18426433464906,0.000169761831267978,0.000866862137300103,0.608019414419831,"ENSSSCT00000013149.6","ENSSSCG00000012018","CHODL","CHODL","Significant"
"ENSSSCT00000028399.3",-2.72342158640465,1.58351922087357,-4.12321289039775,0.000203536684536525,0.00101252823659275,0.605613037235335,"ENSSSCT00000028399.3","ENSSSCG00000022208","TNFRSF1B","TNFRSF1B","Significant"
"ENSSSCT00000017958.5",-2.64710737412643,-0.724523269673621,-4.10378655450019,0.000215600633114148,0.00106498768825426,0.605006676292981,"ENSSSCT00000017958.5","ENSSSCG00000016494","BRAF","BRAF","Significant"
"ENSSSCT00000060595.3",-4.02061071974776,-1.49786908694756,-4.12532301478355,0.000202266688331644,0.0010068249017351,0.60295347806888,"ENSSSCT00000060595.3","ENSSSCG00000001004","SLC22A23","SLC22A23","Significant"
"ENSSSCT00000061725.2",-1.82792023159901,-2.14044860916299,-4.12328623321823,0.000203492412113271,0.00101246247589517,0.60263187701156,"ENSSSCT00000061725.2","ENSSSCG00000004578","ANXA2","ANXA2","Significant"
"ENSSSCT00000064514.3",-1.66965328793277,0.0986722189516847,-4.10268326804619,0.000216306357747452,0.00106790619139884,0.601027670294481,"ENSSSCT00000064514.3","ENSSSCG00000023026","CLCN5","CLCN5","Significant"
"ENSSSCT00000014192.5",1.4410116530214,0.637022278875606,4.10688336750225,0.000213631730469521,0.00105643928869674,0.595651680752534,"ENSSSCT00000014192.5","ENSSSCG00000012982","SIPA1","SIPA1","Significant"
"ENSSSCT00000094016.1",-1.00977183903856,2.72793582478836,-4.20777419525438,0.000158274599735753,0.000816769870431133,0.590083983818507,"ENSSSCT00000094016.1","ENSSSCG00000063224",NA,"ENSSSCG00000063224","Significant"
"ENSSSCT00000010604.5",1.30989865132996,1.64583420952615,4.1315734589071,0.000198550079244993,0.000990744839868954,0.589428907324423,"ENSSSCT00000010604.5","ENSSSCG00000009671","PBK","PBK","Significant"
"ENSSSCT00000083771.1",1.10418522302696,-0.236095599437974,4.09522351095327,0.000221137594595409,0.00108977783164884,0.583434289157945,"ENSSSCT00000083771.1","ENSSSCG00000041717",NA,"ENSSSCG00000041717","Significant"
"ENSSSCT00000062617.3",2.79706139340876,-2.79692184996784,4.15088352575673,0.000187484728161578,0.000942162773887188,0.582246472807792,"ENSSSCT00000062617.3","ENSSSCG00000002706","ADAT1","ADAT1","Significant"
"ENSSSCT00000033882.4",1.29808059453703,4.88715310949431,4.35326992297613,0.000102359864794438,0.000562884302877022,0.579459873607775,"ENSSSCT00000033882.4","ENSSSCG00000016958","PIK3R1","PIK3R1","Significant"
"ENSSSCT00000023105.3",2.03258752175658,1.58566552660594,4.11345394294956,0.000209512258156802,0.00103876789308765,0.578932884507828,"ENSSSCT00000023105.3","ENSSSCG00000054923","CKS1B","CKS1B","Significant"
"ENSSSCT00000067699.1",-1.79865669247396,2.16161173271755,-4.16764526415024,0.000178370292686693,0.000903052582919457,0.569075966434879,"ENSSSCT00000067699.1","ENSSSCG00000004454","ME1","ME1","Significant"
"ENSSSCT00000057129.3",-1.64490698483599,1.37449656394196,-4.11642698275774,0.000207673887682014,0.00103059352115439,0.567970523788181,"ENSSSCT00000057129.3","ENSSSCG00000017890","PITPNM3","PITPNM3","Significant"
"ENSSSCT00000064770.2",1.6278928206415,1.24312051248074,4.10801774362624,0.000212914917066187,0.0010537155367374,0.563057339588524,"ENSSSCT00000064770.2","ENSSSCG00000005607","RALGPS1","RALGPS1","Significant"
"ENSSSCT00000012937.4",-1.41845795555131,3.01181609010793,-4.20082189473642,0.000161589936922603,0.000831514883747562,0.5575019461793,"ENSSSCT00000012937.4","ENSSSCG00000011825","ATP13A3","ATP13A3","Significant"
"ENSSSCT00000007513.5",-1.11909331854235,1.99805174699307,-4.15773166215823,0.000183707212092318,0.000926348571734163,0.5514838848472,"ENSSSCT00000007513.5","ENSSSCG00000006860","SLC30A7","SLC30A7","Significant"
"ENSSSCT00000077344.2",1.07220873824843,2.17643918295733,4.14754104905299,0.000189355957418157,0.000950101821431452,0.538829939854474,"ENSSSCT00000077344.2","ENSSSCG00000024184","FASTK","FASTK","Significant"
"ENSSSCT00000061417.3",-1.01347011448319,3.01247360418632,-4.21640810541544,0.000154249944611383,0.000799422221285888,0.536284667433415,"ENSSSCT00000061417.3","ENSSSCG00000036049","PEG10","PEG10","Significant"
"ENSSSCT00000042449.3",1.36313568428983,-2.24211237052472,4.12102350134115,0.000204862623060692,0.0010186580695853,0.531773676429097,"ENSSSCT00000042449.3","ENSSSCG00000000113","SLC16A8","SLC16A8","Significant"
"ENSSSCT00000107307.1",-1.45831119232861,-0.296377104991768,-4.07167104670761,0.000237092890087493,0.00115999048445567,0.524639039576802,"ENSSSCT00000107307.1","ENSSSCG00000003654","MACF1","MACF1","Significant"
"ENSSSCT00000086266.1",1.69975649604459,-0.84741165185087,4.07155994325934,0.000237170755851591,0.00116019734790476,0.521797493795337,"ENSSSCT00000086266.1","ENSSSCG00000030229","ABHD14A","ABHD14A","Significant"
"ENSSSCT00000096144.1",1.20909502133873,-1.94920896523138,4.10627216719339,0.000214018925258502,0.00105805504763127,0.518308453535014,"ENSSSCT00000096144.1","ENSSSCG00000059216",NA,"ENSSSCG00000059216","Significant"
"ENSSSCT00000064998.3",-2.93908532984172,-4.28651407595355,-4.14888099294191,0.000188603629742292,0.000946618341151123,0.50335265994081,"ENSSSCT00000064998.3","ENSSSCG00000012035","SYNJ1","SYNJ1","Significant"
"ENSSSCT00000058251.3",3.05616655300012,0.373548260401167,4.06303127139234,0.000243223078411638,0.00118624461458984,0.502111241796566,"ENSSSCT00000058251.3","ENSSSCG00000010969","GALT","GALT","Significant"
"ENSSSCT00000080330.2",-1.38311339396008,0.931444535070338,-4.08010985401324,0.000231250997838272,0.00113515620799744,0.499443280676013,"ENSSSCT00000080330.2","ENSSSCG00000004822","ALDH1A3","ALDH1A3","Significant"
"ENSSSCT00000071847.2",1.74193582268486,-1.91486256251577,4.06502975964226,0.000241791481901325,0.0011803218260085,0.493137594695469,"ENSSSCT00000071847.2","ENSSSCG00000016579","CCDC136","CCDC136","Significant"
"ENSSSCT00000012971.4",1.3822402694942,-0.07131034218185,4.05761344440865,0.000247145818158751,0.00120332640156303,0.487801481889342,"ENSSSCT00000012971.4","ENSSSCG00000011858","ZNF148","ZNF148","Significant"
"ENSSSCT00000072357.1",2.12822270924449,-3.32701558073634,4.10811864277472,0.000212851272698638,0.0010537155367374,0.484484872361001,"ENSSSCT00000072357.1","ENSSSCG00000008648","RSAD2","RSAD2","Significant"
"ENSSSCT00000083157.2",2.8561510123217,-0.590877898110828,4.06065155656041,0.000244938554115315,0.00119407545131216,0.484051985094718,"ENSSSCT00000083157.2","ENSSSCG00000050595",NA,"ENSSSCG00000050595","Significant"
"ENSSSCT00000067824.2",2.21625189801618,-2.25199575450052,4.08758773092895,0.000226191931824384,0.00111199664433085,0.482180063409519,"ENSSSCT00000067824.2","ENSSSCG00000009787","CCDC62","CCDC62","Significant"
"ENSSSCT00000098637.1",1.41236395202814,-3.27310707002818,4.10683918955292,0.000213659694199065,0.00105643928869674,0.481036487820525,"ENSSSCT00000098637.1","ENSSSCG00000053447",NA,"ENSSSCG00000053447","Significant"
"ENSSSCT00000044077.1",-2.75969872617517,1.0024681357888,-4.05998083732254,0.000245424187613781,0.00119590647331635,0.467229051328702,"ENSSSCT00000044077.1","ENSSSCG00000012713","ATP11C","ATP11C","Significant"
"ENSSSCT00000101205.1",1.04508519024433,-1.18110470047573,4.06795744360769,0.000239709102503296,0.00117138422931916,0.466726986663024,"ENSSSCT00000101205.1","ENSSSCG00000052236",NA,"ENSSSCG00000052236","Significant"
"ENSSSCT00000069713.1",1.97067385669756,1.88144149855866,4.08882711610677,0.00022536394696487,0.00110842753459687,0.466465962730115,"ENSSSCT00000069713.1","ENSSSCG00000014976","ARHGAP42","ARHGAP42","Significant"
"ENSSSCT00000012842.5",1.25775755552487,3.09540945512144,4.18938646793309,0.000167191558293583,0.000856554614488371,0.466456588202221,"ENSSSCT00000012842.5","ENSSSCG00000011731","SMC4","SMC4","Significant"
"ENSSSCT00000064175.3",2.95660355763817,-0.851003213615224,4.0498147490592,0.000252900995153075,0.0012273867290817,0.460733079262033,"ENSSSCT00000064175.3","ENSSSCG00000036340","ZBTB5","ZBTB5","Significant"
"ENSSSCT00000024247.4",-4.6119547735821,-1.18792923715884,-4.05589174154431,0.000248405281743335,0.0012088068367104,0.459524967879901,"ENSSSCT00000024247.4","ENSSSCG00000039061","EIF2AK4","EIF2AK4","Significant"
"ENSSSCT00000068796.1",-3.4290771675159,-2.60774449744516,-4.07862176383767,0.000232270845102551,0.00113947617118922,0.459389694821611,"ENSSSCT00000068796.1","ENSSSCG00000016073","PGAP1","PGAP1","Significant"
"ENSSSCT00000076444.2",1.16656969019808,-2.70291343897847,4.09620144424687,0.000220498294356315,0.00108744915885544,0.450850021204444,"ENSSSCT00000076444.2","ENSSSCG00000043990",NA,"ENSSSCG00000043990","Significant"
"ENSSSCT00000094722.1",2.59127592814753,-0.207569135229849,4.04207965660425,0.000258738306802023,0.00125198927797168,0.446962386995991,"ENSSSCT00000094722.1","ENSSSCG00000002397","POMT2","POMT2","Significant"
"ENSSSCT00000064722.4",-2.72292142708361,1.77374545900257,-4.06441667840329,0.000242229779679031,0.00118210742952479,0.444754263238243,"ENSSSCT00000064722.4","ENSSSCG00000004332","BACH2","BACH2","Significant"
"ENSSSCT00000039249.3",-2.43864436747533,1.07294292258713,-4.04907934820067,0.00025345039433326,0.00122932113312133,0.437189133951685,"ENSSSCT00000039249.3","ENSSSCG00000000755","ERC1","ERC1","Significant"
"ENSSSCT00000054300.3",1.10973798171331,0.714720070154284,4.03891752671324,0.000261162280315939,0.00126128499295228,0.435239711653664,"ENSSSCT00000054300.3","ENSSSCG00000014957","C11orf97","C11orf97","Significant"
"ENSSSCT00000066827.1",1.76153333987338,1.55467304134447,4.05824788236141,0.000246683285684385,0.00120144404530272,0.432036218855411,"ENSSSCT00000066827.1","ENSSSCG00000005071","ARMH4","ARMH4","Significant"
"ENSSSCT00000101290.1",1.01257823006789,-0.360561391822692,4.03670481492697,0.000262871622030249,0.00126860070525078,0.430751617304793,"ENSSSCT00000101290.1","ENSSSCG00000062042",NA,"ENSSSCG00000062042","Significant"
"ENSSSCT00000039299.3",-3.08676245140712,-1.51741527627252,-4.04149495363466,0.000259184858910227,0.00125359192106646,0.430169927130596,"ENSSSCT00000039299.3","ENSSSCG00000002276","PLEKHG3","PLEKHG3","Significant"
"ENSSSCT00000101540.1",1.18495763060989,-0.906717738729644,4.03928061248033,0.000260882830333519,0.00126030875688162,0.424816829050981,"ENSSSCT00000101540.1","ENSSSCG00000060663",NA,"ENSSSCG00000060663","Significant"
"ENSSSCT00000013162.3",1.81455395548285,3.23234280506636,4.18151131806678,0.000171159221208743,0.000872767477055032,0.42433222853109,"ENSSSCT00000013162.3","ENSSSCG00000012030","CLDN8","CLDN8","Significant"
"ENSSSCT00000063066.3",-2.49164813073549,-1.96252613026347,-4.04917281486171,0.000253380503244782,0.00122916499446405,0.419517466299521,"ENSSSCT00000063066.3","ENSSSCG00000016535","CALD1","CALD1","Significant"
"ENSSSCT00000023438.4",-1.90090598398127,-0.227141913102393,-4.02961263807252,0.000268424256268272,0.0012921459399632,0.413814160458901,"ENSSSCT00000023438.4","ENSSSCG00000013427","DAZAP1","DAZAP1","Significant"
"ENSSSCT00000015224.5",-2.18252543024782,-4.91814207199672,-4.10803952749676,0.000212901174835157,0.0010537155367374,0.403519655696321,"ENSSSCT00000015224.5","ENSSSCG00000013938","GATAD2A","GATAD2A","Significant"
"ENSSSCT00000079949.1",1.03706701966702,0.653322529147342,4.03139108103702,0.000267021220434702,0.00128615155429945,0.396357928927483,"ENSSSCT00000079949.1","ENSSSCG00000051405",NA,"ENSSSCG00000051405","Significant"
"ENSSSCT00000088406.2",5.1217677439436,0.272077844452115,4.02148255558419,0.000274930257808348,0.00131956810328034,0.39140874054407,"ENSSSCT00000088406.2","ENSSSCG00000030820","STK4","STK4","Significant"
"ENSSSCT00000023031.4",-2.53721375727888,0.340673307627658,-4.02365547787245,0.000273176500774062,0.00131211647484348,0.389638478772984,"ENSSSCT00000023031.4","ENSSSCG00000025560","PGLYRP2","PGLYRP2","Significant"
"ENSSSCT00000101617.1",2.09523456508363,-1.85213920328593,4.03217453160204,0.000266405418051304,0.00128413398139337,0.388990695459879,"ENSSSCT00000101617.1","ENSSSCG00000060406",NA,"ENSSSCG00000060406","Significant"
"ENSSSCT00000096188.1",2.36517446749417,-0.228209879839764,4.02051494705048,0.000275714738708251,0.00132294383235376,0.388517615932382,"ENSSSCT00000096188.1","ENSSSCG00000029687","PGAP4","PGAP4","Significant"
"ENSSSCT00000047465.2",2.5650148208165,-1.22453172254678,4.03200310250314,0.000266540045085765,0.00128440313774406,0.383570681802318,"ENSSSCT00000047465.2","ENSSSCG00000017367","MPP2","MPP2","Significant"
"ENSSSCT00000079186.2",-1.28353170792343,-1.03355266870591,-4.02372481403993,0.000273120719781109,0.00131204183700358,0.381583514639574,"ENSSSCT00000079186.2","ENSSSCG00000030045","PRMT5","PRMT5","Significant"
"ENSSSCT00000004288.5",1.1396033098622,2.41485197852901,4.10318334798729,0.000215986199095881,0.0010664870566897,0.376337902700087,"ENSSSCT00000004288.5","ENSSSCG00000003876","CDKN2C","CDKN2C","Significant"
"ENSSSCT00000080230.1",-1.27602217529009,-1.37830883184689,-4.025164597119,0.000271964919790655,0.00130668202841947,0.37580644260118,"ENSSSCT00000080230.1","ENSSSCG00000036257","EEF1E1","EEF1E1","Significant"
"ENSSSCT00000062590.3",1.73403181379366,-0.896596361752668,4.0178647268643,0.000277874574450654,0.0013315435957362,0.373396225767727,"ENSSSCT00000062590.3","ENSSSCG00000011368","P4HTM","P4HTM","Significant"
"ENSSSCT00000043888.3",2.57395421846436,-0.580260516898919,4.00764402380337,0.000286359607467971,0.00136637913681922,0.356106766181639,"ENSSSCT00000043888.3","ENSSSCG00000014030","PHYKPL","PHYKPL","Significant"
"ENSSSCT00000089119.2",-1.96965825575702,-0.735388647562348,-4.01802533109815,0.0002777432195011,0.00133134818896709,0.355367836950347,"ENSSSCT00000089119.2","ENSSSCG00000006494","SLC25A44","SLC25A44","Significant"
"ENSSSCT00000036962.3",1.54076740735042,-1.65577391148942,4.02754326362867,0.000270065861880358,0.0012990893125918,0.355141288203058,"ENSSSCT00000036962.3","ENSSSCG00000014900","RAB30","RAB30","Significant"
"ENSSSCT00000053925.3",-2.11731890761849,1.13660867127612,-4.01744420660862,0.000278218796401668,0.00133299715472153,0.352886801863453,"ENSSSCT00000053925.3","ENSSSCG00000004411","ZBTB24","ZBTB24","Significant"
"ENSSSCT00000036745.2",-2.02098200991975,-0.877151106711439,-4.00867644749893,0.000285491170959915,0.00136283369516502,0.349055410016093,"ENSSSCT00000036745.2","ENSSSCG00000036893","PTHLH","PTHLH","Significant"
"ENSSSCT00000096243.1",1.90445963248784,0.315722399219647,4.00636156586481,0.000287441949595536,0.00137034030188812,0.3484918652663,"ENSSSCT00000096243.1","ENSSSCG00000058443","AKR1C2","AKR1C2","Significant"
"ENSSSCT00000053896.3",1.87911311726505,1.33173598545162,4.02962721258002,0.000268412729094608,0.0012921459399632,0.344571030667447,"ENSSSCT00000053896.3","ENSSSCG00000010594","NT5C2","NT5C2","Significant"
"ENSSSCT00000096413.1",2.82478486162098,-2.03908846754592,4.00979430931414,0.00028455376146795,0.00135975243132069,0.343782064479275,"ENSSSCT00000096413.1","ENSSSCG00000000504","PTPRB","PTPRB","Significant"
"ENSSSCT00000103461.1",-1.23617319806178,-2.82412911311488,-4.0470396399687,0.000254980308633325,0.00123582250374326,0.340895874423165,"ENSSSCT00000103461.1","ENSSSCG00000061249",NA,"ENSSSCG00000061249","Significant"
"ENSSSCT00000070895.1",1.35586638606555,-0.442412989478629,4.00381143866254,0.000289606011966718,0.00137964851171287,0.34057719258858,"ENSSSCT00000070895.1","ENSSSCG00000015604","NEK2","NEK2","Significant"
"ENSSSCT00000004236.5",2.4444507752758,-0.269008658858476,4.00208650094439,0.000291078804442394,0.00138565240765657,0.332854140782092,"ENSSSCT00000004236.5","ENSSSCG00000003828","FGGY","FGGY","Significant"
"ENSSSCT00000011438.5",1.68464465344824,6.59523684603085,4.35561138479246,0.000101641403193094,0.000559688618427232,0.318476867993549,"ENSSSCT00000011438.5","ENSSSCG00000061268","IFIT3","IFIT3","Significant"
"ENSSSCT00000061029.3",1.26823408885585,0.940730247246409,3.99370588108402,0.000298338880845324,0.00141567957400938,0.304544256582202,"ENSSSCT00000061029.3","ENSSSCG00000026746",NA,"ENSSSCG00000026746","Significant"
"ENSSSCT00000046178.4",4.13194967707492,3.24290610218257,4.00615516314811,0.000287616517133406,0.00137097206500257,0.303622395962839,"ENSSSCT00000046178.4","ENSSSCG00000001400","DDX39B","DDX39B","Significant"
"ENSSSCT00000098433.1",1.79337602396939,-3.61490950106579,4.03720787066658,0.000262482050701332,0.00126709576266897,0.272287252679357,"ENSSSCT00000098433.1","ENSSSCG00000043918",NA,"ENSSSCG00000043918","Significant"
"ENSSSCT00000010136.4",-2.26680321909207,-4.1393405791877,-4.03055416354523,0.000267680581954101,0.00128894663920123,0.271050553411164,"ENSSSCT00000010136.4","ENSSSCG00000009256","ANTXR2","ANTXR2","Significant"
"ENSSSCT00000074672.2",1.01091876892671,1.76878084527405,4.03351403164617,0.000265355760229519,0.00127964194742246,0.268534541628075,"ENSSSCT00000074672.2","ENSSSCG00000022676","OPHN1","OPHN1","Significant"
"ENSSSCT00000075086.1",-1.03645974817891,2.71118249615392,-4.09392757606336,0.000221987570128471,0.00109380122963105,0.26057145600409,"ENSSSCT00000075086.1","ENSSSCG00000033753","UBXN2A","UBXN2A","Significant"
"ENSSSCT00000023994.4",-2.35249708275317,-1.16922506731534,-3.97843236255429,0.000312026622048062,0.00147332599351991,0.260444818748968,"ENSSSCT00000023994.4","ENSSSCG00000021232","SYNC","SYNC","Significant"
"ENSSSCT00000058885.3",4.21929437604193,-3.15558946730337,4.01834113720606,0.000277485104603169,0.00133067077347678,0.255507497417081,"ENSSSCT00000058885.3","ENSSSCG00000054655","TM9SF1","TM9SF1","Significant"
"ENSSSCT00000059923.2",1.13401270459692,0.227397331581084,3.97029311715052,0.000319568685212158,0.001503928610372,0.252477904399042,"ENSSSCT00000059923.2","ENSSSCG00000023665","FBXO25","FBXO25","Significant"
"ENSSSCT00000083128.2",1.05358387012753,3.82859302014382,4.17966617574086,0.000172102080446103,0.000877163706560068,0.245362944266175,"ENSSSCT00000083128.2","ENSSSCG00000001821","UNC45A","UNC45A","Significant"
"ENSSSCT00000004523.5",-3.07846653397406,1.63248280371618,-3.98368070236505,0.00030725559313791,0.00145422492822702,0.243996331340661,"ENSSSCT00000004523.5","ENSSSCG00000004092","MTHFD1L","MTHFD1L","Significant"
"ENSSSCT00000096923.1",1.78677493161471,-3.37522420564941,4.01606198313079,0.000279353163436864,0.00133764584236973,0.230780994491015,"ENSSSCT00000096923.1","ENSSSCG00000057595",NA,"ENSSSCG00000057595","Significant"
"ENSSSCT00000094188.1",-1.49135971792744,-3.82779409420121,-4.01148407938505,0.000283142457246947,0.00135398197230729,0.225610267928111,"ENSSSCT00000094188.1","ENSSSCG00000053150",NA,"ENSSSCG00000053150","Significant"
"ENSSSCT00000059466.3",2.51413753940284,1.17850136887563,3.96891589379281,0.000320862300736577,0.0015095807291797,0.225315916415036,"ENSSSCT00000059466.3","ENSSSCG00000026697","BLTP3B","BLTP3B","Significant"
"ENSSSCT00000097670.1",-1.00224719980431,-0.514266288390401,-3.95765127354373,0.000331636220674363,0.00155443751277558,0.223101792766063,"ENSSSCT00000097670.1","ENSSSCG00000013124","PATL1","PATL1","Significant"
"ENSSSCT00000010780.4",2.94373857949856,0.00162480270083066,3.95942354088759,0.000329918109532317,0.00154705163860084,0.221149152570809,"ENSSSCT00000010780.4","ENSSSCG00000009836","ACAD10","ACAD10","Significant"
"ENSSSCT00000071719.1",1.12039822547904,-1.57470054952867,3.97124883861742,0.000318673969735856,0.00150036766920836,0.216969111859907,"ENSSSCT00000071719.1","ENSSSCG00000048138","PERCC1","PERCC1","Significant"
"ENSSSCT00000030942.4",-1.39523356430638,-2.18514396562978,-3.98114547940693,0.000309551310323325,0.00146397025265182,0.211996619189181,"ENSSSCT00000030942.4","ENSSSCG00000000457","USP15","USP15","Significant"
"ENSSSCT00000073715.2",-2.35737294346957,-3.39910772134673,-4.01201906365914,0.000282697059459124,0.00135226744815218,0.208589794290811,"ENSSSCT00000073715.2","ENSSSCG00000011552","TTLL3","TTLL3","Significant"
"ENSSSCT00000056727.3",2.21385869911526,1.88361623968408,3.99460133276169,0.00029755481561188,0.00141276790566619,0.204313633114562,"ENSSSCT00000056727.3","ENSSSCG00000006836","ELAPOR1","ELAPOR1","Significant"
"ENSSSCT00000068409.2",-3.29314283685788,-1.23921250338063,-3.95009378182508,0.000339061046218454,0.00158468267644875,0.202260283359387,"ENSSSCT00000068409.2","ENSSSCG00000033876","RAB35","RAB35","Significant"
"ENSSSCT00000041132.3",-3.17391417392283,0.123997410602096,-3.94705169593045,0.00034209518426714,0.00159748945686706,0.198530690255089,"ENSSSCT00000041132.3","ENSSSCG00000011849","TNK2","TNK2","Significant"
"ENSSSCT00000016338.5",-1.263110829955,3.26510820797913,-4.08426662921358,0.000228425301152832,0.00112213025746375,0.189549563641545,"ENSSSCT00000016338.5","ENSSSCG00000014976","ARHGAP42","ARHGAP42","Significant"
"ENSSSCT00000071278.1",-1.44170202111109,-2.59750622815022,-3.97446790588384,0.000315678292470316,0.00148798251376351,0.179918662746263,"ENSSSCT00000071278.1","ENSSSCG00000036846",NA,"ENSSSCG00000036846","Significant"
"ENSSSCT00000026790.4",-1.57392051078012,4.97979065571082,-4.12685662168758,0.000201348536695818,0.00100348023393923,0.177435615107354,"ENSSSCT00000026790.4","ENSSSCG00000026082","DNAJC3","DNAJC3","Significant"
"ENSSSCT00000039393.3",1.05883622540679,2.70312655158415,4.05298847084949,0.000250543286040578,0.00121775690191816,0.17679933751082,"ENSSSCT00000039393.3","ENSSSCG00000032909","CDCA8","CDCA8","Significant"
"ENSSSCT00000063929.2",3.57938675372371,-0.0885344794401058,3.93872941780852,0.000350531370654644,0.00163174254837579,0.176720150450165,"ENSSSCT00000063929.2","ENSSSCG00000002993","CYP2A19","CYP2A19","Significant"
"ENSSSCT00000043370.3",1.33743606390074,2.46235247662506,4.02797275707274,0.000269724347710514,0.00129763798624076,0.176360832847839,"ENSSSCT00000043370.3","ENSSSCG00000004322","ANKRD6","ANKRD6","Significant"
"ENSSSCT00000040961.3",-2.34001682939839,6.01157930176996,-4.07901637238127,0.000231999977211059,0.00113831862407665,0.172540577415415,"ENSSSCT00000040961.3","ENSSSCG00000014020","CANX","CANX","Significant"
"ENSSSCT00000075564.1",1.38638491841122,-0.0905914863623486,3.93680180590335,0.000352514051212768,0.0016405035863176,0.170941996129984,"ENSSSCT00000075564.1","ENSSSCG00000042267",NA,"ENSSSCG00000042267","Significant"
"ENSSSCT00000094598.1",1.2481970744286,-0.455899269945873,3.93565308664556,0.000353700771711214,0.00164555650126604,0.168542189203894,"ENSSSCT00000094598.1","ENSSSCG00000062725",NA,"ENSSSCG00000062725","Significant"
"ENSSSCT00000104698.1",2.09814176461679,-2.41664539010764,3.9685613412855,0.000321196153697223,0.00151071543496022,0.16651271522093,"ENSSSCT00000104698.1","ENSSSCG00000054669",NA,"ENSSSCG00000054669","Significant"
"ENSSSCT00000039117.3",1.83953044267433,-0.0334275247433783,3.94820335966098,0.000340943433804404,0.00159279548871741,0.16205645121254,"ENSSSCT00000039117.3","ENSSSCG00000008392","BCL11A","BCL11A","Significant"
"ENSSSCT00000095219.1",1.38879801391849,2.13961291971143,4.00495954407246,0.000288629760722219,0.00137539969578884,0.159502779428865,"ENSSSCT00000095219.1","ENSSSCG00000017635","MKS1","MKS1","Significant"
"ENSSSCT00000005966.5",-1.13157885409739,6.20732690871645,-4.28194747735571,0.000126799694263352,0.000676538384136046,0.153732894947619,"ENSSSCT00000005966.5","ENSSSCG00000005423","ABCA1","ABCA1","Significant"
"ENSSSCT00000025438.3",1.42574915048656,2.1835928360215,4.00259655237025,0.000290642552138872,0.00138377771173128,0.145063551604725,"ENSSSCT00000025438.3","ENSSSCG00000028627",NA,"ENSSSCG00000028627","Significant"
"ENSSSCT00000053091.3",-1.78075031789528,-4.9196639735899,-3.99952577779286,0.000293278679559694,0.00139510622532306,0.143478084698426,"ENSSSCT00000053091.3","ENSSSCG00000005349","GRHPR","GRHPR","Significant"
"ENSSSCT00000045891.3",1.02047609062769,-0.476020541771989,3.92622283301921,0.000363591031345552,0.00168388096391909,0.139950967811296,"ENSSSCT00000045891.3","ENSSSCG00000007717","METTL27","METTL27","Significant"
"ENSSSCT00000065583.3",-1.78904849717448,-2.34455505899292,-3.95164079461405,0.00033752813792886,0.00157887624232892,0.138164354544865,"ENSSSCT00000065583.3","ENSSSCG00000007342","RPRD1B","RPRD1B","Significant"
"ENSSSCT00000068670.1",1.90357347811018,0.271032528327323,3.93019749260753,0.000359390116411227,0.00166797941003155,0.137363454863849,"ENSSSCT00000068670.1","ENSSSCG00000015613","C1orf74","C1orf74","Significant"
"ENSSSCT00000107597.1",1.14062558414941,2.73591988116612,4.05497456000955,0.000249078774701276,0.00121154175300021,0.136258404004579,"ENSSSCT00000107597.1","ENSSSCG00000001395",NA,"ENSSSCG00000001395","Significant"
"ENSSSCT00000058798.3",-2.28116187746667,0.464039117891567,-3.92818821956635,0.000361507830508864,0.0016760225189748,0.133941207252768,"ENSSSCT00000058798.3","ENSSSCG00000006491","PAQR6","PAQR6","Significant"
"ENSSSCT00000055182.3",1.44094447510376,1.27135966477846,3.95517631701962,0.000334050130868698,0.00156440253761031,0.132179855414262,"ENSSSCT00000055182.3","ENSSSCG00000035221","ENTR1","ENTR1","Significant"
"ENSSSCT00000079524.2",2.80663608997587,-1.62186463760849,3.9352172900321,0.000354152001366967,0.00164718571363318,0.12972067404746,"ENSSSCT00000079524.2","ENSSSCG00000015022","LAYN","LAYN","Significant"
"ENSSSCT00000004393.4",-3.20627659194317,-4.28304253100851,-3.98028959178483,0.000310330106876863,0.0014668023781695,0.12755217649456,"ENSSSCT00000004393.4","ENSSSCG00000003971","SCMH1","SCMH1","Significant"
"ENSSSCT00000025187.4",-1.22726769981126,1.90954069288235,-3.99385027099115,0.000298212315808483,0.00141547741223174,0.126765454878193,"ENSSSCT00000025187.4","ENSSSCG00000025218","TXNL4B","TXNL4B","Significant"
"ENSSSCT00000053609.3",2.38848385386545,1.00923454975125,3.92801235636,0.000361693761777384,0.00167604653339821,0.123013295018445,"ENSSSCT00000053609.3","ENSSSCG00000055397","NAPRT","NAPRT","Significant"
"ENSSSCT00000013776.5",-3.7316154653433,2.6894356140255,-3.96630671219655,0.000323327080710369,0.00152008019314793,0.122993834285878,"ENSSSCT00000013776.5","ENSSSCG00000012597","PLS3","PLS3","Significant"
"ENSSSCT00000037828.3",1.90015897930929,1.53290112442379,3.96007305081414,0.000329290619378073,0.00154522040215928,0.121305964967215,"ENSSSCT00000037828.3","ENSSSCG00000035052","KREMEN2","KREMEN2","Significant"
"ENSSSCT00000073616.2",1.24565611712811,-1.37545399788829,3.93126392339339,0.000358271037582305,0.00166349599962026,0.120332642985915,"ENSSSCT00000073616.2","ENSSSCG00000048190",NA,"ENSSSCG00000048190","Significant"
"ENSSSCT00000106478.1",-2.22592299619291,-2.85632918542721,-3.95405249985792,0.000335151866624359,0.00156888606739707,0.11748945864077,"ENSSSCT00000106478.1","ENSSSCG00000024904","SEC22A","SEC22A","Significant"
"ENSSSCT00000078092.1",-1.98821345827145,-1.90417301156236,-3.93371759760009,0.000355709087027366,0.00165348432755065,0.116942018685651,"ENSSSCT00000078092.1","ENSSSCG00000010665","SHTN1","SHTN1","Significant"
"ENSSSCT00000043277.3",-2.15819858515023,-0.430070919712445,-3.91521474072624,0.000375476623607395,0.00173273540197245,0.115791293703521,"ENSSSCT00000043277.3","ENSSSCG00000030386","NUP205","NUP205","Significant"
"ENSSSCT00000041072.2",1.1789725022128,1.61924335683049,3.95979487030068,0.000329559226602948,0.00154603583081475,0.115637235078448,"ENSSSCT00000041072.2","ENSSSCG00000031579","PCP4L1","PCP4L1","Significant"
"ENSSSCT00000076940.1",-2.37561197372295,-4.68637066338276,-3.97948515744654,0.000311063824220328,0.00146963120198226,0.112754956249999,"ENSSSCT00000076940.1","ENSSSCG00000001531","SNRPC","SNRPC","Significant"
"ENSSSCT00000053409.2",-2.90690631896186,-1.00388197713326,-3.91286534704065,0.000378061791429919,0.0017427296264359,0.106609234121085,"ENSSSCT00000053409.2","ENSSSCG00000027675","FOXP1","FOXP1","Significant"
"ENSSSCT00000005313.5",1.42343558291089,-0.566697166074541,3.91105416567969,0.000380066540935712,0.00174999145610337,0.105424610025795,"ENSSSCT00000005313.5","ENSSSCG00000004813","TTC23","TTC23","Significant"
"ENSSSCT00000106428.1",-3.00237032217032,0.611185463324293,-3.91749458472412,0.000372984423957488,0.00172273468745006,0.10223690897072,"ENSSSCT00000106428.1","ENSSSCG00000010081","MAPK1","MAPK1","Significant"
"ENSSSCT00000085837.1",1.78789938895414,-0.824313178160342,3.91009531720771,0.000381132046203784,0.00175440198142428,0.100386448375432,"ENSSSCT00000085837.1","ENSSSCG00000036294","NUDT19","NUDT19","Significant"
"ENSSSCT00000058248.3",-2.29585180992596,-1.59176277287413,-3.92609187666889,0.00036373025201402,0.00168428648440067,0.097593392748335,"ENSSSCT00000058248.3","ENSSSCG00000009412","LCP1","LCP1","Significant"
"ENSSSCT00000085216.1",-3.03113869457616,-4.06443829927913,-3.96160167250977,0.00032781840278971,0.0015389764153428,0.0962210752862909,"ENSSSCT00000085216.1","ENSSSCG00000011194","ANKRD28","ANKRD28","Significant"
"ENSSSCT00000036817.3",-1.64967701895879,3.29713604360832,-4.01788718030005,0.000277856206599461,0.0013315435957362,0.0950909827212572,"ENSSSCT00000036817.3","ENSSSCG00000010882","CNST","CNST","Significant"
"ENSSSCT00000084691.2",2.47144557163027,-0.514219732179225,3.90688771688185,0.000384717593128277,0.00176666653610625,0.0935223926698416,"ENSSSCT00000084691.2","ENSSSCG00000006697","ACP6","ACP6","Significant"
"ENSSSCT00000055679.3",1.6178545459036,2.39809582558812,3.9683814039614,0.000321365715255211,0.00151129493439793,0.0926840745633468,"ENSSSCT00000055679.3","ENSSSCG00000011710","EIF2A","EIF2A","Significant"
"ENSSSCT00000103534.1",-1.13835668290619,-2.5784066454473,-3.9293659919004,0.000360265025668356,0.00167132625169196,0.0849381990896294,"ENSSSCT00000103534.1","ENSSSCG00000062056",NA,"ENSSSCG00000062056","Significant"
"ENSSSCT00000034494.4",-1.80447754792349,0.741993279875958,-3.91948452474165,0.000370822286018283,0.00171347644746884,0.0838972379598202,"ENSSSCT00000034494.4","ENSSSCG00000005215","JAK2","JAK2","Significant"
"ENSSSCT00000015445.5",1.04523299248053,-0.661855982721457,3.90074597525269,0.000391674744921519,0.00179549544435993,0.0748509956275258,"ENSSSCT00000015445.5","ENSSSCG00000014141","RFESD","RFESD","Significant"
"ENSSSCT00000006012.4",-1.42432163615244,3.6919402885271,-4.07273182777622,0.000236350707400889,0.00115722758133332,0.0659281665682752,"ENSSSCT00000006012.4","ENSSSCG00000005466","PTBP3","PTBP3","Significant"
"ENSSSCT00000038911.2",2.75110671508626,-0.547870070456728,3.89427798533842,0.000399133652728262,0.00182557797342061,0.062093571967794,"ENSSSCT00000038911.2","ENSSSCG00000013246","CSTPP1","CSTPP1","Significant"
"ENSSSCT00000030548.4",1.54274586137173,-1.72391288100364,3.90852479323004,0.000382883544012485,0.00176122108761048,0.0588416651052377,"ENSSSCT00000030548.4","ENSSSCG00000028122","LCA5L","LCA5L","Significant"
"ENSSSCT00000099899.1",1.78775749757424,-1.45121368777122,3.90018794345532,0.000392312891115533,0.00179774694334938,0.0582869808944118,"ENSSSCT00000099899.1","ENSSSCG00000013246","CSTPP1","CSTPP1","Significant"
"ENSSSCT00000019290.5",1.3374992591978,3.56107540770046,4.06723905677236,0.000240218444508277,0.00117369731226553,0.0542282303246182,"ENSSSCT00000019290.5","ENSSSCG00000017723","CCL2","CCL2","Significant"
"ENSSSCT00000057673.3",1.26993459210418,3.35175003410118,4.07214168433426,0.000236763324948288,0.00115872582506964,0.054165485910465,"ENSSSCT00000057673.3","ENSSSCG00000037424","CDK19","CDK19","Significant"
"ENSSSCT00000053677.2",5.30828467852809,-1.44752749426993,3.90350299024378,0.000388536695663854,0.0017829486876037,0.0536127919687317,"ENSSSCT00000053677.2","ENSSSCG00000020725","ERBB3","ERBB3","Significant"
"ENSSSCT00000030403.4",-1.98947758596521,0.0746199444834182,-3.89642353251953,0.00039664422550919,0.00181580852688874,0.051919865938471,"ENSSSCT00000030403.4","ENSSSCG00000021746","MRPL35","MRPL35","Significant"
"ENSSSCT00000055718.3",1.20991865042934,-0.824045739082444,3.89020098715371,0.000403906007885639,0.00184490774462081,0.043912103901814,"ENSSSCT00000055718.3","ENSSSCG00000039714","MIPOL1","MIPOL1","Significant"
"ENSSSCT00000016234.4",1.20957156246195,4.76389818998088,4.17578632443057,0.000174101273241982,0.000885189298664077,0.0434793610753097,"ENSSSCT00000016234.4","ENSSSCG00000014880","AQP11","AQP11","Significant"
"ENSSSCT00000050132.2",1.13569960641851,-1.3701004408923,3.89982657774314,0.000392726675710067,0.00179921269939195,0.041967064036986,"ENSSSCT00000050132.2","ENSSSCG00000050594",NA,"ENSSSCG00000050594","Significant"
"ENSSSCT00000055683.2",1.57220549279534,-1.26124024198299,3.90136788188325,0.00039096474256471,0.00179333349276587,0.0383731919171675,"ENSSSCT00000055683.2","ENSSSCG00000007659","ZCWPW1","ZCWPW1","Significant"
"ENSSSCT00000105848.1",-2.47704812490845,-0.123680864001834,-3.88528546780429,0.000409733667859856,0.00186812424932216,0.0360464609007058,"ENSSSCT00000105848.1","ENSSSCG00000001723","PLA2G7","PLA2G7","Significant"
"ENSSSCT00000089238.2",1.49601983674317,-2.47311156936059,3.90855464235526,0.000382850182486335,0.00176122108761048,0.0343956389669948,"ENSSSCT00000089238.2","ENSSSCG00000049777",NA,"ENSSSCG00000049777","Significant"
"ENSSSCT00000018171.5",-2.76777222243824,0.407807145213884,-3.8865591045978,0.00040821589532763,0.00186302786271865,0.0318584540248255,"ENSSSCT00000018171.5","ENSSSCG00000016690","CREB5","CREB5","Significant"
"ENSSSCT00000036867.3",-2.1644900761107,1.39110311771648,-3.91231132456594,0.00037867393035228,0.00174481130938464,0.0309697107391944,"ENSSSCT00000036867.3","ENSSSCG00000039770","SLC6A9","SLC6A9","Significant"
"ENSSSCT00000107914.1",2.58570074897522,-3.87324382502484,3.94281021800909,0.000346369724571544,0.0016149061203962,0.0293154736240719,"ENSSSCT00000107914.1","ENSSSCG00000024403","PRRT1","PRRT1","Significant"
"ENSSSCT00000005163.3",1.13577341894126,4.74806594549284,4.16574647393713,0.000179380613455986,0.000907592414822929,0.0267050292326303,"ENSSSCT00000005163.3","ENSSSCG00000004677","DUOXA1","DUOXA1","Significant"
"ENSSSCT00000044314.3",1.45594539368812,2.47724103585588,3.96149248273827,0.000327923350668386,0.00153924746979442,0.024368574273419,"ENSSSCT00000044314.3","ENSSSCG00000008445","SRBD1","SRBD1","Significant"
"ENSSSCT00000065233.3",2.12512884700376,0.0691188558933816,3.8866124964271,0.000408152388603768,0.00186299880694908,0.0197765711241411,"ENSSSCT00000065233.3","ENSSSCG00000009720","DDX60","DDX60","Significant"
"ENSSSCT00000061467.3",1.53143038808508,1.99707048344428,3.95590553757371,0.000333337125280433,0.00156151201618437,0.0168398484035981,"ENSSSCT00000061467.3","ENSSSCG00000028711","CASP1","CASP1","Significant"
"ENSSSCT00000066472.2",1.28876615386691,-2.77131138470372,3.91430375594561,0.000376476983580873,0.00173640622049382,0.0166949730208668,"ENSSSCT00000066472.2","ENSSSCG00000042327","OVOL3","OVOL3","Significant"
"ENSSSCT00000013009.3",1.73141769940638,-0.309632653328147,3.87631575973714,0.000420579098674981,0.00191089199180589,0.0158351406263604,"ENSSSCT00000013009.3","ENSSSCG00000011890","NR1I2","NR1I2","Significant"
"ENSSSCT00000051621.3",-1.74212805624985,2.1120206576712,-3.9455742790935,0.000343578258179807,0.00160372591692118,0.0106178585947188,"ENSSSCT00000051621.3","ENSSSCG00000011546","MTMR14","MTMR14","Significant"
"ENSSSCT00000097034.1",-1.25639919808817,2.40439159877198,-3.97754563643976,0.000312839798595811,0.00147631043471093,0.00304647258117718,"ENSSSCT00000097034.1","ENSSSCG00000008986","SEPTIN11","SEPTIN11","Significant"
"ENSSSCT00000065771.3",1.56109636380257,-2.94274835463363,3.91777593638271,0.000372677983234343,0.00172156318579945,-0.00167622724217953,"ENSSSCT00000065771.3","ENSSSCG00000060248",NA,"ENSSSCG00000060248","Significant"
"ENSSSCT00000065408.3",-2.41956420490019,-0.670754208159113,-3.87099538619872,0.000427143292603489,0.00193612955818771,-0.00384307286310026,"ENSSSCT00000065408.3","ENSSSCG00000032947","SRRM1","SRRM1","Significant"
"ENSSSCT00000105372.1",1.47421391128315,-1.0447504616593,3.87577302861951,0.000421244197330909,0.0019133337988471,-0.0101433089741887,"ENSSSCT00000105372.1","ENSSSCG00000037251","AAMDC","AAMDC","Significant"
"ENSSSCT00000060920.3",-3.46441876771425,0.280709573186757,-3.86965443520122,0.00042881337562383,0.00194194927232726,-0.0118518495725342,"ENSSSCT00000060920.3","ENSSSCG00000037451","PPFIA1","PPFIA1","Significant"
"ENSSSCT00000017794.4",-3.29257536890166,-1.21918916173736,-3.86454866622104,0.000435230583109475,0.00196649915904952,-0.0154630220357044,"ENSSSCT00000017794.4","ENSSSCG00000016339","ILKAP","ILKAP","Significant"
"ENSSSCT00000026941.4",5.43576826956778,-1.36685025271831,3.87146735282986,0.000426556987901236,0.00193422445162932,-0.0165249722688054,"ENSSSCT00000026941.4","ENSSSCG00000023304","SRRM2","SRRM2","Significant"
"ENSSSCT00000055407.3",1.24786356384039,3.35511465902055,4.05224704580169,0.000251092152129258,0.00122006088346085,-0.0194996458792476,"ENSSSCT00000055407.3","ENSSSCG00000033089",NA,"ENSSSCG00000033089","Significant"
"ENSSSCT00000036653.3",-1.01379689705315,3.67528140337086,-4.07317671860073,0.000236040111942777,0.00115610680162004,-0.0215708307131894,"ENSSSCT00000036653.3","ENSSSCG00000012699","FHL1","FHL1","Significant"
"ENSSSCT00000075165.2",3.89827153269491,-1.59941568253078,3.86742779335052,0.000431600559289757,0.0019530748973051,-0.0221832948014722,"ENSSSCT00000075165.2","ENSSSCG00000011769","FXR1","FXR1","Significant"
"ENSSSCT00000076947.2",-1.50233292525915,-3.29928838213592,-3.89222757981482,0.000401526876417087,0.00183532626926997,-0.0277328766905365,"ENSSSCT00000076947.2","ENSSSCG00000016941","RNF180","RNF180","Significant"
"ENSSSCT00000097688.1",4.04850908742578,-2.42520007879151,3.88052175419547,0.00041545926989631,0.00189079202061687,-0.0279364195149867,"ENSSSCT00000097688.1","ENSSSCG00000017752","WSB1","WSB1","Significant"
"ENSSSCT00000007575.5",-2.12334625452262,0.886348433115252,-3.88006773890775,0.000416008999973975,0.0018926666202519,-0.0302520699630762,"ENSSSCT00000007575.5","ENSSSCG00000006917","LRRC8C","LRRC8C","Significant"
"ENSSSCT00000035263.3",2.99859553347099,1.32518648287169,3.8758772468217,0.000421116402227042,0.00191306662647492,-0.0359798971605985,"ENSSSCT00000035263.3","ENSSSCG00000009565","GAS6","GAS6","Significant"
"ENSSSCT00000082688.1",-1.75056551701085,-0.0705990726902869,-3.85903236845561,0.000442268579118441,0.00199332661785702,-0.0424985645381488,"ENSSSCT00000082688.1","ENSSSCG00000004595","ADAM10","ADAM10","Significant"
"ENSSSCT00000009951.5",1.15691200786448,0.126025909769378,3.84958907764656,0.000454574181549156,0.00204032717720659,-0.0579972479095634,"ENSSSCT00000009951.5","ENSSSCG00000009085","NUDT6","NUDT6","Significant"
"ENSSSCT00000094238.1",-3.94053429589642,0.943964446970759,-3.85618190542668,0.000445948540851221,0.00200769210520757,-0.0587747882716041,"ENSSSCT00000094238.1","ENSSSCG00000030183","GOSR2","GOSR2","Significant"
"ENSSSCT00000105560.1",-1.62004049728953,-2.44362896476502,-3.87190659806227,0.00042601203401941,0.00193234506916651,-0.0599635922380548,"ENSSSCT00000105560.1","ENSSSCG00000021515","HS3ST1","HS3ST1","Significant"
"ENSSSCT00000050944.3",-1.26661988620983,0.817359871760624,-3.8691621856203,0.000429428036373622,0.0019440532765795,-0.0612734249827884,"ENSSSCT00000050944.3","ENSSSCG00000013976",NA,"ENSSSCG00000013976","Significant"
"ENSSSCT00000084923.2",-2.21525282684345,-1.77899327165684,-3.85481393641865,0.000447725136979487,0.00201374401518543,-0.0630815510845322,"ENSSSCT00000084923.2","ENSSSCG00000030115","HS1BP3","HS1BP3","Significant"
"ENSSSCT00000029355.3",-1.87616996067694,1.75764506112381,-3.89749563880516,0.000395405947494292,0.00181039397726498,-0.0665040934822798,"ENSSSCT00000029355.3","ENSSSCG00000026954","TMEM87B","TMEM87B","Significant"
"ENSSSCT00000076605.1",-3.73739128355677,-3.24022867282418,-3.86968199998209,0.000428778981393555,0.00194194927232726,-0.067917761049971,"ENSSSCT00000076605.1","ENSSSCG00000050338",NA,"ENSSSCG00000050338","Significant"
"ENSSSCT00000045469.3",-1.91949976198264,-1.90917141115703,-3.85469360630447,0.000447881739426155,0.00201401264416329,-0.0680262223715271,"ENSSSCT00000045469.3","ENSSSCG00000011136","TASOR2","TASOR2","Significant"
"ENSSSCT00000008086.5",-1.1828892047904,4.11570125094272,-4.0744036974462,0.000235185573807006,0.00115256131796237,-0.0704126405374419,"ENSSSCT00000008086.5","ENSSSCG00000035053",NA,"ENSSSCG00000035053","Significant"
"ENSSSCT00000083739.2",-1.17511432569297,-1.96510677928254,-3.86138587853911,0.000439252426511679,0.00198219877010198,-0.0743752232899748,"ENSSSCT00000083739.2","ENSSSCG00000056777",NA,"ENSSSCG00000056777","Significant"
"ENSSSCT00000091251.1",1.45964534320308,-3.26443946748277,3.88586267730085,0.000409045138326942,0.00186576772384046,-0.0782946177301573,"ENSSSCT00000091251.1","ENSSSCG00000042083",NA,"ENSSSCG00000042083","Significant"
"ENSSSCT00000056890.3",1.52979428185774,-4.03127011273141,3.89608235974583,0.000397039068560106,0.00181736091412799,-0.0800530749887702,"ENSSSCT00000056890.3","ENSSSCG00000000863","SYCP3","SYCP3","Significant"
"ENSSSCT00000079766.1",-2.58690453478368,-3.70829930018554,-3.8856109016969,0.000409345332754019,0.00186661471735833,-0.0820688457330645,"ENSSSCT00000079766.1","ENSSSCG00000002533","WDR20","WDR20","Significant"
"ENSSSCT00000040872.1",1.64453467997999,-3.42693612163651,3.87123823922741,0.000426841508589581,0.00193503066546923,-0.0839207008740415,"ENSSSCT00000040872.1","ENSSSCG00000029515","PON3","PON3","Significant"
"ENSSSCT00000090964.2",-1.63568419750415,-1.0917968952316,-3.83673211757145,0.000471863745776285,0.00210748569414932,-0.0861550796223307,"ENSSSCT00000090964.2","ENSSSCG00000004279","OGFRL1","OGFRL1","Significant"
"ENSSSCT00000071135.1",1.28921906349247,-1.12240224765454,3.84113178735261,0.000465876595513152,0.00208531583197567,-0.0905084690488778,"ENSSSCT00000071135.1","ENSSSCG00000049720",NA,"ENSSSCG00000049720","Significant"
"ENSSSCT00000063174.3",-3.28045063383311,-4.09142982693925,-3.87673441462075,0.000420066748372966,0.00190909621744524,-0.0916177170476145,"ENSSSCT00000063174.3","ENSSSCG00000012884","PPP6R3","PPP6R3","Significant"
"ENSSSCT00000082641.2",4.05258080469865,-2.95755618667732,3.86240540768777,0.000437952053493563,0.00197769927314462,-0.0934695008874247,"ENSSSCT00000082641.2","ENSSSCG00000016916","IL6ST","IL6ST","Significant"
"ENSSSCT00000066834.2",-1.27915134919111,-2.16077263064855,-3.8504257770969,0.000453470588198261,0.0020370563595503,-0.0983245774367481,"ENSSSCT00000066834.2","ENSSSCG00000045784",NA,"ENSSSCG00000045784","Significant"
"ENSSSCT00000079120.1",1.12618684144046,2.48810527530116,3.94162283407107,0.000347575646897407,0.00162006524538142,-0.0998136853356026,"ENSSSCT00000079120.1","ENSSSCG00000021053","GIPR","GIPR","Significant"
"ENSSSCT00000091777.1",-1.90448760336116,-3.44767143114722,-3.85950218358798,0.000441664882960199,0.00199115622843395,-0.100683131515493,"ENSSSCT00000091777.1","ENSSSCG00000061752",NA,"ENSSSCG00000061752","Significant"
"ENSSSCT00000033219.4",-3.62022680192452,-3.33549922871719,-3.87486107265592,0.000422364070189963,0.00191713185917772,-0.101135602921815,"ENSSSCT00000033219.4","ENSSSCG00000011101","ITGB1","ITGB1","Significant"
"ENSSSCT00000074630.2",-1.58228825966044,-3.16510928016899,-3.86987859713782,0.000428533753029445,0.00194189221456178,-0.103365451836627,"ENSSSCT00000074630.2","ENSSSCG00000005787","CTDP1","CTDP1","Significant"
"ENSSSCT00000069440.2",-2.13540396812412,-3.30774756021684,-3.86975227482751,0.000428691307377909,0.00194194927232726,-0.118912627421387,"ENSSSCT00000069440.2","ENSSSCG00000006556","TPM3","TPM3","Significant"
"ENSSSCT00000023166.2",1.53290318943761,-2.8216035703758,3.86055846813337,0.000440310514558999,0.00198587412044288,-0.12186492965525,"ENSSSCT00000023166.2","ENSSSCG00000021540","C2CD4D","C2CD4D","Significant"
"ENSSSCT00000030459.4",-2.09716520166838,-2.42967226359607,-3.84993355770825,0.000454119502382948,0.00203912852991236,-0.12318414702328,"ENSSSCT00000030459.4","ENSSSCG00000022202","TOX2","TOX2","Significant"
"ENSSSCT00000043136.3",-3.21073119297828,-1.54042587420913,-3.82477924766643,0.000488508883606415,0.0021734912173995,-0.124828358977893,"ENSSSCT00000043136.3","ENSSSCG00000012741","MAMLD1","MAMLD1","Significant"
"ENSSSCT00000035951.4",-1.03895719561194,1.83691555736807,-3.88916307833844,0.000405129766864558,0.00184972005585381,-0.128368013534555,"ENSSSCT00000035951.4","ENSSSCG00000000530","FGD4","FGD4","Significant"
"ENSSSCT00000072788.1",2.84109782752915,1.81170346836427,3.85572529279289,0.00044654078617061,0.00200952598927627,-0.130048067682969,"ENSSSCT00000072788.1","ENSSSCG00000013655","ICAM1","ICAM1","Significant"
"ENSSSCT00000006431.5",1.71936757005407,-3.344279645425,3.84838597583686,0.000456165625221603,0.00204690669484244,-0.140695428235743,"ENSSSCT00000006431.5","ENSSSCG00000005852","ENTPD8","ENTPD8","Significant"
"ENSSSCT00000101511.1",-2.57649441017355,0.00550967872646888,-3.81779154686398,0.000498502106037984,0.00220951096591387,-0.143357300768587,"ENSSSCT00000101511.1","ENSSSCG00000011535","ARL8B","ARL8B","Significant"
"ENSSSCT00000005744.6",1.3118225728935,-0.891304888654285,3.81698832969985,0.000499663428329449,0.00221405632199692,-0.146667727057158,"ENSSSCT00000005744.6","ENSSSCG00000005211","CD274","CD274","Significant"
"ENSSSCT00000057403.2",4.39484410248506,-1.59800500624937,3.81971350463248,0.000495733883600394,0.00220053200012352,-0.148861630631611,"ENSSSCT00000057403.2","ENSSSCG00000017525","NFE2L1","NFE2L1","Significant"
"ENSSSCT00000004960.5",-1.01459661453297,10.3694581461286,-4.28216846456303,0.00012671577262204,0.00067641951380841,-0.158260589283595,"ENSSSCT00000004960.5","ENSSSCG00000004489",NA,"ENSSSCG00000004489","Significant"
"ENSSSCT00000081506.2",3.56611366201231,-4.01484692419314,3.85076027210522,0.000453030122761495,0.00203535815385363,-0.162538295131929,"ENSSSCT00000081506.2","ENSSSCG00000028512","LDLR","LDLR","Significant"
"ENSSSCT00000083132.2",2.23821224330839,-5.01245571554076,3.87167322077213,0.00042630149157039,0.00193338904314383,-0.163678940303525,"ENSSSCT00000083132.2","ENSSSCG00000015485","SUCO","SUCO","Significant"
"ENSSSCT00000070848.2",3.96173520009809,-1.52201836171577,3.80793081418932,0.000512942124743391,0.00226519911081316,-0.164797807545344,"ENSSSCT00000070848.2","ENSSSCG00000007878","PARN","PARN","Significant"
"ENSSSCT00000084551.1",-1.69828499880488,-3.31651322649857,-3.84792880120067,0.000456771785558959,0.00204934461213215,-0.165655866279756,"ENSSSCT00000084551.1","ENSSSCG00000047762",NA,"ENSSSCG00000047762","Significant"
"ENSSSCT00000107087.1",1.44404605947822,2.91881184476567,3.90829015720735,0.000383145888540252,0.00176217922837726,-0.166644172738487,"ENSSSCT00000107087.1","ENSSSCG00000012247","ATP6AP2","ATP6AP2","Significant"
"ENSSSCT00000084835.1",-1.75224082817731,-3.76493145685359,-3.8538363209465,0.000448998985287676,0.00201808146075536,-0.167165068164991,"ENSSSCT00000084835.1","ENSSSCG00000004370","ATG5","ATG5","Significant"
"ENSSSCT00000002732.4",-1.6883939326304,1.1106633778681,-3.84557720694008,0.000459902102030597,0.00206168969374697,-0.167437826765735,"ENSSSCT00000002732.4","ENSSSCG00000002461","BTBD7","BTBD7","Significant"
"ENSSSCT00000068700.2",-1.01419977733409,0.388766024275409,-3.81870282177505,0.000497187719898765,0.0022051841136688,-0.169860280883753,"ENSSSCT00000068700.2","ENSSSCG00000028278","POLR2A","POLR2A","Significant"
"ENSSSCT00000065819.3",-2.27906890453774,0.325879340119488,-3.81174646260012,0.000507307022117145,0.00224335252259696,-0.171087668137075,"ENSSSCT00000065819.3","ENSSSCG00000003728","TRAPPC8","TRAPPC8","Significant"
"ENSSSCT00000069317.2",1.3221162929525,3.12331173268293,3.93335664706933,0.000356084844433941,0.00165499504888442,-0.172188966257696,"ENSSSCT00000069317.2","ENSSSCG00000029860","EPB41L4A","EPB41L4A","Significant"
"ENSSSCT00000091592.2",-1.6939524498922,0.297717900383861,-3.80725083111596,0.000513952703629304,0.00226812587291957,-0.173576599978894,"ENSSSCT00000091592.2","ENSSSCG00000008681","NELFA","NELFA","Significant"
"ENSSSCT00000105973.1",-1.0077525366991,-2.01702503044163,-3.82256655912743,0.000491652069528952,0.00218419731229349,-0.173908998103337,"ENSSSCT00000105973.1","ENSSSCG00000057698",NA,"ENSSSCG00000057698","Significant"
"ENSSSCT00000096059.1",-1.90183609863663,-0.0749723295657638,-3.80435894068321,0.00051827218861882,0.00228286225854202,-0.175511707130096,"ENSSSCT00000096059.1","ENSSSCG00000014007","FLT4","FLT4","Significant"
"ENSSSCT00000042628.3",1.30759281586561,-1.08154095579939,3.80333599166589,0.000519808532995226,0.0022887018784303,-0.175801631865308,"ENSSSCT00000042628.3","ENSSSCG00000036527","DNASE1","DNASE1","Significant"
"ENSSSCT00000027624.3",-3.60842558254901,-1.85901669624053,-3.80550813053923,0.000516551497522972,0.00227774479648891,-0.176713382202672,"ENSSSCT00000027624.3","ENSSSCG00000006550","ATP8B2","ATP8B2","Significant"
"ENSSSCT00000042712.3",1.02786324179573,1.54464919489438,3.8503462551788,0.000453575364388392,0.00203724633978773,-0.17919794145422,"ENSSSCT00000042712.3","ENSSSCG00000003478","CROCC","CROCC","Significant"
"ENSSSCT00000038671.1",2.30177597449843,1.8664117313722,3.85758723863264,0.000444130548224734,0.00200081127341452,-0.179962155682587,"ENSSSCT00000038671.1","ENSSSCG00000014280","RAD50","RAD50","Significant"
"ENSSSCT00000092901.1",-1.9857374462291,3.32016008215973,-3.89953531946893,0.000393060491986284,0.00180041363876381,-0.185918089355005,"ENSSSCT00000092901.1","ENSSSCG00000025941","PTP4A1","PTP4A1","Significant"
"ENSSSCT00000081162.2",-2.79641174450816,-1.35780103560419,-3.79800055538577,0.000527893560762435,0.00232085243461414,-0.186895897444058,"ENSSSCT00000081162.2","ENSSSCG00000051195",NA,"ENSSSCG00000051195","Significant"
"ENSSSCT00000034495.4",1.86752177039605,4.33657654906697,4.04864318371311,0.000253776791569148,0.00123072118285297,-0.196670152951869,"ENSSSCT00000034495.4","ENSSSCG00000010452","IFIT1","IFIT1","Significant"
"ENSSSCT00000071031.2",-3.63287901761192,-2.53613485402648,-3.81254391779327,0.00050613691679707,0.00223878551556799,-0.199750425228645,"ENSSSCT00000071031.2","ENSSSCG00000004092","MTHFD1L","MTHFD1L","Significant"
"ENSSSCT00000063632.2",-1.21718720006112,3.3367605267458,-3.95081292869225,0.000338347615033553,0.00158157500222996,-0.200814024318652,"ENSSSCT00000063632.2","ENSSSCG00000005208","RIC1","RIC1","Significant"
"ENSSSCT00000050243.3",1.42945075148856,2.24497052919268,3.86048937899311,0.000440398977267519,0.00198599837549518,-0.203561030105757,"ENSSSCT00000050243.3","ENSSSCG00000033836","SHKBP1","SHKBP1","Significant"
"ENSSSCT00000064660.3",-2.09229551773529,0.203642005164867,-3.79786184810294,0.000528105367823065,0.00232147059626577,-0.205008893949535,"ENSSSCT00000064660.3","ENSSSCG00000012160","SH3KBP1","SH3KBP1","Significant"
"ENSSSCT00000011764.4",1.78144561293268,-4.12912103841611,3.84268619341272,0.000463779010566159,0.00207792371313715,-0.205464565210078,"ENSSSCT00000011764.4","ENSSSCG00000010752","FOXI2","FOXI2","Significant"
"ENSSSCT00000024264.4",1.09004155473909,0.538096466995517,3.79895740862678,0.000526434680774083,0.00231568757851568,-0.206467508121644,"ENSSSCT00000024264.4","ENSSSCG00000027571","ARL13B","ARL13B","Significant"
"ENSSSCT00000043998.2",-1.15329153912897,3.17362070051329,-3.97029498031319,0.000319566938602177,0.001503928610372,-0.210252115654849,"ENSSSCT00000043998.2","ENSSSCG00000008068","IARS1","IARS1","Significant"
"ENSSSCT00000084832.2",-1.44566201374313,-1.23540618793886,-3.78984140923905,0.000540493750657642,0.002366674489181,-0.212506768677024,"ENSSSCT00000084832.2","ENSSSCG00000049464",NA,"ENSSSCG00000049464","Significant"
"ENSSSCT00000100051.1",-1.23051325363999,-1.76637907356771,-3.79075488550025,0.000539068703390008,0.00236163117510773,-0.214010300170014,"ENSSSCT00000100051.1","ENSSSCG00000002627","GSTA4","GSTA4","Significant"
"ENSSSCT00000083928.1",-2.36986481599081,0.942641133265361,-3.80513683648547,0.00051710683239281,0.00227951583334187,-0.214058915896922,"ENSSSCT00000083928.1","ENSSSCG00000025005","B4GALT6","B4GALT6","Significant"
"ENSSSCT00000050811.3",-1.91955145231014,-1.79430265254145,-3.79377634129901,0.000534381050746406,0.00234557886086912,-0.214426603300916,"ENSSSCT00000050811.3","ENSSSCG00000001539","PPARD","PPARD","Significant"
"ENSSSCT00000004142.5",-1.38768104988274,0.0417869181724837,-3.7997540378749,0.000525223071163696,0.00231066968185416,-0.215568806595114,"ENSSSCT00000004142.5","ENSSSCG00000003741",NA,"ENSSSCG00000003741","Significant"
"ENSSSCT00000048653.2",-2.03622981992932,0.253165840600933,-3.80167660334574,0.000522310127891997,0.00229847474825087,-0.216557572405175,"ENSSSCT00000048653.2","ENSSSCG00000010509","PIK3AP1","PIK3AP1","Significant"
"ENSSSCT00000077059.2",1.36237108035,-0.172834107511768,3.78623676193576,0.000546152813604141,0.00238664607086844,-0.218100131141372,"ENSSSCT00000077059.2","ENSSSCG00000015488","TNFSF4","TNFSF4","Significant"
"ENSSSCT00000045077.3",-1.59043489505079,3.9508782033341,-3.97417309522542,0.00031595149970349,0.00148883981736271,-0.22380589106723,"ENSSSCT00000045077.3","ENSSSCG00000013568","ARHGEF18","ARHGEF18","Significant"
"ENSSSCT00000098770.1",1.46763203235107,-3.1558148529424,3.82466605970252,0.000488669196051497,0.00217375962845487,-0.230995340506577,"ENSSSCT00000098770.1","ENSSSCG00000055013",NA,"ENSSSCG00000055013","Significant"
"ENSSSCT00000031260.3",2.53884535771381,1.58450865549112,3.81888118407868,0.000496930850997498,0.00220434468924115,-0.23115441291024,"ENSSSCT00000031260.3","ENSSSCG00000001720","SLC25A27","SLC25A27","Significant"
"ENSSSCT00000007335.5",1.78175028324372,-4.46700236560067,3.8334894503244,0.00047632415798574,0.00212444695662948,-0.24003932429844,"ENSSSCT00000007335.5","ENSSSCG00000006696","GJA5","GJA5","Significant"
"ENSSSCT00000013812.6",-2.93168771676604,-0.700773587557224,-3.77585026494073,0.000562781926533786,0.00244815769615845,-0.240488016812914,"ENSSSCT00000013812.6","ENSSSCG00000012631","LONRF3","LONRF3","Significant"
"ENSSSCT00000094972.1",-4.6038521354499,1.57252222091172,-3.78453196965768,0.00054884918877528,0.00239650180136992,-0.244587200456865,"ENSSSCT00000094972.1","ENSSSCG00000003153","FTL","FTL","Significant"
"ENSSSCT00000071885.2",-1.29277524237677,0.840140271154407,-3.805096298456,0.000517167499113587,0.00227951583334187,-0.245063006622289,"ENSSSCT00000071885.2","ENSSSCG00000035081","CCDC106","CCDC106","Significant"
"ENSSSCT00000016332.4",-2.10730420546663,3.0920108419367,-3.85553780372663,0.000446784188295527,0.00201034386905705,-0.245922578652545,"ENSSSCT00000016332.4","ENSSSCG00000014970","MTMR2","MTMR2","Significant"
"ENSSSCT00000006712.5",3.06370177045754,-1.61028520398834,3.78253843726824,0.000552018614056156,0.00240840557910971,-0.248501830285861,"ENSSSCT00000006712.5","ENSSSCG00000006120","OTUD6B","OTUD6B","Significant"
"ENSSSCT00000027564.4",1.63561141840255,3.88535732098165,3.99883509141633,0.000293874805784002,0.00139755333891875,-0.251139451881945,"ENSSSCT00000027564.4","ENSSSCG00000015332","PON1","PON1","Significant"
"ENSSSCT00000047141.3",-2.49305059562035,2.41921034510988,-3.82312751068262,0.000490853370626566,0.00218161809296462,-0.254382121112975,"ENSSSCT00000047141.3","ENSSSCG00000016330",NA,"ENSSSCG00000016330","Significant"
"ENSSSCT00000042570.3",-1.25511928262778,1.03380949326708,-3.79342512881492,0.000534923904752862,0.00234732960842023,-0.256957062438691,"ENSSSCT00000042570.3","ENSSSCG00000055828",NA,"ENSSSCG00000055828","Significant"
"ENSSSCT00000053038.2",1.41699543017349,0.868287865463601,3.79099911922156,0.00053868830974947,0.00236035393778682,-0.259208539432803,"ENSSSCT00000053038.2","ENSSSCG00000000739","FOXM1","FOXM1","Significant"
"ENSSSCT00000074096.2",3.61715706366574,-3.76580258943381,3.81390829229845,0.000504141038924726,0.00223177385378164,-0.260369588642736,"ENSSSCT00000074096.2","ENSSSCG00000009075","MFSD8","MFSD8","Significant"
"ENSSSCT00000102606.1",-1.37713533422488,-0.81286737754604,-3.76743804652321,0.000576608751072344,0.00249797391973993,-0.261779576148538,"ENSSSCT00000102606.1","ENSSSCG00000007780","ZNF629","ZNF629","Significant"
"ENSSSCT00000076208.2",1.04313241982734,3.1838550769823,3.96455245866243,0.000324994601465814,0.0015268190181832,-0.261970409170603,"ENSSSCT00000076208.2","ENSSSCG00000023379","UBE2L6","UBE2L6","Significant"
"ENSSSCT00000065125.3",-2.10187541988266,1.11916275254696,-3.7951105420508,0.000532323697799043,0.00233875243808651,-0.263284165366162,"ENSSSCT00000065125.3","ENSSSCG00000017091","TNIP1","TNIP1","Significant"
"ENSSSCT00000009689.5",-1.53546640620174,-1.68258133974639,-3.77086060609436,0.000570943969405478,0.00247804275539087,-0.265789510098943,"ENSSSCT00000009689.5","ENSSSCG00000008892",NA,"ENSSSCG00000008892","Significant"
"ENSSSCT00000085751.1",-1.50306813838828,-0.772899415147101,-3.77008218224287,0.000572227606216131,0.00248196206905291,-0.268933699275036,"ENSSSCT00000085751.1","ENSSSCG00000003527","EPHB2","EPHB2","Significant"
"ENSSSCT00000015014.5",1.50495246543379,-1.82315725820861,3.77636875432753,0.000561940299013104,0.00244514900694291,-0.271451907678816,"ENSSSCT00000015014.5","ENSSSCG00000013740","SYCE2","SYCE2","Significant"
"ENSSSCT00000005241.6",-1.3904710958538,3.78238872695242,-3.97788337516424,0.000312529830567657,0.00147527473517126,-0.272515437866654,"ENSSSCT00000005241.6","ENSSSCG00000004738","MAPKBP1","MAPKBP1","Significant"
"ENSSSCT00000049472.2",1.29509740098048,1.38927633109461,3.81844023653177,0.000497566117074449,0.00220601449664106,-0.273548906140725,"ENSSSCT00000049472.2","ENSSSCG00000032249","GBX1","GBX1","Significant"
"ENSSSCT00000097964.1",1.05401522357276,-2.041880689265,3.77845446420931,0.000558567015622104,0.00243209388052125,-0.274048567272381,"ENSSSCT00000097964.1","ENSSSCG00000054106","OR3A2","OR3A2","Significant"
"ENSSSCT00000015052.5",-1.19184295980508,0.724995130349785,-3.79177175589855,0.000537486642082678,0.0023562927322789,-0.275351615676372,"ENSSSCT00000015052.5","ENSSSCG00000013776","DDX39A","DDX39A","Significant"
"ENSSSCT00000012724.5",1.30106639427391,0.186058386175996,3.76991626530959,0.000572501567867836,0.00248282004772053,-0.279693881707627,"ENSSSCT00000012724.5","ENSSSCG00000011627","ACP3","ACP3","Significant"
"ENSSSCT00000011098.3",-1.30313268601821,-1.42296192113033,-3.76527614983581,0.000580214988543046,0.0025109277258372,-0.280196658375197,"ENSSSCT00000011098.3","ENSSSCG00000038308","RANBP1","RANBP1","Significant"
"ENSSSCT00000066085.2",1.79765540379997,-3.20234520020834,3.78945469684488,0.000541098131790808,0.00236804879045738,-0.285648177692415,"ENSSSCT00000066085.2","ENSSSCG00000040715","NXPH2","NXPH2","Significant"
"ENSSSCT00000106697.1",1.26946547370392,-2.7052979174204,3.78766011600302,0.000543911411958743,0.00237919454897664,-0.288454193693765,"ENSSSCT00000106697.1","ENSSSCG00000058462",NA,"ENSSSCG00000058462","Significant"
"ENSSSCT00000036860.3",2.4777708480772,-2.66219186068644,3.7849049826004,0.000548258114545968,0.00239424157067462,-0.291869324706112,"ENSSSCT00000036860.3","ENSSSCG00000040728","EYA1","EYA1","Significant"
"ENSSSCT00000025352.3",1.7282673456224,-1.11977777099283,3.75764613672812,0.000593117971245006,0.00255827732960341,-0.292104027288267,"ENSSSCT00000025352.3","ENSSSCG00000023451","KCNK2","KCNK2","Significant"
"ENSSSCT00000093799.1",1.11879578693463,-1.83666614721379,3.769102021934,0.000573847887575555,0.00248700472238647,-0.293458025695171,"ENSSSCT00000093799.1","ENSSSCG00000057516",NA,"ENSSSCG00000057516","Significant"
"ENSSSCT00000010215.5",-1.66040598220731,-4.28316537921239,-3.80545297308294,0.000516633958507359,0.00227780034931358,-0.297752678221678,"ENSSSCT00000010215.5","ENSSSCG00000025996","MTUS2","MTUS2","Significant"
"ENSSSCT00000039346.3",2.51477970804919,1.37335454570747,3.76572893135742,0.000579457904312307,0.00250865031366332,-0.297906904462757,"ENSSSCT00000039346.3","ENSSSCG00000005389","TEX10","TEX10","Significant"
"ENSSSCT00000064110.3",1.01811524257154,1.93556096420456,3.8418474556874,0.000464909699379781,0.00208213129650802,-0.299328692269811,"ENSSSCT00000064110.3","ENSSSCG00000025408","ULK4","ULK4","Significant"
"ENSSSCT00000096320.1",-1.37035343980189,-2.692245578459,-3.78193223731289,0.000552985895218046,0.00241230293386261,-0.305847888798524,"ENSSSCT00000096320.1","ENSSSCG00000060027",NA,"ENSSSCG00000060027","Significant"
"ENSSSCT00000008887.6",1.08184907103637,0.82707029479397,3.76475096918279,0.000581094329709019,0.002513065330393,-0.309975664099283,"ENSSSCT00000008887.6","ENSSSCG00000008111","NPHP1","NPHP1","Significant"
"ENSSSCT00000080190.2",-1.58935311909789,1.88358109046707,-3.81501485144289,0.000502527914999715,0.00222553927474202,-0.312520586285088,"ENSSSCT00000080190.2","ENSSSCG00000039885","PTP4A2","PTP4A2","Significant"
"ENSSSCT00000042510.2",-3.37967680901861,0.688388335449602,-3.76225689559649,0.000585287956974846,0.00252826819605281,-0.316367463014048,"ENSSSCT00000042510.2","ENSSSCG00000025565",NA,"ENSSSCG00000025565","Significant"
"ENSSSCT00000035425.4",1.22562554662511,0.727203594925024,3.79222438467393,0.000536783884252694,0.00235422407346984,-0.31678722686874,"ENSSSCT00000035425.4","ENSSSCG00000010698","FGFR2","FGFR2","Significant"
"ENSSSCT00000044914.3",1.1845227750826,2.27298509576045,3.84854327614941,0.000455957243948845,0.00204625326658061,-0.319205502125276,"ENSSSCT00000044914.3","ENSSSCG00000010570","KCNIP2","KCNIP2","Significant"
"ENSSSCT00000061262.3",-3.467877831966,-4.13192055548415,-3.78661708146318,0.000545553037252884,0.00238466432854177,-0.319337510390271,"ENSSSCT00000061262.3","ENSSSCG00000032705","USP42","USP42","Significant"
"ENSSSCT00000043563.3",-1.53342411896522,2.27933419648115,-3.83508700737105,0.000474121567733194,0.00211698981024008,-0.320946916416267,"ENSSSCT00000043563.3","ENSSSCG00000029251","MAP4","MAP4","Significant"
"ENSSSCT00000085946.2",-1.72767017685224,-3.51669544694391,-3.77829191699141,0.000558829201732131,0.00243291057461269,-0.322161061201691,"ENSSSCT00000085946.2","ENSSSCG00000011822","OPA1","OPA1","Significant"
"ENSSSCT00000042336.2",3.44950414423453,2.44496328527706,3.77940861327125,0.00055703038988695,0.0024271691918234,-0.324064186993875,"ENSSSCT00000042336.2","ENSSSCG00000036712","TPD52L2","TPD52L2","Significant"
"ENSSSCT00000088858.1",-1.038323685631,1.02236752005966,-3.77994950285196,0.000556161125049513,0.00242483929843013,-0.325270677551204,"ENSSSCT00000088858.1","ENSSSCG00000050540",NA,"ENSSSCG00000050540","Significant"
"ENSSSCT00000058279.2",1.85780990926621,-3.48818505180419,3.77949422592169,0.000556892713960611,0.0024270725900243,-0.326324109215595,"ENSSSCT00000058279.2","ENSSSCG00000031932","OR3A1","OR3A1","Significant"
"ENSSSCT00000010517.5",1.2164536557119,-2.62261352114674,3.76491194496917,0.000580824661281448,0.00251223232374905,-0.3278493446304,"ENSSSCT00000010517.5","ENSSSCG00000009595",NA,"ENSSSCG00000009595","Significant"
"ENSSSCT00000084529.2",2.85403930153384,-0.872512785525506,3.74068928494761,0.000622796077562628,0.00267249846181257,-0.331672946731926,"ENSSSCT00000084529.2","ENSSSCG00000032517","DMXL2","DMXL2","Significant"
"ENSSSCT00000100816.1",3.92445150156285,-2.36266665931384,3.73930184945599,0.000625287024496076,0.00268248133508816,-0.338476577187286,"ENSSSCT00000100816.1","ENSSSCG00000026082","DNAJC3","DNAJC3","Significant"
"ENSSSCT00000000300.5",1.59776814286067,-2.7546545771227,3.75605821346956,0.000595838001949983,0.00256932974680297,-0.345104139816441,"ENSSSCT00000000300.5","ENSSSCG00000000279","HOXC13","HOXC13","Significant"
"ENSSSCT00000090797.1",1.32853428976835,-1.42927506261574,3.73394865924674,0.000634988622212455,0.00271980675756896,-0.351907778270311,"ENSSSCT00000090797.1","ENSSSCG00000049234",NA,"ENSSSCG00000049234","Significant"
"ENSSSCT00000074944.2",2.90606668329457,1.32868557686584,3.75078328489612,0.000604960670106053,0.00260419034699469,-0.353705680489181,"ENSSSCT00000074944.2","ENSSSCG00000009644","ADAM28","ADAM28","Significant"
"ENSSSCT00000008126.4",1.12846909850409,3.41992392730512,3.91436355990347,0.000376411232946574,0.00173634859068904,-0.354297909389254,"ENSSSCT00000008126.4","ENSSSCG00000007423","UBE2C","UBE2C","Significant"
"ENSSSCT00000101790.1",-2.42392767622258,-0.416427047243036,-3.7305669316184,0.000641192246613772,0.00274169600112727,-0.354914167657665,"ENSSSCT00000101790.1","ENSSSCG00000004718","TTBK2","TTBK2","Significant"
"ENSSSCT00000031273.4",-1.92879370818618,3.23276956981132,-3.88141679214975,0.00041437760792613,0.00188639591298849,-0.359759365869745,"ENSSSCT00000031273.4","ENSSSCG00000004822","ALDH1A3","ALDH1A3","Significant"
"ENSSSCT00000000279.3",1.12842747400486,-0.70237524509417,3.72703238215051,0.000647738889768898,0.00276569915689172,-0.363961822919524,"ENSSSCT00000000279.3","ENSSSCG00000000260","SOAT2","SOAT2","Significant"
"ENSSSCT00000053540.3",-3.26269271751776,-3.05462814021183,-3.76129050916251,0.000586920741681024,0.00253392922356274,-0.364172116694603,"ENSSSCT00000053540.3","ENSSSCG00000030603","TATDN1","TATDN1","Significant"
"ENSSSCT00000051154.3",-1.91479511759631,-4.41273951325999,-3.77867412921686,0.000558212888788688,0.00243152612238696,-0.365899548980074,"ENSSSCT00000051154.3","ENSSSCG00000004220","TRMT11","TRMT11","Significant"
"ENSSSCT00000004990.4",1.23779324673872,-0.460601945369052,3.72563132261171,0.000650351772628922,0.0027746753722577,-0.36761952742823,"ENSSSCT00000004990.4","ENSSSCG00000004518","SKA1","SKA1","Significant"
"ENSSSCT00000012228.5",-1.18748884941292,3.79466415323951,-3.91741839773521,0.000373067446948175,0.00172287408502809,-0.371728187176088,"ENSSSCT00000012228.5","ENSSSCG00000011166","ZMYND11","ZMYND11","Significant"
"ENSSSCT00000007723.3",-1.11708772008694,5.11137794703137,-4.02705847278078,0.000270451852673852,0.00130056227206169,-0.371961149201362,"ENSSSCT00000007723.3","ENSSSCG00000007052","FERMT1","FERMT1","Significant"
"ENSSSCT00000038045.2",2.33388364208118,0.937470734207353,3.77274299683719,0.000567851387555114,0.00246560482618816,-0.373543989698903,"ENSSSCT00000038045.2","ENSSSCG00000035949","FTO","FTO","Significant"
"ENSSSCT00000019088.4",1.28218756286237,0.115679019576682,3.72464569950702,0.00065219600171036,0.00278145172527987,-0.379719919999351,"ENSSSCT00000019088.4","ENSSSCG00000017534","HOXB3","HOXB3","Significant"
"ENSSSCT00000053594.3",-2.34490035690361,-2.2586569512781,-3.73602854067293,0.000631202066789869,0.00270572077118287,-0.38024787659089,"ENSSSCT00000053594.3","ENSSSCG00000006619","SNX27","SNX27","Significant"
"ENSSSCT00000026010.4",-1.18290548942742,-0.298884422949047,-3.72189307805335,0.000657373352822016,0.00279804187929622,-0.380596663198454,"ENSSSCT00000026010.4","ENSSSCG00000024030","AKAP10","AKAP10","Significant"
"ENSSSCT00000040411.2",-1.19085345608566,3.2982355923689,-3.87734419901788,0.000419321578213952,0.00190624103961067,-0.381161113623831,"ENSSSCT00000040411.2","ENSSSCG00000015115","CBL","CBL","Significant"
"ENSSSCT00000083932.2",-1.0625749900882,-1.85344714432906,-3.73043620025818,0.000641433241011482,0.00274200726234933,-0.383797967877274,"ENSSSCT00000083932.2","ENSSSCG00000049011",NA,"ENSSSCG00000049011","Significant"
"ENSSSCT00000070528.2",-1.77626905112537,2.00576850323273,-3.78412794150953,0.000549490106260185,0.0023983367368818,-0.384226931206825,"ENSSSCT00000070528.2","ENSSSCG00000008641","ADAM17","ADAM17","Significant"
"ENSSSCT00000089343.2",1.24082490477158,-0.377922833252283,3.71943832043566,0.000662023981294461,0.00281373782233168,-0.384529761844465,"ENSSSCT00000089343.2","ENSSSCG00000027472","GCA","GCA","Significant"
"ENSSSCT00000014368.4",1.20324828928712,-0.967331498835496,3.72233496594478,0.000656539543680374,0.00279595288429401,-0.386822260407204,"ENSSSCT00000014368.4","ENSSSCG00000013148","GLYATL2","GLYATL2","Significant"
"ENSSSCT00000088741.2",-2.60492858065609,4.84692233918107,-3.93692621544723,0.000352385758772159,0.00164014065367701,-0.392032010924027,"ENSSSCT00000088741.2","ENSSSCG00000021821","MYO1C","MYO1C","Significant"
"ENSSSCT00000082588.1",2.20856207265731,0.896143498868356,3.73019226432701,0.000641883154747764,0.00274321121738053,-0.395716344855108,"ENSSSCT00000082588.1","ENSSSCG00000008307","SFXN5","SFXN5","Significant"
"ENSSSCT00000095991.1",-3.6915669380759,-2.34828683519569,-3.72353928356966,0.000654272278176963,0.00278939584222415,-0.402792162007902,"ENSSSCT00000095991.1","ENSSSCG00000014881","CLNS1A","CLNS1A","Significant"
"ENSSSCT00000051929.2",-1.06720038149621,1.02788257524845,-3.74890239905163,0.000608246141698002,0.00261626084484455,-0.403486223022366,"ENSSSCT00000051929.2","ENSSSCG00000001549","FKBP5","FKBP5","Significant"
"ENSSSCT00000010261.5",1.01793611015453,0.710297030173752,3.73020093218292,0.000641867162583002,0.00274321121738053,-0.405315707615578,"ENSSSCT00000010261.5","ENSSSCG00000009364","FREM2","FREM2","Significant"
"ENSSSCT00000058815.3",-1.86416689611864,3.51224644934509,-3.83345041290184,0.000476378103911119,0.00212444695662948,-0.407030684991208,"ENSSSCT00000058815.3","ENSSSCG00000015214","STT3A","STT3A","Significant"
"ENSSSCT00000055433.2",-2.25945325359994,-3.60172748093922,-3.73829875213658,0.000627093949416418,0.00268917152791962,-0.407435124664786,"ENSSSCT00000055433.2","ENSSSCG00000017615","DGKE","DGKE","Significant"
"ENSSSCT00000035444.4",-1.25188349823137,3.44829716158088,-3.91147637013598,0.000379598291875122,0.0017480823034317,-0.411049422494303,"ENSSSCT00000035444.4","ENSSSCG00000012699","FHL1","FHL1","Significant"
"ENSSSCT00000011587.4",2.59645567549356,-3.17361011790863,3.72513001216392,0.000651289158278838,0.0027783110972816,-0.412205195977942,"ENSSSCT00000011587.4","ENSSSCG00000010593","CNNM2","CNNM2","Significant"
"ENSSSCT00000092098.1",3.20732460612855,2.15170599783381,3.73722351541043,0.000629036434473495,0.00269679209856329,-0.415166291000074,"ENSSSCT00000092098.1","ENSSSCG00000017294","DCAF7","DCAF7","Significant"
"ENSSSCT00000095943.1",3.90289708676295,-2.72248232312509,3.7256506043072,0.000650315744436557,0.0027746753722577,-0.416753595624968,"ENSSSCT00000095943.1","ENSSSCG00000013094","DDB1","DDB1","Significant"
"ENSSSCT00000082050.2",2.94222330293634,0.0129108288979059,3.70546276114696,0.000689113723638658,0.00291676799240748,-0.420437524406292,"ENSSSCT00000082050.2","ENSSSCG00000011482","CFAP20DC","CFAP20DC","Significant"
"ENSSSCT00000014800.5",-1.80127216110272,5.228805790951,-3.98983198711338,0.000301754149804834,0.00143041469907485,-0.423668372383204,"ENSSSCT00000014800.5","ENSSSCG00000013551","C3","C3","Significant"
"ENSSSCT00000003329.4",1.14722064610086,-2.49077111887028,3.72654666124157,0.000648643574575286,0.0027684742905423,-0.424986803531957,"ENSSSCT00000003329.4","ENSSSCG00000002997","MIA","MIA","Significant"
"ENSSSCT00000072973.1",2.82494024200081,-3.49670157883169,3.73553433617301,0.000632099812917475,0.00270921286977275,-0.430724866118612,"ENSSSCT00000072973.1","ENSSSCG00000012548","PWWP3B","PWWP3B","Significant"
"ENSSSCT00000085549.2",2.24379862029484,-1.3265612920464,3.69874079622333,0.000702522162689906,0.00296594927334512,-0.43454241583796,"ENSSSCT00000085549.2","ENSSSCG00000005922",NA,"ENSSSCG00000005922","Significant"
"ENSSSCT00000028715.4",-2.29540662386451,-1.89634759617953,-3.69542087558438,0.000709237189160929,0.00299029733808392,-0.445084928954986,"ENSSSCT00000028715.4","ENSSSCG00000010107","MED15","MED15","Significant"
"ENSSSCT00000104253.1",-1.48452136370184,-2.88762640199433,-3.72238703656613,0.000656441357758247,0.00279589993838666,-0.445171413744694,"ENSSSCT00000104253.1","ENSSSCG00000052280","ATP5MG","ATP5MG","Significant"
"ENSSSCT00000065340.3",-1.68632864155204,1.43159908268698,-3.75118458951917,0.000604261911468158,0.00260152586313321,-0.447283272206581,"ENSSSCT00000065340.3","ENSSSCG00000010502","CCNJ","CCNJ","Significant"
"ENSSSCT00000017094.5",1.64525221665175,0.531600606860923,3.71169981838465,0.000676894112140454,0.00286989019924933,-0.447558966080621,"ENSSSCT00000017094.5","ENSSSCG00000015694","ZRANB3","ZRANB3","Significant"
"ENSSSCT00000055275.2",4.44211987212118,-0.350175604887632,3.69392604488916,0.000712280923565179,0.00300196577455004,-0.451088701666469,"ENSSSCT00000055275.2","ENSSSCG00000010312","PLAU","PLAU","Significant"
"ENSSSCT00000063156.3",1.25732677374693,1.50383389301214,3.75884149863158,0.000591078315216551,0.00255015447787752,-0.453401501605163,"ENSSSCT00000063156.3","ENSSSCG00000016263",NA,"ENSSSCG00000016263","Significant"
"ENSSSCT00000011765.5",1.71448004232209,-2.76368620196324,3.72253132101742,0.000656169364893284,0.00279510660739229,-0.453549258294842,"ENSSSCT00000011765.5","ENSSSCG00000010753","CLRN3","CLRN3","Significant"
"ENSSSCT00000042471.3",3.62975426481574,-3.12713641157604,3.71616755155966,0.000668270055137419,0.00283738466957943,-0.455524736490339,"ENSSSCT00000042471.3","ENSSSCG00000033185","PPP2R3A","PPP2R3A","Significant"
"ENSSSCT00000042582.3",-2.59430781459069,1.7301443505802,-3.7206476376021,0.000659728921613227,0.00280623636794229,-0.460892390745142,"ENSSSCT00000042582.3","ENSSSCG00000009781","PITPNM2","PITPNM2","Significant"
"ENSSSCT00000063335.3",-2.7611162309165,0.48822540332317,-3.6911414921912,0.000717984458065774,0.00302053745429374,-0.469253080908117,"ENSSSCT00000063335.3","ENSSSCG00000011689","PLOD2","PLOD2","Significant"
"ENSSSCT00000041636.3",2.41025937297109,-4.11796545749878,3.73155959802966,0.000639365189835302,0.00273603657296104,-0.471475575499838,"ENSSSCT00000041636.3","ENSSSCG00000029324","COLEC10","COLEC10","Significant"
"ENSSSCT00000038856.3",-2.03287125950134,4.58399030381967,-3.88514874969701,0.000409896918177556,0.00186860725954433,-0.474546066097512,"ENSSSCT00000038856.3","ENSSSCG00000011851",NA,"ENSSSCG00000011851","Significant"
"ENSSSCT00000061049.2",-1.35697914573815,1.39759835836006,-3.74137420850193,0.000621569936833818,0.0026682904832824,-0.474641588369965,"ENSSSCT00000061049.2","ENSSSCG00000014283","KIF3A","KIF3A","Significant"
"ENSSSCT00000059676.3",1.6607211384114,0.67031718378672,3.69824838098985,0.000703514248045791,0.00296885562299831,-0.475958347195387,"ENSSSCT00000059676.3","ENSSSCG00000010267","LRRC20","LRRC20","Significant"
"ENSSSCT00000100169.1",-1.23938879914991,-0.890543194933054,-3.6810654624903,0.000738994130842085,0.00309852940354621,-0.478828956316653,"ENSSSCT00000100169.1","ENSSSCG00000056534","CT83","CT83","Significant"
"ENSSSCT00000039521.3",-2.60199316235648,-3.41165723687698,-3.70222384735573,0.0006955432650583,0.00294130902904809,-0.479228994927043,"ENSSSCT00000039521.3","ENSSSCG00000010306","SEC24C","SEC24C","Significant"
"ENSSSCT00000011439.5",1.55995257477058,5.06117826939955,4.01143893637839,0.000283180072051386,0.00135398197230729,-0.481171464214933,"ENSSSCT00000011439.5","ENSSSCG00000010452","IFIT1","IFIT1","Significant"
"ENSSSCT00000041254.3",1.67218838417906,-0.00109095865657992,3.6789869077824,0.00074340147817328,0.00311300562475746,-0.485240940650908,"ENSSSCT00000041254.3","ENSSSCG00000014030","PHYKPL","PHYKPL","Significant"
"ENSSSCT00000018011.4",-1.64181464119552,-2.2388451889158,-3.68063563554579,0.000739903455932705,0.00310194320139256,-0.488146155798253,"ENSSSCT00000018011.4","ENSSSCG00000016541","SLC35B4","SLC35B4","Significant"
"ENSSSCT00000039670.3",1.25432071224182,1.87898587631486,3.74317184285917,0.000618362940889466,0.00265557235573764,-0.488954662267812,"ENSSSCT00000039670.3","ENSSSCG00000024914","CFB","CFB","Significant"
"ENSSSCT00000049872.3",3.25646335382502,-3.47277653943194,3.71435399072604,0.000671757876415051,0.00285107964106175,-0.489344242021794,"ENSSSCT00000049872.3","ENSSSCG00000009111","SYNPO2","SYNPO2","Significant"
"ENSSSCT00000099891.1",1.54496841648917,-4.95859928536689,3.72893485028531,0.000644207168924137,0.00275170058110868,-0.494773960322688,"ENSSSCT00000099891.1","ENSSSCG00000035929",NA,"ENSSSCG00000035929","Significant"
"ENSSSCT00000009098.4",1.38343359382559,0.878217593035401,3.70539789797311,0.000689241917217251,0.00291679441005685,-0.495541423787024,"ENSSSCT00000009098.4","ENSSSCG00000008307","SFXN5","SFXN5","Significant"
"ENSSSCT00000075424.2",3.35097798385522,-3.77497894418858,3.70300618657575,0.000693984957130194,0.00293586162479212,-0.495852039761937,"ENSSSCT00000075424.2","ENSSSCG00000036402","MYL9","MYL9","Significant"
"ENSSSCT00000006062.5",2.16654879777954,-2.43232364583095,3.68183129062672,0.000737376650201104,0.00309254287408757,-0.497291728314654,"ENSSSCT00000006062.5","ENSSSCG00000005512","C5","C5","Significant"
"ENSSSCT00000058078.3",1.0997011437497,0.962573356843796,3.69914620140547,0.000701706394718486,0.00296391181414711,-0.498272529829421,"ENSSSCT00000058078.3","ENSSSCG00000034746","CAPN8","CAPN8","Significant"
"ENSSSCT00000030173.4",2.18436318989531,1.79934326968132,3.73000356500418,0.000642231399938376,0.00274398015510298,-0.501412349804965,"ENSSSCT00000030173.4","ENSSSCG00000025598","COBLL1","COBLL1","Significant"
"ENSSSCT00000061806.3",1.09847419010348,4.00545312164611,3.93129216645761,0.000358241446328131,0.00166349599962026,-0.502817672878026,"ENSSSCT00000061806.3","ENSSSCG00000015897","IFIH1","IFIH1","Significant"
"ENSSSCT00000087214.2",-2.40959765270961,-2.62726995993959,-3.69740228363419,0.000705222072591133,0.00297490755010497,-0.506127267654109,"ENSSSCT00000087214.2","ENSSSCG00000008247","SUCLG1","SUCLG1","Significant"
"ENSSSCT00000104031.1",1.15149182707602,2.87751511018165,3.81912805194414,0.000496575536034169,0.00220306827824983,-0.507782463027876,"ENSSSCT00000104031.1","ENSSSCG00000036973","RAC3","RAC3","Significant"
"ENSSSCT00000028460.4",-1.19667879592687,0.950321131343068,-3.71425838627714,0.000671942229636346,0.00285149088312683,-0.50895179257199,"ENSSSCT00000028460.4","ENSSSCG00000008870","GUCY1B1","GUCY1B1","Significant"
"ENSSSCT00000040444.3",-2.17812009486949,-0.709412579826688,-3.66848215230318,0.000766067021381501,0.00319724131657993,-0.517252646523485,"ENSSSCT00000040444.3","ENSSSCG00000022159","FNDC3A","FNDC3A","Significant"
"ENSSSCT00000065929.3",-1.2276852100131,-0.249612030010357,-3.66695607025213,0.000769414803037575,0.00320833869270202,-0.522782041976534,"ENSSSCT00000065929.3","ENSSSCG00000000108","TMEM184B","TMEM184B","Significant"
"ENSSSCT00000060588.3",2.45701424855173,-3.18020694512787,3.690453658578,0.000719400116473936,0.0030253219911668,-0.523611424439306,"ENSSSCT00000060588.3","ENSSSCG00000016033","GULP1","GULP1","Significant"
"ENSSSCT00000055577.3",-2.46445146614565,-3.06224166804844,-3.68316970222956,0.000734558045297856,0.00308230765880197,-0.524022124912154,"ENSSSCT00000055577.3","ENSSSCG00000000588","PLEKHA5","PLEKHA5","Significant"
"ENSSSCT00000029741.3",3.40223424960824,-2.26817682558607,3.66178941720484,0.000780854172854612,0.00324938984706468,-0.528605543870634,"ENSSSCT00000029741.3","ENSSSCG00000036751","PPM1H","PPM1H","Significant"
"ENSSSCT00000103942.1",1.57226773385116,-3.90949271468233,3.69976767478736,0.00070045762593493,0.00295940396993423,-0.531253530533355,"ENSSSCT00000103942.1","ENSSSCG00000053796",NA,"ENSSSCG00000053796","Significant"
"ENSSSCT00000046888.3",-1.10593178023892,-1.49472873406006,-3.66117446274107,0.000782226619060667,0.0032546367522331,-0.537340039423777,"ENSSSCT00000046888.3","ENSSSCG00000014063","SFXN1","SFXN1","Significant"
"ENSSSCT00000104986.1",-2.94352411229311,-4.00724217945116,-3.68664118827771,0.000727295769836419,0.00305655468932026,-0.541928810924879,"ENSSSCT00000104986.1","ENSSSCG00000000107","CSNK1E","CSNK1E","Significant"
"ENSSSCT00000080311.1",1.5919758864469,-2.11499412419764,3.66761161484138,0.000767975000415185,0.00320274455276755,-0.543979299976917,"ENSSSCT00000080311.1","ENSSSCG00000038150",NA,"ENSSSCG00000038150","Significant"
"ENSSSCT00000001498.7",1.56987273709039,1.0553372581038,3.68322484229007,0.000734442147627113,0.00308221801792179,-0.545547026027792,"ENSSSCT00000001498.7","ENSSSCG00000001376","DHX16","DHX16","Significant"
"ENSSSCT00000017182.5",1.60530887777356,-0.0360860640137747,3.65600249857477,0.000793861883850548,0.00329594713626172,-0.547292557142801,"ENSSSCT00000017182.5","ENSSSCG00000015781","ENPP6","ENPP6","Significant"
"ENSSSCT00000029302.4",-2.47243518125632,-3.73385462137705,-3.67869467688798,0.000744023154589835,0.0031152088008536,-0.550729984414596,"ENSSSCT00000029302.4","ENSSSCG00000027676","NOP56","NOP56","Significant"
"ENSSSCT00000014158.5",-2.3033184594396,1.18143091275812,-3.67460105844303,0.000752784680802755,0.00314623660208858,-0.5526228360696,"ENSSSCT00000014158.5","ENSSSCG00000012953","YIF1A","YIF1A","Significant"
"ENSSSCT00000056345.3",-1.47641199739311,2.60355479767999,-3.76239819292745,0.000585049593154829,0.00252782360657568,-0.557298878789954,"ENSSSCT00000056345.3","ENSSSCG00000005288","TLE4","TLE4","Significant"
"ENSSSCT00000106185.1",-1.18574318378284,1.55437825856084,-3.70940768916661,0.000681360285208131,0.00288694876399297,-0.56086602022615,"ENSSSCT00000106185.1","ENSSSCG00000059456",NA,"ENSSSCG00000059456","Significant"
"ENSSSCT00000054670.2",-1.54487344340167,-4.94635770557565,-3.69552892340346,0.000709017673007526,0.00298975843387705,-0.564142711935493,"ENSSSCT00000054670.2","ENSSSCG00000034062","SV2C","SV2C","Significant"
"ENSSSCT00000062387.3",1.51492355638302,3.89624642398088,3.89556524154031,0.00039763826369511,0.00181984811194769,-0.564438637532811,"ENSSSCT00000062387.3","ENSSSCG00000009486","SLITRK6","SLITRK6","Significant"
"ENSSSCT00000030566.4",-1.0594690153555,3.13624735385317,-3.86187736910055,0.00043862508043176,0.00198018999202397,-0.565231486438804,"ENSSSCT00000030566.4","ENSSSCG00000007544","SUN1","SUN1","Significant"
"ENSSSCT00000098961.1",1.28391346547199,-1.25437488129803,3.64802906638029,0.00081212761086636,0.00336492675367732,-0.566506957335156,"ENSSSCT00000098961.1","ENSSSCG00000053573",NA,"ENSSSCG00000053573","Significant"
"ENSSSCT00000053471.3",-1.96148172970871,-0.739968765421272,-3.64065862594745,0.000829372368981499,0.00342810049673844,-0.579301450782917,"ENSSSCT00000053471.3","ENSSSCG00000032525",NA,"ENSSSCG00000032525","Significant"
"ENSSSCT00000042749.3",-1.61002069151307,0.898131093475586,-3.67565837620001,0.0007505122141448,0.00313754330426684,-0.583648009870865,"ENSSSCT00000042749.3","ENSSSCG00000024486","HOOK3","HOOK3","Significant"
"ENSSSCT00000008545.6",1.99106523593714,-0.370543737392064,3.6375511262892,0.000836748487339556,0.00345158751027567,-0.589529888910266,"ENSSSCT00000008545.6","ENSSSCG00000007797","ITGAL","ITGAL","Significant"
"ENSSSCT00000067825.2",1.29113204491742,1.78150528561914,3.71308812913561,0.000674202795579065,0.00285959515377388,-0.594899954415113,"ENSSSCT00000067825.2","ENSSSCG00000005056","DLGAP5","DLGAP5","Significant"
"ENSSSCT00000047771.3",-1.72751183976057,1.04351859129603,-3.67661716997761,0.000748457233992721,0.00313015644652369,-0.595265935586805,"ENSSSCT00000047771.3","ENSSSCG00000014792","STIM1","STIM1","Significant"
"ENSSSCT00000042539.3",1.11029951271195,-0.100878411625352,3.63780382154727,0.000836146319995956,0.00344997653975552,-0.596645465869125,"ENSSSCT00000042539.3","ENSSSCG00000012264","ZNF674","ZNF674","Significant"
"ENSSSCT00000082543.1",-2.89989618150532,-2.11462925650373,-3.63824145190057,0.000835104445508494,0.00344655004320999,-0.604157798592198,"ENSSSCT00000082543.1","ENSSSCG00000003069","KCNN4","KCNN4","Significant"
"ENSSSCT00000072818.1",1.72220012829606,0.554880088366464,3.65253732431064,0.000801750721813218,0.00332636985046308,-0.610655418410405,"ENSSSCT00000072818.1","ENSSSCG00000033624","SRGAP3","SRGAP3","Significant"
"ENSSSCT00000051786.2",-1.69724423087882,4.71689644516061,-3.89879976398715,0.000393904753499392,0.00180377395829975,-0.612878483322534,"ENSSSCT00000051786.2","ENSSSCG00000009231","CDS1","CDS1","Significant"
"ENSSSCT00000094014.1",-1.30673352221214,-2.78973949519841,-3.64454209958352,0.000820242547239952,0.0033933749537129,-0.619423431656897,"ENSSSCT00000094014.1","ENSSSCG00000031547","ICE1","ICE1","Significant"
"ENSSSCT00000081617.2",-1.62421017982833,-1.87082075308409,-3.62906346065371,0.000857219274568,0.00352399158088703,-0.620643902208552,"ENSSSCT00000081617.2","ENSSSCG00000012063","VPS26C","VPS26C","Significant"
"ENSSSCT00000033534.4",-2.24802554815973,-3.26027988327859,-3.64106327671388,0.000828416499887215,0.00342458368991033,-0.620670978066107,"ENSSSCT00000033534.4","ENSSSCG00000003079",NA,"ENSSSCG00000003079","Significant"
"ENSSSCT00000064755.3",1.15062982357974,2.97716740064931,3.80022783722943,0.000524503742756838,0.00230781646813009,-0.627592164782057,"ENSSSCT00000064755.3","ENSSSCG00000051359","NIPSNAP1","NIPSNAP1","Significant"
"ENSSSCT00000092202.1",1.59411380542395,0.40558590597676,3.63460889294981,0.000843790642985651,0.00347536004597071,-0.630837734534454,"ENSSSCT00000092202.1","ENSSSCG00000007539","RBBP8NL","RBBP8NL","Significant"
"ENSSSCT00000014554.5",1.59936719501323,-2.90986379294365,3.64343137687817,0.000822843839515159,0.00340327293461274,-0.636584850812208,"ENSSSCT00000014554.5","ENSSSCG00000013327","MPPED2","MPPED2","Significant"
"ENSSSCT00000082465.2",-2.8913959662884,-1.37363967777335,-3.61597727154336,0.000889730718706809,0.00364294617012644,-0.639954233044527,"ENSSSCT00000082465.2","ENSSSCG00000003577","WASF2","WASF2","Significant"
"ENSSSCT00000073396.2",1.26281068642445,-0.0911361586715682,3.62422704498422,0.000869099112544078,0.00356698230933876,-0.640806257784895,"ENSSSCT00000073396.2","ENSSSCG00000001867","PSTPIP1","PSTPIP1","Significant"
"ENSSSCT00000105480.1",1.18729194627256,2.55889314697895,3.74702052405476,0.000611550627400349,0.00262978061933012,-0.641805036640916,"ENSSSCT00000105480.1","ENSSSCG00000024990","MPI","MPI","Significant"
"ENSSSCT00000079432.1",-1.25948238623748,-1.64774527831444,-3.61678978841831,0.000887677932591199,0.00363499765312779,-0.644721894997699,"ENSSSCT00000079432.1","ENSSSCG00000051231",NA,"ENSSSCG00000051231","Significant"
"ENSSSCT00000065726.3",1.17172389543948,4.73136259499708,3.94622617126377,0.000342923100143585,0.00160109425536634,-0.646548384700198,"ENSSSCT00000065726.3","ENSSSCG00000027660","IFI44L","IFI44L","Significant"
"ENSSSCT00000027618.4",3.1232298935912,-3.73164922215368,3.62988353989043,0.000855220485929234,0.00351710503572613,-0.654227150747253,"ENSSSCT00000027618.4","ENSSSCG00000009887","NAA25","NAA25","Significant"
"ENSSSCT00000018647.5",3.16595948552738,-2.4048152935339,3.61874889637086,0.000882747105342142,0.00361753225522564,-0.657375185132341,"ENSSSCT00000018647.5","ENSSSCG00000053358","RAB40B","RAB40B","Significant"
"ENSSSCT00000081115.1",1.07762227059791,-2.66949871155102,3.62627894547606,0.000864039693952236,0.00354934486350242,-0.661230859827021,"ENSSSCT00000081115.1","ENSSSCG00000044910",NA,"ENSSSCG00000044910","Significant"
"ENSSSCT00000099046.1",1.11185904355945,-0.17359114240396,3.60998307497883,0.000905016881730122,0.00369717709709672,-0.662373934402658,"ENSSSCT00000099046.1","ENSSSCG00000060706",NA,"ENSSSCG00000060706","Significant"
"ENSSSCT00000018627.6",-1.37277713534553,-2.31303014658504,-3.62611539914217,0.000864441909570382,0.00355054976311826,-0.664829417582668,"ENSSSCT00000018627.6","ENSSSCG00000017109","ADAMTS16","ADAMTS16","Significant"
"ENSSSCT00000088760.2",1.66705198100645,-1.62795946445822,3.61035639004881,0.000904057519087942,0.00369464669746092,-0.666004415134906,"ENSSSCT00000088760.2","ENSSSCG00000001008","BPHL","BPHL","Significant"
"ENSSSCT00000104680.1",-1.11219752645509,-1.92141056654115,-3.61818019695096,0.000884175722124714,0.00362156598544651,-0.666311178078369,"ENSSSCT00000104680.1","ENSSSCG00000051809",NA,"ENSSSCG00000051809","Significant"
"ENSSSCT00000074684.1",1.21940954722962,-3.02181037457606,3.62928337561614,0.000856682831444923,0.00352223039551454,-0.666544890817288,"ENSSSCT00000074684.1","ENSSSCG00000050048",NA,"ENSSSCG00000050048","Significant"
"ENSSSCT00000104337.1",-2.11268881842893,3.47425839288208,-3.74849465813588,0.000608960645630506,0.00261898864135827,-0.667169730708038,"ENSSSCT00000104337.1","ENSSSCG00000022553","TNRC18","TNRC18","Significant"
"ENSSSCT00000070376.2",-1.05328933369642,1.67357033779315,-3.69117909978301,0.00071790713403573,0.00302053745429374,-0.671482489232927,"ENSSSCT00000070376.2","ENSSSCG00000017957","EIF4A1","EIF4A1","Significant"
"ENSSSCT00000088896.2",-1.54096638941826,-4.22008232051204,-3.63608297725157,0.000840255342816236,0.00346298637304773,-0.673384198572159,"ENSSSCT00000088896.2","ENSSSCG00000005485","AMBP","AMBP","Significant"
"ENSSSCT00000061599.3",-1.96196540813628,-4.28240814071126,-3.63686976838654,0.00083837423486086,0.00345698160533748,-0.678807113312978,"ENSSSCT00000061599.3","ENSSSCG00000039854","TLCD4","TLCD4","Significant"
"ENSSSCT00000013283.5",1.27018268673224,-2.67314509022023,3.61482985240402,0.000892637419349216,0.00365392974519295,-0.678850636532562,"ENSSSCT00000013283.5","ENSSSCG00000012144","GRPR","GRPR","Significant"
"ENSSSCT00000096207.1",-1.51542934833543,-2.19279735585628,-3.60435570566211,0.000919597830511089,0.00374243252455212,-0.687394292217936,"ENSSSCT00000096207.1","ENSSSCG00000054187",NA,"ENSSSCG00000054187","Significant"
"ENSSSCT00000099448.1",1.07431106375333,-1.42981004962101,3.60155885332631,0.000926928689798757,0.00376827718231904,-0.687779454879801,"ENSSSCT00000099448.1","ENSSSCG00000054819",NA,"ENSSSCG00000054819","Significant"
"ENSSSCT00000041826.3",2.77215369508941,0.551101956508308,3.60517384561844,0.000917463983314034,0.00373585559035479,-0.689056157113006,"ENSSSCT00000041826.3","ENSSSCG00000013087","TKFC","TKFC","Significant"
"ENSSSCT00000014502.5",1.0666051120011,-0.127748573583819,3.59989033678201,0.000931328851777174,0.0037828635708662,-0.690550850032168,"ENSSSCT00000014502.5","ENSSSCG00000013278","TSPAN18","TSPAN18","Significant"
"ENSSSCT00000092177.1",2.22735550610281,0.180586436479713,3.60113478613462,0.000928045123857426,0.00377234549535563,-0.693020329751027,"ENSSSCT00000092177.1","ENSSSCG00000008556","KHK","KHK","Significant"
"ENSSSCT00000101249.1",1.22555457942552,-2.83799907340288,3.60823803180169,0.000909514410258151,0.00371090074234223,-0.69890299801992,"ENSSSCT00000101249.1","ENSSSCG00000055139",NA,"ENSSSCG00000055139","Significant"
"ENSSSCT00000032465.3",-2.36149610651227,0.673767552683886,-3.61442046623224,0.000893676712227619,0.0036572656615375,-0.699310760607949,"ENSSSCT00000032465.3","ENSSSCG00000012315","SYNJ2","SYNJ2","Significant"
"ENSSSCT00000065972.3",-1.36226467364134,-0.230832243939852,-3.5931413771768,0.000949333317556114,0.00384643085843497,-0.703054305298479,"ENSSSCT00000065972.3","ENSSSCG00000003805","PDE4B","PDE4B","Significant"
"ENSSSCT00000031700.4",-2.6984239484619,-0.625320967145435,-3.60002843145102,0.000930963909697054,0.00378232365255611,-0.707469615807637,"ENSSSCT00000031700.4","ENSSSCG00000010281","PSAP","PSAP","Significant"
"ENSSSCT00000001825.5",-1.81078194233164,1.63569259615332,-3.66058119476324,0.000783552873372148,0.00325865805040222,-0.709991733570013,"ENSSSCT00000001825.5","ENSSSCG00000001641","UBR2","UBR2","Significant"
"ENSSSCT00000067194.2",1.74224439435803,2.00914290924139,3.67202013436325,0.000758359750303411,0.00316710148570417,-0.710495225095799,"ENSSSCT00000067194.2","ENSSSCG00000020809","B3GAT3","B3GAT3","Significant"
"ENSSSCT00000092625.1",-1.18564523699416,3.97484986510185,-3.83922096967502,0.000468467757986826,0.00209446361698707,-0.713292765846732,"ENSSSCT00000092625.1","ENSSSCG00000033382",NA,"ENSSSCG00000033382","Significant"
"ENSSSCT00000060414.3",3.17929013968228,-4.21470665600174,3.61803442352727,0.000884542275111198,0.00362261227706638,-0.715492830525386,"ENSSSCT00000060414.3","ENSSSCG00000007874","ABCC1","ABCC1","Significant"
"ENSSSCT00000107670.1",-1.74325806100073,-5.08735183496478,-3.62328008410959,0.000871443682908149,0.00357615479390022,-0.722204443638905,"ENSSSCT00000107670.1","ENSSSCG00000025943","C6orf136","C6orf136","Significant"
"ENSSSCT00000100832.1",-1.08594274147213,-2.22504238633801,-3.58737198471257,0.000964990091480655,0.00390208817346339,-0.72316080251068,"ENSSSCT00000100832.1","ENSSSCG00000059656",NA,"ENSSSCG00000059656","Significant"
"ENSSSCT00000082321.2",2.0520836874242,-1.25361559058427,3.58293013918391,0.000977213441568459,0.00394354398440632,-0.724073381192701,"ENSSSCT00000082321.2","ENSSSCG00000011855","IQCG","IQCG","Significant"
"ENSSSCT00000001005.5",-1.14852534299702,4.35980810239309,-3.85755304071717,0.00044417470239769,0.00200081127341452,-0.727921715780903,"ENSSSCT00000001005.5","ENSSSCG00000027898","ATP2B1","ATP2B1","Significant"
"ENSSSCT00000052872.3",1.83919380650342,-2.07698166863033,3.59134836101988,0.000954172734064459,0.00386505750048921,-0.737725947046606,"ENSSSCT00000052872.3","ENSSSCG00000025787","TMEM72","TMEM72","Significant"
"ENSSSCT00000058260.3",1.17200757385209,-1.90323309660179,3.58510071992138,0.000971221778925165,0.00392485310858652,-0.737749905719223,"ENSSSCT00000058260.3","ENSSSCG00000034686","TAFA2","TAFA2","Significant"
"ENSSSCT00000052851.3",2.54862753256546,-4.73289869393811,3.61343860653017,0.000896174079425517,0.00366656540163001,-0.73805829379242,"ENSSSCT00000052851.3","ENSSSCG00000008518","SLC30A6","SLC30A6","Significant"
"ENSSSCT00000092141.1",1.34567187306283,-0.771206105643491,3.5755553134971,0.00099783807942644,0.00401634056563283,-0.741859661201445,"ENSSSCT00000092141.1","ENSSSCG00000059682",NA,"ENSSSCG00000059682","Significant"
"ENSSSCT00000076405.2",-2.11141971696698,-4.485302408495,-3.6018575537351,0.000926143083898526,0.00376602258760633,-0.743197892638824,"ENSSSCT00000076405.2","ENSSSCG00000006525",NA,"ENSSSCG00000006525","Significant"
"ENSSSCT00000076529.2",2.86086987950663,0.368675844370582,3.58580334960202,0.000969289837648771,0.00391758907276734,-0.743229715391148,"ENSSSCT00000076529.2","ENSSSCG00000002786","ELMO3","ELMO3","Significant"
"ENSSSCT00000008199.3",-2.09869905605788,-2.38578372187576,-3.58103746805408,0.00098246701532144,0.0039624387144409,-0.747907228493069,"ENSSSCT00000008199.3","ENSSSCG00000007490","CBLN4","CBLN4","Significant"
"ENSSSCT00000102266.1",1.08164881531477,-1.97861841567344,3.57805755289837,0.000990793688361887,0.00399157758746459,-0.749890825838586,"ENSSSCT00000102266.1","ENSSSCG00000056226",NA,"ENSSSCG00000056226","Significant"
"ENSSSCT00000001994.5",-2.7476527134903,0.268729715201473,-3.59996828410093,0.000931122843845379,0.0037824980314895,-0.750522512849723,"ENSSSCT00000001994.5","ENSSSCG00000001779","ZFAND6","ZFAND6","Significant"
"ENSSSCT00000039671.2",-1.01117875447096,0.55699038845692,-3.59023263334196,0.00095719611471624,0.0038753783837338,-0.751379054344656,"ENSSSCT00000039671.2","ENSSSCG00000000458","MON2","MON2","Significant"
"ENSSSCT00000035608.5",1.33390867721104,2.47238103147426,3.69440622880323,0.000711301811848406,0.00299822679683328,-0.753291007115219,"ENSSSCT00000035608.5","ENSSSCG00000001394",NA,"ENSSSCG00000001394","Significant"
"ENSSSCT00000050245.3",-3.11063860508601,-3.6747071161762,-3.58388849580214,0.000974563619825568,0.00393543129313758,-0.754559270171594,"ENSSSCT00000050245.3","ENSSSCG00000003040","ARHGEF1","ARHGEF1","Significant"
"ENSSSCT00000077925.1",-1.77784744995805,-0.804581557362982,-3.56637384693197,0.00102410162568924,0.00410951500356579,-0.762461008730377,"ENSSSCT00000077925.1","ENSSSCG00000013849",NA,"ENSSSCG00000013849","Significant"
"ENSSSCT00000033361.3",-1.19643693648356,-3.01795741118346,-3.58477460134125,0.000972119730412143,0.00392750826398482,-0.765700071560153,"ENSSSCT00000033361.3","ENSSSCG00000006734","CD101","CD101","Significant"
"ENSSSCT00000015795.5",1.15176577102664,0.0713803163331761,3.5744043296293,0.00100109454506681,0.00402710506444891,-0.767322996604221,"ENSSSCT00000015795.5","ENSSSCG00000014448","ARSI","ARSI","Significant"
"ENSSSCT00000079366.2",-1.28566997219605,-0.47192157549286,-3.56930569998192,0.00101564355413576,0.00407959128237556,-0.771542204760827,"ENSSSCT00000079366.2","ENSSSCG00000010504","BLNK","BLNK","Significant"
"ENSSSCT00000025445.4",1.31423312147462,0.639771412489161,3.58083564999199,0.000983028813676587,0.00396421415474477,-0.77221912237106,"ENSSSCT00000025445.4","ENSSSCG00000023176","TROAP","TROAP","Significant"
"ENSSSCT00000087879.2",1.38122534575384,-3.21658721666053,3.58579815563229,0.000969304105324934,0.00391758907276734,-0.774903184128315,"ENSSSCT00000087879.2","ENSSSCG00000048604",NA,"ENSSSCG00000048604","Significant"
"ENSSSCT00000083589.1",2.28168459229686,-2.42218901363475,3.57012510572555,0.00101329171318414,0.00407114762990213,-0.775595587722124,"ENSSSCT00000083589.1","ENSSSCG00000003854","ECHDC2","ECHDC2","Significant"
"ENSSSCT00000066331.3",-1.91244562528896,-0.934631780450088,-3.56046347147141,0.00104135906248181,0.0041731158890311,-0.777530927430219,"ENSSSCT00000066331.3","ENSSSCG00000059404",NA,"ENSSSCG00000059404","Significant"
"ENSSSCT00000009544.4",1.07489880438385,2.65428343360782,3.66862530373892,0.000765753711453281,0.00319634285087988,-0.780198980352595,"ENSSSCT00000009544.4","ENSSSCG00000008724","ACOX3","ACOX3","Significant"
"ENSSSCT00000055784.3",3.09658888088176,0.0629280177767045,3.55812285489913,0.00104827042996585,0.00419613513490578,-0.790047369053998,"ENSSSCT00000055784.3","ENSSSCG00000003604","ADGRB2","ADGRB2","Significant"
"ENSSSCT00000012923.5",-1.24133311157147,1.1086156252342,-3.60714427665019,0.000912344342180077,0.00372058473201241,-0.794275616479409,"ENSSSCT00000012923.5","ENSSSCG00000011811","LPP","LPP","Significant"
"ENSSSCT00000071878.2",-1.19253268974806,-1.45219466421216,-3.55245533981299,0.0010651888519393,0.00425449189374359,-0.797130511456175,"ENSSSCT00000071878.2","ENSSSCG00000024568",NA,"ENSSSCG00000024568","Significant"
"ENSSSCT00000090061.1",-1.34426616807897,4.39895210856874,-3.79316300931906,0.000535329399894406,0.00234847682375635,-0.797397745612129,"ENSSSCT00000090061.1","ENSSSCG00000037264","RAB31","RAB31","Significant"
"ENSSSCT00000076200.2",1.00700216152045,3.75592039552471,3.80897047443633,0.000511400724518654,0.00225961637379133,-0.798285656310634,"ENSSSCT00000076200.2","ENSSSCG00000039244","PHYH","PHYH","Significant"
"ENSSSCT00000097033.1",-1.14830591174583,-2.75031872557482,-3.57208778831732,0.00100767977079652,0.00404997410335668,-0.801833462903641,"ENSSSCT00000097033.1","ENSSSCG00000052080",NA,"ENSSSCG00000052080","Significant"
"ENSSSCT00000104624.1",-1.97468743448192,-0.387526841529726,-3.55276288210394,0.00106426408476662,0.00425199657854543,-0.809550021521679,"ENSSSCT00000104624.1","ENSSSCG00000008986","SEPTIN11","SEPTIN11","Significant"
"ENSSSCT00000036929.3",1.4417788154341,-1.85024196739919,3.5555253924233,0.00105599190338702,0.00422241354157843,-0.812963047120086,"ENSSSCT00000036929.3","ENSSSCG00000036270","ATP6V1G3","ATP6V1G3","Significant"
"ENSSSCT00000074430.1",1.44563619640704,-3.3982810027867,3.56884183795935,0.00101697725039662,0.0040844452170401,-0.818045365383171,"ENSSSCT00000074430.1","ENSSSCG00000049520",NA,"ENSSSCG00000049520","Significant"
"ENSSSCT00000023085.4",1.57369598952213,-3.23077899156076,3.56540667422761,0.00102690666031463,0.00411823674697394,-0.818146997710232,"ENSSSCT00000023085.4","ENSSSCG00000021460","NYX","NYX","Significant"
"ENSSSCT00000092840.1",-2.82093707297021,-1.11073849376779,-3.54609828181633,0.00108447839366812,0.00432147806736195,-0.818304582292003,"ENSSSCT00000092840.1","ENSSSCG00000011261","WDR48","WDR48","Significant"
"ENSSSCT00000015044.4",1.10222083055451,-2.41675893591821,3.55655904718448,0.00105291262286887,0.00421216725840697,-0.819615006863586,"ENSSSCT00000015044.4","ENSSSCG00000013769","C19orf67","C19orf67","Significant"
"ENSSSCT00000043072.3",-1.65633053343545,3.15255088267791,-3.67908844972018,0.00074318558079698,0.00311250130716824,-0.820286027208929,"ENSSSCT00000043072.3","ENSSSCG00000038873","SLMAP","SLMAP","Significant"
"ENSSSCT00000095086.1",1.86282291130122,2.03722548006993,3.63845127445548,0.000834605361628612,0.00344582226271531,-0.820446483508093,"ENSSSCT00000095086.1","ENSSSCG00000000972","TUBGCP6","TUBGCP6","Significant"
"ENSSSCT00000037464.3",1.32964131513891,-1.08167017168042,3.54043556885381,0.0011019437727514,0.00437663232632312,-0.825218124376677,"ENSSSCT00000037464.3","ENSSSCG00000034493","ST3GAL6","ST3GAL6","Significant"
"ENSSSCT00000038026.3",1.13317261881428,1.40434143618658,3.59114763119658,0.000954715988696151,0.00386677765160861,-0.825365933568513,"ENSSSCT00000038026.3","ENSSSCG00000010104",NA,"ENSSSCG00000010104","Significant"
"ENSSSCT00000075301.2",3.37195850469871,-2.24974071073167,3.54454863854561,0.00108923126856703,0.0043345900500866,-0.827224707693678,"ENSSSCT00000075301.2","ENSSSCG00000038842","PCDH9","PCDH9","Significant"
"ENSSSCT00000032161.4",-2.5640033151543,-1.58056988208242,-3.54252228102175,0.00109547651221942,0.00435519036756517,-0.828076958750626,"ENSSSCT00000032161.4","ENSSSCG00000008456","PLEKHH2","PLEKHH2","Significant"
"ENSSSCT00000100668.1",1.7509268740068,-0.462860568926359,3.5427716469164,0.001094706110229,0.00435265829486661,-0.831392307483437,"ENSSSCT00000100668.1","ENSSSCG00000030685","ARID2","ARID2","Significant"
"ENSSSCT00000016232.5",2.95120377975454,0.170038014836647,3.55304696668606,0.00106341054061603,0.00424947141392879,-0.835122949731287,"ENSSSCT00000016232.5","ENSSSCG00000014878","PAK1","PAK1","Significant"
"ENSSSCT00000092132.1",1.73340474040187,-3.12089141099892,3.54874777500498,0.00107639839075245,0.0042934784844743,-0.835475513912502,"ENSSSCT00000092132.1","ENSSSCG00000055414",NA,"ENSSSCG00000055414","Significant"
"ENSSSCT00000096535.1",-1.11342313704767,-2.42309471782868,-3.54792750546083,0.00107889370615162,0.00430237896225141,-0.837223105257963,"ENSSSCT00000096535.1","ENSSSCG00000052853",NA,"ENSSSCG00000052853","Significant"
"ENSSSCT00000092798.1",-1.44521927680919,-2.5896660607719,-3.54497064661442,0.00108793495506563,0.00433048849651565,-0.838568905275347,"ENSSSCT00000092798.1","ENSSSCG00000059334",NA,"ENSSSCG00000059334","Significant"
"ENSSSCT00000098983.1",-1.27082826323527,-1.15487386934406,-3.53636256379643,0.00111467305376884,0.00442351454474725,-0.83970073644072,"ENSSSCT00000098983.1","ENSSSCG00000056651","IL17C","IL17C","Significant"
"ENSSSCT00000012296.4",3.16092274914761,1.56212130247737,3.58197570231207,0.000979859323624801,0.00395289945402908,-0.83978352710616,"ENSSSCT00000012296.4","ENSSSCG00000011229","STT3B","STT3B","Significant"
"ENSSSCT00000026310.4",1.35763459443614,2.23289282713845,3.64972286585018,0.000808213789173,0.00334944665451972,-0.841838821884632,"ENSSSCT00000026310.4","ENSSSCG00000015774","TENM3","TENM3","Significant"
"ENSSSCT00000031231.4",-1.19453883195043,0.669716845595252,-3.56878103558727,0.00101715219437734,0.0040846446785908,-0.841859290126787,"ENSSSCT00000031231.4","ENSSSCG00000023593","AFF1","AFF1","Significant"
"ENSSSCT00000084877.1",-2.02505696961671,-0.193196922663448,-3.54945166693272,0.00107426153293588,0.00428675138170618,-0.842072918980673,"ENSSSCT00000084877.1","ENSSSCG00000039426","FSTL1","FSTL1","Significant"
"ENSSSCT00000017440.5",2.65478953833129,-4.52952909137283,3.56462598763419,0.00102917623468876,0.00412683088867202,-0.843471684728089,"ENSSSCT00000017440.5","ENSSSCG00000016017","DNAJC10","DNAJC10","Significant"
"ENSSSCT00000024138.4",-1.02522771335323,2.14573910642844,-3.66386821956071,0.000776231929986516,0.00323345673250037,-0.843582575245986,"ENSSSCT00000024138.4","ENSSSCG00000030423","MIER1","MIER1","Significant"
"ENSSSCT00000044899.3",-1.52486037420579,3.15553504821337,-3.71885454641328,0.000663134638430438,0.00281668079095701,-0.844968756957751,"ENSSSCT00000044899.3","ENSSSCG00000005602","GAPVD1","GAPVD1","Significant"
"ENSSSCT00000081100.2",-1.08104287493993,2.08148894183326,-3.63418335370575,0.000844813881919139,0.00347877609766356,-0.849667411048242,"ENSSSCT00000081100.2","ENSSSCG00000006306","MPZL1","MPZL1","Significant"
"ENSSSCT00000039157.2",-3.34704136135667,0.556868578351812,-3.53605539077908,0.00111563877092665,0.00442671126777321,-0.850222199162894,"ENSSSCT00000039157.2","ENSSSCG00000021581","CLCN2","CLCN2","Significant"
"ENSSSCT00000095346.1",-1.79547496076426,0.124915924043146,-3.54594339089868,0.00108495255681591,0.00432283919863446,-0.852752055933831,"ENSSSCT00000095346.1","ENSSSCG00000001534","ANKS1A","ANKS1A","Significant"
"ENSSSCT00000059590.3",-3.05952685391594,-0.800903076781,-3.52910844798162,0.00113769533277767,0.00449780752150881,-0.853890304439871,"ENSSSCT00000059590.3","ENSSSCG00000014909","SYTL2","SYTL2","Significant"
"ENSSSCT00000029781.4",1.81703022858443,-4.20641267159619,3.55580447179162,0.00105515966650391,0.00421960330757923,-0.855744462002503,"ENSSSCT00000029781.4","ENSSSCG00000014598","PPFIBP2","PPFIBP2","Significant"
"ENSSSCT00000022585.4",-1.41072788576294,-1.20347575512145,-3.52764737808447,0.00114238732294717,0.00451198016685277,-0.856145569842734,"ENSSSCT00000022585.4","ENSSSCG00000029658",NA,"ENSSSCG00000029658","Significant"
"ENSSSCT00000024405.4",-3.29216378180174,1.97654926552454,-3.56660346332917,0.00102343676719053,0.00410735257969966,-0.859104270769843,"ENSSSCT00000024405.4","ENSSSCG00000046387","PSMD2","PSMD2","Significant"
"ENSSSCT00000053991.3",-1.04994061467601,4.42185143104644,-3.83839949285093,0.000469586015246555,0.00209875016327603,-0.860826143796048,"ENSSSCT00000053991.3","ENSSSCG00000011615","RAB7A","RAB7A","Significant"
"ENSSSCT00000066438.2",-2.87254916660075,-1.84660882875562,-3.5256006306494,0.00114899142811674,0.00453421889643165,-0.861148494935734,"ENSSSCT00000066438.2","ENSSSCG00000015023","ALG9","ALG9","Significant"
"ENSSSCT00000072470.2",3.54585871302423,-0.885735726895601,3.52453409691644,0.00115244727749013,0.00454565582328676,-0.863640380137383,"ENSSSCT00000072470.2","ENSSSCG00000016339","ILKAP","ILKAP","Significant"
"ENSSSCT00000083518.2",-1.87762382503643,-1.02970314398351,-3.5254606751901,0.00114944435181965,0.00453545729719569,-0.865150871602134,"ENSSSCT00000083518.2","ENSSSCG00000003253",NA,"ENSSSCG00000003253","Significant"
"ENSSSCT00000095570.1",1.55653927040629,-3.71245254587372,3.5516838343421,0.00106751214260753,0.0042622049837835,-0.865725072884982,"ENSSSCT00000095570.1","ENSSSCG00000015885","PLA2R1","PLA2R1","Significant"
"ENSSSCT00000000557.5",-2.49769456668707,-1.85604055461771,-3.52442753886719,0.00115279310226251,0.004545705908579,-0.866216632281814,"ENSSSCT00000000557.5","ENSSSCG00000000516","KCNC2","KCNC2","Significant"
"ENSSSCT00000096112.1",2.25579904935581,-4.92180568630774,3.55782374378083,0.0010491568203726,0.00419765725505317,-0.867135044908734,"ENSSSCT00000096112.1","ENSSSCG00000034756","PLB1","PLB1","Significant"
"ENSSSCT00000037007.3",1.20180597113956,1.8873894775735,3.61009366770403,0.000904732573054009,0.00369647879847781,-0.868614701460871,"ENSSSCT00000037007.3","ENSSSCG00000000110","PLA2G6","PLA2G6","Significant"
"ENSSSCT00000084035.1",1.63865309168804,-2.16274858720468,3.53097264876982,0.00113173565885282,0.00447913442840948,-0.869971305322309,"ENSSSCT00000084035.1","ENSSSCG00000004508","DYM","DYM","Significant"
"ENSSSCT00000081321.2",-3.28412984276513,-0.268394819057224,-3.5287609724656,0.00113880951163034,0.00450108587877743,-0.870105656748896,"ENSSSCT00000081321.2","ENSSSCG00000004730","TMEM87A","TMEM87A","Significant"
"ENSSSCT00000096652.1",1.6741142203106,-1.84118260033352,3.52780038098078,0.00114189510779728,0.00451058251691572,-0.872330014808213,"ENSSSCT00000096652.1","ENSSSCG00000055222",NA,"ENSSSCG00000055222","Significant"
"ENSSSCT00000019516.5",-3.43478009073217,-2.22427681550308,-3.51974384942152,0.00116809258443926,0.00459791025269317,-0.876909560957093,"ENSSSCT00000019516.5","ENSSSCG00000023915","SLC2A4","SLC2A4","Significant"
"ENSSSCT00000095783.1",1.23562661184814,-2.77316685481791,3.5337601230427,0.0011228803524341,0.00444894774708486,-0.879142511788604,"ENSSSCT00000095783.1","ENSSSCG00000062020",NA,"ENSSSCG00000062020","Significant"
"ENSSSCT00000047378.3",1.85391533122599,-1.624839273514,3.51685819812823,0.00117761569079315,0.00463092292638041,-0.88469249390649,"ENSSSCT00000047378.3","ENSSSCG00000024385","RNASEH2B","RNASEH2B","Significant"
"ENSSSCT00000065104.2",2.3296309882618,2.75253533064257,3.61364083101745,0.000895659170282753,0.00366491862297928,-0.886278120069887,"ENSSSCT00000065104.2","ENSSSCG00000004983",NA,"ENSSSCG00000004983","Significant"
"ENSSSCT00000082675.2",1.05329213272764,-1.70656894066561,3.52008283824745,0.00116697873989535,0.00459463528988623,-0.886416844030187,"ENSSSCT00000082675.2","ENSSSCG00000012882","TESMIN","TESMIN","Significant"
"ENSSSCT00000058397.3",-1.77778645213568,1.34455058879795,-3.57613098804733,0.000996213160212229,0.00401142816790904,-0.893306227942125,"ENSSSCT00000058397.3","ENSSSCG00000024911",NA,"ENSSSCG00000024911","Significant"
"ENSSSCT00000017183.5",1.79502301871819,-3.04917386698171,3.53028195451449,0.00113394023306779,0.00448568155289278,-0.893850059279874,"ENSSSCT00000017183.5","ENSSSCG00000015782","IRF2","IRF2","Significant"
"ENSSSCT00000101685.1",-1.50312821683006,-2.13658808248033,-3.51643889520111,0.00117900565286823,0.00463471187679235,-0.896767789530837,"ENSSSCT00000101685.1","ENSSSCG00000007043","GPCPD1","GPCPD1","Significant"
"ENSSSCT00000018351.5",-1.53758902740346,3.36338686334532,-3.69238652294401,0.000715428854876402,0.00301202443138821,-0.896879852274024,"ENSSSCT00000018351.5","ENSSSCG00000016851","OSMR","OSMR","Significant"
"ENSSSCT00000091760.1",1.2765009417401,-3.16770704107847,3.53460058969821,0.00112022344410353,0.00444111930587931,-0.897071891685206,"ENSSSCT00000091760.1","ENSSSCG00000057341",NA,"ENSSSCG00000057341","Significant"
"ENSSSCT00000047138.3",-1.37296350508911,1.71173989253784,-3.59608163805741,0.00094144860490474,0.00382111170351228,-0.897183204610894,"ENSSSCT00000047138.3","ENSSSCG00000020899","CDC16","CDC16","Significant"
"ENSSSCT00000016374.5",-1.15592588126638,4.12914001655901,-3.78343166103188,0.000550596331618588,0.00240252178748561,-0.897459635825298,"ENSSSCT00000016374.5","ENSSSCG00000015010","EXPH5","EXPH5","Significant"
"ENSSSCT00000099908.1",-1.38117717399039,-1.99494404916855,-3.51855816085194,0.00117199654870368,0.00461216360578575,-0.897601750372802,"ENSSSCT00000099908.1","ENSSSCG00000007043","GPCPD1","GPCPD1","Significant"
"ENSSSCT00000061632.3",-2.82617674592462,-0.00783618791677651,-3.52047535656881,0.00116569028476749,0.00459011667204821,-0.900324286394345,"ENSSSCT00000061632.3","ENSSSCG00000033228","SPAG9","SPAG9","Significant"
"ENSSSCT00000014852.4",1.47671308195074,-2.874178011287,3.52923425241304,0.00113729219994002,0.00449730441320127,-0.901394331117018,"ENSSSCT00000014852.4","ENSSSCG00000013598","KANK3","KANK3","Significant"
"ENSSSCT00000044871.2",-2.36644221476437,-2.14411836527389,-3.50909321225533,0.00120361347937681,0.00471892903819161,-0.902487571153781,"ENSSSCT00000044871.2","ENSSSCG00000008097",NA,"ENSSSCG00000008097","Significant"
"ENSSSCT00000039842.1",2.10969557711227,4.22821523839986,3.73119471685447,0.000640036187226861,0.00273747079212181,-0.904177300180802,"ENSSSCT00000039842.1","ENSSSCG00000009720","DDX60","DDX60","Significant"
"ENSSSCT00000016265.4",-1.21730531697099,4.26691390670041,-3.78507711093805,0.000547985569009259,0.0023933719346253,-0.904961444390865,"ENSSSCT00000016265.4","ENSSSCG00000014909","SYTL2","SYTL2","Significant"
"ENSSSCT00000070823.2",-1.08694150383671,1.33461841470984,-3.56684639380568,0.00102273381003081,0.00410503670346481,-0.907808199547383,"ENSSSCT00000070823.2","ENSSSCG00000006488","GLMP","GLMP","Significant"
"ENSSSCT00000057249.2",-1.31173861926885,-2.81127686062012,-3.52192472621137,0.001160944518265,0.00457419154966914,-0.911890806176241,"ENSSSCT00000057249.2","ENSSSCG00000031731",NA,"ENSSSCG00000031731","Significant"
"ENSSSCT00000049215.3",-2.40744558487778,-4.20970151720938,-3.53721720727542,0.00111199038111107,0.004414383828777,-0.912160894415762,"ENSSSCT00000049215.3","ENSSSCG00000000877","SCYL2","SCYL2","Significant"
"ENSSSCT00000028375.4",2.26308285292966,0.188987289976056,3.51543377075396,0.00118234400043597,0.00464615448839514,-0.918499468858229,"ENSSSCT00000028375.4","ENSSSCG00000025870","HEPACAM2","HEPACAM2","Significant"
"ENSSSCT00000060074.2",-1.33004340151505,2.76587142997209,-3.67699862900736,0.000747641166519465,0.00312760120583489,-0.918590136914909,"ENSSSCT00000060074.2","ENSSSCG00000012035","SYNJ1","SYNJ1","Significant"
"ENSSSCT00000088119.2",-2.09400679133932,-4.47214917817363,-3.52999496560095,0.00113485746523074,0.00448876535198144,-0.918881661660829,"ENSSSCT00000088119.2","ENSSSCG00000040919","RTN4RL2","RTN4RL2","Significant"
"ENSSSCT00000066975.2",2.3005520262792,-2.70526967586375,3.51675724357419,0.00117795020454463,0.00463112124309335,-0.92092087265312,"ENSSSCT00000066975.2","ENSSSCG00000047367",NA,"ENSSSCG00000047367","Significant"
"ENSSSCT00000086369.1",3.49479753401269,0.720552989724783,3.5246860529929,0.00115195428998576,0.00454426106118521,-0.921929696197309,"ENSSSCT00000086369.1","ENSSSCG00000017665","DHX40","DHX40","Significant"
"ENSSSCT00000007811.5",-1.24598585245874,-2.85592272906843,-3.5118895493373,0.00119418818679443,0.00468422902336929,-0.925322956312205,"ENSSSCT00000007811.5","ENSSSCG00000007139","ADRA1D","ADRA1D","Significant"
"ENSSSCT00000007660.5",1.70979321624588,3.71299285727089,3.72052609486145,0.000659959238812846,0.00280640429225864,-0.926059951288554,"ENSSSCT00000007660.5","ENSSSCG00000006995","ASAH1","ASAH1","Significant"
"ENSSSCT00000080804.1",-1.53165429331949,-3.80556940652506,-3.51487496494541,0.00118420390612805,0.00465178122354205,-0.928885186030359,"ENSSSCT00000080804.1","ENSSSCG00000014101","AP3B1","AP3B1","Significant"
"ENSSSCT00000064789.3",2.24387242412218,-2.05456284023669,3.49912345629285,0.00123780269422377,0.00483321186137385,-0.934054143171196,"ENSSSCT00000064789.3","ENSSSCG00000005194","PTPRD","PTPRD","Significant"
"ENSSSCT00000003478.5",1.04149190234597,1.53628138569992,3.57633987539162,0.000995624177917992,0.0040095517165067,-0.939619645532354,"ENSSSCT00000003478.5","ENSSSCG00000003137","PLEKHA4","PLEKHA4","Significant"
"ENSSSCT00000011702.6",2.48837366866582,-4.76013015742969,3.52154869787303,0.0011621739847958,0.0045773762503361,-0.948608616072852,"ENSSSCT00000011702.6","ENSSSCG00000010698","FGFR2","FGFR2","Significant"
"ENSSSCT00000090916.2",1.91210783198656,-2.11097774889376,3.49308489185835,0.00125896243440526,0.00490350151849827,-0.948971109866844,"ENSSSCT00000090916.2","ENSSSCG00000044694",NA,"ENSSSCG00000044694","Significant"
"ENSSSCT00000012150.5",-3.01633345241247,-4.30633340740327,-3.51690129353096,0.00117747292163528,0.00463092004065099,-0.955039196363753,"ENSSSCT00000012150.5","ENSSSCG00000011103","PARD3","PARD3","Significant"
"ENSSSCT00000005801.5",1.57918700673521,-2.2201006587465,3.49457762280302,0.0012536996507714,0.0048870903172825,-0.958006478116485,"ENSSSCT00000005801.5","ENSSSCG00000005266","TMC1","TMC1","Significant"
"ENSSSCT00000004854.5",2.29685218363788,-1.91383971340797,3.48962655125357,0.00127123685083604,0.00494186315543797,-0.959792390970555,"ENSSSCT00000004854.5","ENSSSCG00000004391","CEP57L1","CEP57L1","Significant"
"ENSSSCT00000081349.2",-1.87766803158859,0.0659563831606432,-3.52393785032553,0.00115438362681247,0.00455109114493275,-0.959908609225535,"ENSSSCT00000081349.2","ENSSSCG00000009320","FLT1","FLT1","Significant"
"ENSSSCT00000056511.1",-3.35288072369879,0.687064287801103,-3.50811198088839,0.0012069377187752,0.00472968718545033,-0.959974497954104,"ENSSSCT00000056511.1","ENSSSCG00000001554","SRPK1","SRPK1","Significant"
"ENSSSCT00000103984.1",1.25267775033879,-3.28975874300711,3.50687314169719,0.00121114729307405,0.00474219362836392,-0.96034266172467,"ENSSSCT00000103984.1","ENSSSCG00000063029",NA,"ENSSSCG00000063029","Significant"
"ENSSSCT00000092278.1",-2.24479911486609,-4.20129406568887,-3.5122993691917,0.0011928128288419,0.00468108684058273,-0.961183856060789,"ENSSSCT00000092278.1","ENSSSCG00000007529","SYCP2","SYCP2","Significant"
"ENSSSCT00000102182.1",3.57202137147735,-2.98686303110355,3.4876682180851,0.00127823829926827,0.00496316321416491,-0.966622024873452,"ENSSSCT00000102182.1","ENSSSCG00000032562","TMC6","TMC6","Significant"
"ENSSSCT00000081199.2",-1.75146458789725,-4.21696870244217,-3.50805531096248,0.0012071299758176,0.00472987209849262,-0.967938099650052,"ENSSSCT00000081199.2","ENSSSCG00000011772","ATP11B","ATP11B","Significant"
"ENSSSCT00000095481.1",-1.25986064474494,-2.70931852339231,-3.49247982972901,0.00126110168518678,0.00491066037786096,-0.973725712442425,"ENSSSCT00000095481.1","ENSSSCG00000058521",NA,"ENSSSCG00000058521","Significant"
"ENSSSCT00000013522.6",2.9436902629462,-3.05524190208633,3.49233171535059,0.00126162588848044,0.00491177949579811,-0.974357194632239,"ENSSSCT00000013522.6","ENSSSCG00000012365","MSN","MSN","Significant"
"ENSSSCT00000004857.5",-1.44467457548953,2.04914172926638,-3.57552423842394,0.000997925865605189,0.00401634056563283,-0.983012729324135,"ENSSSCT00000004857.5","ENSSSCG00000004394","RPF2","RPF2","Significant"
"ENSSSCT00000022327.4",1.01708327551683,0.685733626668036,3.50864191782359,0.00120514129116329,0.00472378295949602,-0.983613926095064,"ENSSSCT00000022327.4","ENSSSCG00000002921","CLIP3","CLIP3","Significant"
"ENSSSCT00000065174.3",-1.42109405617351,-3.49169962732531,-3.4985162052573,0.00123991501163592,0.00483972094329911,-0.98593851522304,"ENSSSCT00000065174.3","ENSSSCG00000032328","MAP6D1","MAP6D1","Significant"
"ENSSSCT00000059179.3",1.39501303134226,-0.251195887588192,3.47877390361473,0.0013105060852868,0.00507455349224356,-0.987999070295514,"ENSSSCT00000059179.3","ENSSSCG00000035103","PIGL","PIGL","Significant"
"ENSSSCT00000083944.1",2.42826757840452,-0.593929184139105,3.47220159600934,0.00133485084611842,0.00516085343138207,-0.992089494945759,"ENSSSCT00000083944.1","ENSSSCG00000003697","NDC80","NDC80","Significant"
"ENSSSCT00000062552.3",2.66063505584946,-2.33665684580468,3.48045955824042,0.00130433120848603,0.00505361729972922,-0.997875683566207,"ENSSSCT00000062552.3","ENSSSCG00000004470","HMGN3","HMGN3","Significant"
"ENSSSCT00000075383.1",4.18274605880256,-2.83371468374792,3.4754007266428,0.0013229470701465,0.00511847232408405,-0.998527493744934,"ENSSSCT00000075383.1","ENSSSCG00000002457","ITPK1","ITPK1","Significant"
"ENSSSCT00000048388.2",-1.63602115345036,0.408017777099723,-3.49484748614493,0.00125275047707073,0.00488455830595719,-1.00608138632232,"ENSSSCT00000048388.2","ENSSSCG00000025901","LCLAT1","LCLAT1","Significant"
"ENSSSCT00000091733.1",1.98720213422717,-3.18507109677995,3.4685557611223,0.00134854214525699,0.0052088458836582,-1.00723193425413,"ENSSSCT00000091733.1","ENSSSCG00000021652","LSM8","LSM8","Significant"
"ENSSSCT00000101971.1",1.62380093589989,-0.697839191040886,3.46414242983233,0.00136529602824918,0.00526794221361377,-1.01033831003508,"ENSSSCT00000101971.1","ENSSSCG00000057009",NA,"ENSSSCG00000057009","Significant"
"ENSSSCT00000034205.3",1.57796778477434,0.785141982525484,3.50137859402817,0.00122998844016754,0.004805577364077,-1.01262591287295,"ENSSSCT00000034205.3","ENSSSCG00000012508","ARMCX6","ARMCX6","Significant"
"ENSSSCT00000026351.4",2.52240811769708,-1.29895993612596,3.46259601703454,0.0013712136407502,0.00528827176993369,-1.01464948115068,"ENSSSCT00000026351.4","ENSSSCG00000024377","RPS6KA5","RPS6KA5","Significant"
"ENSSSCT00000079772.2",1.04183392851224,-0.665371842832878,3.46128077106204,0.00137626601667906,0.00530461960134815,-1.01664988573865,"ENSSSCT00000079772.2","ENSSSCG00000001884","COMMD4","COMMD4","Significant"
"ENSSSCT00000002146.5",-2.86564985802948,-0.11341848233995,-3.47083991329435,0.00133994872407605,0.00517933470062544,-1.01902504345739,"ENSSSCT00000002146.5","ENSSSCG00000001917",NA,"ENSSSCG00000001917","Significant"
"ENSSSCT00000056530.2",-1.03940277011959,-0.842706420423078,-3.4613093214281,0.00137615615407986,0.00530461960134815,-1.02082266856341,"ENSSSCT00000056530.2","ENSSSCG00000010638","TCF7L2","TCF7L2","Significant"
"ENSSSCT00000043506.3",1.10585841577092,2.43791055651177,3.60559514519897,0.000916367025693955,0.00373232111252039,-1.02472531685741,"ENSSSCT00000043506.3","ENSSSCG00000011309","KIF15","KIF15","Significant"
"ENSSSCT00000060714.1",-1.54573237464159,-0.869754963574131,-3.45766862261121,0.00139023376313003,0.00534707816598932,-1.02942743471264,"ENSSSCT00000060714.1","ENSSSCG00000012233","SYTL5","SYTL5","Significant"
"ENSSSCT00000051238.3",-1.18771779469701,2.88823859419527,-3.63615636071807,0.000840079721083709,0.00346270028144289,-1.03236905417734,"ENSSSCT00000051238.3","ENSSSCG00000032734","VOPP1","VOPP1","Significant"
"ENSSSCT00000066385.3",-1.68548223885261,1.84903967206714,-3.53075257347615,0.00113243765246846,0.00448028118202666,-1.03881860011264,"ENSSSCT00000066385.3","ENSSSCG00000031271","STRADB","STRADB","Significant"
"ENSSSCT00000037844.1",1.85234291355,-0.618044810060959,3.45074003296139,0.00141740737582465,0.00543492297793564,-1.04234493943981,"ENSSSCT00000037844.1","ENSSSCG00000026153","ACAT1","ACAT1","Significant"
"ENSSSCT00000027987.4",1.75139862015608,-0.934685169781237,3.4503016672412,0.00141914365649391,0.00543966138917559,-1.045367842845,"ENSSSCT00000027987.4","ENSSSCG00000020749","KCNAB2","KCNAB2","Significant"
"ENSSSCT00000093022.1",1.01048134467572,-1.09831249483187,3.44896534215604,0.00142444917662621,0.00545486738956084,-1.04537287067743,"ENSSSCT00000093022.1","ENSSSCG00000050566",NA,"ENSSSCG00000050566","Significant"
"ENSSSCT00000077508.2",-1.11493878037763,-2.75614004564354,-3.46028512865718,0.00138010254506837,0.00531500866754183,-1.04553157766949,"ENSSSCT00000077508.2","ENSSSCG00000049801",NA,"ENSSSCG00000049801","Significant"
"ENSSSCT00000005567.4",-1.83279779709279,-3.34854266809105,-3.4583589240114,0.00138755397952516,0.00533929068198257,-1.0455474533326,"ENSSSCT00000005567.4","ENSSSCG00000023408","SAMD4A","SAMD4A","Significant"
"ENSSSCT00000086284.2",1.5716771222199,-2.19087452085264,3.45405322593424,0.00140435021543426,0.00539183165614914,-1.04671769291026,"ENSSSCT00000086284.2","ENSSSCG00000002935",NA,"ENSSSCG00000002935","Significant"
"ENSSSCT00000069855.2",1.17337817153617,-1.83913569245306,3.45210648668375,0.00141200818710277,0.00541676843538047,-1.0492537329895,"ENSSSCT00000069855.2","ENSSSCG00000037997",NA,"ENSSSCG00000037997","Significant"
"ENSSSCT00000069298.1",-1.43457936707531,-3.06820186012751,-3.45967240041888,0.00138246868179884,0.00532223508104491,-1.0506601078053,"ENSSSCT00000069298.1","ENSSSCG00000039175","MARCHF1","MARCHF1","Significant"
"ENSSSCT00000052968.2",-1.99500244535352,-3.43499194854453,-3.45512281647563,0.00140015969775467,0.0053770090442395,-1.06024487469652,"ENSSSCT00000052968.2","ENSSSCG00000030388","UPP1","UPP1","Significant"
"ENSSSCT00000041347.3",2.53246896294974,1.12857653993788,3.49643041962054,0.00124719680912032,0.0048652314865469,-1.06252396487065,"ENSSSCT00000041347.3","ENSSSCG00000023871","NAALADL2","NAALADL2","Significant"
"ENSSSCT00000086138.2",-2.63615137345654,-0.727507419073441,-3.44452559313368,0.00144221295552736,0.00551462247991503,-1.06382000041617,"ENSSSCT00000086138.2","ENSSSCG00000034379","MAP2K3","MAP2K3","Significant"
"ENSSSCT00000055829.3",2.59975826611954,-3.54449847190972,3.45862226576381,0.00138653298067196,0.00533599165507891,-1.06588514484589,"ENSSSCT00000055829.3","ENSSSCG00000012365","MSN","MSN","Significant"
"ENSSSCT00000063112.3",-1.46096259419158,2.41941957891394,-3.57529139514295,0.000998583877850126,0.00401849281083998,-1.06843609002676,"ENSSSCT00000063112.3","ENSSSCG00000007352","DHX35","DHX35","Significant"
"ENSSSCT00000025353.4",1.30709516508654,4.61039371805315,3.79206975828085,0.000537023859151145,0.00235483240524807,-1.06879194267929,"ENSSSCT00000025353.4","ENSSSCG00000010455","SLC16A12","SLC16A12","Significant"
"ENSSSCT00000013013.5",1.05626367382905,0.943571765750535,3.48088570033654,0.00130277459789564,0.00504881290738017,-1.06930405986486,"ENSSSCT00000013013.5","ENSSSCG00000011892","CFAP91","CFAP91","Significant"
"ENSSSCT00000022663.2",1.21995780085853,-0.110713063575759,3.45017387906671,0.00141965018434013,0.00544096327850307,-1.07259285375544,"ENSSSCT00000022663.2","ENSSSCG00000027901","CLDN22","CLDN22","Significant"
"ENSSSCT00000066228.3",3.80931497893378,-3.49697664891329,3.45514130144987,0.0014000873815758,0.0053770090442395,-1.07661786663966,"ENSSSCT00000066228.3","ENSSSCG00000007951","CREBBP","CREBBP","Significant"
"ENSSSCT00000035297.4",1.70785019454633,0.137570983006293,3.44957929294141,0.00142200929146594,0.00544785186936086,-1.08226025432019,"ENSSSCT00000035297.4","ENSSSCG00000024604","ATAT1","ATAT1","Significant"
"ENSSSCT00000012163.5",-1.42901973830705,1.20100494897309,-3.49223838214358,0.00126195631890488,0.00491222824994924,-1.0839012919026,"ENSSSCT00000012163.5","ENSSSCG00000011114","SEC61A2","SEC61A2","Significant"
"ENSSSCT00000068531.2",-2.23439383665066,-4.64227064951952,-3.45311237775642,0.00140804628188363,0.00540538572642573,-1.08472472024474,"ENSSSCT00000068531.2","ENSSSCG00000011583","TMEM40","TMEM40","Significant"
"ENSSSCT00000006434.5",1.23816921605829,1.3123823772759,3.49634856261664,0.00124748342071548,0.00486576737038011,-1.08494692785577,"ENSSSCT00000006434.5","ENSSSCG00000005855","EXD3","EXD3","Significant"
"ENSSSCT00000048799.3",3.53446493114479,-2.54629848567553,3.4351904246591,0.00148025920804016,0.00564142270238942,-1.08564919395003,"ENSSSCT00000048799.3","ENSSSCG00000035824","PBRM1","PBRM1","Significant"
"ENSSSCT00000066396.3",1.03821030864508,3.2056478310786,3.63913092782604,0.000832990713873164,0.00344087536236167,-1.08628400478127,"ENSSSCT00000066396.3","ENSSSCG00000039372","EMC10","EMC10","Significant"
"ENSSSCT00000042377.3",-1.86310183239097,4.58296961902244,-3.66803624469457,0.000767043755664714,0.00319961071480913,-1.0906664971054,"ENSSSCT00000042377.3","ENSSSCG00000009821","ARPC3","ARPC3","Significant"
"ENSSSCT00000044291.3",-1.57261912041935,-1.69632693091219,-3.42888442326126,0.00150650242207594,0.00572410234434146,-1.09320889711065,"ENSSSCT00000044291.3","ENSSSCG00000015345","GLCCI1","GLCCI1","Significant"
"ENSSSCT00000107572.1",-1.38846199976112,-2.45906167205554,-3.43745055703509,0.00147096052055035,0.00560991891589937,-1.0992108329845,"ENSSSCT00000107572.1","ENSSSCG00000009060","MAML3","MAML3","Significant"
"ENSSSCT00000060974.2",-1.09383628876338,0.302718841463273,-3.45728190209744,0.00139173720048489,0.00535033600808977,-1.10104956886705,"ENSSSCT00000060974.2","ENSSSCG00000011811","LPP","LPP","Significant"
"ENSSSCT00000057836.3",-3.18784634334637,-4.17032911704433,-3.4444259732123,0.00144261396943719,0.00551471284553056,-1.10330199973708,"ENSSSCT00000057836.3","ENSSSCG00000021906","SYT7","SYT7","Significant"
"ENSSSCT00000025526.4",-1.12501379359003,1.98382488725857,-3.5329069415194,0.00112558365488064,0.00445749173857992,-1.10390726489235,"ENSSSCT00000025526.4","ENSSSCG00000021494","CDC25A","CDC25A","Significant"
"ENSSSCT00000086730.2",-3.0834259173809,-3.19138407158968,-3.43022709176551,0.00150087763726023,0.00570775683274581,-1.10492564092474,"ENSSSCT00000086730.2","ENSSSCG00000029998","KLF7","KLF7","Significant"
"ENSSSCT00000019106.4",1.2678348184798,-2.10440846005026,3.42998489914968,0.00150189075426086,0.00570918108335326,-1.10654287896011,"ENSSSCT00000019106.4","ENSSSCG00000017552","NXPH3","NXPH3","Significant"
"ENSSSCT00000107098.1",1.57223470073566,0.280349272018958,3.43959935976615,0.00146217182344678,0.00558162394703885,-1.10879577800738,"ENSSSCT00000107098.1","ENSSSCG00000016400","MAB21L4","MAB21L4","Significant"
"ENSSSCT00000062472.3",-1.24048072451517,2.7370617881983,-3.58996974343924,0.000957909832215386,0.00387682375490944,-1.11295163699295,"ENSSSCT00000062472.3","ENSSSCG00000031175","FNIP2","FNIP2","Significant"
"ENSSSCT00000047893.2",2.77850575096302,0.129976762911607,3.42908507933599,0.00150566053966873,0.00572217697113406,-1.11481546541763,"ENSSSCT00000047893.2","ENSSSCG00000005041","FERMT2","FERMT2","Significant"
"ENSSSCT00000040640.3",1.54292662954572,-2.30781812240883,3.42431067183118,0.00152581508531004,0.00578999942288739,-1.11496766744009,"ENSSSCT00000040640.3","ENSSSCG00000039486","DIPK1C","DIPK1C","Significant"
"ENSSSCT00000102528.1",-2.73473936641275,-0.0414351826370831,-3.4288806431046,0.00150651828661496,0.00572410234434146,-1.11827462514048,"ENSSSCT00000102528.1","ENSSSCG00000033155","TMEM30A","TMEM30A","Significant"
"ENSSSCT00000096695.1",1.07845146377589,-2.21491425671018,3.4264661672693,0.00151668412755758,0.00575870144344794,-1.12039995059159,"ENSSSCT00000096695.1","ENSSSCG00000039316","GSG1","GSG1","Significant"
"ENSSSCT00000105837.1",1.65434255473079,1.77632221062986,3.49365735474747,0.00125694165085049,0.00489797126620405,-1.12102602894134,"ENSSSCT00000105837.1","ENSSSCG00000022830","KANSL1L","KANSL1L","Significant"
"ENSSSCT00000024108.4",1.04477624708639,3.85882618864199,3.67993190344217,0.000741394578801524,0.00310739540393944,-1.13005562379986,"ENSSSCT00000024108.4","ENSSSCG00000029326","CCNB1","CCNB1","Significant"
"ENSSSCT00000041965.3",1.25481001389801,-1.60919406981928,3.41317989364206,0.00157381110646585,0.00595065955180478,-1.13437179043692,"ENSSSCT00000041965.3","ENSSSCG00000021588","DAPK2","DAPK2","Significant"
"ENSSSCT00000097775.1",1.63413754493395,-3.68822776119088,3.43354028632696,0.00148708381082132,0.0056641215616844,-1.13667583692576,"ENSSSCT00000097775.1","ENSSSCG00000057787",NA,"ENSSSCG00000057787","Significant"
"ENSSSCT00000037330.3",1.24203179888234,-0.956262068222208,3.40892324105033,0.00159254545051609,0.00600841064917577,-1.14061381283305,"ENSSSCT00000037330.3","ENSSSCG00000012757","CETN2","CETN2","Significant"
"ENSSSCT00000084648.2",-1.48166986319323,-3.47379319152063,-3.41974283344167,0.00154533946991213,0.00585727134120147,-1.14852871084396,"ENSSSCT00000084648.2","ENSSSCG00000017682","MYO19","MYO19","Significant"
"ENSSSCT00000037985.3",-1.63286398547803,-4.26550634776885,-3.42967150013154,0.00150320270808448,0.00571350210939456,-1.14937549561883,"ENSSSCT00000037985.3","ENSSSCG00000010814","ESRRG","ESRRG","Significant"
"ENSSSCT00000036240.4",-3.20039997349715,-2.81842071497969,-3.41383798650781,0.00157093362384069,0.00594115762344297,-1.15097257981186,"ENSSSCT00000036240.4","ENSSSCG00000013297","CD44","CD44","Significant"
"ENSSSCT00000014896.5",1.07363861135919,1.48683281323764,3.47641216137194,0.00131920483268118,0.00510641747177219,-1.15386003665548,"ENSSSCT00000014896.5","ENSSSCG00000023667","KEAP1","KEAP1","Significant"
"ENSSSCT00000082229.2",1.88897905814214,-2.22371224407565,3.41039044519102,0.00158606400610584,0.00598934802583678,-1.15571781323661,"ENSSSCT00000082229.2","ENSSSCG00000029388","PDE2A","PDE2A","Significant"
"ENSSSCT00000048528.2",-1.81915942005357,-3.05998163882366,-3.40803451134627,0.0015964837864531,0.00602022393156368,-1.15703279371882,"ENSSSCT00000048528.2","ENSSSCG00000008098","POLR1B","POLR1B","Significant"
"ENSSSCT00000060753.2",1.78788061722366,-0.759362663434318,3.40248778431654,0.00162127527351901,0.00609480372371798,-1.15952107841708,"ENSSSCT00000060753.2","ENSSSCG00000010893",NA,"ENSSSCG00000010893","Significant"
"ENSSSCT00000049564.3",-1.22557824225359,-0.326162901161822,-3.4052479020514,0.00160889299887353,0.00605727033724735,-1.15960676979133,"ENSSSCT00000049564.3","ENSSSCG00000034297","HES2","HES2","Significant"
"ENSSSCT00000094218.1",1.12312815100635,-1.55214699400004,3.40058212163754,0.00162987754300261,0.00612405022763733,-1.16083477791396,"ENSSSCT00000094218.1","ENSSSCG00000062602","CXXC4","CXXC4","Significant"
"ENSSSCT00000102076.1",3.53939981560186,-0.62565005184672,3.4027574201219,0.00162006163892335,0.00609162607259335,-1.1614423647641,"ENSSSCT00000102076.1","ENSSSCG00000014088","IQGAP2","IQGAP2","Significant"
"ENSSSCT00000080309.2",-1.94813954092794,-4.7015102492497,-3.42631968220151,0.00151730299500009,0.00576038039694725,-1.16198754119132,"ENSSSCT00000080309.2","ENSSSCG00000032996","SLC7A5","SLC7A5","Significant"
"ENSSSCT00000081619.2",2.5582249218918,-3.31564778121306,3.41083392910349,0.00158410987302288,0.00598404800139475,-1.16328582316677,"ENSSSCT00000081619.2","ENSSSCG00000032262","IDUA","IDUA","Significant"
"ENSSSCT00000093537.1",-1.73288973326182,-0.568300014863414,-3.40223160138124,0.00162242916310358,0.00609841831148594,-1.16714224298714,"ENSSSCT00000093537.1","ENSSSCG00000011917","NAA50","NAA50","Significant"
"ENSSSCT00000095154.1",-2.56964081918339,-0.215399919024984,-3.40205836868896,0.00162320987697145,0.00610064954798585,-1.17073816532037,"ENSSSCT00000095154.1","ENSSSCG00000045200",NA,"ENSSSCG00000045200","Significant"
"ENSSSCT00000107598.1",1.36166108898023,0.751530538243253,3.44134807101068,0.00145505670201061,0.00555576399020425,-1.17153470931293,"ENSSSCT00000107598.1","ENSSSCG00000001395",NA,"ENSSSCG00000001395","Significant"
"ENSSSCT00000066739.2",-1.53848944413555,0.970486716329297,-3.47039674344354,0.00134161189396231,0.00518391967181169,-1.17596849110158,"ENSSSCT00000066739.2","ENSSSCG00000006525",NA,"ENSSSCG00000006525","Significant"
"ENSSSCT00000029275.3",1.02902915645786,-0.664117644497639,3.39414574504554,0.00165925596469698,0.00621749011297325,-1.17710982637712,"ENSSSCT00000029275.3","ENSSSCG00000024103",NA,"ENSSSCG00000024103","Significant"
"ENSSSCT00000077274.1",-1.15589177278388,-3.94048925586257,-3.4092421502242,0.00159113449967219,0.00600501785244961,-1.18089907125905,"ENSSSCT00000077274.1","ENSSSCG00000043695",NA,"ENSSSCG00000043695","Significant"
"ENSSSCT00000081485.2",-2.29320895743377,-1.97203680745929,-3.39375950192543,0.00166103497664917,0.00622344109155016,-1.18095783084822,"ENSSSCT00000081485.2","ENSSSCG00000038735","SNAP23","SNAP23","Significant"
"ENSSSCT00000103937.1",-1.1851752022979,-2.53503337415485,-3.39660952247224,0.0016479508147167,0.00618436790550451,-1.18362600346241,"ENSSSCT00000103937.1","ENSSSCG00000053534",NA,"ENSSSCG00000053534","Significant"
"ENSSSCT00000081670.2",2.92797820163358,-2.80299039853621,3.39497023460308,0.00165546451764881,0.00620700309992388,-1.18661361524047,"ENSSSCT00000081670.2","ENSSSCG00000026954","TMEM87B","TMEM87B","Significant"
"ENSSSCT00000061999.3",1.33444839716525,-3.12034520242094,3.39150900698364,0.00167143698881505,0.00625163835990892,-1.19426912211266,"ENSSSCT00000061999.3","ENSSSCG00000017527","SKAP1","SKAP1","Significant"
"ENSSSCT00000012312.5",1.03921397071406,0.208534339172459,3.40648095285657,0.00160339067584067,0.00604148267596317,-1.19459305101828,"ENSSSCT00000012312.5","ENSSSCG00000011245","ITGA9","ITGA9","Significant"
"ENSSSCT00000071199.2",-3.23261701089407,0.0627248574438387,-3.3970721848723,0.00164583610901251,0.00617785407532166,-1.19710880239708,"ENSSSCT00000071199.2","ENSSSCG00000021906","SYT7","SYT7","Significant"
"ENSSSCT00000105281.1",2.2726804529194,-3.97271870908563,3.40332363295558,0.00161751593800523,0.00608415893432425,-1.20159942545693,"ENSSSCT00000105281.1","ENSSSCG00000012365","MSN","MSN","Significant"
"ENSSSCT00000096830.1",3.69760628858102,-0.929126620528513,3.40010876375665,0.00163202107426762,0.00613046212077379,-1.20184336605057,"ENSSSCT00000096830.1","ENSSSCG00000013094","DDB1","DDB1","Significant"
"ENSSSCT00000033713.5",-2.38493531619267,-3.07273914701636,-3.38729866158464,0.00169106531383589,0.00631635851670357,-1.20435486158229,"ENSSSCT00000033713.5","ENSSSCG00000022303","SLC25A16","SLC25A16","Significant"
"ENSSSCT00000040717.1",3.10062243067873,0.0929267293463151,3.39476062147671,0.00165642764464321,0.00620928166133361,-1.20441913883656,"ENSSSCT00000040717.1","ENSSSCG00000010571","ARMH3","ARMH3","Significant"
"ENSSSCT00000060219.2",1.13668836660001,0.521851867772609,3.41274972775174,0.00157569471648798,0.00595640006218829,-1.20630894163441,"ENSSSCT00000060219.2","ENSSSCG00000029576","ZNF239","ZNF239","Significant"
"ENSSSCT00000024325.4",4.16995461635643,-1.14282647227768,3.38119187339053,0.00171992719849196,0.00640801124210167,-1.2082558613693,"ENSSSCT00000024325.4","ENSSSCG00000003580","EYA3","EYA3","Significant"
"ENSSSCT00000054230.1",1.33685984605616,2.36352927489052,3.52582405760555,0.00114826872972882,0.00453191546593371,-1.2095233021096,"ENSSSCT00000054230.1","ENSSSCG00000034358","KCNJ16","KCNJ16","Significant"
"ENSSSCT00000082647.1",2.72166795023132,-3.1314900910317,3.37708970628058,0.00173957887842762,0.00647309173159714,-1.21579274295787,"ENSSSCT00000082647.1","ENSSSCG00000010627","PDCD4","PDCD4","Significant"
"ENSSSCT00000057594.3",-1.8002720840333,-5.09981675414703,-3.40441282384347,0.00161262968890727,0.00606787978962869,-1.21936896964672,"ENSSSCT00000057594.3","ENSSSCG00000000007","TRMU","TRMU","Significant"
"ENSSSCT00000060644.3",1.09324447747779,1.76972359206271,3.47316812774468,0.00133124364102325,0.00514751751327349,-1.22073472351667,"ENSSSCT00000060644.3","ENSSSCG00000033178","HAUS4","HAUS4","Significant"
"ENSSSCT00000075895.1",-2.07707668039995,-4.21838114308883,-3.39157524377196,0.00167112994708159,0.00625120706684811,-1.22111655208351,"ENSSSCT00000075895.1","ENSSSCG00000050663",NA,"ENSSSCG00000050663","Significant"
"ENSSSCT00000042057.2",1.15616418885018,-1.2466507586227,3.37409206347269,0.00175407492741101,0.0065195917616631,-1.22340933029533,"ENSSSCT00000042057.2","ENSSSCG00000002524","AMN","AMN","Significant"
"ENSSSCT00000098267.1",-1.35251864200932,-3.45834391036253,-3.39092489415207,0.0016741469924806,0.00626105626781803,-1.22489102204884,"ENSSSCT00000098267.1","ENSSSCG00000059643",NA,"ENSSSCG00000059643","Significant"
"ENSSSCT00000086886.1",2.44488276972853,-3.46400754272291,3.38320142828453,0.00171037799996619,0.00637972363698635,-1.22634059102113,"ENSSSCT00000086886.1","ENSSSCG00000012548","PWWP3B","PWWP3B","Significant"
"ENSSSCT00000077070.1",3.1701124199295,-4.30507877274943,3.38806264214725,0.0016874873838503,0.00630443894385873,-1.23671158639465,"ENSSSCT00000077070.1","ENSSSCG00000002446",NA,"ENSSSCG00000002446","Significant"
"ENSSSCT00000089611.2",-1.27251583317184,2.70662358661857,-3.54936177343154,0.00107453420184011,0.00428709166872184,-1.23939232474936,"ENSSSCT00000089611.2","ENSSSCG00000031572","MFF","MFF","Significant"
"ENSSSCT00000055857.3",-2.53360408740739,-0.601078287211438,-3.37191697547193,0.00176466552400778,0.00655521872447872,-1.23962344925591,"ENSSSCT00000055857.3","ENSSSCG00000009431","DGKH","DGKH","Significant"
"ENSSSCT00000066433.2",-1.47297688716679,-0.0412437640886951,-3.38495554760482,0.00170208409691613,0.00635370202694065,-1.23963156175105,"ENSSSCT00000066433.2","ENSSSCG00000002867","CEBPG","CEBPG","Significant"
"ENSSSCT00000083840.2",2.98157081324742,3.16834894723897,3.44166348117135,0.00145377690676455,0.00555265066455779,-1.24012385901215,"ENSSSCT00000083840.2","ENSSSCG00000016925","PLK2","PLK2","Significant"
"ENSSSCT00000065389.3",-4.13863392529585,-1.21788526647829,-3.36378022021042,0.00180482868748067,0.00668397140937601,-1.24713088848202,"ENSSSCT00000065389.3","ENSSSCG00000011136","TASOR2","TASOR2","Significant"
"ENSSSCT00000015350.5",1.20384794462727,-3.01660218383011,3.37611140030171,0.00174429714053557,0.0064891675000025,-1.24922202329294,"ENSSSCT00000015350.5","ENSSSCG00000014052","EIF4E1B","EIF4E1B","Significant"
"ENSSSCT00000003495.5",1.34736781190194,-2.8486173809961,3.37017549990367,0.00177318890714813,0.00658313039497355,-1.25038118400695,"ENSSSCT00000003495.5","ENSSSCG00000003149","TULP2","TULP2","Significant"
"ENSSSCT00000046680.3",-2.77397230858553,-1.46432063686481,-3.3625989965561,0.00181073139906608,0.00670266650035769,-1.25045266838118,"ENSSSCT00000046680.3","ENSSSCG00000003848","LRP8","LRP8","Significant"
"ENSSSCT00000071595.1",2.11171319699572,-3.27047577997119,3.37496338588893,0.00174984950183441,0.00650685369044357,-1.2532784303311,"ENSSSCT00000071595.1","ENSSSCG00000040400","GPR19","GPR19","Significant"
"ENSSSCT00000064408.3",1.90520134091799,-3.71381917695213,3.3800650845066,0.00172530388458758,0.00642584051326178,-1.2546222996647,"ENSSSCT00000064408.3","ENSSSCG00000005951","TMEM71","TMEM71","Significant"
"ENSSSCT00000019322.5",-1.56010850827938,0.767030108098674,-3.38304684601169,0.00171111075405139,0.00638101228655108,-1.25754495296613,"ENSSSCT00000019322.5","ENSSSCG00000017753","KSR1","KSR1","Significant"
"ENSSSCT00000104055.1",-3.41804228636457,-2.96798746102271,-3.35849583642424,0.00183137913014536,0.00676833883011329,-1.25995079141798,"ENSSSCT00000104055.1","ENSSSCG00000031361","CELSR1","CELSR1","Significant"
"ENSSSCT00000090007.1",1.46379185224758,-1.07104893455168,3.36051728913508,0.00182117889355819,0.00673598600630415,-1.26054119859117,"ENSSSCT00000090007.1","ENSSSCG00000008392","BCL11A","BCL11A","Significant"
"ENSSSCT00000100657.1",1.27851982403456,-2.63788463777945,3.36674766172018,0.00179008110776841,0.00663677557854006,-1.26179224728574,"ENSSSCT00000100657.1","ENSSSCG00000054374",NA,"ENSSSCG00000054374","Significant"
"ENSSSCT00000039222.3",-2.48937081993884,-3.66195100975743,-3.36855253270624,0.00178116770834659,0.00660748571656982,-1.26940668215764,"ENSSSCT00000039222.3","ENSSSCG00000013491","TJP3","TJP3","Significant"
"ENSSSCT00000053414.2",1.38813922162051,0.544637505194945,3.3915800627358,0.00167110761080171,0.00625120706684811,-1.26967146479866,"ENSSSCT00000053414.2","ENSSSCG00000038800","PUF60","PUF60","Significant"
"ENSSSCT00000092672.1",1.1424196944201,-1.61436646393419,3.35401053009055,0.00185420736962499,0.00683875306326395,-1.2705153989953,"ENSSSCT00000092672.1","ENSSSCG00000053585",NA,"ENSSSCG00000053585","Significant"
"ENSSSCT00000075874.1",3.81863408283543,-1.03466575093149,3.35359257972277,0.00185634835399963,0.00684455150871476,-1.27094243706943,"ENSSSCT00000075874.1","ENSSSCG00000038639","TOM1L2","TOM1L2","Significant"
"ENSSSCT00000070833.1",-1.14484176057528,-2.71672179452224,-3.36083425266481,0.00181958443261836,0.00673161589028581,-1.27248177911389,"ENSSSCT00000070833.1","ENSSSCG00000042837",NA,"ENSSSCG00000042837","Significant"
"ENSSSCT00000013073.5",1.13540679083918,-0.491683530730267,3.35423317092349,0.00185306783788562,0.00683575634144593,-1.27324816746714,"ENSSSCT00000013073.5","ENSSSCG00000011947","ZPLD1","ZPLD1","Significant"
"ENSSSCT00000023877.4",1.95976377972201,-2.92032423844635,3.36133548605862,0.00181706574022214,0.00672382378778829,-1.27681889016398,"ENSSSCT00000023877.4","ENSSSCG00000022256","DEPP1","DEPP1","Significant"
"ENSSSCT00000063011.3",-1.72377838499287,1.02438303503612,-3.41100644853431,0.00158335032006699,0.00598187182334461,-1.2826941409945,"ENSSSCT00000063011.3","ENSSSCG00000030685","ARID2","ARID2","Significant"
"ENSSSCT00000090179.1",-1.24314499020986,-1.51303905010768,-3.34717626142556,0.00188951453942943,0.00695245819247907,-1.28591087808576,"ENSSSCT00000090179.1","ENSSSCG00000047465","SERTM2","SERTM2","Significant"
"ENSSSCT00000016645.5",1.62716300120858,-0.555428244663495,3.35845006039691,0.00183161074695611,0.00676842760894901,-1.2874845743515,"ENSSSCT00000016645.5","ENSSSCG00000015276","ETNK2","ETNK2","Significant"
"ENSSSCT00000007554.5",-1.60101509498447,-0.300203962484815,-3.3565127436295,0.00184143886624512,0.00679935139241856,-1.29136932274317,"ENSSSCT00000007554.5","ENSSSCG00000006899","RPL5","RPL5","Significant"
"ENSSSCT00000090334.1",-2.7741596235498,-2.14734623663684,-3.34350461515002,0.00190874738836845,0.0070142317435752,-1.2945672452071,"ENSSSCT00000090334.1","ENSSSCG00000005338","RECK","RECK","Significant"
"ENSSSCT00000064224.2",1.99674017977407,1.26145427061575,3.40524049822607,0.00160892609200143,0.00605727033724735,-1.30001218031666,"ENSSSCT00000064224.2","ENSSSCG00000033954","VPS33B","VPS33B","Significant"
"ENSSSCT00000106034.1",-2.12581996029306,-2.03865560993602,-3.34150331642882,0.00191930923630175,0.00704301163088152,-1.30355378200465,"ENSSSCT00000106034.1","ENSSSCG00000007187","NSFL1C","NSFL1C","Significant"
"ENSSSCT00000036191.4",1.36084667479237,0.888413157507859,3.39857334207732,0.00163899259905219,0.00615287446165775,-1.30487032977391,"ENSSSCT00000036191.4","ENSSSCG00000017022","HMMR","HMMR","Significant"
"ENSSSCT00000010923.4",-2.14172913058995,-0.0334783727942276,-3.36290067696452,0.00180922211418603,0.00669784010570243,-1.30710151350259,"ENSSSCT00000010923.4","ENSSSCG00000009967","PITPNB","PITPNB","Significant"
"ENSSSCT00000086301.2",2.11673086036374,-1.0369208479331,3.34034140028343,0.0019254668432933,0.00706080563565221,-1.30719921323201,"ENSSSCT00000086301.2","ENSSSCG00000002746","DHODH","DHODH","Significant"
"ENSSSCT00000038630.3",3.33126750613374,-0.777582897182203,3.34270728662018,0.00191294861445753,0.00702599714157636,-1.30829435520195,"ENSSSCT00000038630.3","ENSSSCG00000026697","BLTP3B","BLTP3B","Significant"
"ENSSSCT00000068093.2",1.06927596658231,-1.52216551836993,3.33804324561271,0.0019377016098895,0.00709851947065587,-1.30926531286599,"ENSSSCT00000068093.2","ENSSSCG00000051586",NA,"ENSSSCG00000051586","Significant"
"ENSSSCT00000106439.1",1.01124898803796,-1.77268433077234,3.33762501295152,0.00193993614342488,0.00710590697901639,-1.31263863748295,"ENSSSCT00000106439.1","ENSSSCG00000054064",NA,"ENSSSCG00000054064","Significant"
"ENSSSCT00000063910.1",-1.83987499403118,-1.03727009235254,-3.33605950227866,0.00194832222778278,0.00713101682921304,-1.3146856132347,"ENSSSCT00000063910.1","ENSSSCG00000015931","BBS5","BBS5","Significant"
"ENSSSCT00000026513.3",-1.19174450309356,5.37239502106303,-3.7132130408051,0.000673961155588586,0.00285894216976454,-1.31486621872955,"ENSSSCT00000026513.3","ENSSSCG00000024067","KRT23","KRT23","Significant"
"ENSSSCT00000083452.2",3.161206558359,-3.17909999109453,3.33375113443433,0.0019607508362221,0.00716845932543007,-1.31927948853822,"ENSSSCT00000083452.2","ENSSSCG00000037216","PPP4R2","PPP4R2","Significant"
"ENSSSCT00000047415.4",-2.21370687696593,-4.37641143037148,-3.33492721747297,0.00195440919025049,0.00714687721387695,-1.32364069662463,"ENSSSCT00000047415.4","ENSSSCG00000013235","MADD","MADD","Significant"
"ENSSSCT00000090321.2",-1.60008262229224,-3.88313501008443,-3.34353405023926,0.0019085924599939,0.0070142317435752,-1.32856070754505,"ENSSSCT00000090321.2","ENSSSCG00000010006","SEC14L2","SEC14L2","Significant"
"ENSSSCT00000037656.3",1.11389459630186,3.34669564184059,3.54423856523251,0.00109018469090053,0.00433732540111297,-1.33435551680317,"ENSSSCT00000037656.3","ENSSSCG00000009077","HSPA4L","HSPA4L","Significant"
"ENSSSCT00000096808.1",1.32250752580917,-1.64158046721952,3.32602912378755,0.00200288006498839,0.0072938569908278,-1.33523842575266,"ENSSSCT00000096808.1","ENSSSCG00000055189",NA,"ENSSSCG00000055189","Significant"
"ENSSSCT00000007267.5",-1.33218461475992,-3.24691343438532,-3.33606129974034,0.00194831257936044,0.00713101682921304,-1.3387744176416,"ENSSSCT00000007267.5","ENSSSCG00000006631","TMOD4","TMOD4","Significant"
"ENSSSCT00000067441.2",1.32054184393397,3.64081122922681,3.5949964188102,0.000944351392158543,0.00383193936402454,-1.33971160518056,"ENSSSCT00000067441.2","ENSSSCG00000011103","PARD3","PARD3","Significant"
"ENSSSCT00000105330.1",1.25254561133451,-2.93252098291277,3.33054542707997,0.00197813653295705,0.0072158383889608,-1.3403113631506,"ENSSSCT00000105330.1","ENSSSCG00000053984",NA,"ENSSSCG00000053984","Significant"
"ENSSSCT00000064867.3",-1.09790082997037,0.669320222691624,-3.36494449680615,0.00179902867206149,0.00666691643826923,-1.34426503906401,"ENSSSCT00000064867.3","ENSSSCG00000000736","TEAD4","TEAD4","Significant"
"ENSSSCT00000076827.2",2.04667664443697,-2.26706480844559,3.32400258936134,0.00201407868227152,0.00732645557924585,-1.34452059632427,"ENSSSCT00000076827.2","ENSSSCG00000029186","SEZ6L2","SEZ6L2","Significant"
"ENSSSCT00000058029.3",-2.07601710351508,1.06277848403655,-3.37486569836547,0.00175032274647881,0.00650712917060377,-1.3460389444763,"ENSSSCT00000058029.3","ENSSSCG00000004635","SPPL2A","SPPL2A","Significant"
"ENSSSCT00000096229.1",2.26155423425628,-1.87396407125378,3.32228544893403,0.00202361436010176,0.00735950056851732,-1.34648221449561,"ENSSSCT00000096229.1","ENSSSCG00000015885","PLA2R1","PLA2R1","Significant"
"ENSSSCT00000087040.2",1.65865949117433,-3.35861609215741,3.33521226632934,0.00195287510934922,0.00714344092542979,-1.34682390358767,"ENSSSCT00000087040.2","ENSSSCG00000000040","SEPTIN3","SEPTIN3","Significant"
"ENSSSCT00000013519.4",2.12627535865408,-3.84540507154111,3.33063714423076,0.0019776370784247,0.0072158383889608,-1.35036091196329,"ENSSSCT00000013519.4","ENSSSCG00000012362","ARHGEF9","ARHGEF9","Significant"
"ENSSSCT00000010188.5",1.87842284898081,-3.88371664314196,3.32749096428234,0.00199483888571326,0.00726863288218542,-1.35425268621721,"ENSSSCT00000010188.5","ENSSSCG00000009300","WASF3","WASF3","Significant"
"ENSSSCT00000056720.2",-2.42229081301611,-0.161832006690023,-3.3322410498571,0.00196892230280964,0.0071910768187303,-1.36066371930228,"ENSSSCT00000056720.2","ENSSSCG00000008499","STRN","STRN","Significant"
"ENSSSCT00000060938.3",-2.12848614466695,-4.72706058138004,-3.33546914593122,0.00195149361569599,0.00713941851954131,-1.36486994480457,"ENSSSCT00000060938.3","ENSSSCG00000009551","ARHGEF7","ARHGEF7","Significant"
"ENSSSCT00000014927.4",1.12699395577583,-2.67568921110361,3.3185672357608,0.00204441039832675,0.00742767513116174,-1.36596807272824,"ENSSSCT00000014927.4","ENSSSCG00000013663","ANGPTL6","ANGPTL6","Significant"
"ENSSSCT00000053716.3",2.6019644199591,-2.12377551396039,3.3182397063635,0.00204625202262992,0.00743270955278809,-1.37039741488789,"ENSSSCT00000053716.3","ENSSSCG00000030053","ARCN1","ARCN1","Significant"
"ENSSSCT00000058789.3",-2.16528798510139,-1.06559665487504,-3.30997772955792,0.00209323451988085,0.00758730609073877,-1.37280855749958,"ENSSSCT00000058789.3","ENSSSCG00000016248","AGFG1","AGFG1","Significant"
"ENSSSCT00000105841.1",-1.81376309784252,-3.84366450482207,-3.31878614164711,0.00204318042196302,0.00742403370976063,-1.37503985270244,"ENSSSCT00000105841.1","ENSSSCG00000000579","GOLT1B","GOLT1B","Significant"
"ENSSSCT00000064141.3",-2.83860029618776,-2.37120233398874,-3.30313536347713,0.00213292190605162,0.00770887771033224,-1.38969615485734,"ENSSSCT00000064141.3","ENSSSCG00000003807","DNAJC6","DNAJC6","Significant"
"ENSSSCT00000089585.2",2.90539360186077,0.318379204932901,3.31233452800564,0.00207972843652811,0.00754422184518941,-1.39731024900246,"ENSSSCT00000089585.2","ENSSSCG00000047466",NA,"ENSSSCG00000047466","Significant"
"ENSSSCT00000013152.4",2.16965917301578,-0.60991575873806,3.29995401932301,0.00215161803335553,0.00776784907130323,-1.39731221164667,"ENSSSCT00000013152.4","ENSSSCG00000012021","MRPL39","MRPL39","Significant"
"ENSSSCT00000009678.5",-2.08337265608865,-3.39482790891142,-3.30842907781868,0.00210215489456944,0.00761456040245994,-1.39920200598537,"ENSSSCT00000009678.5","ENSSSCG00000008841","PDGFRA","PDGFRA","Significant"
"ENSSSCT00000004972.4",-1.14601433657697,2.06897670325562,-3.4202287230901,0.00154325129998346,0.00585003666837121,-1.40111371625509,"ENSSSCT00000004972.4","ENSSSCG00000004500","ARK2N","ARK2N","Significant"
"ENSSSCT00000091593.2",-1.74191956092117,2.30668134472124,-3.40956618438476,0.00158970210079583,0.00600100119188921,-1.40135412649689,"ENSSSCT00000091593.2","ENSSSCG00000001955","SRP54","SRP54","Significant"
"ENSSSCT00000088866.2",1.71944200500422,-1.33283172136232,3.29736542684809,0.00216694593541181,0.00781538775200959,-1.40286737954226,"ENSSSCT00000088866.2","ENSSSCG00000036030","INKA2","INKA2","Significant"
"ENSSSCT00000066846.2",1.16894894173337,2.74875058706268,3.49044818032574,0.00126831033856783,0.0049340162604302,-1.41087316289473,"ENSSSCT00000066846.2","ENSSSCG00000026196","FAM13A","FAM13A","Significant"
"ENSSSCT00000068023.1",-2.85594660075175,0.824607479212814,-3.3250243379205,0.00200842505324893,0.00730915173971739,-1.41193493816078,"ENSSSCT00000068023.1","ENSSSCG00000008629","ROCK2","ROCK2","Significant"
"ENSSSCT00000074782.2",1.0273193305847,6.45162698117041,3.68587780364107,0.000728886778213041,0.00306087384297501,-1.41354929670075,"ENSSSCT00000074782.2","ENSSSCG00000038507","RPS29","RPS29","Significant"
"ENSSSCT00000017766.6",1.15863253654109,0.551993297111483,3.32929514466596,0.00198495709211974,0.00723747942646745,-1.41555948684775,"ENSSSCT00000017766.6","ENSSSCG00000016313","HJURP","HJURP","Significant"
"ENSSSCT00000018185.5",1.3128825570153,-0.336382003902009,3.29978727598489,0.00215260225036475,0.00777053186125913,-1.41587264904035,"ENSSSCT00000018185.5","ENSSSCG00000016704",NA,"ENSSSCG00000016704","Significant"
"ENSSSCT00000012990.4",2.23590526788309,-4.19626260753765,3.30603118824044,0.00211603856464128,0.00765804432917797,-1.41694119807634,"ENSSSCT00000012990.4","ENSSSCG00000011876","DTX3L","DTX3L","Significant"
"ENSSSCT00000045567.2",-2.29455344993698,-3.96332744268306,-3.30256873742204,0.00213624047032306,0.00771916040057775,-1.41808360705447,"ENSSSCT00000045567.2","ENSSSCG00000000877","SCYL2","SCYL2","Significant"
"ENSSSCT00000017957.4",1.30166634926493,-1.84549852003713,3.29067006678437,0.00220707593622146,0.00794167352660462,-1.41972455800174,"ENSSSCT00000017957.4","ENSSSCG00000016493","TMEM178B","TMEM178B","Significant"
"ENSSSCT00000061968.3",-1.21158713329585,4.71970944481337,-3.66056856604328,0.000783581128547215,0.00325865805040222,-1.42059125958487,"ENSSSCT00000061968.3","ENSSSCG00000039094","PLEC","PLEC","Significant"
"ENSSSCT00000041815.3",-1.47885067923796,-3.02415824587387,-3.29296670719623,0.00219323134935056,0.0078979583514718,-1.42653131387497,"ENSSSCT00000041815.3","ENSSSCG00000016512","ZC3HAV1","ZC3HAV1","Significant"
"ENSSSCT00000098840.1",1.10319158972738,-2.38492731969375,3.29060658087244,0.00220745982267557,0.00794217833353721,-1.42771477051266,"ENSSSCT00000098840.1","ENSSSCG00000054210",NA,"ENSSSCG00000054210","Significant"
"ENSSSCT00000047118.3",1.97822535163612,0.634461951481765,3.33851726807463,0.00193517197555109,0.00709164292355489,-1.42876782500871,"ENSSSCT00000047118.3","ENSSSCG00000006872","AGL","AGL","Significant"
"ENSSSCT00000041369.3",1.12619713257527,9.72193741962939,3.82485796451281,0.000488397424007448,0.00217329188103437,-1.43040329513581,"ENSSSCT00000041369.3","ENSSSCG00000011147",NA,"ENSSSCG00000011147","Significant"
"ENSSSCT00000075682.2",1.34279303290887,-2.45646329131327,3.28721373202884,0.00222806857851967,0.00800991098864806,-1.43588189826459,"ENSSSCT00000075682.2","ENSSSCG00000046723",NA,"ENSSSCG00000046723","Significant"
"ENSSSCT00000053315.1",-1.03304694471682,4.13717470669423,-3.58289947201314,0.000977298349711787,0.00394354398440632,-1.43632288561796,"ENSSSCT00000053315.1","ENSSSCG00000000779","KIF21A","KIF21A","Significant"
"ENSSSCT00000031119.4",-1.18082687284343,5.52912878565414,-3.69369096768884,0.000712760729071287,0.00300321152890156,-1.43779806603453,"ENSSSCT00000031119.4","ENSSSCG00000016535","CALD1","CALD1","Significant"
"ENSSSCT00000094401.1",-1.36933352655814,-3.21807974989579,-3.28975245105449,0.00221263076791922,0.00795990439779744,-1.43793225515672,"ENSSSCT00000094401.1","ENSSSCG00000032266","SLC37A3","SLC37A3","Significant"
"ENSSSCT00000033167.4",-2.36015299328957,2.32999126083796,-3.42495367198558,0.00152308575383051,0.00578098811616881,-1.44084348938524,"ENSSSCT00000033167.4","ENSSSCG00000004414","CD164","CD164","Significant"
"ENSSSCT00000019645.5",1.02104033816404,-2.04653999830762,3.28270558725763,0.00225573580529669,0.00809297032081879,-1.44113745272377,"ENSSSCT00000019645.5","ENSSSCG00000018050",NA,"ENSSSCG00000018050","Significant"
"ENSSSCT00000095586.1",1.06464753951126,-0.202556096926256,3.30318596614904,0.00213262578026137,0.00770866196670084,-1.4432855683314,"ENSSSCT00000095586.1","ENSSSCG00000059965",NA,"ENSSSCG00000059965","Significant"
"ENSSSCT00000008223.4",1.15705706366447,4.51619818016401,3.63830337550184,0.000834957124094087,0.00344637828509477,-1.44614037638371,"ENSSSCT00000008223.4","ENSSSCG00000007508","ZBP1","ZBP1","Significant"
"ENSSSCT00000098109.1",4.11194171988258,0.282425585705226,3.30068654277062,0.00214729933362536,0.0077548236014091,-1.44975934637369,"ENSSSCT00000098109.1","ENSSSCG00000014088","IQGAP2","IQGAP2","Significant"
"ENSSSCT00000014599.5",-1.22946193910032,1.85074440260789,-3.40316964990723,0.00161820786847013,0.00608605944671822,-1.45405283458894,"ENSSSCT00000014599.5","ENSSSCG00000013367","GTF2H1","GTF2H1","Significant"
"ENSSSCT00000070233.2",1.51164890324356,-3.64970432645454,3.28640268938548,0.00223302209344425,0.00802529236493124,-1.4568857953614,"ENSSSCT00000070233.2","ENSSSCG00000044134",NA,"ENSSSCG00000044134","Significant"
"ENSSSCT00000009843.5",-1.51967112150426,-0.410046020638091,-3.28615480306764,0.00223453817512042,0.00802985590891946,-1.45941375123261,"ENSSSCT00000009843.5","ENSSSCG00000008986","SEPTIN11","SEPTIN11","Significant"
"ENSSSCT00000088115.1",-2.68868242038585,-4.70489105283325,-3.28718384830989,0.00222825090992019,0.00800991098864806,-1.4603607935758,"ENSSSCT00000088115.1","ENSSSCG00000016590","SND1","SND1","Significant"
"ENSSSCT00000072995.1",-1.28946344568558,-2.65680269697106,-3.276517037787,0.00229424979794361,0.00821996927606082,-1.46171816065277,"ENSSSCT00000072995.1","ENSSSCG00000041722",NA,"ENSSSCG00000041722","Significant"
"ENSSSCT00000004877.5",-2.4889690162426,-4.57327800239536,-3.2853096944655,0.00223971426992039,0.00804225154807097,-1.46527333366813,"ENSSSCT00000004877.5","ENSSSCG00000004414","CD164","CD164","Significant"
"ENSSSCT00000067422.1",-1.94920031380995,1.2154467568223,-3.34720343380185,0.00188937289764707,0.00695245819247907,-1.46838365409873,"ENSSSCT00000067422.1","ENSSSCG00000008801","SLC30A9","SLC30A9","Significant"
"ENSSSCT00000060375.3",-2.00012795069324,-0.967937807995569,-3.27160705660937,0.00232525179136685,0.00831642270795576,-1.46971038994721,"ENSSSCT00000060375.3","ENSSSCG00000011166","ZMYND11","ZMYND11","Significant"
"ENSSSCT00000054913.3",1.20366480709583,2.66125726432867,3.43868950866479,0.00146588699045914,0.00559384122623241,-1.47919591877682,"ENSSSCT00000054913.3","ENSSSCG00000002243","SLC12A6","SLC12A6","Significant"
"ENSSSCT00000058421.3",2.75675638096879,-4.55713145446643,3.27913471926155,0.00227788296694033,0.00816402069408842,-1.48175212826375,"ENSSSCT00000058421.3","ENSSSCG00000035824","PBRM1","PBRM1","Significant"
"ENSSSCT00000084252.2",4.91304755566715,-0.237174815421348,3.2703468582448,0.00233327292779839,0.00833596652837375,-1.48412701355577,"ENSSSCT00000084252.2","ENSSSCG00000010821","EPRS1","EPRS1","Significant"
"ENSSSCT00000031463.4",1.79380510675148,0.268353951961038,3.30003679348337,0.00215112961116556,0.00776779597324643,-1.48701861914425,"ENSSSCT00000031463.4","ENSSSCG00000030155","PHF10","PHF10","Significant"
"ENSSSCT00000105930.1",-1.10900993530509,-2.86017938183752,-3.26697945791431,0.00235483591832565,0.00840336064135584,-1.48751803802138,"ENSSSCT00000105930.1","ENSSSCG00000052540",NA,"ENSSSCG00000052540","Significant"
"ENSSSCT00000059432.3",2.03632457759812,-0.00843290263617039,3.28252158331167,0.00225687199646195,0.00809494549754076,-1.4886626132075,"ENSSSCT00000059432.3","ENSSSCG00000033624","SRGAP3","SRGAP3","Significant"
"ENSSSCT00000037769.3",2.38805603466899,-0.293363555847016,3.27613164371728,0.00229666888702013,0.00822682843247684,-1.48912976478853,"ENSSSCT00000037769.3","ENSSSCG00000004369","PRDM1","PRDM1","Significant"
"ENSSSCT00000018461.4",-2.32575941003471,-1.968083143057,-3.25980375781187,0.00240142022780836,0.00854572201565858,-1.49042281070839,"ENSSSCT00000018461.4","ENSSSCG00000016954","ERBIN","ERBIN","Significant"
"ENSSSCT00000098948.1",-1.43574906959658,4.15728434221232,-3.57343987900536,0.00100383113448957,0.00403661942635644,-1.49043077043594,"ENSSSCT00000098948.1","ENSSSCG00000004921","ATP8B1","ATP8B1","Significant"
"ENSSSCT00000060671.2",-1.03575915235526,2.10857968236271,-3.39625164757338,0.00164958834903004,0.00618837631248136,-1.49077058649867,"ENSSSCT00000060671.2","ENSSSCG00000021706","KIF21B","KIF21B","Significant"
"ENSSSCT00000034312.3",-3.06366191333147,-2.01125870249606,-3.25851997625927,0.0024098465165623,0.0085672920974809,-1.49160976867246,"ENSSSCT00000034312.3","ENSSSCG00000012416","CHIC1","CHIC1","Significant"
"ENSSSCT00000011029.5",2.45345230784078,0.497964608747055,3.28679866916829,0.00223060230134623,0.00801747959795971,-1.49377522047014,"ENSSSCT00000011029.5","ENSSSCG00000010068","SLC2A11","SLC2A11","Significant"
"ENSSSCT00000099670.1",-1.30821051001237,-1.6467971178706,-3.25650096158701,0.00242315561132183,0.00859960439224306,-1.49658748024488,"ENSSSCT00000099670.1","ENSSSCG00000062552",NA,"ENSSSCG00000062552","Significant"
"ENSSSCT00000013534.6",1.39212949996175,1.74740694453718,3.36410142194069,0.00180322679004297,0.00667943720319939,-1.49725246337249,"ENSSSCT00000013534.6","ENSSSCG00000012377","KIF4A","KIF4A","Significant"
"ENSSSCT00000068372.1",-1.06750922449755,-1.99163399846792,-3.25657252727815,0.00242268266481257,0.00859960439224306,-1.4983672657602,"ENSSSCT00000068372.1","ENSSSCG00000047474",NA,"ENSSSCG00000047474","Significant"
"ENSSSCT00000019255.5",1.59173155170843,-0.911481787219311,3.25657544617711,0.00242266337694563,0.00859960439224306,-1.50034192945579,"ENSSSCT00000019255.5","ENSSSCG00000017690","MRM1","MRM1","Significant"
"ENSSSCT00000004043.5",-2.60404407900237,-1.0447608856513,-3.25936747561226,0.00240428067714475,0.0085531006216724,-1.50093601250996,"ENSSSCT00000004043.5","ENSSSCG00000003644","FHL3","FHL3","Significant"
"ENSSSCT00000065529.3",-1.41646812178989,-5.31024456390767,-3.27561752504102,0.00229989975555791,0.00823749660883335,-1.50106270121993,"ENSSSCT00000065529.3","ENSSSCG00000039049","MAP7","MAP7","Significant"
"ENSSSCT00000046654.2",1.69085708889827,-5.1536548570992,3.27134672029244,0.00232690667013932,0.00831869134574808,-1.50144077260289,"ENSSSCT00000046654.2","ENSSSCG00000004578","ANXA2","ANXA2","Significant"
"ENSSSCT00000101364.1",-2.39681666519388,-3.21047396673095,-3.25616548859975,0.00242537377870377,0.00860560307768611,-1.50340421526295,"ENSSSCT00000101364.1","ENSSSCG00000006089","PTDSS1","PTDSS1","Significant"
"ENSSSCT00000080484.1",-1.41439207337312,1.66787699735425,-3.36017276564109,0.0018229135080426,0.00674010796282843,-1.50758498957271,"ENSSSCT00000080484.1","ENSSSCG00000016792","RETREG1","RETREG1","Significant"
"ENSSSCT00000066495.2",2.80402155745847,-1.18318051293736,3.25150309332585,0.00245640270417712,0.00870054902411631,-1.50787075203453,"ENSSSCT00000066495.2","ENSSSCG00000016611","CADPS2","CADPS2","Significant"
"ENSSSCT00000100906.1",1.9231875568432,-5.11018616127997,3.27107835179748,0.00232861378180682,0.0083217133663275,-1.5080839087709,"ENSSSCT00000100906.1","ENSSSCG00000058172",NA,"ENSSSCG00000058172","Significant"
"ENSSSCT00000068945.2",1.91738247237069,0.830134802836951,3.30584210680468,0.00211713705131396,0.00765861937435264,-1.50907621359036,"ENSSSCT00000068945.2","ENSSSCG00000001501","VPS52","VPS52","Significant"
"ENSSSCT00000056604.3",-1.99794654925319,0.290300788684266,-3.30655644817102,0.00211298987007537,0.0076479365930668,-1.51015544717153,"ENSSSCT00000056604.3","ENSSSCG00000031169",NA,"ENSSSCG00000031169","Significant"
"ENSSSCT00000006156.5",-2.19213051607443,-2.11885759767397,-3.24994362151863,0.00246686531242611,0.00873476071311259,-1.51131781346207,"ENSSSCT00000006156.5","ENSSSCG00000005598","SCAI","SCAI","Significant"
"ENSSSCT00000003544.4",-1.86493138033774,1.34518898701847,-3.3441385662378,0.00190541331242704,0.00700748436754895,-1.51446640232687,"ENSSSCT00000003544.4","ENSSSCG00000003189","PRMT1","PRMT1","Significant"
"ENSSSCT00000054599.3",2.12348244946125,-3.34177784693675,3.25854706824906,0.00240966840379404,0.0085672920974809,-1.51524420954188,"ENSSSCT00000054599.3","ENSSSCG00000008428","MSH2","MSH2","Significant"
"ENSSSCT00000090920.2",-1.8742948307575,3.36228026343605,-3.39639898318983,0.00164891399434507,0.00618655832815037,-1.51651476275242,"ENSSSCT00000090920.2","ENSSSCG00000016434","RHEB","RHEB","Significant"
"ENSSSCT00000053446.3",-2.76584444115353,-1.88862454296966,-3.24574337997343,0.00249525648108943,0.00881900729641625,-1.52095551285647,"ENSSSCT00000053446.3","ENSSSCG00000040682","MAPK3","MAPK3","Significant"
"ENSSSCT00000008633.5",3.06993066574014,-3.18394130965177,3.25370943725789,0.00244167233860115,0.00865589702378515,-1.52112746135454,"ENSSSCT00000008633.5","ENSSSCG00000007878","PARN","PARN","Significant"
"ENSSSCT00000016733.5",1.76700770937753,-4.84034019666093,3.26282519505764,0.00238169919318554,0.00848387637874154,-1.5231607733107,"ENSSSCT00000016733.5","ENSSSCG00000015358","CRPPA","CRPPA","Significant"
"ENSSSCT00000067358.2",3.93541657723498,2.66349570846045,3.28581527924024,0.00223661630791767,0.00803555240808239,-1.5262194035901,"ENSSSCT00000067358.2","ENSSSCG00000006899","RPL5","RPL5","Significant"
"ENSSSCT00000004165.5",1.44505262595865,3.90985251386598,3.53318487037084,0.00112470235159124,0.00445508388668214,-1.52674095346069,"ENSSSCT00000004165.5","ENSSSCG00000003763","IFI44","IFI44","Significant"
"ENSSSCT00000005541.3",1.59517014399651,-3.04143318857581,3.24864178337959,0.00247563191891652,0.00875724238736618,-1.52814187233303,"ENSSSCT00000005541.3","ENSSSCG00000005025","TRIM9","TRIM9","Significant"
"ENSSSCT00000104516.1",1.99012595326524,-1.69116265958005,3.24372143792964,0.00250903427704883,0.00885502382122276,-1.52828965711171,"ENSSSCT00000104516.1","ENSSSCG00000014366","APBB3","APBB3","Significant"
"ENSSSCT00000100974.1",-1.95341071260229,-5.04977888316601,-3.25471321938087,0.00243499859411107,0.00863693365561327,-1.52975056491741,"ENSSSCT00000100974.1","ENSSSCG00000003913","MAST2","MAST2","Significant"
"ENSSSCT00000097365.1",3.12956222861056,-2.96157050558486,3.24078181606082,0.0025291945055167,0.00891768764549221,-1.5323514552855,"ENSSSCT00000097365.1","ENSSSCG00000001708","CDC5L","CDC5L","Significant"
"ENSSSCT00000000576.4",-3.1581308543187,-2.07915770611603,-3.2423006793544,0.00251875881127421,0.00888473572246936,-1.53366519742503,"ENSSSCT00000000576.4","ENSSSCG00000000534","IPO8","IPO8","Significant"
"ENSSSCT00000006228.5",-1.60982117587725,-0.249726739366161,-3.25589330715825,0.002427174879423,0.00861105655807482,-1.53498561588436,"ENSSSCT00000006228.5","ENSSSCG00000005665","PHYHD1","PHYHD1","Significant"
"ENSSSCT00000066153.3",1.66732470783708,0.993818309737528,3.29639360069471,0.00217272728414563,0.0078345056815178,-1.5374683175974,"ENSSSCT00000066153.3","ENSSSCG00000008186","TSGA10","TSGA10","Significant"
"ENSSSCT00000077083.1",1.22347507984698,-2.09736326799144,3.23814434427857,0.00254741369427838,0.00897416273238816,-1.53944053046797,"ENSSSCT00000077083.1","ENSSSCG00000044927",NA,"ENSSSCG00000044927","Significant"
"ENSSSCT00000089131.2",-2.24060944974906,-0.249486075204464,-3.27059477330035,0.00233169287324455,0.00833123445909755,-1.54102174150737,"ENSSSCT00000089131.2","ENSSSCG00000022982","VPS50","VPS50","Significant"
"ENSSSCT00000041138.2",-1.91471894294381,-4.90256396143371,-3.25284558412642,0.00244742969304141,0.00867253534528011,-1.54241181960363,"ENSSSCT00000041138.2","ENSSSCG00000031636",NA,"ENSSSCG00000031636","Significant"
"ENSSSCT00000012331.4",1.67847799846827,0.969899532453447,3.30594772948896,0.00211652335916933,0.007658579799215,-1.54490856227488,"ENSSSCT00000012331.4","ENSSSCG00000011263","TTC21A","TTC21A","Significant"
"ENSSSCT00000040172.3",-2.40644583127646,-1.97684718394546,-3.2363381700945,0.00255996240613768,0.00900863618885192,-1.54705399903703,"ENSSSCT00000040172.3","ENSSSCG00000034049","TRIM16","TRIM16","Significant"
"ENSSSCT00000101893.1",-1.03674835151956,0.194646851547518,-3.26882401461658,0.00234300097910199,0.00836797063453185,-1.54718519714045,"ENSSSCT00000101893.1","ENSSSCG00000015539","STX6","STX6","Significant"
"ENSSSCT00000054592.3",3.50121144760338,-1.92125100194004,3.2336450114278,0.00257878289804949,0.00906801527264944,-1.54849877721224,"ENSSSCT00000054592.3","ENSSSCG00000022177","DIS3L2","DIS3L2","Significant"
"ENSSSCT00000018355.5",1.70381088284771,-3.1337064100973,3.23977939978518,0.00253610436147744,0.00894011748314524,-1.54873865238084,"ENSSSCT00000018355.5","ENSSSCG00000016855","FYB1","FYB1","Significant"
"ENSSSCT00000090461.2",4.77576151046085,-0.21080885553864,3.23959072910663,0.0025374069136829,0.00894277537711785,-1.5496927508793,"ENSSSCT00000090461.2","ENSSSCG00000003105","SLC1A5","SLC1A5","Significant"
"ENSSSCT00000078864.2",1.99874563086278,-2.79508092222614,3.23654316817507,0.00255853519220866,0.00900458564408151,-1.55231704124371,"ENSSSCT00000078864.2","ENSSSCG00000050616","PGF","PGF","Significant"
"ENSSSCT00000050856.3",1.56060848048231,4.73510883766263,3.44819522908485,0.00142751534002528,0.00546275940682913,-1.55257482766863,"ENSSSCT00000050856.3","ENSSSCG00000025295","NDFIP1","NDFIP1","Significant"
"ENSSSCT00000043447.3",2.95283410438727,-3.76873890062682,3.23615096230653,0.00256126642435385,0.00901225237423192,-1.55467125210098,"ENSSSCT00000043447.3","ENSSSCG00000026025","HMGCL","HMGCL","Significant"
"ENSSSCT00000101905.1",-3.04953450442474,-1.2195094724743,-3.24657766560347,0.00248959255767932,0.00880089729486896,-1.55720978069651,"ENSSSCT00000101905.1","ENSSSCG00000021821","MYO1C","MYO1C","Significant"
"ENSSSCT00000098157.1",2.53557849783462,-4.22833457985676,3.23968289466791,0.00253677053785548,0.00894149909364758,-1.56035810266965,"ENSSSCT00000098157.1","ENSSSCG00000008979","NUP54","NUP54","Significant"
"ENSSSCT00000099378.1",3.3971601040561,-3.79886024917961,3.23023282099556,0.00260281728319227,0.00913971509975238,-1.56132558147307,"ENSSSCT00000099378.1","ENSSSCG00000024168","AIMP1","AIMP1","Significant"
"ENSSSCT00000054433.3",1.55375289771844,-2.32142094292083,3.22880856696963,0.00261291218617911,0.00916825106738957,-1.56134288381179,"ENSSSCT00000054433.3","ENSSSCG00000009002","TLR2","TLR2","Significant"
"ENSSSCT00000004218.5",1.43319569586214,-3.30073416143199,3.23328246192109,0.00258132652014206,0.0090750021417632,-1.5651707663282,"ENSSSCT00000004218.5","ENSSSCG00000003811","ROR1","ROR1","Significant"
"ENSSSCT00000048746.3",1.48812893261977,-3.71196072922281,3.23509555585753,0.00256862981870618,0.0090350332177834,-1.56535480668801,"ENSSSCT00000048746.3","ENSSSCG00000040253",NA,"ENSSSCG00000040253","Significant"
"ENSSSCT00000049737.3",1.26725327381084,-1.17930809307173,3.2254885802262,0.00263658856058802,0.00923840230299967,-1.56667332495952,"ENSSSCT00000049737.3","ENSSSCG00000005393","PLPPR1","PLPPR1","Significant"
"ENSSSCT00000057168.3",1.22932208586985,-3.25756266613934,3.22756919938081,0.00262172693842532,0.00919443368207945,-1.56817383349676,"ENSSSCT00000057168.3","ENSSSCG00000034262","FIGN","FIGN","Significant"
"ENSSSCT00000038788.3",-1.0905436228986,2.32025731848291,-3.39465649226388,0.00165690629527809,0.00621011298439438,-1.5684065752259,"ENSSSCT00000038788.3","ENSSSCG00000003407","CASZ1","CASZ1","Significant"
"ENSSSCT00000023036.4",-2.94543373526533,-2.72814112320224,-3.22406917907519,0.00264677312152069,0.00926811200236929,-1.56985727976546,"ENSSSCT00000023036.4","ENSSSCG00000021906","SYT7","SYT7","Significant"
"ENSSSCT00000048385.3",-2.5936310396786,1.47982253948691,-3.29090007486048,0.00220568565705601,0.00793754692744525,-1.57167570475848,"ENSSSCT00000048385.3","ENSSSCG00000000522","NAP1L1","NAP1L1","Significant"
"ENSSSCT00000102365.1",2.94486341775989,0.880057882049049,3.24480186057892,0.00250166314176796,0.00883328934932301,-1.57259132608938,"ENSSSCT00000102365.1","ENSSSCG00000021408","TKT","TKT","Significant"
"ENSSSCT00000044730.3",-2.30164509754487,-0.270885594236261,-3.24517471195333,0.00249912416774507,0.00882789213056992,-1.57365407395114,"ENSSSCT00000044730.3","ENSSSCG00000015961","CDCA7","CDCA7","Significant"
"ENSSSCT00000093422.1",1.11945743043972,-2.05447055635582,3.22147130417698,0.00266551051627864,0.00932471152998089,-1.57854417207273,"ENSSSCT00000093422.1","ENSSSCG00000038938","FIS1","FIS1","Significant"
"ENSSSCT00000063492.3",-2.60152935682736,-4.46863764781128,-3.23154958299004,0.00259351728641803,0.00911294725793441,-1.58015324519809,"ENSSSCT00000063492.3","ENSSSCG00000010604","SH3PXD2A","SH3PXD2A","Significant"
"ENSSSCT00000055065.2",-1.10557316307026,0.0152996670126932,-3.2558073955291,0.00242774364513082,0.00861213728711188,-1.58183021065636,"ENSSSCT00000055065.2","ENSSSCG00000004404",NA,"ENSSSCG00000004404","Significant"
"ENSSSCT00000063943.3",2.74695079777431,-1.60630759475494,3.22185978257691,0.00266270058293728,0.00931688021099884,-1.58386094442733,"ENSSSCT00000063943.3","ENSSSCG00000017950","TP53","TP53","Significant"
"ENSSSCT00000055448.3",-1.50505682594397,2.61897027556068,-3.38362851915652,0.0017083550556146,0.00637363636952263,-1.58508203467298,"ENSSSCT00000055448.3","ENSSSCG00000027745","ABCG1","ABCG1","Significant"
"ENSSSCT00000026993.4",1.12359510135572,-0.0104489883783437,3.24557358352671,0.00249641072202352,0.00882117429076135,-1.58715656945801,"ENSSSCT00000026993.4","ENSSSCG00000029635","GRIN3B","GRIN3B","Significant"
"ENSSSCT00000047761.2",2.00012088802944,-4.34592090484874,3.23059502907375,0.00260025592974433,0.00913367208935403,-1.5875623207457,"ENSSSCT00000047761.2","ENSSSCG00000008259","LRRTM4","LRRTM4","Significant"
"ENSSSCT00000103630.1",1.28782719997753,-3.51147056660162,3.22387294207614,0.00264818411215752,0.00927114000753263,-1.5915888594266,"ENSSSCT00000103630.1","ENSSSCG00000063167",NA,"ENSSSCG00000063167","Significant"
"ENSSSCT00000036773.3",-1.944864933269,0.147077177359782,-3.25650316364553,0.0024231410575643,0.00859960439224306,-1.59493885844809,"ENSSSCT00000036773.3","ENSSSCG00000020878","HNRNPLL","HNRNPLL","Significant"
"ENSSSCT00000019357.4",-2.0587078330535,-0.381623833289415,-3.22778002066354,0.00262022552054077,0.00919094490281993,-1.59538888142765,"ENSSSCT00000019357.4","ENSSSCG00000017785","NUFIP2","NUFIP2","Significant"
"ENSSSCT00000045143.2",-1.46065473995531,-0.406804005121324,-3.22580925522774,0.00263429280421563,0.00923135023523715,-1.59701221617745,"ENSSSCT00000045143.2","ENSSSCG00000001800","TM6SF1","TM6SF1","Significant"
"ENSSSCT00000103001.1",2.8991285624886,-4.46557329711776,3.22447270956148,0.00264387388815476,0.00925994889347921,-1.59742346386937,"ENSSSCT00000103001.1","ENSSSCG00000002799","CNOT1","CNOT1","Significant"
"ENSSSCT00000015889.5",-2.57177780729973,-1.93159063275408,-3.21599872889921,0.0027053955206714,0.00944599652559116,-1.59832668057626,"ENSSSCT00000015889.5","ENSSSCG00000014539","ZFP62","ZFP62","Significant"
"ENSSSCT00000053572.1",2.3669254053563,-1.51215576480619,3.21128239104971,0.00274022358430961,0.00954791478297993,-1.59899005070986,"ENSSSCT00000053572.1","ENSSSCG00000009768","TCTN2","TCTN2","Significant"
"ENSSSCT00000081789.1",-1.0398839355031,-1.98357817621706,-3.21046304304782,0.00274631739732654,0.00956327378216753,-1.6006921675715,"ENSSSCT00000081789.1","ENSSSCG00000042798",NA,"ENSSSCG00000042798","Significant"
"ENSSSCT00000090869.1",-1.29844737730208,-4.07679247997634,-3.21637914164232,0.00270260475961916,0.00943827394843865,-1.60412901104592,"ENSSSCT00000090869.1","ENSSSCG00000010473","EXOC6","EXOC6","Significant"
"ENSSSCT00000061520.2",-2.59949842290514,-2.2124100717127,-3.20951412983088,0.00275339093634248,0.00958415769943003,-1.6052190087022,"ENSSSCT00000061520.2","ENSSSCG00000039021","LSM2","LSM2","Significant"
"ENSSSCT00000034968.3",-1.64755061684405,1.42222444070827,-3.3033366138425,0.00213174442527586,0.0077066426742619,-1.60830412760302,"ENSSSCT00000034968.3","ENSSSCG00000002669","CRISPLD2","CRISPLD2","Significant"
"ENSSSCT00000042460.3",1.48864728172897,-1.68167932394533,3.20588300976813,0.00278061885735809,0.00965899182029653,-1.61127668083202,"ENSSSCT00000042460.3","ENSSSCG00000021640","ZNF354C","ZNF354C","Significant"
"ENSSSCT00000090071.2",-2.21082137890043,-0.43121714748889,-3.22186857775691,0.00266263699846018,0.00931688021099884,-1.61139924942181,"ENSSSCT00000090071.2","ENSSSCG00000031572","MFF","MFF","Significant"
"ENSSSCT00000039757.3",-2.60482233100894,2.4694633923929,-3.31142211161355,0.00208494731623008,0.00756062977403689,-1.61442754756141,"ENSSSCT00000039757.3","ENSSSCG00000001554","SRPK1","SRPK1","Significant"
"ENSSSCT00000059975.3",1.51933613527861,-0.120806972335986,3.23506416188202,0.00256884915743014,0.0090350332177834,-1.61689866176359,"ENSSSCT00000059975.3","ENSSSCG00000036758","HSPA12A","HSPA12A","Significant"
"ENSSSCT00000000868.5",1.09194103999541,-2.06531949745453,3.20295977575898,0.00280272443622365,0.00972127952325913,-1.61865739267563,"ENSSSCT00000000868.5","ENSSSCG00000000801","TMEM117","TMEM117","Significant"
"ENSSSCT00000010767.5",1.39402741615546,-2.6836903136594,3.20472737728134,0.00278933790549917,0.00968618309414153,-1.61934208359726,"ENSSSCT00000010767.5","ENSSSCG00000009824","RAD9B","RAD9B","Significant"
"ENSSSCT00000082874.1",-1.02999956635443,-1.08724710602511,-3.20527435936424,0.0027852077861739,0.00967287118240453,-1.62108251691511,"ENSSSCT00000082874.1","ENSSSCG00000003580","EYA3","EYA3","Significant"
"ENSSSCT00000049527.3",5.17796966338822,-0.751459847448115,3.20105450239293,0.0028172219533271,0.00976325516223181,-1.62194088586457,"ENSSSCT00000049527.3","ENSSSCG00000016379","HDLBP","HDLBP","Significant"
"ENSSSCT00000066666.2",-1.91213784430739,-4.34658258312375,-3.21110819469633,0.00274151807416725,0.00954962129168258,-1.6219541997799,"ENSSSCT00000066666.2","ENSSSCG00000013633","CARM1","CARM1","Significant"
"ENSSSCT00000054779.2",1.34750604589095,-1.98375977125015,3.20186884836556,0.00281101677170721,0.00974485814191832,-1.62223551954018,"ENSSSCT00000054779.2","ENSSSCG00000036011","ISLR2","ISLR2","Significant"
"ENSSSCT00000063267.3",-1.17649303159122,1.30928574691756,-3.28226590567803,0.00225845166550908,0.00809972039404444,-1.62323589644279,"ENSSSCT00000063267.3","ENSSSCG00000015393","DMTF1","DMTF1","Significant"
"ENSSSCT00000016707.6",1.46666762798707,-0.0661655223000717,3.22056675224975,0.00267206423308467,0.00934563208061495,-1.62752708074599,"ENSSSCT00000016707.6","ENSSSCG00000015334","PDK4","PDK4","Significant"
"ENSSSCT00000046749.3",-1.49493162505598,-1.25385612703545,-3.20579446346496,0.00278128600659633,0.00966028006381875,-1.62753332731307,"ENSSSCT00000046749.3","ENSSSCG00000039854","TLCD4","TLCD4","Significant"
"ENSSSCT00000061372.3",1.29620738261968,-3.10316515746322,3.20052998981247,0.00282122554153214,0.00977609071698522,-1.6287693514098,"ENSSSCT00000061372.3","ENSSSCG00000005085","C14orf39","C14orf39","Significant"
"ENSSSCT00000058866.3",1.809403102175,-0.705429710408972,3.20731124385608,0.00276987886357748,0.00963136962050366,-1.63048405165369,"ENSSSCT00000058866.3","ENSSSCG00000008404","MTIF2","MTIF2","Significant"
"ENSSSCT00000081586.2",-1.33082423829102,2.09491674900841,-3.37468409871993,0.00175120282660153,0.00650965875709911,-1.63337120974163,"ENSSSCT00000081586.2","ENSSSCG00000025766","SLC10A3","SLC10A3","Significant"
"ENSSSCT00000094675.1",1.95330692634913,-2.7112703152998,3.19490525511616,0.00286450016933111,0.00989764344222886,-1.63587168149983,"ENSSSCT00000094675.1","ENSSSCG00000034618","ZMYM6","ZMYM6","Significant"
"ENSSSCT00000068010.1",-1.29854402290921,-1.84558672850491,-3.19791090617566,0.00284129795079225,0.00983276307351606,-1.63688983787474,"ENSSSCT00000068010.1","ENSSSCG00000003527","EPHB2","EPHB2","Significant"
"ENSSSCT00000022419.4",1.47910042905447,-2.9000401845438,3.19943231367987,0.00282962157148505,0.00980310080934,-1.63732082156899,"ENSSSCT00000022419.4","ENSSSCG00000026176","CHRM3","CHRM3","Significant"
"ENSSSCT00000042007.3",1.67182740610443,-2.63277640621252,3.19743444558526,0.00284496405642785,0.0098395256280655,-1.63738456454746,"ENSSSCT00000042007.3","ENSSSCG00000062058",NA,"ENSSSCG00000062058","Significant"
"ENSSSCT00000098237.1",-1.79540206174981,-0.00942862909862198,-3.22331924911912,0.00265216915415299,0.00928401579364441,-1.6385204853019,"ENSSSCT00000098237.1","ENSSSCG00000010470","IDE","IDE","Significant"
"ENSSSCT00000078262.1",-1.26146945750351,-3.23248720008099,-3.19841540831045,0.00283742097338781,0.00982385827931784,-1.63955236961223,"ENSSSCT00000078262.1","ENSSSCG00000049289",NA,"ENSSSCG00000049289","Significant"
"ENSSSCT00000016776.5",2.40940621459371,-3.58794911185834,3.19359638870886,0.00287466016247123,0.00992643718885957,-1.64513176615394,"ENSSSCT00000016776.5","ENSSSCG00000015401",NA,"ENSSSCG00000015401","Significant"
"ENSSSCT00000080435.2",-1.63666105018865,-0.14384408192585,-3.23768078709536,0.0025506287434231,0.00898257718195795,-1.64543100555406,"ENSSSCT00000080435.2","ENSSSCG00000013650","RAVER1","RAVER1","Significant"
"ENSSSCT00000076151.2",2.07945616835489,2.66167811558858,3.34196818640712,0.00191685091859716,0.00703715880530817,-1.64799474332919,"ENSSSCT00000076151.2","ENSSSCG00000027859","HDAC7","HDAC7","Significant"
"ENSSSCT00000085059.1",1.27681090627909,1.07118549660086,3.27145448446567,0.00232622150998087,0.00831869134574808,-1.64981278162586,"ENSSSCT00000085059.1","ENSSSCG00000016975","PTCD2","PTCD2","Significant"
"ENSSSCT00000062512.3",1.68026099019629,-3.36195712765971,3.19267314602337,0.00288184735474978,0.00994493555824109,-1.65191098187054,"ENSSSCT00000062512.3","ENSSSCG00000016742","MYO1G","MYO1G","Significant"
"ENSSSCT00000106525.1",1.05347575681424,-1.87186372154662,3.18399608113431,0.00295023507218518,0.0101508510229554,-1.66063960622817,"ENSSSCT00000106525.1","ENSSSCG00000057216",NA,"ENSSSCG00000057216","Significant"
"ENSSSCT00000077770.2",1.70767161705478,-5.21049290564732,3.19809824597148,0.00283985770247638,0.00983020708477969,-1.66313268061716,"ENSSSCT00000077770.2","ENSSSCG00000062050","TUBB2A","TUBB2A","Significant"
"ENSSSCT00000064087.3",-1.18254722130182,1.74542622055025,-3.30203352096537,0.00213937960146393,0.00772793402682582,-1.66665062624939,"ENSSSCT00000064087.3","ENSSSCG00000035028","GRK6","GRK6","Significant"
"ENSSSCT00000010920.5",1.42756030000587,-3.43987620844499,3.18761526700888,0.00292152541954496,0.0100658791904094,-1.67009416946346,"ENSSSCT00000010920.5","ENSSSCG00000009964","CRYBB1","CRYBB1","Significant"
"ENSSSCT00000041984.3",3.09992857095912,-2.7167881594169,3.17977071523468,0.00298409227278425,0.0102489565429114,-1.67028375645851,"ENSSSCT00000041984.3","ENSSSCG00000031169",NA,"ENSSSCG00000031169","Significant"
"ENSSSCT00000033236.4",2.25449180830546,-2.40207822987326,3.18189866140831,0.00296699552283268,0.0102009830250381,-1.67129049813604,"ENSSSCT00000033236.4","ENSSSCG00000017255","ABCA5","ABCA5","Significant"
"ENSSSCT00000058313.3",-1.60013340283446,-0.873728660712131,-3.18604986889902,0.00293391042718945,0.0101021454818972,-1.67493500061913,"ENSSSCT00000058313.3","ENSSSCG00000015097","DDX6","DDX6","Significant"
"ENSSSCT00000067109.1",1.57985233240478,-3.69124520812785,3.18347732696328,0.0029543720415357,0.0101619947596421,-1.68153472523965,"ENSSSCT00000067109.1","ENSSSCG00000014871","TSKU","TSKU","Significant"
"ENSSSCT00000066479.2",3.17430044770547,-2.41550877823203,3.17450296501156,0.0030268186660342,0.0103694857399789,-1.68187495482454,"ENSSSCT00000066479.2","ENSSSCG00000038533","NAPG","NAPG","Significant"
"ENSSSCT00000079062.1",1.37480357157231,-2.19225413604527,3.17376870923081,0.00303282007788632,0.0103845899831344,-1.68393562748445,"ENSSSCT00000079062.1","ENSSSCG00000043030",NA,"ENSSSCG00000043030","Significant"
"ENSSSCT00000004093.5",-1.33570223311586,-1.24467455515925,-3.1728676444088,0.00304020033157361,0.0104018021916649,-1.68756856466394,"ENSSSCT00000004093.5","ENSSSCG00000003694","EMILIN2","EMILIN2","Significant"
"ENSSSCT00000052411.3",1.17907393157694,-1.72131762282383,3.17107675531797,0.00305491940697481,0.0104405233066045,-1.68951702215542,"ENSSSCT00000052411.3","ENSSSCG00000038619","PAFAH2","PAFAH2","Significant"
"ENSSSCT00000044709.2",-2.19224108691236,4.03603832448089,-3.46207007341457,0.00137323185722678,0.00529480268129399,-1.69153988383269,"ENSSSCT00000044709.2","ENSSSCG00000011471","FLNB","FLNB","Significant"
"ENSSSCT00000046687.3",-1.24439881300836,2.4505491006197,-3.32427767503201,0.00201255506088899,0.00732173010547028,-1.69340080163135,"ENSSSCT00000046687.3","ENSSSCG00000021893","ROCK1","ROCK1","Significant"
"ENSSSCT00000039750.1",-1.93970306553225,0.26768451700732,-3.22028477869403,0.00267411033674455,0.00935015426181396,-1.69399335558652,"ENSSSCT00000039750.1","ENSSSCG00000011854","LRCH3","LRCH3","Significant"
"ENSSSCT00000032386.4",2.07966689486051,-1.85555924752135,3.16799631663467,0.00308039544562715,0.0105187697014273,-1.69771154855687,"ENSSSCT00000032386.4","ENSSSCG00000024071","SCARF1","SCARF1","Significant"
"ENSSSCT00000014485.5",-1.16593867057508,-1.56666792818974,-3.16596695726856,0.00309728879368776,0.0105709205306601,-1.70108551967152,"ENSSSCT00000014485.5","ENSSSCG00000013261","CHRM4","CHRM4","Significant"
"ENSSSCT00000063290.3",-2.0771860131688,-3.66323597421452,-3.17198854621299,0.00304741709023588,0.0104181594641974,-1.70315189061279,"ENSSSCT00000063290.3","ENSSSCG00000029697","FAM120B","FAM120B","Significant"
"ENSSSCT00000031028.4",2.87779463052046,-4.11039791571591,3.17379241881512,0.00303262611216435,0.0103845899831344,-1.70512133971979,"ENSSSCT00000031028.4","ENSSSCG00000002436","TTC7B","TTC7B","Significant"
"ENSSSCT00000083562.2",-2.72863453846105,0.0522845567962825,-3.20620345525781,0.00277820574221103,0.00965266624243907,-1.70572665501142,"ENSSSCT00000083562.2","ENSSSCG00000009334","HSPH1","HSPH1","Significant"
"ENSSSCT00000072207.2",-2.44963537118893,1.93937590440577,-3.2332370370635,0.0025816453860159,0.00907514460007142,-1.71103770028916,"ENSSSCT00000072207.2","ENSSSCG00000008115",NA,"ENSSSCG00000008115","Significant"
"ENSSSCT00000028391.3",-1.14524681749306,2.74867220770368,-3.38241629085563,0.00171410283783681,0.00639069284446327,-1.71165346372493,"ENSSSCT00000028391.3","ENSSSCG00000027745","ABCG1","ABCG1","Significant"
"ENSSSCT00000009798.5",1.56496310415869,-0.106699135931024,3.17716544934571,0.00300515135726204,0.0103115086142046,-1.71190958371084,"ENSSSCT00000009798.5","ENSSSCG00000008944","NPFFR2","NPFFR2","Significant"
"ENSSSCT00000089178.2",1.52285524432102,-3.85659228141932,3.16982199178292,0.00306527240267513,0.0104726125345091,-1.71283356453815,"ENSSSCT00000089178.2","ENSSSCG00000017006","LCP2","LCP2","Significant"
"ENSSSCT00000009428.5",-1.30260473460548,-2.39010905993953,-3.16091681849405,0.00313971090568543,0.0106827258688023,-1.71388716260679,"ENSSSCT00000009428.5","ENSSSCG00000008617","CYRIA","CYRIA","Significant"
"ENSSSCT00000024998.4",1.02485596089453,-1.7182029814697,3.15986572897423,0.00314860928254728,0.0107090816866442,-1.71529973195109,"ENSSSCT00000024998.4","ENSSSCG00000028139","CCDC154","CCDC154","Significant"
"ENSSSCT00000107884.1",1.23361805075003,-2.87135118994915,3.16324369839777,0.00312009665339196,0.0106297971666263,-1.71567377467318,"ENSSSCT00000107884.1","ENSSSCG00000063586",NA,"ENSSSCG00000063586","Significant"
"ENSSSCT00000040584.2",-2.81932423050553,-2.58952490724331,-3.15950439189333,0.00315167383333131,0.0107161511796782,-1.71672298109202,"ENSSSCT00000040584.2","ENSSSCG00000026488","UBE2E1","UBE2E1","Significant"
"ENSSSCT00000102302.1",1.31485933310544,-3.17908045040534,3.16325424572703,0.00312000801073163,0.0106297971666263,-1.71741159324134,"ENSSSCT00000102302.1","ENSSSCG00000052292",NA,"ENSSSCG00000052292","Significant"
"ENSSSCT00000099562.1",-1.23051813270755,0.750361317489259,-3.20729399025738,0.00277000837110363,0.00963136962050366,-1.72189755909857,"ENSSSCT00000099562.1","ENSSSCG00000029602","WDR37","WDR37","Significant"
"ENSSSCT00000010934.5",-2.82271499626095,0.169780710331822,-3.18347270608879,0.00295440891690122,0.0101619947596421,-1.72355947262473,"ENSSSCT00000010934.5","ENSSSCG00000009978","AP1B1","AP1B1","Significant"
"ENSSSCT00000068510.2",2.42940633835651,-0.895522262744546,3.17317414398102,0.0030376880080276,0.0103968905956049,-1.72371353825561,"ENSSSCT00000068510.2","ENSSSCG00000037046","TUBB4B","TUBB4B","Significant"
"ENSSSCT00000086792.1",-1.56829999945093,-3.96523767714976,-3.16108961551949,0.00313825031541006,0.0106794189837835,-1.72414981706787,"ENSSSCT00000086792.1","ENSSSCG00000023948","UBTD2","UBTD2","Significant"
"ENSSSCT00000046625.3",2.4181930158739,-3.3769300954563,3.1578305006716,0.00316590728867165,0.0107522126291511,-1.72608828193893,"ENSSSCT00000046625.3","ENSSSCG00000000119","EIF3L","EIF3L","Significant"
"ENSSSCT00000028109.4",-1.55036626878625,-2.67722773246293,-3.15959157424681,0.00315093416862571,0.0107158712458405,-1.72611922494616,"ENSSSCT00000028109.4","ENSSSCG00000023909","THPO","THPO","Significant"
"ENSSSCT00000103476.1",1.0345986996131,-2.06673076833457,3.15413286496411,0.00319756546653887,0.0108432935199245,-1.72994072734261,"ENSSSCT00000103476.1","ENSSSCG00000003271","TTYH1","TTYH1","Significant"
"ENSSSCT00000056435.3",1.45176947218034,5.08382355554643,3.55412729426483,0.00106017066398446,0.00423756336012618,-1.73044848260133,"ENSSSCT00000056435.3","ENSSSCG00000015268","FMO1","FMO1","Significant"
"ENSSSCT00000037430.3",-1.64295634026114,2.73866564834561,-3.34030232260554,0.00192567426426879,0.00706080563565221,-1.7315287333735,"ENSSSCT00000037430.3","ENSSSCG00000013876","MYO9B","MYO9B","Significant"
"ENSSSCT00000047680.3",-3.36505609627795,-1.40128520957988,-3.1582544542659,0.00316229656603704,0.0107433069958395,-1.73256082173073,"ENSSSCT00000047680.3","ENSSSCG00000009474","SCEL","SCEL","Significant"
"ENSSSCT00000027321.4",1.21887499382689,-2.58644252895776,3.15450078382716,0.00319440204308005,0.0108354436342678,-1.73364179176775,"ENSSSCT00000027321.4","ENSSSCG00000021374","FXYD7","FXYD7","Significant"
"ENSSSCT00000092388.1",2.06810940081435,-2.26062917384046,3.15397692272196,0.0031989071783847,0.0108462114854466,-1.73478818259378,"ENSSSCT00000092388.1","ENSSSCG00000000910","CRADD","CRADD","Significant"
"ENSSSCT00000105998.1",-1.60584094613226,-1.25419449508639,-3.15738220421959,0.00316972958762885,0.0107618310397846,-1.7357488113542,"ENSSSCT00000105998.1","ENSSSCG00000026294","GMFB","GMFB","Significant"
"ENSSSCT00000017893.4",-1.97573945595286,-3.03564515724963,-3.15083811911744,0.00322602692618918,0.0109279357819711,-1.73734556387023,"ENSSSCT00000017893.4","ENSSSCG00000016432","PRKAG2","PRKAG2","Significant"
"ENSSSCT00000074575.2",2.01837798844144,-1.37985417423808,3.14946545072403,0.00323795538314991,0.0109580960465248,-1.73849943559911,"ENSSSCT00000074575.2","ENSSSCG00000035818","FHIT","FHIT","Significant"
"ENSSSCT00000032697.5",1.06636937443578,-0.179754367398596,3.17332347817613,0.00303646465568906,0.0103948859338603,-1.73878860033356,"ENSSSCT00000032697.5","ENSSSCG00000001391","CCHCR1","CCHCR1","Significant"
"ENSSSCT00000033120.4",-1.86146113404089,-0.585481483482208,-3.19058592922812,0.00289815873130125,0.00999487701241231,-1.73987513217132,"ENSSSCT00000033120.4","ENSSSCG00000022372","SLC6A14","SLC6A14","Significant"
"ENSSSCT00000053147.2",-1.36979583860518,0.733461846343785,-3.19122743134243,0.00289313614987329,0.00998072278388201,-1.7412765584495,"ENSSSCT00000053147.2","ENSSSCG00000033421",NA,"ENSSSCG00000033421","Significant"
"ENSSSCT00000009054.5",1.16930924991004,4.54044926430535,3.49148882590304,0.00126461301235638,0.00492139444436231,-1.74426791638477,"ENSSSCT00000009054.5","ENSSSCG00000008268","AUP1","AUP1","Significant"
"ENSSSCT00000012997.5",1.11420079264312,0.749626545635893,3.21134401349342,0.00273976579407423,0.00954759768597649,-1.74446262435667,"ENSSSCT00000012997.5","ENSSSCG00000011881","IQCB1","IQCB1","Significant"
"ENSSSCT00000106377.1",-1.8678439514604,-4.71257754930082,-3.15688361106685,0.00317398587105842,0.0107740245735809,-1.7456308065717,"ENSSSCT00000106377.1","ENSSSCG00000045502","WDFY4","WDFY4","Significant"
"ENSSSCT00000089427.1",-1.29875382932515,-3.39124361955655,-3.15008273749418,0.00323258600992137,0.0109433323920129,-1.74618842284008,"ENSSSCT00000089427.1","ENSSSCG00000044843",NA,"ENSSSCG00000044843","Significant"
"ENSSSCT00000087526.2",1.57609653802021,-1.17934391623039,3.1483457344409,0.00324771664920847,0.0109877092073045,-1.74682410929749,"ENSSSCT00000087526.2","ENSSSCG00000003229","ETFB","ETFB","Significant"
"ENSSSCT00000086318.2",2.9557192923419,-3.73343966652993,3.1478852815989,0.00325173879396854,0.0109990343021631,-1.74712705771694,"ENSSSCT00000086318.2","ENSSSCG00000012621","UBE2A","UBE2A","Significant"
"ENSSSCT00000002063.5",-1.16664827673818,1.75325195230695,-3.29506643295693,0.00218064631335274,0.00785958350658333,-1.74718924354358,"ENSSSCT00000002063.5","ENSSSCG00000001841","RHCG","RHCG","Significant"
"ENSSSCT00000096911.1",-1.07742757480155,2.73650700961466,-3.35385127066737,0.00185502291031984,0.00684098710191925,-1.74993984146399,"ENSSSCT00000096911.1","ENSSSCG00000014269","FNIP1","FNIP1","Significant"
"ENSSSCT00000019023.5",1.13908368543704,4.72729142449402,3.51703525330982,0.00117702923751428,0.00462973353358855,-1.7528381145373,"ENSSSCT00000019023.5","ENSSSCG00000017473","TOP2A","TOP2A","Significant"
"ENSSSCT00000091417.1",-1.23990859311942,-2.43059520416629,-3.143824207547,0.00328741813499474,0.0111047431489192,-1.75367578482513,"ENSSSCT00000091417.1","ENSSSCG00000009449","TDRD3","TDRD3","Significant"
"ENSSSCT00000038832.3",-3.58667417898649,-0.332402661863339,-3.17487910527278,0.00302374866567415,0.0103611457168303,-1.75381860983149,"ENSSSCT00000038832.3","ENSSSCG00000015662",NA,"ENSSSCG00000015662","Significant"
"ENSSSCT00000035155.4",1.73096058391295,2.57423722046635,3.33269698846714,0.0019664516767713,0.00718491188495653,-1.75474998304581,"ENSSSCT00000035155.4","ENSSSCG00000017416","DHX58","DHX58","Significant"
"ENSSSCT00000082646.1",-1.36336198349418,-2.63421618846754,-3.14147412904342,0.00330823437942079,0.0111611831236171,-1.75589464606782,"ENSSSCT00000082646.1","ENSSSCG00000004598","MYZAP","MYZAP","Significant"
"ENSSSCT00000104128.1",-2.09589238447978,-4.6238095745123,-3.15077939608541,0.00322653637373559,0.0109285260678657,-1.75826761993167,"ENSSSCT00000104128.1","ENSSSCG00000009978","AP1B1","AP1B1","Significant"
"ENSSSCT00000022845.3",-2.72916378027146,-0.616824128669765,-3.15491480582915,0.00319084576686253,0.010825633234421,-1.75895856306317,"ENSSSCT00000022845.3","ENSSSCG00000000014","FAM118A","FAM118A","Significant"
"ENSSSCT00000045303.3",2.76209299135683,-4.78112047207208,3.15050806768853,0.00322889125487355,0.0109342304189756,-1.75963797292447,"ENSSSCT00000045303.3","ENSSSCG00000008522","XDH","XDH","Significant"
"ENSSSCT00000105533.1",3.3869485314965,1.40541092168213,3.19442962775742,0.00286818824473932,0.0099072369458079,-1.76045009532853,"ENSSSCT00000105533.1","ENSSSCG00000013467","SGTA","SGTA","Significant"
"ENSSSCT00000097108.1",1.13141902704701,-2.89238988465284,3.14234871153048,0.00330047305381387,0.0111384560031619,-1.76195846363619,"ENSSSCT00000097108.1","ENSSSCG00000063513",NA,"ENSSSCG00000063513","Significant"
"ENSSSCT00000059797.2",3.28550908381446,-3.57503033690897,3.14371240088601,0.00328840566337833,0.01110692823462,-1.76297756178095,"ENSSSCT00000059797.2","ENSSSCG00000016193","CNOT9","CNOT9","Significant"
"ENSSSCT00000071742.1",3.24949359091854,-2.81996037593079,3.13793363676565,0.0033398309534536,0.0112526452832904,-1.76352508027126,"ENSSSCT00000071742.1","ENSSSCG00000013410","SWAP70","SWAP70","Significant"
"ENSSSCT00000105941.1",1.3995818812077,1.30651302718556,3.21600515132605,0.00270534838211955,0.00944599652559116,-1.76372933550136,"ENSSSCT00000105941.1","ENSSSCG00000006604","CRNN","CRNN","Significant"
"ENSSSCT00000031033.3",1.46030564911308,2.82922166961865,3.36073334297927,0.00182009190623139,0.00673272935225415,-1.76543950179433,"ENSSSCT00000031033.3","ENSSSCG00000024420","GMNC","GMNC","Significant"
"ENSSSCT00000042870.2",1.32106601183265,-2.68201480444394,3.1392617479991,0.00332794505827069,0.0112172356745433,-1.76712729811025,"ENSSSCT00000042870.2","ENSSSCG00000026433","CCDC73","CCDC73","Significant"
"ENSSSCT00000044371.3",-1.7454938813036,-4.56443935309167,-3.14507654375055,0.00327637611117474,0.0110720508996989,-1.76769582997538,"ENSSSCT00000044371.3","ENSSSCG00000016194","USP37","USP37","Significant"
"ENSSSCT00000055856.3",2.04894221506523,-3.33264270473891,3.14136429120562,0.00330921033743332,0.0111633206251087,-1.76773839635902,"ENSSSCT00000055856.3","ENSSSCG00000003828","FGGY","FGGY","Significant"
"ENSSSCT00000050363.3",1.46662507571294,-0.472846831288372,3.1470935907705,0.00325866540929041,0.0110201770567892,-1.76983604522184,"ENSSSCT00000050363.3","ENSSSCG00000030947","ZFAT","ZFAT","Significant"
"ENSSSCT00000012021.5",-1.08174333603929,0.780547003238883,-3.20950078620632,0.00275349052786655,0.00958415769943003,-1.7709127052227,"ENSSSCT00000012021.5","ENSSSCG00000021761","UBAP1","UBAP1","Significant"
"ENSSSCT00000040773.3",-1.27726631461367,-2.82156502948928,-3.13716800404961,0.00334670123129947,0.011274627706684,-1.77182530595212,"ENSSSCT00000040773.3","ENSSSCG00000016573","IRF5","IRF5","Significant"
"ENSSSCT00000024051.4",2.91890353922565,-3.47692076198404,3.13815015684278,0.00333789047216775,0.0112472696315169,-1.77423759111899,"ENSSSCT00000024051.4","ENSSSCG00000027447","TMTC1","TMTC1","Significant"
"ENSSSCT00000065038.2",1.94006910379867,-4.85362865159601,3.14311299328804,0.00329370470628026,0.0111224033496287,-1.77645094361639,"ENSSSCT00000065038.2","ENSSSCG00000014868","EMSY","EMSY","Significant"
"ENSSSCT00000081566.1",2.80110531834704,-3.85446112003881,3.13484898585543,0.00336759236096614,0.0113438352450605,-1.77760201957226,"ENSSSCT00000081566.1","ENSSSCG00000005015","SOS2","SOS2","Significant"
"ENSSSCT00000083327.2",2.41409603554065,0.78809499596972,3.19887977980206,0.0028338568331883,0.00981464501691855,-1.77921343323827,"ENSSSCT00000083327.2","ENSSSCG00000006646","ARNT","ARNT","Significant"
"ENSSSCT00000015171.5",1.54033627549387,0.395689559590129,3.17500678108373,0.00302270726690333,0.0103586659375779,-1.78589510964941,"ENSSSCT00000015171.5","ENSSSCG00000013885","FCHO1","FCHO1","Significant"
"ENSSSCT00000040883.3",-2.0119192001756,-3.13461243094896,-3.12894690099822,0.00342132076764815,0.0115010560169502,-1.78678596304628,"ENSSSCT00000040883.3","ENSSSCG00000025901","LCLAT1","LCLAT1","Significant"
"ENSSSCT00000105578.1",1.60948040159525,-3.89095804509823,3.12974795907649,0.00341398116516651,0.0114791736745747,-1.79212833864722,"ENSSSCT00000105578.1","ENSSSCG00000012953","YIF1A","YIF1A","Significant"
"ENSSSCT00000017933.4",1.52602802563617,0.958016676036413,3.19718194897812,0.00284690870222469,0.00984520697150336,-1.79517160104822,"ENSSSCT00000017933.4","ENSSSCG00000016469","TRPV6","TRPV6","Significant"
"ENSSSCT00000031444.4",1.71783418113938,2.05342425410962,3.26212481507379,0.0023862568166248,0.00849732604294834,-1.79944934602829,"ENSSSCT00000031444.4","ENSSSCG00000004782","BUB1B","BUB1B","Significant"
"ENSSSCT00000000513.5",2.44149233718839,-2.10386369314901,3.12360679926942,0.00347063210421312,0.0116380221254515,-1.8012308532395,"ENSSSCT00000000513.5","ENSSSCG00000000475","IRAK3","IRAK3","Significant"
"ENSSSCT00000072672.2",1.6372625825931,-4.95061299881082,3.13300689349939,0.00338427505047685,0.0113906166765508,-1.80123739761246,"ENSSSCT00000072672.2","ENSSSCG00000008098","POLR1B","POLR1B","Significant"
"ENSSSCT00000035549.5",1.78494837297113,-1.96291458731931,3.12073057135627,0.00349746979194744,0.0117135598455731,-1.80169953060722,"ENSSSCT00000035549.5","ENSSSCG00000012660","SLC25A14","SLC25A14","Significant"
"ENSSSCT00000052661.3",-2.83603778139657,1.11170580466898,-3.17594173159805,0.00301509163011336,0.0103347400660446,-1.80389632532119,"ENSSSCT00000052661.3","ENSSSCG00000009834","ATXN2","ATXN2","Significant"
"ENSSSCT00000009205.5",3.03152523522699,-1.38554488411613,3.12256878012804,0.00348029514769757,0.0116656258862477,-1.80886966061968,"ENSSSCT00000009205.5","ENSSSCG00000032007","RTN4","RTN4","Significant"
"ENSSSCT00000107078.1",1.55184355841974,-2.01826142799525,3.11874615778968,0.00351610052027658,0.0117638728951357,-1.80949735832384,"ENSSSCT00000107078.1","ENSSSCG00000027487","LAT2","LAT2","Significant"
"ENSSSCT00000095837.1",-2.31749831445832,-4.60835850929593,-3.12462840755237,0.00346114664494343,0.0116121861712014,-1.81214412959018,"ENSSSCT00000095837.1","ENSSSCG00000016349","NDUFA10","NDUFA10","Significant"
"ENSSSCT00000098860.1",-1.73908494749547,-0.0466123696159447,-3.13891692888526,0.00333102714879753,0.0112264636302868,-1.81330748691776,"ENSSSCT00000098860.1","ENSSSCG00000023026","CLCN5","CLCN5","Significant"
"ENSSSCT00000050974.3",-2.3438307442913,-4.81831512630295,-3.12375767755453,0.0034692296771546,0.0116345159837429,-1.81598440114321,"ENSSSCT00000050974.3","ENSSSCG00000001002","PRP4K","PRP4K","Significant"
"ENSSSCT00000063544.3",-1.24477992773901,2.77462617198931,-3.32562312473574,0.0020051188396544,0.00730024954796449,-1.81681095818274,"ENSSSCT00000063544.3","ENSSSCG00000021706","KIF21B","KIF21B","Significant"
"ENSSSCT00000100590.1",1.32082591036632,-3.35612108336036,3.11797680342567,0.00352334887466208,0.0117832871791448,-1.81699165654619,"ENSSSCT00000100590.1","ENSSSCG00000063522",NA,"ENSSSCG00000063522","Significant"
"ENSSSCT00000005755.4",-1.02509249524835,2.71102862019777,-3.33324461999816,0.00196348810232717,0.0071760526945718,-1.81979815892151,"ENSSSCT00000005755.4","ENSSSCG00000005222","SLC1A1","SLC1A1","Significant"
"ENSSSCT00000053636.3",-1.49153985545434,0.348949193100454,-3.16234177127466,0.00312768554118634,0.0106501367503749,-1.82493034292762,"ENSSSCT00000053636.3","ENSSSCG00000006283","SCYL3","SCYL3","Significant"
"ENSSSCT00000075154.1",1.13864365561838,-4.22894230233013,3.11470188342496,0.00355436161196831,0.0118700439662154,-1.82601371634453,"ENSSSCT00000075154.1","ENSSSCG00000051167",NA,"ENSSSCG00000051167","Significant"
"ENSSSCT00000077760.2",2.62837747077475,0.92754903825789,3.15583945887471,0.00318291693495905,0.0107998567746285,-1.82606378336442,"ENSSSCT00000077760.2","ENSSSCG00000028620","ABCD3","ABCD3","Significant"
"ENSSSCT00000019563.5",-2.14690965366499,-3.68603667821234,-3.11038926318315,0.00359559548746842,0.0119818883149448,-1.8293443760486,"ENSSSCT00000019563.5","ENSSSCG00000017978","ALOX15B","ALOX15B","Significant"
"ENSSSCT00000032619.3",-2.24883721907447,-4.0151769101848,-3.11151526787599,0.00358478605632422,0.0119532476528265,-1.83027134124833,"ENSSSCT00000032619.3","ENSSSCG00000004595","ADAM10","ADAM10","Significant"
"ENSSSCT00000051290.2",-2.01987372788074,-3.37840209340302,-3.11050865667723,0.00359444787210494,0.0119805130261817,-1.83245498346304,"ENSSSCT00000051290.2","ENSSSCG00000033703","FAM111A","FAM111A","Significant"
"ENSSSCT00000074399.2",1.53618292982201,-3.89689877041587,3.10849046870329,0.00361389346048185,0.01203671288033,-1.84169672713988,"ENSSSCT00000074399.2","ENSSSCG00000048711",NA,"ENSSSCG00000048711","Significant"
"ENSSSCT00000062062.3",-2.75682781132343,2.8547540299881,-3.22817382316744,0.00261742314555247,0.00918309095422282,-1.84334640090397,"ENSSSCT00000062062.3","ENSSSCG00000014255","SLC12A2","SLC12A2","Significant"
"ENSSSCT00000096174.1",-3.38811646500541,-1.24737447596393,-3.11297517515064,0.00357081701292628,0.0119163682588995,-1.84374379000182,"ENSSSCT00000096174.1","ENSSSCG00000003673","SEH1L","SEH1L","Significant"
"ENSSSCT00000106395.1",-1.10790065947113,1.54126821030218,-3.19099773749267,0.00289493356571452,0.00998586690399452,-1.84520053273683,"ENSSSCT00000106395.1","ENSSSCG00000040617","TNFAIP8","TNFAIP8","Significant"
"ENSSSCT00000049416.2",1.46488291769635,-3.87427562746499,3.10628997378603,0.00363520904946169,0.0120953521633482,-1.84573682887224,"ENSSSCT00000049416.2","ENSSSCG00000040172","THSD7B","THSD7B","Significant"
"ENSSSCT00000056234.3",-1.47908021129074,2.14480678897298,-3.2586342324628,0.00240909543905196,0.0085672920974809,-1.84816657233532,"ENSSSCT00000056234.3","ENSSSCG00000014267","RAPGEF6","RAPGEF6","Significant"
"ENSSSCT00000080000.2",-2.09062737636641,-4.74885472103231,-3.10640836520623,0.00363405920238671,0.0120927603832023,-1.8530585340155,"ENSSSCT00000080000.2","ENSSSCG00000006032","EMC2","EMC2","Significant"
"ENSSSCT00000101880.1",-1.09067227251239,0.401143088873549,-3.1568453918873,0.00317431235596302,0.0107740245735809,-1.85412687460474,"ENSSSCT00000101880.1","ENSSSCG00000056217","DPH3","DPH3","Significant"
"ENSSSCT00000003136.5",-1.12336555770117,-0.960910079784409,-3.10772742373977,0.00362127143452733,0.0120551290434275,-1.85544347458398,"ENSSSCT00000003136.5","ENSSSCG00000002835","TOX3","TOX3","Significant"
"ENSSSCT00000011431.5",2.56428732513923,-2.94009112605277,3.09633009727874,0.00373318416820555,0.0123785320720262,-1.85733384491006,"ENSSSCT00000011431.5","ENSSSCG00000010446","STAMBPL1","STAMBPL1","Significant"
"ENSSSCT00000078793.2",3.57426995137206,-2.47648593980377,3.09752140746435,0.00372133509071433,0.012346637763066,-1.85741631692713,"ENSSSCT00000078793.2","ENSSSCG00000011136","TASOR2","TASOR2","Significant"
"ENSSSCT00000032120.4",-1.41442335401648,1.03745618579261,-3.18183000109041,0.00296754571168926,0.0102017988595441,-1.85998479427765,"ENSSSCT00000032120.4","ENSSSCG00000022538","MARK4","MARK4","Significant"
"ENSSSCT00000030193.4",1.07806572601051,-1.64507576998802,3.09407621198382,0.00375569958457389,0.0124429254400414,-1.86065427094076,"ENSSSCT00000030193.4","ENSSSCG00000024950",NA,"ENSSSCG00000024950","Significant"
"ENSSSCT00000086636.2",1.95505253173897,1.36692136693341,3.15411559863182,0.00319771399810067,0.0108432935199245,-1.86558416609915,"ENSSSCT00000086636.2","ENSSSCG00000003006",NA,"ENSSSCG00000003006","Significant"
"ENSSSCT00000057892.3",-2.39252526728631,-1.06236885031044,-3.09174711523473,0.00377910123185404,0.0125115573277182,-1.86675020597994,"ENSSSCT00000057892.3","ENSSSCG00000016214","STK16","STK16","Significant"
"ENSSSCT00000076744.2",-2.40237234375947,-1.85163420346976,-3.09014701986993,0.0037952580604462,0.0125535755100728,-1.8691906465461,"ENSSSCT00000076744.2","ENSSSCG00000006310","POU2F1","POU2F1","Significant"
"ENSSSCT00000065097.3",-1.21972266760073,2.34817904964864,-3.23760014870396,0.00255118841353009,0.00898357781993036,-1.87482062935086,"ENSSSCT00000065097.3","ENSSSCG00000015958","PDK1","PDK1","Significant"
"ENSSSCT00000019463.4",1.8881987935068,-1.94239448446046,3.09289230107085,0.00376757777358701,0.0124772072859351,-1.87516868071908,"ENSSSCT00000019463.4","ENSSSCG00000017886","FBXO39","FBXO39","Significant"
"ENSSSCT00000073118.2",-2.03125447869465,0.866375536172358,-3.14578047619416,0.0032701848848553,0.0110534012011012,-1.87719592971356,"ENSSSCT00000073118.2","ENSSSCG00000004917","MALT1","MALT1","Significant"
"ENSSSCT00000061945.2",1.00460016285396,4.32611187465019,3.46049063333297,0.0013793098303072,0.00531258330860436,-1.87764527560723,"ENSSSCT00000061945.2","ENSSSCG00000024973","GBP1","GBP1","Significant"
"ENSSSCT00000067130.2",1.56526850374423,-1.39963215724665,3.08644973338248,0.00383284129435739,0.01266247416772,-1.88122200004167,"ENSSSCT00000067130.2","ENSSSCG00000033509","SAMD11","SAMD11","Significant"
"ENSSSCT00000030696.4",-1.09867366638081,-2.32380358605135,-3.08309756710303,0.00386722025196312,0.0127618268314783,-1.88467233481475,"ENSSSCT00000030696.4","ENSSSCG00000029260","NDNF","NDNF","Significant"
"ENSSSCT00000070940.1",-1.18941768649327,-2.12545148734441,-3.08413744921156,0.00385652442080821,0.0127291073310418,-1.88469902830248,"ENSSSCT00000070940.1","ENSSSCG00000004522","ME2","ME2","Significant"
"ENSSSCT00000017914.5",1.17778225258895,-1.01420309716317,3.08764290314673,0.00382067433257737,0.0126312376738342,-1.8856465443349,"ENSSSCT00000017914.5","ENSSSCG00000016451",NA,"ENSSSCG00000016451","Significant"
"ENSSSCT00000016482.4",-2.24602900036754,-3.3519721746479,-3.08261849005817,0.00387215728597969,0.0127731382520314,-1.88570648666227,"ENSSSCT00000016482.4","ENSSSCG00000015116","MCAM","MCAM","Significant"
"ENSSSCT00000046768.2",1.06140561106446,1.33664935842933,3.17733189500093,0.00300380172318401,0.010307962465287,-1.8868553651455,"ENSSSCT00000046768.2","ENSSSCG00000038057","TAC4","TAC4","Significant"
"ENSSSCT00000070822.2",1.59064573407458,-4.76565366429556,3.09170875503297,0.00377948780861168,0.0125115667084958,-1.8882576581701,"ENSSSCT00000070822.2","ENSSSCG00000013513","PLIN5","PLIN5","Significant"
"ENSSSCT00000069597.2",1.23904890718452,-2.70405002704726,3.08103111253793,0.00388855830239971,0.0128205637467328,-1.89048004820694,"ENSSSCT00000069597.2","ENSSSCG00000050339",NA,"ENSSSCG00000050339","Significant"
"ENSSSCT00000070333.2",2.83649696950787,0.166285660073977,3.10387901720995,0.00365869989093373,0.0121635822620581,-1.89303214758931,"ENSSSCT00000070333.2","ENSSSCG00000008789","WDR19","WDR19","Significant"
"ENSSSCT00000096167.1",1.03282738093377,-2.710956158261,3.079375151722,0.00390573790036521,0.0128654959086186,-1.89486071725533,"ENSSSCT00000096167.1","ENSSSCG00000063495",NA,"ENSSSCG00000063495","Significant"
"ENSSSCT00000101679.1",-1.03980235110384,-1.02498387347287,-3.08596689307128,0.00383777530597932,0.0126774899773202,-1.89647828696541,"ENSSSCT00000101679.1","ENSSSCG00000011332","SETD2","SETD2","Significant"
"ENSSSCT00000059712.3",-2.28257697635656,-0.426999040190894,-3.1145822028035,0.00355549984000967,0.0118725437099217,-1.89800977595257,"ENSSSCT00000059712.3","ENSSSCG00000039271","ST8SIA2","ST8SIA2","Significant"
"ENSSSCT00000073090.2",1.52687861209031,0.00516694646601939,3.09503845327931,0.00374607151030155,0.0124160735510696,-1.89982487164352,"ENSSSCT00000073090.2","ENSSSCG00000022676","OPHN1","OPHN1","Significant"
"ENSSSCT00000092106.1",2.12070867475563,-3.30433920698206,3.07611724783992,0.00393974630481157,0.0129522633035992,-1.90478802767924,"ENSSSCT00000092106.1","ENSSSCG00000048711",NA,"ENSSSCG00000048711","Significant"
"ENSSSCT00000019327.4",1.80201674278503,-5.16441170588886,3.07868700936269,0.00391289804220311,0.012885176019391,-1.91630772007103,"ENSSSCT00000019327.4","ENSSSCG00000017756","NLK","NLK","Significant"
"ENSSSCT00000051795.2",1.14329015110414,-2.24862779405728,3.0673186596671,0.00403299624384737,0.0132205720424693,-1.9194269549654,"ENSSSCT00000051795.2","ENSSSCG00000009778","RILPL2","RILPL2","Significant"
"ENSSSCT00000006223.5",-1.87922661797921,-2.1261417780577,-3.07618646779229,0.00393902083504585,0.0129515767754977,-1.92049304829797,"ENSSSCT00000006223.5","ENSSSCG00000005660","TBC1D13","TBC1D13","Significant"
"ENSSSCT00000099090.1",-1.14678898516573,2.29041553916542,-3.24461407548033,0.00250294281542268,0.00883617399805961,-1.9230912080307,"ENSSSCT00000099090.1","ENSSSCG00000016109","ALS2","ALS2","Significant"
"ENSSSCT00000102174.1",1.68829095389492,-2.69623555195903,3.06516684299564,0.00405611707055318,0.0132856782166281,-1.92401691846808,"ENSSSCT00000102174.1","ENSSSCG00000033570","ATP7B","ATP7B","Significant"
"ENSSSCT00000061624.3",1.03409772833248,-0.976687129626808,3.07193419799739,0.0039838224892943,0.013069888150629,-1.92521543238603,"ENSSSCT00000061624.3","ENSSSCG00000034308","LRMDA","LRMDA","Significant"
"ENSSSCT00000103888.1",-2.29715805822184,-1.34301467501158,-3.07403969805758,0.00396157922567625,0.0130100049429843,-1.92913754854873,"ENSSSCT00000103888.1","ENSSSCG00000004405","FIG4","FIG4","Significant"
"ENSSSCT00000078504.2",1.08573609948275,-1.29160082682129,3.06631364161683,0.00404377941824995,0.0132502961783507,-1.92995348375704,"ENSSSCT00000078504.2","ENSSSCG00000011538","LMCD1","LMCD1","Significant"
"ENSSSCT00000022292.4",-1.82726978727482,3.03358529375549,-3.2463015136793,0.00249146598279258,0.0088065651455951,-1.93096104147466,"ENSSSCT00000022292.4","ENSSSCG00000006757","TRIM33","TRIM33","Significant"
"ENSSSCT00000085760.1",3.42921599536838,1.7202072882332,3.17359882295833,0.00303421024486795,0.0103882590385041,-1.93219941535641,"ENSSSCT00000085760.1","ENSSSCG00000003514","HSPG2","HSPG2","Significant"
"ENSSSCT00000072916.2",1.59470397485482,-3.34323116406371,3.063021941908,0.00407928814728575,0.0133548660261175,-1.93420876440155,"ENSSSCT00000072916.2","ENSSSCG00000049084",NA,"ENSSSCG00000049084","Significant"
"ENSSSCT00000101410.1",1.13275119141118,-1.24655546237434,3.06238517130078,0.00408619112471419,0.0133761220311427,-1.93895968577523,"ENSSSCT00000101410.1","ENSSSCG00000059518",NA,"ENSSSCG00000059518","Significant"
"ENSSSCT00000052384.3",1.43732471722823,-3.82991845443836,3.06229236264249,0.00408719814720311,0.0133780753329395,-1.93969433053178,"ENSSSCT00000052384.3","ENSSSCG00000040306","GRXCR2","GRXCR2","Significant"
"ENSSSCT00000031039.4",1.20894891359296,-2.75979400544994,3.05700255714579,0.00414498424842386,0.0135386762608307,-1.94226943469956,"ENSSSCT00000031039.4","ENSSSCG00000029468","P2RX3","P2RX3","Significant"
"ENSSSCT00000089591.2",1.12050448000033,1.34757962122963,3.15902946759475,0.00315570603663198,0.0107276237741997,-1.94593664725556,"ENSSSCT00000089591.2","ENSSSCG00000013576","STXBP2","STXBP2","Significant"
"ENSSSCT00000095098.1",-1.21022200928201,-0.905324011373465,-3.07389574073549,0.00396309629761824,0.0130136762702735,-1.9468535857679,"ENSSSCT00000095098.1","ENSSSCG00000010513","LCOR","LCOR","Significant"
"ENSSSCT00000034703.4",-1.23264939165986,-1.43370760051514,-3.05826367949314,0.00413113806125991,0.013500213024889,-1.95044547732296,"ENSSSCT00000034703.4","ENSSSCG00000015116","MCAM","MCAM","Significant"
"ENSSSCT00000096381.1",2.43959004307853,-3.18673875382405,3.05214602512935,0.00419871570020041,0.0136884510625769,-1.95350252991784,"ENSSSCT00000096381.1","ENSSSCG00000032311",NA,"ENSSSCG00000032311","Significant"
"ENSSSCT00000060840.3",-2.77431994427863,2.10967448006638,-3.16684875813595,0.0030899374943167,0.0105480391649777,-1.95524612784472,"ENSSSCT00000060840.3","ENSSSCG00000013062","MTA2","MTA2","Significant"
"ENSSSCT00000025086.4",1.85502745167478,-1.90139593387116,3.052367233622,0.00419625407902681,0.0136828350827673,-1.95582019459453,"ENSSSCT00000025086.4","ENSSSCG00000028373","ENO2","ENO2","Significant"
"ENSSSCT00000077374.3",1.36865393667799,-0.107007160981495,3.07737522895627,0.00392658153530283,0.0129171894235711,-1.958530848262,"ENSSSCT00000077374.3","ENSSSCG00000025686","KMO","KMO","Significant"
"ENSSSCT00000067648.2",2.42322416822557,-3.88140496231106,3.04944750917431,0.00422885489327556,0.013770573441932,-1.96369023334396,"ENSSSCT00000067648.2","ENSSSCG00000016328","RAB17","RAB17","Significant"
"ENSSSCT00000089529.2",-1.96531050638808,-2.40023711238624,-3.04703106443263,0.00425601687828209,0.0138430940043405,-1.96464042388765,"ENSSSCT00000089529.2","ENSSSCG00000008066","ZNF484","ZNF484","Significant"
"ENSSSCT00000068484.2",1.53344570037128,-3.26926046373138,3.04744434675124,0.00425135974683037,0.0138307057658808,-1.96476361234514,"ENSSSCT00000068484.2","ENSSSCG00000046097",NA,"ENSSSCG00000046097","Significant"
"ENSSSCT00000069958.2",2.70427962154184,-1.9756102082947,3.04948342962391,0.00422845236723692,0.013770573441932,-1.96897176306059,"ENSSSCT00000069958.2","ENSSSCG00000012620","NKRF","NKRF","Significant"
"ENSSSCT00000052053.3",-3.08172653944548,-1.56364058941343,-3.05174030417371,0.00420323413020477,0.0136987450600956,-1.96935025144269,"ENSSSCT00000052053.3","ENSSSCG00000024674","ABL2","ABL2","Significant"
"ENSSSCT00000102808.1",-1.26263763630381,-1.75009912950125,-3.04389950043687,0.00429146213544434,0.0139419051270641,-1.97119282495953,"ENSSSCT00000102808.1","ENSSSCG00000054119",NA,"ENSSSCG00000054119","Significant"
"ENSSSCT00000035267.3",1.4030723556108,-2.49169029968173,3.04407550754112,0.00428946259679238,0.0139393639495483,-1.97349998934324,"ENSSSCT00000035267.3","ENSSSCG00000012669",NA,"ENSSSCG00000012669","Significant"
"ENSSSCT00000095778.1",1.94197690326205,-4.74483931983571,3.0476385479558,0.00424917302387801,0.0138263510250018,-1.97402337654589,"ENSSSCT00000095778.1","ENSSSCG00000008546","GPN1","GPN1","Significant"
"ENSSSCT00000065298.2",1.21189162548356,3.82336907139776,3.35439921933743,0.00185221839624726,0.00683438866198101,-1.97408375349851,"ENSSSCT00000065298.2","ENSSSCG00000014326","KIF20A","KIF20A","Significant"
"ENSSSCT00000069653.2",-1.67490536730048,-3.29402384034938,-3.04267339855472,0.00430541575848939,0.0139758836509148,-1.97422650226411,"ENSSSCT00000069653.2","ENSSSCG00000030197","CD2AP","CD2AP","Significant"
"ENSSSCT00000030725.4",1.12648272144651,2.12515537255849,3.21355507881919,0.00272338791629072,0.00950169498370707,-1.97757977363401,"ENSSSCT00000030725.4","ENSSSCG00000028381",NA,"ENSSSCG00000028381","Significant"
"ENSSSCT00000093522.1",1.0377191979616,-2.16825146474945,3.04058474732224,0.00432928422648197,0.0140407821466446,-1.97768441947248,"ENSSSCT00000093522.1","ENSSSCG00000047910",NA,"ENSSSCG00000047910","Significant"
"ENSSSCT00000104941.1",1.08515239170928,-2.74725036210326,3.04158692374155,0.00431781612267213,0.0140091627886956,-1.97838263701722,"ENSSSCT00000104941.1","ENSSSCG00000059388",NA,"ENSSSCG00000059388","Significant"
"ENSSSCT00000031557.4",-1.48457983053864,-3.31162909794632,-3.0406040741664,0.00432906279406749,0.0140407821466446,-1.97907369641595,"ENSSSCT00000031557.4","ENSSSCG00000021755",NA,"ENSSSCG00000021755","Significant"
"ENSSSCT00000080348.2",1.65980454458016,-3.44627922299897,3.04197860811359,0.0043133417956248,0.0139974316616454,-1.98105141492579,"ENSSSCT00000080348.2","ENSSSCG00000031329","ST8SIA1","ST8SIA1","Significant"
"ENSSSCT00000042173.2",2.10110564379023,1.78086533889095,3.1427590544373,0.00329683749053614,0.0111296427357052,-1.9816893355109,"ENSSSCT00000042173.2","ENSSSCG00000021106","GRIPAP1","GRIPAP1","Significant"
"ENSSSCT00000078339.2",1.00934472258139,-2.07069350601969,3.03808716225595,0.00435798976303783,0.0141170291340373,-1.98402535974498,"ENSSSCT00000078339.2","ENSSSCG00000008165","RFX8","RFX8","Significant"
"ENSSSCT00000055569.3",-1.14906577457447,-1.02802924584512,-3.04859201142246,0.00423845233107395,0.0137970462673607,-1.9843037319052,"ENSSSCT00000055569.3","ENSSSCG00000010685","TIAL1","TIAL1","Significant"
"ENSSSCT00000106905.1",-1.84927543635556,1.93721860253119,-3.17280449329368,0.00304071821521158,0.0104018021916649,-1.98435422469519,"ENSSSCT00000106905.1","ENSSSCG00000017278","TEX2","TEX2","Significant"
"ENSSSCT00000104112.1",-1.09606028123303,2.17693759225255,-3.22033468588366,0.00267374808336509,0.00935015426181396,-1.98443312555011,"ENSSSCT00000104112.1","ENSSSCG00000004626","TMOD3","TMOD3","Significant"
"ENSSSCT00000089364.3",-1.11764063308209,-0.0851026731355113,-3.09872315041967,0.00370941829689065,0.0123146190970189,-1.98569450691009,"ENSSSCT00000089364.3","ENSSSCG00000016002","CCDC141","CCDC141","Significant"
"ENSSSCT00000081023.2",1.89733031123684,-5.06594501034973,3.04268112484138,0.00430532769579018,0.0139758836509148,-1.98739207264203,"ENSSSCT00000081023.2","ENSSSCG00000022674","DAZAP2","DAZAP2","Significant"
"ENSSSCT00000099882.1",1.18572650405303,-3.56815841849349,3.03860562367182,0.00435201619387005,0.0141006945300207,-1.9879050025684,"ENSSSCT00000099882.1","ENSSSCG00000059449","CIMIP3","CIMIP3","Significant"
"ENSSSCT00000100009.1",-2.74763746792468,-1.18322390352145,-3.0418156524687,0.00431520275474145,0.0140020770915197,-1.99003997272491,"ENSSSCT00000100009.1","ENSSSCG00000016970",NA,"ENSSSCG00000016970","Significant"
"ENSSSCT00000085738.1",-1.43780524539225,1.04593780970146,-3.13928680164015,0.00332772122710693,0.0112172356745433,-1.9901313893872,"ENSSSCT00000085738.1","ENSSSCG00000032332","SOCS4","SOCS4","Significant"
"ENSSSCT00000058465.2",1.52258516653676,2.97239026642701,3.257111435782,0.00241912407551523,0.00859623371267979,-1.99342484380585,"ENSSSCT00000058465.2","ENSSSCG00000038619","PAFAH2","PAFAH2","Significant"
"ENSSSCT00000034635.4",3.71239579240588,-0.560291676554034,3.03434389201887,0.00440134876037287,0.0142362673594441,-1.99470885169555,"ENSSSCT00000034635.4","ENSSSCG00000002525","TRAF3","TRAF3","Significant"
"ENSSSCT00000014079.4",2.01425997790453,-4.60875288653422,3.03623545313757,0.00437938784847117,0.0141778931001444,-1.99554728469105,"ENSSSCT00000014079.4","ENSSSCG00000012880","CPT1A","CPT1A","Significant"
"ENSSSCT00000056576.2",-1.02094179221703,-2.30287952715177,-3.03215977954075,0.00442683537526713,0.0143101864540164,-1.99560555933363,"ENSSSCT00000056576.2","ENSSSCG00000044127",NA,"ENSSSCG00000044127","Significant"
"ENSSSCT00000050531.3",-2.26594323261278,-1.90507832223768,-3.03332364456302,0.00441323685163165,0.014270188342518,-1.99625745663922,"ENSSSCT00000050531.3","ENSSSCG00000039969","THAP1","THAP1","Significant"
"ENSSSCT00000070961.2",1.50748139550503,-3.29231682739208,3.03329366351538,0.00441358665335393,0.014270188342518,-1.99678715581515,"ENSSSCT00000070961.2","ENSSSCG00000046928",NA,"ENSSSCG00000046928","Significant"
"ENSSSCT00000098627.1",1.70686753651641,0.539559624511035,3.11127159751902,0.00358712263428193,0.0119597654533314,-1.99838370896584,"ENSSSCT00000098627.1","ENSSSCG00000045502","WDFY4","WDFY4","Significant"
"ENSSSCT00000049732.3",2.13279914349115,-2.21554570291307,3.03074344381102,0.00444343705536378,0.0143595818964298,-1.99873187323672,"ENSSSCT00000049732.3","ENSSSCG00000016049","HIBCH","HIBCH","Significant"
"ENSSSCT00000091600.2",1.87780461770644,-3.59601571308229,3.03222688489619,0.00442605024831518,0.0143090671587574,-2.00117454504549,"ENSSSCT00000091600.2","ENSSSCG00000022559","USP14","USP14","Significant"
"ENSSSCT00000077966.1",1.09876055049329,-3.31076701468217,3.03069432067982,0.00444401390780264,0.0143600227403367,-2.00133146777891,"ENSSSCT00000077966.1","ENSSSCG00000042777",NA,"ENSSSCG00000042777","Significant"
"ENSSSCT00000096273.1",1.3593067302222,0.0274748773168213,3.05838052106727,0.00412985744049039,0.01349873403406,-2.00466124937241,"ENSSSCT00000096273.1","ENSSSCG00000033171","MAPK11","MAPK11","Significant"
"ENSSSCT00000015968.4",-2.37896908516969,-0.642616233128543,-3.06148507671511,0.0040959675134227,0.0134013973715639,-2.00467575349994,"ENSSSCT00000015968.4","ENSSSCG00000033089",NA,"ENSSSCG00000033089","Significant"
"ENSSSCT00000105681.1",-1.26752059356582,2.79054051997234,-3.27129143917064,0.00232725821985011,0.00831903596096842,-2.00476838841789,"ENSSSCT00000105681.1","ENSSSCG00000014427","FBXO38","FBXO38","Significant"
"ENSSSCT00000092712.1",-1.06974162722183,4.05369387544801,-3.31143056364516,0.00208489891461853,0.00756062977403689,-2.00654513653656,"ENSSSCT00000092712.1","ENSSSCG00000013232",NA,"ENSSSCG00000013232","Significant"
"ENSSSCT00000038708.3",-1.29872958503467,-5.33250454702631,-3.03464920267384,0.0043977971061584,0.0142290142750013,-2.00891709820749,"ENSSSCT00000038708.3","ENSSSCG00000041764","CACNA1C","CACNA1C","Significant"
"ENSSSCT00000028904.4",-2.27733274612408,-4.32115007244231,-3.02692242823059,0.00448851869779714,0.0144866030115797,-2.01139204435552,"ENSSSCT00000028904.4","ENSSSCG00000012411","PHKA1","PHKA1","Significant"
"ENSSSCT00000008694.5",2.03336219620152,-3.90909854776418,3.0254429839064,0.00450608922130904,0.0145275201728344,-2.01189656792892,"ENSSSCT00000008694.5","ENSSSCG00000007932",NA,"ENSSSCG00000007932","Significant"
"ENSSSCT00000053532.3",-1.03088204414595,3.40672152829195,-3.30426653517326,0.00212631166715007,0.00768839587398924,-2.01228463246532,"ENSSSCT00000053532.3","ENSSSCG00000029538","PPP2R1B","PPP2R1B","Significant"
"ENSSSCT00000080023.2",1.45909667001289,-1.76044922114212,3.02500286878858,0.00451132872152468,0.0145415088123174,-2.01443168809094,"ENSSSCT00000080023.2","ENSSSCG00000053043",NA,"ENSSSCG00000053043","Significant"
"ENSSSCT00000101387.1",1.87640407387248,-2.79343288356359,3.02464674468914,0.00451557252553283,0.0145494343929709,-2.01468122473684,"ENSSSCT00000101387.1","ENSSSCG00000011598","FGD5","FGD5","Significant"
"ENSSSCT00000045045.2",-2.94897188608368,0.68671726017379,-3.08740149897389,0.00382313302271518,0.0126347854770639,-2.01531870616103,"ENSSSCT00000045045.2","ENSSSCG00000011822","OPA1","OPA1","Significant"
"ENSSSCT00000075557.1",1.16647153665783,-3.16188465643149,3.02382969211289,0.00452532327686396,0.0145722113697652,-2.01824852777162,"ENSSSCT00000075557.1","ENSSSCG00000050119",NA,"ENSSSCG00000050119","Significant"
"ENSSSCT00000045013.2",1.11367429089025,-0.53620467311085,3.03979861703369,0.00433830017742106,0.0140644266664648,-2.01851316390025,"ENSSSCT00000045013.2","ENSSSCG00000035148","ZNF268","ZNF268","Significant"
"ENSSSCT00000085603.2",2.22565946444563,-4.66641307423852,3.02686758859794,0.00448916884264139,0.0144872672419559,-2.01893058389929,"ENSSSCT00000085603.2","ENSSSCG00000020899","CDC16","CDC16","Significant"
"ENSSSCT00000013133.5",1.62513433918815,-4.01457009321617,3.02479541101938,0.00451380046442048,0.0145451621211668,-2.01974621781449,"ENSSSCT00000013133.5","ENSSSCG00000012002","ROBO2","ROBO2","Significant"
"ENSSSCT00000039076.3",-1.91754182929314,2.57907583209742,-3.20766922094975,0.0027671931437682,0.00962568710758758,-2.02091813692152,"ENSSSCT00000039076.3","ENSSSCG00000003465","FBLIM1","FBLIM1","Significant"
"ENSSSCT00000073624.2",2.3905803932992,-0.29815347161233,3.06172335056522,0.0040933773513597,0.0133956112781022,-2.02175859746502,"ENSSSCT00000073624.2","ENSSSCG00000007352","DHX35","DHX35","Significant"
"ENSSSCT00000056854.3",3.37500555578924,-2.09605688302218,3.01914924678163,0.00458156358442768,0.0147242285960256,-2.0239883422879,"ENSSSCT00000056854.3","ENSSSCG00000016090","SPATS2L","SPATS2L","Significant"
"ENSSSCT00000105321.1",2.20297293039356,-2.16212660155126,3.02116567227007,0.00455725388384431,0.0146630137798222,-2.02576849606396,"ENSSSCT00000105321.1","ENSSSCG00000023479","NCKAP5","NCKAP5","Significant"
"ENSSSCT00000073144.2",-2.16166750020204,0.939374112175442,-3.08742894644872,0.00382285339611624,0.0126347854770639,-2.02741901502952,"ENSSSCT00000073144.2","ENSSSCG00000004971","TLE3","TLE3","Significant"
"ENSSSCT00000107112.1",1.23024348030468,-2.65453525799632,3.0148482083562,0.00463382517004903,0.0148643482727547,-2.03302538327144,"ENSSSCT00000107112.1","ENSSSCG00000004145","ABRACL","ABRACL","Significant"
"ENSSSCT00000080376.2",-1.66233906448349,-5.16360011954106,-3.02068723233139,0.00456301085281192,0.0146740815047398,-2.03680396982694,"ENSSSCT00000080376.2","ENSSSCG00000000406","PTGES3","PTGES3","Significant"
"ENSSSCT00000097113.1",-1.31204456933747,-2.84703359492496,-3.01318735600406,0.00465415599905405,0.01492075734446,-2.03702719068439,"ENSSSCT00000097113.1","ENSSSCG00000053695",NA,"ENSSSCG00000053695","Significant"
"ENSSSCT00000002667.5",1.14446051705061,-2.90767563314763,3.01165544734741,0.0046729828889698,0.0149737527382773,-2.04068781219086,"ENSSSCT00000002667.5","ENSSSCG00000002399","NGB","NGB","Significant"
"ENSSSCT00000014911.4",-2.14246490395463,-1.48161737018227,-3.0244927472795,0.00451740882316502,0.0145524747821828,-2.04093572037467,"ENSSSCT00000014911.4","ENSSSCG00000013650","RAVER1","RAVER1","Significant"
"ENSSSCT00000104394.1",-1.58534103580747,-1.20051667271956,-3.02004621468604,0.00457073483085255,0.0146963128647134,-2.04218274522663,"ENSSSCT00000104394.1","ENSSSCG00000014232","LOX","LOX","Significant"
"ENSSSCT00000100638.1",2.32698758232879,-4.14244388038776,3.01337752448633,0.00465182385455143,0.0149147472665744,-2.04555663205024,"ENSSSCT00000100638.1","ENSSSCG00000022968","ARFGEF3","ARFGEF3","Significant"
"ENSSSCT00000038117.2",1.07886796257854,1.85084990415081,3.158748225885,0.00315809614189596,0.0107335105400163,-2.04876412965942,"ENSSSCT00000038117.2","ENSSSCG00000033335","AKIP1","AKIP1","Significant"
"ENSSSCT00000063242.3",-2.17684108335858,-2.54400188558076,-3.00583241829561,0.00474520363042489,0.0151649303240907,-2.05354657975166,"ENSSSCT00000063242.3","ENSSSCG00000017566","ACSF2","ACSF2","Significant"
"ENSSSCT00000083199.2",-2.35552481175406,-1.86009639392208,-3.01142556946057,0.00467581423193587,0.0149813329545233,-2.05593562749897,"ENSSSCT00000083199.2","ENSSSCG00000004178","SLC18B1","SLC18B1","Significant"
"ENSSSCT00000054637.3",1.1246868250574,-2.41403917503336,3.00392322841063,0.0047691105286699,0.0152293907616801,-2.05643321670364,"ENSSSCT00000054637.3","ENSSSCG00000017643",NA,"ENSSSCG00000017643","Significant"
"ENSSSCT00000084487.2",1.25107113266133,-3.72956007976593,3.00704889798557,0.0047300297800488,0.0151283000734463,-2.05649133708643,"ENSSSCT00000084487.2","ENSSSCG00000018056","SRCIN1","SRCIN1","Significant"
"ENSSSCT00000037165.3",-1.63630619568482,-1.99149981712616,-3.01068517785628,0.0046849444223385,0.0150047080496979,-2.0571725413913,"ENSSSCT00000037165.3","ENSSSCG00000002315","SLC8A3","SLC8A3","Significant"
"ENSSSCT00000107674.1",-2.06141936779151,0.453189747871863,-3.05421672127798,0.00417572611820511,0.0136213481098509,-2.05723284293422,"ENSSSCT00000107674.1","ENSSSCG00000025943","C6orf136","C6orf136","Significant"
"ENSSSCT00000029380.4",1.48712715193492,0.145329725159278,3.06659437282339,0.0040407646213046,0.0132420433926038,-2.05861052054882,"ENSSSCT00000029380.4","ENSSSCG00000004657","CEP152","CEP152","Significant"
"ENSSSCT00000107587.1",-1.70673398946195,-0.792760298588297,-3.02961516118756,0.00445670429771107,0.0143953226592601,-2.05862245569173,"ENSSSCT00000107587.1","ENSSSCG00000014835","C2CD3","C2CD3","Significant"
"ENSSSCT00000097280.1",-1.11861267585163,-2.81725932640924,-3.00232205047183,0.00478924791248082,0.0152787317943762,-2.06014109376936,"ENSSSCT00000097280.1","ENSSSCG00000052910",NA,"ENSSSCG00000052910","Significant"
"ENSSSCT00000012072.6",1.46823217235019,-2.65977886314242,3.00264650801661,0.00478516087986157,0.0152686812807797,-2.06070504653948,"ENSSSCT00000012072.6","ENSSSCG00000011030","CUBN","CUBN","Significant"
"ENSSSCT00000097838.1",1.01412485058504,1.93869810391075,3.17309370167833,0.00303834718877848,0.0103980551845212,-2.06122665544817,"ENSSSCT00000097838.1","ENSSSCG00000005613","LRSAM1","LRSAM1","Significant"
"ENSSSCT00000081626.1",-2.03205263215849,3.19354459310502,-3.21173432513735,0.00273686787542955,0.00954055813220411,-2.06194654043241,"ENSSSCT00000081626.1","ENSSSCG00000000290","COPZ1","COPZ1","Significant"
"ENSSSCT00000095328.1",-1.4090492112249,1.42192001211012,-3.14033117078733,0.00331840343561679,0.0111920167182011,-2.06291302948195,"ENSSSCT00000095328.1","ENSSSCG00000007460","ARFGEF2","ARFGEF2","Significant"
"ENSSSCT00000006575.5",-1.38794381970131,-1.65945571738116,-3.00142886922238,0.0048005158659873,0.0153086873332013,-2.06344740141518,"ENSSSCT00000006575.5","ENSSSCG00000057079","SHAS2","SHAS2","Significant"
"ENSSSCT00000010008.5",-1.84092276867205,-4.89908973690738,-3.00632658194906,0.00473903412186668,0.0151536411771144,-2.06360151283501,"ENSSSCT00000010008.5","ENSSSCG00000009140","CASP6","CASP6","Significant"
"ENSSSCT00000047257.3",1.44680534805904,-1.29390424341882,3.00600396991449,0.00474306099497375,0.0151595687364106,-2.06667287096712,"ENSSSCT00000047257.3","ENSSSCG00000033443","DEPDC1","DEPDC1","Significant"
"ENSSSCT00000078701.1",3.10352418083913,-4.21883502092554,2.99800794187642,0.00484390399996757,0.0154304490488464,-2.0728053801173,"ENSSSCT00000078701.1","ENSSSCG00000040296","EHHADH","EHHADH","Significant"
"ENSSSCT00000104000.1",-2.32755796775925,1.63225549265043,-3.09318791190465,0.0037646085836661,0.0124699073719242,-2.07725726352292,"ENSSSCT00000104000.1","ENSSSCG00000013054","ATL3","ATL3","Significant"
"ENSSSCT00000019370.5",1.5096043059638,-3.5905588389877,2.99674022452886,0.00486007621105878,0.0154759180374412,-2.07808663390103,"ENSSSCT00000019370.5","ENSSSCG00000017798","TMIGD1","TMIGD1","Significant"
"ENSSSCT00000102640.1",1.60420216762483,-4.33736331012457,2.99755053761062,0.00484973323347721,0.0154475090215212,-2.0785530531242,"ENSSSCT00000102640.1","ENSSSCG00000059570",NA,"ENSSSCG00000059570","Significant"
"ENSSSCT00000072874.2",1.33352372312117,1.99954145211562,3.19939174016942,0.00282993236930439,0.00980313588703788,-2.07991785699405,"ENSSSCT00000072874.2","ENSSSCG00000016658","ANLN","ANLN","Significant"
"ENSSSCT00000078639.2",-1.85962162369057,-3.835736668147,-2.99548567627115,0.00487613045842332,0.0155240071737559,-2.08035249828013,"ENSSSCT00000078639.2","ENSSSCG00000038535","ARSB","ARSB","Significant"
"ENSSSCT00000054948.2",-2.57396583552845,-3.46669958455611,-2.99372720001218,0.00489871743825345,0.0155852637936003,-2.08041623624661,"ENSSSCT00000054948.2","ENSSSCG00000009505","MBNL2","MBNL2","Significant"
"ENSSSCT00000080274.1",1.84752417456616,-2.73845174118025,2.99751052477712,0.00485024347749163,0.0154476251187005,-2.08098151915036,"ENSSSCT00000080274.1","ENSSSCG00000001720","SLC25A27","SLC25A27","Significant"
"ENSSSCT00000099672.1",-1.96219392544946,-5.09177163640248,-2.99644544595318,0.00486384396512895,0.0154864031874086,-2.08596028161028,"ENSSSCT00000099672.1","ENSSSCG00000034017","KPNA6","KPNA6","Significant"
"ENSSSCT00000103166.1",1.14652940502984,-4.50631137289596,2.99385621423699,0.00489705695593424,0.0155815014141973,-2.08609817455688,"ENSSSCT00000103166.1","ENSSSCG00000061402",NA,"ENSSSCG00000061402","Significant"
"ENSSSCT00000047752.3",1.11119524819283,-1.70927121998953,2.98869534315772,0.00496389511403951,0.0157649363236065,-2.08991880270348,"ENSSSCT00000047752.3","ENSSSCG00000028295","ZNF354B","ZNF354B","Significant"
"ENSSSCT00000076724.1",1.078305717163,-2.19192947333723,2.98573077647425,0.00500267631938896,0.0158757308465406,-2.09536722853322,"ENSSSCT00000076724.1","ENSSSCG00000043354",NA,"ENSSSCG00000043354","Significant"
"ENSSSCT00000098264.1",-1.08755131920829,-3.37576276579222,-2.98533984554578,0.00500781153724559,0.0158904805216891,-2.096713090581,"ENSSSCT00000098264.1","ENSSSCG00000052707",NA,"ENSSSCG00000052707","Significant"
"ENSSSCT00000059717.2",-1.6570480516764,-3.40111310304977,-2.98574005519089,0.00500255449559284,0.0158757308465406,-2.09703829970392,"ENSSSCT00000059717.2","ENSSSCG00000016553","COPG2","COPG2","Significant"
"ENSSSCT00000030522.4",1.23267421936429,0.0546902094795858,3.02369078911097,0.00452698292587942,0.014576116069067,-2.0976083697431,"ENSSSCT00000030522.4","ENSSSCG00000009798","B3GNT4","B3GNT4","Significant"
"ENSSSCT00000076195.2",-2.14111869814494,-2.61187526973038,-2.98329030473043,0.00503481530230586,0.0159606337497696,-2.10058950806029,"ENSSSCT00000076195.2","ENSSSCG00000028355","ACTG1","ACTG1","Significant"
"ENSSSCT00000081524.2",-1.84944447387135,-1.07058839793197,-2.99363663819875,0.00489988333397572,0.0155874520656595,-2.10201566842213,"ENSSSCT00000081524.2","ENSSSCG00000017753","KSR1","KSR1","Significant"
"ENSSSCT00000072996.1",1.04093649624844,-1.19334648384126,2.98953599697633,0.00495294963257339,0.0157317067530855,-2.1037273533246,"ENSSSCT00000072996.1","ENSSSCG00000053403","IFN-ALPHA-9","IFN-ALPHA-9","Significant"
"ENSSSCT00000060812.3",2.17376644741502,-4.50197502098502,2.98490746539378,0.00501349700319902,0.0159023306053411,-2.10403599517362,"ENSSSCT00000060812.3","ENSSSCG00000004668","SLC30A4","SLC30A4","Significant"
"ENSSSCT00000096215.1",-1.96270303431369,-1.10721278301645,-3.00352796503115,0.00477407417439678,0.0152377791857105,-2.10490998498496,"ENSSSCT00000096215.1","ENSSSCG00000037583","GNB4","GNB4","Significant"
"ENSSSCT00000102004.1",-2.34019168609691,0.490227487270926,-3.05430987762707,0.00417469466278469,0.0136193460861949,-2.10536870444973,"ENSSSCT00000102004.1","ENSSSCG00000014440","HMGXB3","HMGXB3","Significant"
"ENSSSCT00000033825.4",1.38681970941357,-5.28570441563378,2.98733005242071,0.0049817199923335,0.0158153844819904,-2.10624344684144,"ENSSSCT00000033825.4","ENSSSCG00000016200","PRKAG3","PRKAG3","Significant"
"ENSSSCT00000039708.3",1.22084114828252,-0.388817824544566,3.00630148319873,0.00473934729122302,0.0151536411771144,-2.10627088124912,"ENSSSCT00000039708.3","ENSSSCG00000016033","GULP1","GULP1","Significant"
"ENSSSCT00000098675.1",1.03283882146297,-2.64993317661011,2.98027565594168,0.00507478392380145,0.016065468011615,-2.10701436622084,"ENSSSCT00000098675.1","ENSSSCG00000058119",NA,"ENSSSCG00000058119","Significant"
"ENSSSCT00000044155.1",1.07325874535372,2.35951151006102,3.16207699488155,0.0031299167138902,0.0106566211925309,-2.10952132824179,"ENSSSCT00000044155.1","ENSSSCG00000039929","ERCC2","ERCC2","Significant"
"ENSSSCT00000064320.2",-1.70362204030188,-2.64615800102772,-2.97845460487593,0.00509907207259773,0.0161282640526752,-2.11137641906573,"ENSSSCT00000064320.2","ENSSSCG00000005582","STRBP","STRBP","Significant"
"ENSSSCT00000010375.5",-2.0414662502124,-2.75405756764444,-2.97776741003151,0.00510826587207858,0.016153393901206,-2.11339393131171,"ENSSSCT00000010375.5","ENSSSCG00000009464","TBC1D4","TBC1D4","Significant"
"ENSSSCT00000075054.1",-1.79658913788344,-0.606945501526241,-3.02415870496076,0.00452139443430144,0.0145624918401922,-2.11363080174269,"ENSSSCT00000075054.1","ENSSSCG00000039550","EMC4","EMC4","Significant"
"ENSSSCT00000040709.3",1.20660789856876,0.652793430947931,3.04455274230294,0.0042840453669051,0.0139245354543489,-2.11464003785865,"ENSSSCT00000040709.3","ENSSSCG00000011575","ATG7","ATG7","Significant"
"ENSSSCT00000065704.3",1.18065995150453,4.907344068583,3.41608354466431,0.00156115291202542,0.005908279691663,-2.11490923493381,"ENSSSCT00000065704.3","ENSSSCG00000000774","USP18","USP18","Significant"
"ENSSSCT00000063264.3",-1.4207673741751,1.47448640065951,-3.09621486287874,0.00373433221023645,0.0123796814827198,-2.11611380639629,"ENSSSCT00000063264.3","ENSSSCG00000009568","ZMYM5","ZMYM5","Significant"
"ENSSSCT00000035321.4",2.30562700349901,-3.61376459692347,2.9776585065247,0.00510972429399007,0.0161541210977652,-2.11643743049926,"ENSSSCT00000035321.4","ENSSSCG00000006161","IL7","IL7","Significant"
"ENSSSCT00000066204.3",-1.00466208444796,2.48354783701454,-3.17665309183506,0.00300930945140647,0.01032143123855,-2.11742975640358,"ENSSSCT00000066204.3","ENSSSCG00000003716","SS18","SS18","Significant"
"ENSSSCT00000008407.4",-1.36340315029118,-0.239700904344271,-3.01970244082337,0.00457488222826049,0.0147042054584193,-2.11892800854528,"ENSSSCT00000008407.4","ENSSSCG00000007667","LRCH4","LRCH4","Significant"
"ENSSSCT00000041792.3",-1.42646409627529,-3.68780503831939,-2.97478707999624,0.00514831966313251,0.0162587964254913,-2.11978954677592,"ENSSSCT00000041792.3","ENSSSCG00000021668","KRT31","KRT31","Significant"
"ENSSSCT00000104977.1",-1.15781572403935,1.55951508173486,-3.11979429219169,0.00350624840011429,0.0117369325294996,-2.11999864206146,"ENSSSCT00000104977.1","ENSSSCG00000030467","PHC3","PHC3","Significant"
"ENSSSCT00000062668.3",-1.2241858407078,1.39658488319601,-3.11046225664427,0.00359489383001063,0.0119807746533442,-2.1212521138554,"ENSSSCT00000062668.3","ENSSSCG00000062839","FBXO6","FBXO6","Significant"
"ENSSSCT00000047620.3",-2.27520827454471,-3.82774891956331,-2.97370511654311,0.00516293351935316,0.0162923233125233,-2.12268914928192,"ENSSSCT00000047620.3","ENSSSCG00000000167","RIC8B","RIC8B","Significant"
"ENSSSCT00000070556.1",1.49864179436878,-1.20708403724142,2.97423350428101,0.00515579182878053,0.0162760879924052,-2.12562429847898,"ENSSSCT00000070556.1","ENSSSCG00000044004",NA,"ENSSSCG00000044004","Significant"
"ENSSSCT00000049654.3",1.20267545307348,-0.277037261432178,2.99998456167319,0.0048187894074909,0.0153579481761323,-2.12655726821715,"ENSSSCT00000049654.3","ENSSSCG00000024145","PRR11","PRR11","Significant"
"ENSSSCT00000098553.1",3.1326293671363,-2.45058851143219,2.98128411674952,0.00506138050761426,0.0160354921844578,-2.13216630371807,"ENSSSCT00000098553.1","ENSSSCG00000014672","TRIM34","TRIM34","Significant"
"ENSSSCT00000060618.3",1.32846121487154,3.23724443711639,3.21114979029156,0.00274120891570036,0.00954956464232231,-2.13448965239179,"ENSSSCT00000060618.3","ENSSSCG00000002305","EXD2","EXD2","Significant"
"ENSSSCT00000038059.3",-1.73150233410985,-4.76136638301003,-2.97218430141388,0.00518354081756658,0.0163478588523835,-2.13502626518752,"ENSSSCT00000038059.3","ENSSSCG00000011040","CACNB2","CACNB2","Significant"
"ENSSSCT00000077442.1",1.50502202447371,-5.24780452227989,2.97186742386207,0.00518784428654181,0.0163582664524574,-2.1371612050939,"ENSSSCT00000077442.1","ENSSSCG00000022536","SLC37A2","SLC37A2","Significant"
"ENSSSCT00000069315.2",1.40321831692811,-2.61670824339007,2.966123793494,0.00526643239026382,0.0165676149799461,-2.13718372043805,"ENSSSCT00000069315.2","ENSSSCG00000035161","TMEM237","TMEM237","Significant"
"ENSSSCT00000048689.3",-1.5638260078222,-4.47766814823997,-2.96747453290651,0.00524785067289732,0.0165187220833312,-2.13990626842483,"ENSSSCT00000048689.3","ENSSSCG00000004373","RTN4IP1","RTN4IP1","Significant"
"ENSSSCT00000074515.1",2.55842894425425,-2.02167501943902,2.97235849600511,0.00518117653567776,0.01634356421916,-2.14114261392545,"ENSSSCT00000074515.1","ENSSSCG00000017278","TEX2","TEX2","Significant"
"ENSSSCT00000011999.4",1.1232807178009,-1.35116248467271,2.9716654896741,0.00519058847841646,0.0163653366937714,-2.14396690365492,"ENSSSCT00000011999.4","ENSSSCG00000010962","FRMD3","FRMD3","Significant"
"ENSSSCT00000042407.3",-1.41833714501295,0.17965528273896,-3.02415726406291,0.00452141163348869,0.0145624918401922,-2.14836818019555,"ENSSSCT00000042407.3","ENSSSCG00000010494","SORBS1","SORBS1","Significant"
"ENSSSCT00000088778.2",-2.73320891643228,-2.32738241672774,-2.96093979052516,0.005338322890038,0.0167565879952632,-2.15030077060027,"ENSSSCT00000088778.2","ENSSSCG00000025921","TMEM41A","TMEM41A","Significant"
"ENSSSCT00000067712.2",-1.95639636306893,-3.36934053782028,-2.95925865292771,0.00536183385584493,0.0168187633698178,-2.15224135477561,"ENSSSCT00000067712.2","ENSSSCG00000016226",NA,"ENSSSCG00000016226","Significant"
"ENSSSCT00000090661.2",-1.76854866170739,2.38500085959564,-3.11703996706296,0.00353219423811219,0.0118074549097697,-2.15519187772515,"ENSSSCT00000090661.2","ENSSSCG00000048919","PRNP","PRNP","Significant"
"ENSSSCT00000051079.3",-2.2760801828053,1.5843167324872,-3.06367084152132,0.00407226501550428,0.0133332123484135,-2.15547523952084,"ENSSSCT00000051079.3","ENSSSCG00000007830","RBBP6","RBBP6","Significant"
"ENSSSCT00000067334.1",-1.03233269212335,-2.08100059575091,-2.95728311702713,0.00538958637674386,0.0168931046171272,-2.16005151713241,"ENSSSCT00000067334.1","ENSSSCG00000047828",NA,"ENSSSCG00000047828","Significant"
"ENSSSCT00000079285.1",1.9133521478584,-4.12261897230602,2.95621109362987,0.00540470270358775,0.0169307193454818,-2.16060370994177,"ENSSSCT00000079285.1","ENSSSCG00000023983","AGPS","AGPS","Significant"
"ENSSSCT00000088889.2",1.81025051782935,-5.05222285771576,2.95933299869591,0.0053607920657734,0.0168174025317498,-2.16227428924851,"ENSSSCT00000088889.2","ENSSSCG00000006155","ZBTB10","ZBTB10","Significant"
"ENSSSCT00000091277.2",-1.58549963272181,-1.39010988396374,-2.96759466764928,0.00524620100332559,0.0165151238304941,-2.16289534562282,"ENSSSCT00000091277.2","ENSSSCG00000015394","ELAPOR2","ELAPOR2","Significant"
"ENSSSCT00000067903.2",2.25660401095185,-4.17656301905649,2.95278880223089,0.00545322654784456,0.0170597772371833,-2.16534844409147,"ENSSSCT00000067903.2","ENSSSCG00000006156","TPD52","TPD52","Significant"
"ENSSSCT00000076030.2",-1.55195331398853,2.29386428021755,-3.09877279540728,0.00370892678166321,0.0123142412209111,-2.16580957856594,"ENSSSCT00000076030.2","ENSSSCG00000004717","UBR1","UBR1","Significant"
"ENSSSCT00000101942.1",1.4355695557998,1.15250108255653,3.05988393769306,0.00411341292395683,0.0134517266773007,-2.16764886578488,"ENSSSCT00000101942.1","ENSSSCG00000016349","NDUFA10","NDUFA10","Significant"
"ENSSSCT00000102364.1",-1.53789329458712,-3.74475660068689,-2.95177686110522,0.00546765283013687,0.0170950664435925,-2.16858577341862,"ENSSSCT00000102364.1","ENSSSCG00000015878","PKP4","PKP4","Significant"
"ENSSSCT00000103462.1",1.24512311208179,-1.79111260013588,2.96367557666738,0.00530026951557291,0.0166579899060863,-2.17070956774311,"ENSSSCT00000103462.1","ENSSSCG00000053573",NA,"ENSSSCG00000053573","Significant"
"ENSSSCT00000088701.2",1.44345132932093,1.33448988187891,3.09118192257058,0.00378480077290277,0.0125240682431464,-2.17321023994188,"ENSSSCT00000088701.2","ENSSSCG00000008647","CMPK2","CMPK2","Significant"
"ENSSSCT00000051847.3",1.25698504775946,-1.32544517616761,2.95484003727461,0.0054240936727951,0.0169833045335457,-2.17347551536814,"ENSSSCT00000051847.3","ENSSSCG00000013656","MRPL4","MRPL4","Significant"
"ENSSSCT00000044997.2",-2.42379051921591,-0.834065936456236,-2.97729133309911,0.00511464432049418,0.0161665403223841,-2.17521668782032,"ENSSSCT00000044997.2","ENSSSCG00000038506","CD46","CD46","Significant"
"ENSSSCT00000045927.3",1.50306731104388,-2.71857789853401,2.94751513635597,0.00552880248860928,0.0172465629868558,-2.17650509105483,"ENSSSCT00000045927.3","ENSSSCG00000021310","LIN9","LIN9","Significant"
"ENSSSCT00000072918.2",-1.29096406389961,0.30300452683319,-3.02333071947638,0.00453128780302615,0.0145856557932535,-2.17657815936121,"ENSSSCT00000072918.2","ENSSSCG00000009075","MFSD8","MFSD8","Significant"
"ENSSSCT00000078702.2",-1.85012617215508,-4.71057925759242,-2.94831758396365,0.00551723964911224,0.0172154351152891,-2.17979199300986,"ENSSSCT00000078702.2","ENSSSCG00000014852","ARRB1","ARRB1","Significant"
"ENSSSCT00000052742.3",3.17443119537679,-2.99042612704651,2.94531848619125,0.00556057156606329,0.0173323972600313,-2.18151494345225,"ENSSSCT00000052742.3","ENSSSCG00000009933","UBE3B","UBE3B","Significant"
"ENSSSCT00000045571.3",-2.56443941018001,-4.6975512178439,-2.94857701508806,0.00551350624668539,0.0172056560089074,-2.18246568091338,"ENSSSCT00000045571.3","ENSSSCG00000008799","LIMCH1","LIMCH1","Significant"
"ENSSSCT00000104746.1",1.09129729532374,-3.63160125539321,2.94485340317327,0.00556731978737111,0.0173451404058717,-2.18361153838218,"ENSSSCT00000104746.1","ENSSSCG00000058349",NA,"ENSSSCG00000058349","Significant"
"ENSSSCT00000104661.1",-2.57845865136342,-1.84373955243528,-2.94577850109891,0.00555390443808546,0.0173165822223714,-2.18409137152032,"ENSSSCT00000104661.1","ENSSSCG00000021672","WBP2","WBP2","Significant"
"ENSSSCT00000069173.1",-2.15368861097188,0.932170820602244,-3.02624563707119,0.00449654853247559,0.0145053397004882,-2.18572190109665,"ENSSSCT00000069173.1","ENSSSCG00000016070","GTF3C3","GTF3C3","Significant"
"ENSSSCT00000051844.3",-1.75912477150433,-3.16627524101563,-2.94625219307263,0.00554704692985391,0.0172968552124098,-2.18913397082748,"ENSSSCT00000051844.3","ENSSSCG00000007162","UBOX5","UBOX5","Significant"
"ENSSSCT00000045994.3",-1.93933009817456,5.15756970920012,-3.33263385583851,0.00196679360119117,0.00718491188495653,-2.18963060867204,"ENSSSCT00000045994.3","ENSSSCG00000034386","ATP2A2","ATP2A2","Significant"
"ENSSSCT00000009833.6",1.75972882913485,-0.215312095862506,2.98225882569807,0.00504845734196594,0.0159976580015023,-2.19070589118661,"ENSSSCT00000009833.6","ENSSSCG00000008978","CXCL11","CXCL11","Significant"
"ENSSSCT00000098594.1",-1.46030732980744,-5.16879409108696,-2.94521791241388,0.00556203021151807,0.0173336296134903,-2.19198137707942,"ENSSSCT00000098594.1","ENSSSCG00000004952","SMAD3","SMAD3","Significant"
"ENSSSCT00000093652.1",1.97041653316151,-3.78366697066369,2.9402265354463,0.00563487439263267,0.0175171095249233,-2.19244790592477,"ENSSSCT00000093652.1","ENSSSCG00000020677","CYB5RL","CYB5RL","Significant"
"ENSSSCT00000066687.2",-2.41157099101587,-4.24871784070643,-2.94059963334931,0.00562939857695831,0.0175067637545926,-2.19510346028535,"ENSSSCT00000066687.2","ENSSSCG00000008127","SNRNP200","SNRNP200","Significant"
"ENSSSCT00000087801.2",-1.72936322730513,2.53055737452848,-3.11642748956964,0.00353798845142959,0.0118225454002675,-2.19556856034797,"ENSSSCT00000087801.2","ENSSSCG00000015555","LAMC1","LAMC1","Significant"
"ENSSSCT00000058744.3",1.96260663047082,2.37711780330335,3.06788408116173,0.00402694159314837,0.013203301807394,-2.19897140691429,"ENSSSCT00000058744.3","ENSSSCG00000008300","STAMBP","STAMBP","Significant"
"ENSSSCT00000002821.4",2.29772660140034,-4.65826194794853,2.93592863215888,0.00569831469364629,0.0176923961786157,-2.20214365786008,"ENSSSCT00000002821.4","ENSSSCG00000002540","PPP2R5C","PPP2R5C","Significant"
"ENSSSCT00000031428.4",-2.23702549736728,-2.65932920900615,-2.93296824297712,0.00574240152635071,0.017814011357292,-2.20719639611103,"ENSSSCT00000031428.4","ENSSSCG00000024018","SLC16A3","SLC16A3","Significant"
"ENSSSCT00000101948.2",2.17745199462677,-2.78163903835942,2.93203127436943,0.00575642164593231,0.0178531844455563,-2.20910060196275,"ENSSSCT00000101948.2","ENSSSCG00000061053","SAPCD1","SAPCD1","Significant"
"ENSSSCT00000023423.4",1.04682441668814,-0.617887280777674,2.94804854218975,0.00552111386354047,0.0172258752542463,-2.21120994715154,"ENSSSCT00000023423.4","ENSSSCG00000024864","ATXN10","ATXN10","Significant"
"ENSSSCT00000092303.1",-1.06265316456412,-2.86150575202947,-2.92837286232389,0.00581147161291747,0.0179854979086437,-2.21688610109388,"ENSSSCT00000092303.1","ENSSSCG00000054586",NA,"ENSSSCG00000054586","Significant"
"ENSSSCT00000094376.1",2.41180942188559,-4.2494358604754,2.92939271574852,0.00579607591249022,0.0179463683808957,-2.21724486794757,"ENSSSCT00000094376.1","ENSSSCG00000023078","WDR4","WDR4","Significant"
"ENSSSCT00000041160.3",2.07958321773457,2.53812323952347,3.0769603232728,0.00393091892074963,0.0129301533991244,-2.21855544475189,"ENSSSCT00000041160.3","ENSSSCG00000016261","SP110","SP110","Significant"
"ENSSSCT00000073930.2",1.83767609097976,-2.81756188862799,2.9273975824866,0.00582623031315565,0.0180277510800158,-2.21882639896437,"ENSSSCT00000073930.2","ENSSSCG00000000892","HAL","HAL","Significant"
"ENSSSCT00000090674.1",1.67635618439682,-0.52160250845028,2.94522120884154,0.00556198239694753,0.0173336296134903,-2.21990513368035,"ENSSSCT00000090674.1","ENSSSCG00000047367",NA,"ENSSSCG00000047367","Significant"
"ENSSSCT00000035963.5",1.29704415068087,-1.67994943536188,2.92929731106887,0.00579751451676484,0.0179491181563575,-2.2215604249525,"ENSSSCT00000035963.5","ENSSSCG00000001252","UBD","UBD","Significant"
"ENSSSCT00000099729.1",1.71613687211124,0.312891634433613,2.96908028603279,0.00522584099832378,0.0164637472131944,-2.22160306081838,"ENSSSCT00000099729.1","ENSSSCG00000008493","CEBPZ","CEBPZ","Significant"
"ENSSSCT00000073736.1",1.3642290032988,0.855352682539161,2.99393487088272,0.00489604486267898,0.0155809330992486,-2.2217674746795,"ENSSSCT00000073736.1","ENSSSCG00000010214","CDK1","CDK1","Significant"
"ENSSSCT00000084396.1",1.09799814333482,-2.40987455938589,2.92522170909104,0.00585928416961003,0.0181231478100717,-2.22339075279646,"ENSSSCT00000084396.1","ENSSSCG00000050786",NA,"ENSSSCG00000050786","Significant"
"ENSSSCT00000019302.4",-2.17154176175068,-0.371036437642612,-2.97269284360962,0.00517664139407868,0.0163324188129032,-2.22675105737848,"ENSSSCT00000019302.4","ENSSSCG00000017735","RHOT1","RHOT1","Significant"
"ENSSSCT00000048679.3",-1.26071939313687,3.55363191455602,-3.18071211713385,0.00297651717813964,0.0102250938864255,-2.22756985817341,"ENSSSCT00000048679.3","ENSSSCG00000039061","EIF2AK4","EIF2AK4","Significant"
"ENSSSCT00000024016.3",-1.63080918714983,-3.02105435080314,-2.92291525929055,0.00589451363542683,0.0182148348563602,-2.22851733461629,"ENSSSCT00000024016.3","ENSSSCG00000022945","UCHL1","UCHL1","Significant"
"ENSSSCT00000105060.1",-1.33950314290235,-3.84996359116534,-2.92229966449649,0.00590394996662527,0.018242265420001,-2.23075530508188,"ENSSSCT00000105060.1","ENSSSCG00000058163",NA,"ENSSSCG00000058163","Significant"
"ENSSSCT00000029475.5",-2.46914781639646,-0.162594571096631,-2.9639646677538,0.00529626333569311,0.0166497269087907,-2.23118671971618,"ENSSSCT00000029475.5","ENSSSCG00000014817","ARAP1","ARAP1","Significant"
"ENSSSCT00000073154.2",2.19788377595175,-4.50894312634085,2.92356364122852,0.00588459001438048,0.0181910659741027,-2.2314592885387,"ENSSSCT00000073154.2","ENSSSCG00000015894","DPP4","DPP4","Significant"
"ENSSSCT00000038744.3",-1.36575206549386,0.642473028588138,-3.02349156075631,0.00452936435955248,0.0145809039868532,-2.23218586221343,"ENSSSCT00000038744.3","ENSSSCG00000011579","PPARG","PPARG","Significant"
"ENSSSCT00000027757.3",1.24555610690884,3.7074795191473,3.26808127366884,0.00234775967927609,0.00838312962250767,-2.23514514751698,"ENSSSCT00000027757.3","ENSSSCG00000028711","CASP1","CASP1","Significant"
"ENSSSCT00000099177.1",1.65688586780003,-5.2787961909617,2.92203421643508,0.00590802333808224,0.018244846274411,-2.23895037253421,"ENSSSCT00000099177.1","ENSSSCG00000026196","FAM13A","FAM13A","Significant"
"ENSSSCT00000098227.1",1.46700652440634,-0.676959904420123,2.93059086328329,0.0057780375756308,0.0179075225395311,-2.24000327515338,"ENSSSCT00000098227.1","ENSSSCG00000010756","MGMT","MGMT","Significant"
"ENSSSCT00000046501.3",-1.69246585550799,0.7153133682209,-3.00740687504602,0.00472557323747749,0.0151170123464203,-2.24091171524537,"ENSSSCT00000046501.3","ENSSSCG00000027444","STAU1","STAU1","Significant"
"ENSSSCT00000094580.1",1.06732508097797,-2.50330340197406,2.91728812608158,0.00598129970843139,0.018434095443208,-2.24140597103679,"ENSSSCT00000094580.1","ENSSSCG00000054122",NA,"ENSSSCG00000054122","Significant"
"ENSSSCT00000056738.3",-1.92050430189837,-0.931971679324814,-2.97681735418654,0.00512100210084004,0.0161850671283238,-2.24317659066598,"ENSSSCT00000056738.3","ENSSSCG00000014391","ARAP3","ARAP3","Significant"
"ENSSSCT00000104024.1",-1.80484949425256,-3.33222861495672,-2.91547136059846,0.00600957419848827,0.0185054927434371,-2.24380220426559,"ENSSSCT00000104024.1","ENSSSCG00000040528","TTC1","TTC1","Significant"
"ENSSSCT00000053812.2",-1.49906202876296,-0.503918428437211,-2.9497295391636,0.00549694925387899,0.0171656605630634,-2.24394874092158,"ENSSSCT00000053812.2","ENSSSCG00000027557",NA,"ENSSSCG00000027557","Significant"
"ENSSSCT00000042122.2",-2.93268933348977,0.515676939433602,-2.98054417483064,0.00507121179093434,0.0160572777732954,-2.24480531069284,"ENSSSCT00000042122.2","ENSSSCG00000008188","MGAT4A","MGAT4A","Significant"
"ENSSSCT00000101728.1",-1.2973080048458,-2.2365756336817,-2.91723350768288,0.00598214791792039,0.0184349669863777,-2.24519331720383,"ENSSSCT00000101728.1","ENSSSCG00000021307","USP44","USP44","Significant"
"ENSSSCT00000076718.2",1.02092067953116,0.644844956343998,2.99265952618152,0.00491247932933809,0.0156214255392314,-2.2511920449841,"ENSSSCT00000076718.2","ENSSSCG00000015613","C1orf74","C1orf74","Significant"
"ENSSSCT00000014161.5",2.6928920990946,-2.84903802628405,2.91225966151453,0.00605986498082399,0.0186327103906667,-2.2516179707856,"ENSSSCT00000014161.5","ENSSSCG00000012956","PACS1","PACS1","Significant"
"ENSSSCT00000016878.5",-1.60696915907899,-4.37991488227995,-2.91215925316936,0.00606144357908839,0.0186349042898563,-2.25522242609587,"ENSSSCT00000016878.5","ENSSSCG00000015494","ZBTB37","ZBTB37","Significant"
"ENSSSCT00000006128.5",-1.46892615800601,1.42460576839851,-3.04366664725636,0.00429410882867831,0.0139481848998448,-2.25698251564349,"ENSSSCT00000006128.5","ENSSSCG00000005575","RC3H2","RC3H2","Significant"
"ENSSSCT00000100344.1",-2.03383417766929,-1.82221039692217,-2.91500708995999,0.0060168197635956,0.0185243051531889,-2.25866385690278,"ENSSSCT00000100344.1","ENSSSCG00000014411","LARS1","LARS1","Significant"
"ENSSSCT00000091568.2",1.3877308329425,-4.63228405590991,2.90980033662892,0.00609864104946131,0.0187302272773772,-2.2594205650923,"ENSSSCT00000091568.2","ENSSSCG00000009083","SPRY1","SPRY1","Significant"
"ENSSSCT00000044128.2",3.374786604855,-1.85724151407553,2.91598336071513,0.006001593236809,0.0184862951167949,-2.26139519181016,"ENSSSCT00000044128.2","ENSSSCG00000002445","TRIP11","TRIP11","Significant"
"ENSSSCT00000089985.2",1.67660969662219,0.0182850115014088,2.96178425286,0.00532654954472023,0.0167276845844787,-2.26207267852557,"ENSSSCT00000089985.2","ENSSSCG00000006521","ENTREP3","ENTREP3","Significant"
"ENSSSCT00000107045.1",-1.60802985920332,-1.43510603394879,-2.92450021444758,0.00587028322921524,0.0181554462535889,-2.26217907099863,"ENSSSCT00000107045.1","ENSSSCG00000033526","BAG2","BAG2","Significant"
"ENSSSCT00000057737.3",-1.09120280340615,4.60013293833522,-3.24479119670545,0.00250173579473833,0.00883328934932301,-2.26327870077573,"ENSSSCT00000057737.3","ENSSSCG00000033228","SPAG9","SPAG9","Significant"
"ENSSSCT00000082185.1",2.7822838502286,-2.06306358624276,2.90961441282616,0.00610158193791579,0.0187374943490446,-2.26627054825467,"ENSSSCT00000082185.1","ENSSSCG00000015462","TPK1","TPK1","Significant"
"ENSSSCT00000004129.5",-1.59098631255685,-1.5600535864806,-2.91212864392164,0.00606192488772008,0.0186349042898563,-2.26638116907493,"ENSSSCT00000004129.5","ENSSSCG00000003729","RNF125","RNF125","Significant"
"ENSSSCT00000069245.2",-2.32722125682719,0.73148314074327,-2.97565804687175,0.00513658396501815,0.016228021666226,-2.26915533013733,"ENSSSCT00000069245.2","ENSSSCG00000010931","ADIPOR1","ADIPOR1","Significant"
"ENSSSCT00000014483.5",1.62921847325727,1.32813973488737,3.05051434908785,0.00421691524234666,0.0137350953607863,-2.26979331974234,"ENSSSCT00000014483.5","ENSSSCG00000013259","DGKZ","DGKZ","Significant"
"ENSSSCT00000074117.2",1.52543201084406,-2.55172592802091,2.90320401377658,0.00620379648370229,0.0190048464300131,-2.27149970113024,"ENSSSCT00000074117.2","ENSSSCG00000014827","PLEKHB1","PLEKHB1","Significant"
"ENSSSCT00000066670.1",-2.51156245302045,-3.17091295714572,-2.90143965622675,0.00623220967025516,0.0190793393510797,-2.27309705305543,"ENSSSCT00000066670.1","ENSSSCG00000005057","FBXO34","FBXO34","Significant"
"ENSSSCT00000086470.1",1.01983496005774,-2.02517729158104,2.89905860516662,0.00627074740067288,0.0191721163026574,-2.28017301703698,"ENSSSCT00000086470.1","ENSSSCG00000047398",NA,"ENSSSCG00000047398","Significant"
"ENSSSCT00000045086.3",1.31073677609637,-0.318677817911915,2.92713958052151,0.00583014047895143,0.0180381381833111,-2.2804733787567,"ENSSSCT00000045086.3","ENSSSCG00000015328","SGCE","SGCE","Significant"
"ENSSSCT00000107898.1",1.35209784537098,-0.227318577171848,2.92551358349302,0.00585484009011332,0.0181111201421304,-2.28232148253961,"ENSSSCT00000107898.1","ENSSSCG00000001435","AGPAT1","AGPAT1","Significant"
"ENSSSCT00000082160.2",-1.72145160585421,0.188162691078802,-2.96222185793993,0.00532045813534862,0.0167133844344259,-2.28406185349551,"ENSSSCT00000082160.2","ENSSSCG00000036247","MRM2","MRM2","Significant"
"ENSSSCT00000098354.1",1.33977459904585,3.68447370757742,3.25682924555679,0.00242098684862042,0.00859960439224306,-2.28500283576878,"ENSSSCT00000098354.1","ENSSSCG00000061023",NA,"ENSSSCG00000061023","Significant"
"ENSSSCT00000014880.5",1.23081571404634,-1.53310063406059,2.89993940470622,0.00625646556165297,0.0191410155927684,-2.28644045103411,"ENSSSCT00000014880.5","ENSSSCG00000013625","RGL3","RGL3","Significant"
"ENSSSCT00000107249.1",-2.68195512276959,-2.3947104138587,-2.89685437468912,0.0063066221414485,0.0192673452304898,-2.28669404422981,"ENSSSCT00000107249.1","ENSSSCG00000031951","CYFIP1","CYFIP1","Significant"
"ENSSSCT00000091918.1",1.55286195404091,-1.11339109829478,2.9027969636087,0.00621034082199647,0.01902310711766,-2.29114483502978,"ENSSSCT00000091918.1","ENSSSCG00000015885","PLA2R1","PLA2R1","Significant"
"ENSSSCT00000030664.4",1.5494541291561,-2.42797302592891,2.89273718486399,0.00637414649887522,0.0194408486856247,-2.29118989810172,"ENSSSCT00000030664.4","ENSSSCG00000008997","FGB","FGB","Significant"
"ENSSSCT00000086867.1",-1.63305781219536,-5.18089381941539,-2.89449937949028,0.00634516299884431,0.0193633184588469,-2.29336137135262,"ENSSSCT00000086867.1","ENSSSCG00000036152","TSPAN15","TSPAN15","Significant"
"ENSSSCT00000100220.1",1.22144509556265,-4.22608895455507,2.89230045501818,0.00638134871076614,0.0194573546587318,-2.29413292961271,"ENSSSCT00000100220.1","ENSSSCG00000055665",NA,"ENSSSCG00000055665","Significant"
"ENSSSCT00000015908.5",2.80481473524748,-0.537546936083912,2.92118854280634,0.00592101800811526,0.0182759510685023,-2.2949687029044,"ENSSSCT00000015908.5","ENSSSCG00000014558","SIRT3","SIRT3","Significant"
"ENSSSCT00000042317.3",1.1532356095912,-1.28740419225481,2.89540993731973,0.00633023511045834,0.019324998646197,-2.29648332649707,"ENSSSCT00000042317.3","ENSSSCG00000001793","ADAMTSL3","ADAMTSL3","Significant"
"ENSSSCT00000010061.5",1.47574532568024,-3.51293402682646,2.88974703235192,0.00642361054348031,0.0195642595198162,-2.29773809668696,"ENSSSCT00000010061.5","ENSSSCG00000009188","STPG2","STPG2","Significant"
"ENSSSCT00000010959.4",2.46258526262949,2.42004081117304,3.01817169360869,0.00459339274708843,0.0147564269510367,-2.29991745247056,"ENSSSCT00000010959.4","ENSSSCG00000010002","SF3A1","SF3A1","Significant"
"ENSSSCT00000023080.4",4.05202697164914,-1.03740499478277,2.90269459779454,0.00621198762325234,0.0190263639707393,-2.30099711877209,"ENSSSCT00000023080.4","ENSSSCG00000040184","LMO7","LMO7","Significant"
"ENSSSCT00000007879.5",1.81337965550561,0.0683636291493949,2.92980109173629,0.00578992180783875,0.0179307190941085,-2.30180925890271,"ENSSSCT00000007879.5","ENSSSCG00000007200","FAM110A","FAM110A","Significant"
"ENSSSCT00000046455.3",1.79820310052239,-5.13343186789233,2.89033552675587,0.00641384716593657,0.0195418253432573,-2.30191508033829,"ENSSSCT00000046455.3","ENSSSCG00000024134","MGLL","MGLL","Significant"
"ENSSSCT00000103352.1",2.24234392702128,-0.755170179130342,2.93005603944895,0.00578608293077841,0.0179239380403895,-2.30215703773645,"ENSSSCT00000103352.1","ENSSSCG00000034569","OBSCN","OBSCN","Significant"
"ENSSSCT00000032645.4",2.02154667414744,-4.93732103909782,2.88758316435124,0.00645962983275719,0.019661106335625,-2.30693229547932,"ENSSSCT00000032645.4","ENSSSCG00000005934","TRAPPC9","TRAPPC9","Significant"
"ENSSSCT00000078444.2",2.67849567727476,-2.39953251699958,2.892092669613,0.00638477802218403,0.0194641704193818,-2.30801084612063,"ENSSSCT00000078444.2","ENSSSCG00000029573","NASP","NASP","Significant"
"ENSSSCT00000064208.4",2.77026388456929,-4.11968863890206,2.88487034533909,0.00650505398260003,0.0197827422860453,-2.31036039003091,"ENSSSCT00000064208.4","ENSSSCG00000004738","MAPKBP1","MAPKBP1","Significant"
"ENSSSCT00000099606.1",-1.15943908034554,1.13678562779772,-3.0093475596111,0.00470148195142714,0.0150488040000325,-2.31191379115405,"ENSSSCT00000099606.1","ENSSSCG00000028707","NF2","NF2","Significant"
"ENSSSCT00000063661.3",-1.31618417167332,-0.584810693289677,-2.91696550326992,0.00598631159134388,0.0184460545434435,-2.31340325360096,"ENSSSCT00000063661.3","ENSSSCG00000011304","ZNF197","ZNF197","Significant"
"ENSSSCT00000078664.1",1.06104053276713,-0.244526165775238,2.92079768669107,0.00592703297926915,0.0182888528163129,-2.31428723413769,"ENSSSCT00000078664.1","ENSSSCG00000035893","CLTRN","CLTRN","Significant"
"ENSSSCT00000003998.4",1.00319701049334,4.046711637227,3.25786992926761,0.00241412392793342,0.00858156307744672,-2.31660268711813,"ENSSSCT00000003998.4","ENSSSCG00000003603","COL16A1","COL16A1","Significant"
"ENSSSCT00000027391.4",-1.81651582090768,2.86914885365021,-3.08456030704318,0.00385218306960252,0.0127173528555408,-2.31683994206672,"ENSSSCT00000027391.4","ENSSSCG00000011621","SEC61A1","SEC61A1","Significant"
"ENSSSCT00000042622.3",2.21407449630972,-2.73356099892681,2.88095682362865,0.00657111003645675,0.0199538485264633,-2.31692895608007,"ENSSSCT00000042622.3","ENSSSCG00000004535","TCF4","TCF4","Significant"
"ENSSSCT00000080636.1",-1.15074749190403,-2.23953662201423,-2.88616774657962,0.00648329277929388,0.0197269874201027,-2.31696305305187,"ENSSSCT00000080636.1","ENSSSCG00000048017",NA,"ENSSSCG00000048017","Significant"
"ENSSSCT00000016203.6",1.83320152445663,-2.98384748166396,2.87955322689397,0.00659495381302235,0.0200038956293405,-2.31851855160872,"ENSSSCT00000016203.6","ENSSSCG00000014851","SLCO2B1","SLCO2B1","Significant"
"ENSSSCT00000077549.2",-2.02097812618126,2.05156918470906,-3.05444925251504,0.00417315191078241,0.0136156754627389,-2.32038353020527,"ENSSSCT00000077549.2","ENSSSCG00000011137","GDI2","GDI2","Significant"
"ENSSSCT00000064883.3",2.94520195481326,-1.68992780152764,2.89693299921704,0.00630533919597278,0.0192652309198291,-2.32357228823422,"ENSSSCT00000064883.3","ENSSSCG00000000114","PICK1","PICK1","Significant"
"ENSSSCT00000006873.5",3.11245281013054,-0.411144923487375,2.90764775764957,0.00613277141405781,0.0188190945114297,-2.32377710879702,"ENSSSCT00000006873.5","ENSSSCG00000006274","PRKDC","PRKDC","Significant"
"ENSSSCT00000043320.3",1.8220366030086,-4.65899098700899,2.87835970958577,0.00661529250830489,0.0200531034112824,-2.3238650478438,"ENSSSCT00000043320.3","ENSSSCG00000003807","DNAJC6","DNAJC6","Significant"
"ENSSSCT00000028473.4",3.225021941831,-1.18702773440114,2.88797992277981,0.00645301135083319,0.0196446295128446,-2.32458826025164,"ENSSSCT00000028473.4","ENSSSCG00000012893","UNC93B1","UNC93B1","Significant"
"ENSSSCT00000066351.3",2.30775441077988,-4.96091366409989,2.87834859668851,0.0066154821583779,0.0200531034112824,-2.32475040843504,"ENSSSCT00000066351.3","ENSSSCG00000002844","PHKB","PHKB","Significant"
"ENSSSCT00000022898.4",1.21763626745665,-2.46969940253718,2.87652931023252,0.00664659835291948,0.020134320607506,-2.32511423664141,"ENSSSCT00000022898.4","ENSSSCG00000026164","SOHLH2","SOHLH2","Significant"
"ENSSSCT00000100331.1",1.15408984037064,-1.62627286550925,2.8813296730841,0.00656478978472031,0.0199383703904072,-2.32563804241399,"ENSSSCT00000100331.1","ENSSSCG00000029785","RPS9","RPS9","Significant"
"ENSSSCT00000100582.1",1.30148869106004,-1.27552092235228,2.88715503968675,0.00646677867540002,0.0196810279037377,-2.32626129343325,"ENSSSCT00000100582.1","ENSSSCG00000004674","SHF","SHF","Significant"
"ENSSSCT00000039992.3",1.39152656160666,1.53955503453806,3.04389375553843,0.00429152741550778,0.0139419051270641,-2.32923693242855,"ENSSSCT00000039992.3","ENSSSCG00000011278","TRAK1","TRAK1","Significant"
"ENSSSCT00000035898.3",1.0951619859905,6.0427814019757,3.39664825037096,0.00164777370016143,0.00618436790550451,-2.33042118695717,"ENSSSCT00000035898.3","ENSSSCG00000010451","IFIT2","IFIT2","Significant"
"ENSSSCT00000095097.1",1.17719185712785,-1.67911809278,2.88009687557345,0.00658570892181918,0.0199795713861536,-2.33136286675314,"ENSSSCT00000095097.1","ENSSSCG00000018046",NA,"ENSSSCG00000018046","Significant"
"ENSSSCT00000045599.3",1.08224058464905,0.584383525338584,2.93123618297296,0.00576834400533055,0.0178842799495813,-2.33151189279548,"ENSSSCT00000045599.3","ENSSSCG00000021818","ENOX1","ENOX1","Significant"
"ENSSSCT00000052199.3",1.19350746586862,-2.45816206385235,2.87140203790488,0.00673503109389931,0.0203747673418085,-2.33703590148442,"ENSSSCT00000052199.3","ENSSSCG00000039553","ASPG","ASPG","Significant"
"ENSSSCT00000005118.5",-1.27138924305896,2.31731292193382,-3.06065092589712,0.00410504737081145,0.0134257161679142,-2.33751810038086,"ENSSSCT00000005118.5","ENSSSCG00000004634","AP4E1","AP4E1","Significant"
"ENSSSCT00000035582.4",1.79870332044833,-5.10388644262625,2.87111424117537,0.00674002735267751,0.0203870351430279,-2.33912380023151,"ENSSSCT00000035582.4","ENSSSCG00000026914","PLAAT3","PLAAT3","Significant"
"ENSSSCT00000071798.2",-1.13773069636855,0.270990203648362,-2.95268897076789,0.00545464815873134,0.0170609505532691,-2.34305078306043,"ENSSSCT00000071798.2","ENSSSCG00000007727","AUTS2","AUTS2","Significant"
"ENSSSCT00000077302.2",-1.92846809192947,-3.45773167471011,-2.86683063956722,0.00681480327256602,0.020563613687991,-2.34472849507984,"ENSSSCT00000077302.2","ENSSSCG00000006162","ZC2HC1A","ZC2HC1A","Significant"
"ENSSSCT00000079508.1",-1.40163223839519,-1.02058731187578,-2.88758900314972,0.00645953238742776,0.019661106335625,-2.34512794341267,"ENSSSCT00000079508.1","ENSSSCG00000034414","PSME3IP1","PSME3IP1","Significant"
"ENSSSCT00000056564.3",1.70250613931578,-3.91862306036495,2.86410428345765,0.00686279867976767,0.02069120474895,-2.35070897091715,"ENSSSCT00000056564.3","ENSSSCG00000039370",NA,"ENSSSCG00000039370","Significant"
"ENSSSCT00000050874.1",1.32555927017402,-5.32770609851538,2.86644067404163,0.00682164902608249,0.0205804612608859,-2.3510735729579,"ENSSSCT00000050874.1","ENSSSCG00000037450","SSC5D","SSC5D","Significant"
"ENSSSCT00000078761.2",-1.0677227108124,1.15318694459385,-2.99873867465082,0.00483460510988121,0.0154038370959217,-2.35274528085664,"ENSSSCT00000078761.2","ENSSSCG00000049319",NA,"ENSSSCG00000049319","Significant"
"ENSSSCT00000051346.2",1.20138347262518,1.48954382737536,3.01613186033038,0.00461816909368729,0.0148243364310899,-2.35404883092868,"ENSSSCT00000051346.2","ENSSSCG00000040524","ISYNA1","ISYNA1","Significant"
"ENSSSCT00000055795.3",1.62723910079339,-1.8122515568949,2.86839760278689,0.00678736032067685,0.0204997772946131,-2.35423960913039,"ENSSSCT00000055795.3","ENSSSCG00000035993","C1QTNF2","C1QTNF2","Significant"
"ENSSSCT00000058975.2",1.32224581684137,-3.1253808518582,2.86137537373484,0.00691115539707155,0.0208158254564546,-2.3560451080473,"ENSSSCT00000058975.2","ENSSSCG00000035534",NA,"ENSSSCG00000035534","Significant"
"ENSSSCT00000096444.1",-1.38871504137828,-4.27324718966617,-2.861295378231,0.00691257772447822,0.0208164928065676,-2.35695537571331,"ENSSSCT00000096444.1","ENSSSCG00000052617",NA,"ENSSSCG00000052617","Significant"
"ENSSSCT00000000203.3",-3.1967780393034,-1.69376003389979,-2.89243839195942,0.00637907313813766,0.0194522353718519,-2.35898468908033,"ENSSSCT00000000203.3","ENSSSCG00000000190","TUBA1B","TUBA1B","Significant"
"ENSSSCT00000053128.1",1.66872441431911,2.34260418527869,3.0913416054235,0.00378318966859907,0.0125200077096025,-2.35930260497598,"ENSSSCT00000053128.1","ENSSSCG00000001561","ETV7","ETV7","Significant"
"ENSSSCT00000035499.4",-1.28985006223709,-2.85314507103201,-2.85954429583012,0.00694378076983715,0.0208947880221292,-2.35998920808816,"ENSSSCT00000035499.4","ENSSSCG00000022942","PHF6","PHF6","Significant"
"ENSSSCT00000048829.3",-2.14485270873317,-4.45808005840762,-2.86077028943666,0.00692192064697642,0.0208399940673481,-2.36003047629483,"ENSSSCT00000048829.3","ENSSSCG00000014048","HK3","HK3","Significant"
"ENSSSCT00000010367.5",1.7986103080397,-0.536986880688201,2.89184910602442,0.00638880001741517,0.0194727901063667,-2.36234118843083,"ENSSSCT00000010367.5","ENSSSCG00000009457","DACH1","DACH1","Significant"
"ENSSSCT00000094839.1",-1.60474944622408,-2.6534628699419,-2.87075735696816,0.00674622781099115,0.0204038971752834,-2.36271275769626,"ENSSSCT00000094839.1","ENSSSCG00000009405","SUCLA2","SUCLA2","Significant"
"ENSSSCT00000004697.5",-1.42415009508308,-2.9211722673657,-2.85915968241147,0.00695065192054974,0.0209077456608178,-2.36329559915392,"ENSSSCT00000004697.5","ENSSSCG00000004250","SLC35F1","SLC35F1","Significant"
"ENSSSCT00000033942.3",1.30124589430729,-2.17509178648031,2.86269385351025,0.00688775208714401,0.020754923202333,-2.36338337166247,"ENSSSCT00000033942.3","ENSSSCG00000012181","PDK3","PDK3","Significant"
"ENSSSCT00000103240.1",-1.38824170407463,-3.43985378893344,-2.85746695275305,0.00698096828413276,0.0209853853896242,-2.36397210645866,"ENSSSCT00000103240.1","ENSSSCG00000062643",NA,"ENSSSCG00000062643","Significant"
"ENSSSCT00000097372.1",1.42663472509504,2.81525941585551,3.11886574203461,0.00351497514425067,0.0117616245819143,-2.36512990488621,"ENSSSCT00000097372.1","ENSSSCG00000006388","DCAF8","DCAF8","Significant"
"ENSSSCT00000010839.5",-1.3255440923619,5.49298784323407,-3.24118248013654,0.00252643766328167,0.00890893073476483,-2.36581258713368,"ENSSSCT00000010839.5","ENSSSCG00000009889","ALDH2","ALDH2","Significant"
"ENSSSCT00000061148.2",1.62472186695705,-2.61938344931163,2.85679459605468,0.0069930442836385,0.0210125868128456,-2.36719408083634,"ENSSSCT00000061148.2","ENSSSCG00000011214","NGLY1","NGLY1","Significant"
"ENSSSCT00000084821.2",-1.61777361423929,-3.77602275309366,-2.85549287088989,0.00701647969462031,0.0210668849768303,-2.36802913822957,"ENSSSCT00000084821.2","ENSSSCG00000008966","PARM1","PARM1","Significant"
"ENSSSCT00000017146.4",-2.7661223993931,0.784661325602316,-2.99158694103117,0.00492634116181019,0.0156595664213892,-2.3693892697842,"ENSSSCT00000017146.4","ENSSSCG00000015746","DLGAP2","DLGAP2","Significant"
"ENSSSCT00000070288.2",-1.6256689182294,-4.43110528259182,-2.85507563570918,0.00702400684482834,0.0210856016176027,-2.36963043983474,"ENSSSCT00000070288.2","ENSSSCG00000005665","PHYHD1","PHYHD1","Significant"
"ENSSSCT00000084329.2",1.65157321422167,-2.59660469196154,2.85470098998373,0.00703077208770534,0.021102024592428,-2.37057991601901,"ENSSSCT00000084329.2","ENSSSCG00000008410","CIMIP6","CIMIP6","Significant"
"ENSSSCT00000082619.2",-1.54650746383278,-3.77626528393397,-2.85419512817654,0.00703991645452335,0.0211255808636244,-2.37112449170613,"ENSSSCT00000082619.2","ENSSSCG00000008090","IL1A","IL1A","Significant"
"ENSSSCT00000008184.5",-2.74854223732789,-1.74974714190592,-2.86551468801758,0.00683793026700636,0.0206276719490632,-2.3734224717051,"ENSSSCT00000008184.5","ENSSSCG00000007477","NFATC2","NFATC2","Significant"
"ENSSSCT00000086466.2",1.60177628864716,-3.11077281007368,2.85151507616045,0.00708854894276234,0.0212597782844102,-2.376718189617,"ENSSSCT00000086466.2","ENSSSCG00000016593","ARF5","ARF5","Significant"
"ENSSSCT00000041922.3",1.94094901277933,-0.0267885294783616,2.89028758668755,0.00641464199232948,0.0195424208108681,-2.37683282005263,"ENSSSCT00000041922.3","ENSSSCG00000003216","POLD1","POLD1","Significant"
"ENSSSCT00000072727.2",2.09560353762804,-2.7771637259774,2.84984319702672,0.00711904582902296,0.0213433903640887,-2.37977187347443,"ENSSSCT00000072727.2","ENSSSCG00000035124","ILDR2","ILDR2","Significant"
"ENSSSCT00000067771.2",-1.65141500088374,1.15775627058968,-3.00251415171904,0.00478682771044291,0.0152725052031784,-2.38193937720301,"ENSSSCT00000067771.2","ENSSSCG00000024168","AIMP1","AIMP1","Significant"
"ENSSSCT00000049997.3",2.55055827424902,-3.7091864131175,2.84871367429145,0.00713971888440884,0.0213955325833884,-2.38304232907325,"ENSSSCT00000049997.3","ENSSSCG00000021129","PFKM","PFKM","Significant"
"ENSSSCT00000069490.2",2.72430157973189,-2.66277779277604,2.84818922490633,0.00714933665677311,0.0214161301275048,-2.38447358201272,"ENSSSCT00000069490.2","ENSSSCG00000010473","EXOC6","EXOC6","Significant"
"ENSSSCT00000002382.5",1.2657374860942,-4.85488809976982,2.84836935114915,0.00714603199384049,0.0214085479304581,-2.38599738148028,"ENSSSCT00000002382.5","ENSSSCG00000002129","RPGRIP1","RPGRIP1","Significant"
"ENSSSCT00000026729.3",2.92677633381922,-3.76660748271649,2.84648265704798,0.00718071689865933,0.0214986311996225,-2.38656980421003,"ENSSSCT00000026729.3","ENSSSCG00000021353","TMX4","TMX4","Significant"
"ENSSSCT00000045973.3",-1.01727292415301,-2.30836833546886,-2.85011209014999,0.0071141326689405,0.0213306218078109,-2.38793525593837,"ENSSSCT00000045973.3","ENSSSCG00000039318","HS3ST3B1","HS3ST3B1","Significant"
"ENSSSCT00000002192.5",-1.22155825604366,0.868870266255727,-2.94882650732065,0.00550991811035323,0.0171991737740504,-2.38815327154478,"ENSSSCT00000002192.5","ENSSSCG00000001959","CFL2","CFL2","Significant"
"ENSSSCT00000047694.3",1.29367508727493,-5.187167744892,2.84653028266641,0.00717983941991171,0.0214979781841125,-2.39001797883649,"ENSSSCT00000047694.3","ENSSSCG00000013239","PSMC3","PSMC3","Significant"
"ENSSSCT00000031337.4",2.490737229051,-3.86665629675751,2.84259713130854,0.00725264421658459,0.021684109311098,-2.3944659212895,"ENSSSCT00000031337.4","ENSSSCG00000027472","GCA","GCA","Significant"
"ENSSSCT00000106641.1",1.64009389489936,-1.82127903857097,2.84501817916788,0.00720774813754032,0.021569662417169,-2.39557250987554,"ENSSSCT00000106641.1","ENSSSCG00000013246","CSTPP1","CSTPP1","Significant"
"ENSSSCT00000100798.1",-1.98219489204636,-1.78905258673734,-2.87659144940181,0.00664553329971635,0.0201329648489084,-2.39576739046397,"ENSSSCT00000100798.1","ENSSSCG00000002009","PCK2","PCK2","Significant"
"ENSSSCT00000048126.1",-1.18650085402051,0.199346555965802,-2.91015367342579,0.00609305573251177,0.018716599689355,-2.39705355917397,"ENSSSCT00000048126.1","ENSSSCG00000016545","CHCHD3","CHCHD3","Significant"
"ENSSSCT00000027768.4",1.58457600009396,-4.21521437871643,2.84149800825325,0.00727311250959657,0.0217313563290768,-2.39771543617688,"ENSSSCT00000027768.4","ENSSSCG00000037530","TACC2","TACC2","Significant"
"ENSSSCT00000072913.1",-1.00442745323048,-2.85252784693421,-2.83922185607691,0.00731567153210845,0.0218365059629098,-2.40231840794611,"ENSSSCT00000072913.1","ENSSSCG00000043490",NA,"ENSSSCG00000043490","Significant"
"ENSSSCT00000093424.1",-1.77064577856746,-3.68718200582313,-2.83871027340193,0.00732526895086133,0.0218623301197109,-2.40235982413589,"ENSSSCT00000093424.1","ENSSSCG00000017094","MARCHF6","MARCHF6","Significant"
"ENSSSCT00000028816.4",-2.64378806460773,-1.30422550750527,-2.86677681036735,0.00681574784922438,0.0205645606955498,-2.40457634308814,"ENSSSCT00000028816.4","ENSSSCG00000020931","MSH6","MSH6","Significant"
"ENSSSCT00000084465.2",1.1750793375326,-3.98593816762519,2.8377435405861,0.00734343720534867,0.0219093545610531,-2.40538728433485,"ENSSSCT00000084465.2","ENSSSCG00000042524",NA,"ENSSSCG00000042524","Significant"
"ENSSSCT00000076091.1",1.10904409013392,-0.75756588232652,2.85920343025503,0.0069498700414574,0.0209073226454768,-2.40804000241794,"ENSSSCT00000076091.1","ENSSSCG00000037277","RFK","RFK","Significant"
"ENSSSCT00000084367.2",-1.34205262039957,-3.52086128754839,-2.83592845128588,0.00737766271469172,0.0219993886180546,-2.41040295802608,"ENSSSCT00000084367.2","ENSSSCG00000036169","UMAD1","UMAD1","Significant"
"ENSSSCT00000107905.1",-1.91652887277203,-0.094513207431181,-2.88417260185158,0.00651678543052648,0.0198147227619962,-2.4136658641473,"ENSSSCT00000107905.1","ENSSSCG00000001430","ATF6B","ATF6B","Significant"
"ENSSSCT00000045098.3",1.36236839947929,0.798263651962201,2.92778871866663,0.00582030711500692,0.018011132609879,-2.41483118377954,"ENSSSCT00000045098.3","ENSSSCG00000016606","ASB15","ASB15","Significant"
"ENSSSCT00000032969.4",2.17527306120319,-4.74597528070465,2.83258701117298,0.00744105896760669,0.0221641043833225,-2.41614981837456,"ENSSSCT00000032969.4","ENSSSCG00000015897","IFIH1","IFIH1","Significant"
"ENSSSCT00000106451.1",-2.5139392300487,-1.80455027744358,-2.84187923732478,0.00726600701228796,0.0217180869663216,-2.42107597346577,"ENSSSCT00000106451.1","ENSSSCG00000026449","KDM4A","KDM4A","Significant"
"ENSSSCT00000092199.1",-1.27522107218481,4.88269855914329,-3.25972807705501,0.00240191619014885,0.00854655412677214,-2.42275206696102,"ENSSSCT00000092199.1","ENSSSCG00000016535","CALD1","CALD1","Significant"
"ENSSSCT00000039631.2",-2.77343422056749,-0.379720149263583,-2.86230790803612,0.00689459502402447,0.0207717035818974,-2.42299256671251,"ENSSSCT00000039631.2","ENSSSCG00000007954","SLX4","SLX4","Significant"
"ENSSSCT00000040741.3",-1.79626802234976,0.399498162991142,-2.91472207030953,0.00602127193360479,0.0185362619321358,-2.42342477189067,"ENSSSCT00000040741.3","ENSSSCG00000004573",NA,"ENSSSCG00000004573","Significant"
"ENSSSCT00000044916.3",2.38794800654556,-2.66644571114824,2.82994101588147,0.00749162108733186,0.02229098331825,-2.42505166564726,"ENSSSCT00000044916.3","ENSSSCG00000038475",NA,"ENSSSCG00000038475","Significant"
"ENSSSCT00000052840.2",-1.28368624611851,1.65611141648753,-2.98088999287285,0.00506661482460296,0.0160473974879886,-2.42615982609676,"ENSSSCT00000052840.2","ENSSSCG00000030130","DPYSL2","DPYSL2","Significant"
"ENSSSCT00000064677.2",-2.1323791391845,-4.79981692810541,-2.82788683785288,0.00753109510361926,0.0223832110080585,-2.42622311755618,"ENSSSCT00000064677.2","ENSSSCG00000022479","UBR5","UBR5","Significant"
"ENSSSCT00000010230.5",2.24041388624547,0.00261473138253513,2.91244596476722,0.00605693698232036,0.0186284665004785,-2.42713084259523,"ENSSSCT00000010230.5","ENSSSCG00000009335","B3GLCT","B3GLCT","Significant"
"ENSSSCT00000046661.3",1.09398373712599,-4.16589815944405,2.82601373478774,0.00756725859485197,0.0224804463987748,-2.42908819234994,"ENSSSCT00000046661.3","ENSSSCG00000013536","ACSBG2","ACSBG2","Significant"
"ENSSSCT00000013426.6",-1.24854628692592,5.96933561344805,-3.34019005673019,0.00192627028072005,0.00706219681014241,-2.42993993357817,"ENSSSCT00000013426.6","ENSSSCG00000012277","TIMP1","TIMP1","Significant"
"ENSSSCT00000063711.3",1.67061824557951,-3.64707775083078,2.82596664105228,0.00756816990539474,0.0224811052838457,-2.43066298411131,"ENSSSCT00000063711.3","ENSSSCG00000038547","GABRB3","GABRB3","Significant"
"ENSSSCT00000083169.2",2.41229789846836,-3.36911611093531,2.82380900691822,0.00761003225035277,0.0225931061273449,-2.4326919206012,"ENSSSCT00000083169.2","ENSSSCG00000006567","CRTC2","CRTC2","Significant"
"ENSSSCT00000062766.2",-3.1029754541883,-2.35403907365221,-2.82844294234397,0.00752038963133634,0.022359546191874,-2.43311487220578,"ENSSSCT00000062766.2","ENSSSCG00000011772","ATP11B","ATP11B","Significant"
"ENSSSCT00000052423.2",-1.81682085422862,-3.87690044198441,-2.82178637197573,0.0076494714245594,0.0226915991562492,-2.4384856359798,"ENSSSCT00000052423.2","ENSSSCG00000016509","LUC7L2","LUC7L2","Significant"
"ENSSSCT00000083688.1",-1.67762776782624,-5.13555380513749,-2.82049814882597,0.00767468966982267,0.0227601948330815,-2.44235215375824,"ENSSSCT00000083688.1","ENSSSCG00000000955","TBC1D22A","TBC1D22A","Significant"
"ENSSSCT00000057903.2",1.84828157168507,-4.25141680975971,2.81618432777001,0.00775970271576615,0.0229684382519146,-2.44853169938693,"ENSSSCT00000057903.2","ENSSSCG00000036856",NA,"ENSSSCG00000036856","Significant"
"ENSSSCT00000106736.1",4.29336199071348,-0.120807359698001,2.84243503113218,0.00725565952295396,0.0216911354379599,-2.44951908935032,"ENSSSCT00000106736.1","ENSSSCG00000033299","FLNA","FLNA","Significant"
"ENSSSCT00000011570.4",1.15078674366155,-2.90730110975044,2.81526112270311,0.00777801015412677,0.0230141292648214,-2.45116299277383,"ENSSSCT00000011570.4","ENSSSCG00000010577","ELOVL3","ELOVL3","Significant"
"ENSSSCT00000026867.4",-1.47404642194506,-3.47668297739898,-2.81592399716062,0.00776486107923624,0.0229799301909142,-2.45233554864963,"ENSSSCT00000026867.4","ENSSSCG00000027101","TVP23A","TVP23A","Significant"
"ENSSSCT00000006516.5",-1.19183110880727,2.81964293072603,-3.07239862638989,0.00397890597951425,0.0130590145516491,-2.45244291146226,"ENSSSCT00000006516.5","ENSSSCG00000005935","AGO2","AGO2","Significant"
"ENSSSCT00000047913.3",2.29254868643722,-4.23179463943204,2.81307716064837,0.00782147924144709,0.0231093347701079,-2.45511329516819,"ENSSSCT00000047913.3","ENSSSCG00000002701","MON1B","MON1B","Significant"
"ENSSSCT00000107668.1",3.70942869299264,-1.82907539025824,2.81626320055007,0.00775814050900688,0.022965899142515,-2.4559393177644,"ENSSSCT00000107668.1","ENSSSCG00000029168","MARF1","MARF1","Significant"
"ENSSSCT00000097197.1",2.51099285817204,-4.35348655664825,2.81007032378693,0.00788169731102615,0.0232516032003165,-2.4605407255712,"ENSSSCT00000097197.1","ENSSSCG00000006135","CPNE3","CPNE3","Significant"
"ENSSSCT00000107595.1",1.29067593815031,0.680163688723159,2.92344517951412,0.00588640192488289,0.0181949420135459,-2.4609709245587,"ENSSSCT00000107595.1","ENSSSCG00000001394",NA,"ENSSSCG00000001394","Significant"
"ENSSSCT00000074520.1",1.02622309798649,-2.83144943179811,2.80883914055035,0.00790647876502831,0.023313994180608,-2.46362486541545,"ENSSSCT00000074520.1","ENSSSCG00000045743",NA,"ENSSSCG00000045743","Significant"
"ENSSSCT00000103200.1",1.09067379872057,-3.04039954922404,2.80866348538874,0.00791002029478702,0.0233223278794751,-2.46378544978692,"ENSSSCT00000103200.1","ENSSSCG00000055435",NA,"ENSSSCG00000055435","Significant"
"ENSSSCT00000088153.2",2.13716180606564,-4.99043882212364,2.80930614991395,0.00789707018809983,0.0232925706905018,-2.46378558196413,"ENSSSCT00000088153.2","ENSSSCG00000009799","DIABLO","DIABLO","Significant"
"ENSSSCT00000097258.1",-1.69256234258507,-2.24841700799643,-2.8168433403335,0.00774665888352166,0.0229423259368099,-2.46596197104195,"ENSSSCT00000097258.1","ENSSSCG00000033539","CRYBG2","CRYBG2","Significant"
"ENSSSCT00000011754.4",1.46890689346916,1.52550417608681,2.95955038473072,0.00535774697662117,0.0168110848258836,-2.46817096336498,"ENSSSCT00000011754.4","ENSSSCG00000010742","UROS","UROS","Significant"
"ENSSSCT00000057861.3",1.21073083160161,-3.7667454154702,2.80584259625454,0.00796709750792867,0.023467273208827,-2.46916254311213,"ENSSSCT00000057861.3","ENSSSCG00000038946","SLC17A8","SLC17A8","Significant"
"ENSSSCT00000050027.2",-1.33712841941859,-0.92622327979205,-2.82273547662746,0.0076309412360494,0.0226428110720927,-2.46977648162434,"ENSSSCT00000050027.2","ENSSSCG00000033578",NA,"ENSSSCG00000033578","Significant"
"ENSSSCT00000041243.3",-2.21398795023364,-3.88129569871389,-2.8043137317146,0.00799819235926946,0.0235439746913707,-2.47369726716758,"ENSSSCT00000041243.3","ENSSSCG00000011136","TASOR2","TASOR2","Significant"
"ENSSSCT00000083818.2",1.22985346842347,-4.50474936908948,2.80328679803846,0.00801914213143887,0.0236013820232382,-2.47437936744064,"ENSSSCT00000083818.2","ENSSSCG00000013833","SLC1A6","SLC1A6","Significant"
"ENSSSCT00000053605.3",-1.4711330520073,2.87384175340406,-3.05465123989308,0.00417091705124129,0.0136120919371638,-2.47781369355888,"ENSSSCT00000053605.3","ENSSSCG00000001499","DST","DST","Significant"
"ENSSSCT00000099363.1",-2.1873146887229,-2.77528974523247,-2.80319938118379,0.00802092782252077,0.0236045067899149,-2.48369194550376,"ENSSSCT00000099363.1","ENSSSCG00000012625","PGRMC1","PGRMC1","Significant"
"ENSSSCT00000040334.3",-2.28590946216433,-1.2563458815443,-2.81413069033484,0.00780048182334196,0.0230577433697408,-2.48384165762437,"ENSSSCT00000040334.3","ENSSSCG00000028007","POLR1C","POLR1C","Significant"
"ENSSSCT00000036910.3",1.93444113728345,-1.55877793955304,2.80602280834643,0.00796343969136078,0.0234598614969645,-2.48662609750131,"ENSSSCT00000036910.3","ENSSSCG00000007314",NA,"ENSSSCG00000007314","Significant"
"ENSSSCT00000106174.1",1.91830777081517,0.110855350623252,2.83700666393062,0.00735731391376416,0.0219427243728839,-2.48902858242505,"ENSSSCT00000106174.1","ENSSSCG00000013252","F2","F2","Significant"
"ENSSSCT00000033415.4",1.38440973066947,-3.91164732443007,2.79590035271859,0.00817134112135315,0.0239735810240797,-2.48913249233807,"ENSSSCT00000033415.4","ENSSSCG00000011178","CPNE4","CPNE4","Significant"
"ENSSSCT00000081070.2",1.89737972203212,-4.55820330576659,2.79423138403742,0.00820610115783304,0.0240565704880693,-2.49263516543422,"ENSSSCT00000081070.2","ENSSSCG00000010931","ADIPOR1","ADIPOR1","Significant"
"ENSSSCT00000061773.3",1.27073359653639,-2.85855548292733,2.79693581041926,0.00814984436762936,0.0239212752756741,-2.49301016910436,"ENSSSCT00000061773.3","ENSSSCG00000015131","GRIK4","GRIK4","Significant"
"ENSSSCT00000072793.2",1.44079713365221,-5.25872010109668,2.79525086174413,0.00818485190363237,0.0240045796047522,-2.49302853462585,"ENSSSCT00000072793.2","ENSSSCG00000012365","MSN","MSN","Significant"
"ENSSSCT00000042164.3",-1.15123488988795,-0.611715297208809,-2.81955394670484,0.00769322258728955,0.022811006660239,-2.49505673328596,"ENSSSCT00000042164.3","ENSSSCG00000002530","CINP","CINP","Significant"
"ENSSSCT00000086824.2",-2.53359306395425,-1.24050074499173,-2.81055580301357,0.00787194542655245,0.023226869564463,-2.50202874542066,"ENSSSCT00000086824.2","ENSSSCG00000003789","CTH","CTH","Significant"
"ENSSSCT00000050574.2",-2.3757352506493,4.73192202238141,-3.02225830611873,0.00454413210730776,0.0146255560934513,-2.50392007801351,"ENSSSCT00000050574.2","ENSSSCG00000010569","OGA","OGA","Significant"
"ENSSSCT00000068274.2",2.58556829825059,-3.15389866749399,2.78859981617621,0.0083244101520036,0.0243438038026662,-2.50568147523122,"ENSSSCT00000068274.2","ENSSSCG00000025599","FTSJ1","FTSJ1","Significant"
"ENSSSCT00000059574.2",-1.1252218112521,-0.234687909496955,-2.85641248532462,0.00699991595940633,0.021030709541143,-2.50663177327653,"ENSSSCT00000059574.2","ENSSSCG00000015537","XPR1","XPR1","Significant"
"ENSSSCT00000084825.1",1.36331359597094,1.24765274876838,2.9068181094854,0.00614597368801202,0.0188560577890227,-2.50668250487376,"ENSSSCT00000084825.1","ENSSSCG00000038005",NA,"ENSSSCG00000038005","Significant"
"ENSSSCT00000086884.2",1.70862195074421,-1.76054795271324,2.79729349677469,0.00814243082316571,0.0239038190670354,-2.51006666969843,"ENSSSCT00000086884.2","ENSSSCG00000039793","PATJ","PATJ","Significant"
"ENSSSCT00000048575.3",-1.18453271157774,-3.70006868707837,-2.78480959847431,0.00840492773711055,0.0245462436349653,-2.51137312459923,"ENSSSCT00000048575.3","ENSSSCG00000037970","SOX8","SOX8","Significant"
"ENSSSCT00000028582.4",1.67135742794512,-3.50219123734417,2.78465481629666,0.00840823121264669,0.0245514929658905,-2.51453213483879,"ENSSSCT00000028582.4","ENSSSCG00000005609","GARNL3","GARNL3","Significant"
"ENSSSCT00000085546.1",2.27461108024814,-4.31147754702937,2.78239647415833,0.00845656807702669,0.0246793721431595,-2.51651799285606,"ENSSSCT00000085546.1","ENSSSCG00000003603","COL16A1","COL16A1","Significant"
"ENSSSCT00000083829.1",1.12618621914106,3.17506245963775,3.07288108409626,0.00397380468017745,0.0130462116395635,-2.5214638352642,"ENSSSCT00000083829.1","ENSSSCG00000010134","TANGO2","TANGO2","Significant"
"ENSSSCT00000097881.1",-1.5462392209659,-5.28565197190176,-2.78056569957933,0.00849594308953603,0.0247828766348697,-2.52167385156936,"ENSSSCT00000097881.1","ENSSSCG00000000152","RBFOX2","RBFOX2","Significant"
"ENSSSCT00000085673.1",-1.08560635886955,1.30320446402445,-2.92066199523518,0.00592912250482376,0.0182888528163129,-2.52321596317146,"ENSSSCT00000085673.1","ENSSSCG00000016186",NA,"ENSSSCG00000016186","Significant"
"ENSSSCT00000034324.4",-2.14079509768768,-2.93038158711387,-2.79095881680716,0.00827465984715683,0.0242242966725138,-2.52463364910192,"ENSSSCT00000034324.4","ENSSSCG00000011102","NRP1","NRP1","Significant"
"ENSSSCT00000044532.2",-1.08042698838062,3.19160795075437,-3.09155942397998,0.0037809930555846,0.0125152789425665,-2.52508792012229,"ENSSSCT00000044532.2","ENSSSCG00000013119","STX3","STX3","Significant"
"ENSSSCT00000066493.1",1.67853329701594,-2.65789310143187,2.78047747112435,0.00849784494752925,0.0247828766348697,-2.52589784284484,"ENSSSCT00000066493.1","ENSSSCG00000038932","PPM1E","PPM1E","Significant"
"ENSSSCT00000006357.4",1.00514493540169,-2.08317569691677,2.780486775822,0.00849764435620907,0.0247828766348697,-2.5259803883797,"ENSSSCT00000006357.4","ENSSSCG00000005781","TARS3","TARS3","Significant"
"ENSSSCT00000092420.1",1.6977516496463,-0.732689706601088,2.80892408352176,0.00790476668938644,0.0233110540105604,-2.52777295250324,"ENSSSCT00000092420.1","ENSSSCG00000039644","TRPM5","TRPM5","Significant"
"ENSSSCT00000107899.1",-2.40818010210664,-3.41628119886941,-2.77676261067745,0.00857828315401122,0.0249786857152257,-2.53036384178349,"ENSSSCT00000107899.1","ENSSSCG00000001435","AGPAT1","AGPAT1","Significant"
"ENSSSCT00000015176.5",1.4456519553982,4.2198998941597,3.1893570863354,0.00290780297824691,0.0100242343931177,-2.53212086990819,"ENSSSCT00000015176.5","ENSSSCG00000013890","SLC5A5","SLC5A5","Significant"
"ENSSSCT00000098589.1",1.33742380969613,-2.83817528930077,2.77478658472916,0.00862135830051457,0.0250951491857849,-2.53218273542974,"ENSSSCT00000098589.1","ENSSSCG00000056138",NA,"ENSSSCG00000056138","Significant"
"ENSSSCT00000061183.3",-1.58622095595793,2.15656791728874,-2.96786247520279,0.00524252527075635,0.0165083343565521,-2.53286659024758,"ENSSSCT00000061183.3","ENSSSCG00000006135","CPNE3","CPNE3","Significant"
"ENSSSCT00000076815.2",2.10308849449287,0.59015668545561,2.8584626603262,0.00696312047683433,0.0209394558224227,-2.53340974485199,"ENSSSCT00000076815.2","ENSSSCG00000020710","PRDM2","PRDM2","Significant"
"ENSSSCT00000077783.1",-2.52266737633038,-3.74978155186873,-2.77411299188865,0.00863608779574742,0.0251357799047089,-2.53407657129131,"ENSSSCT00000077783.1","ENSSSCG00000000119","EIF3L","EIF3L","Significant"
"ENSSSCT00000058827.3",-1.53690229504089,-2.85854352186825,-2.77605365301122,0.00859371455054173,0.0250191507461258,-2.53689492323751,"ENSSSCT00000058827.3","ENSSSCG00000009231","CDS1","CDS1","Significant"
"ENSSSCT00000043583.3",1.27044199775249,-1.54728587707466,2.79574551110327,0.0081745602664314,0.0239787101148654,-2.53729369605576,"ENSSSCT00000043583.3","ENSSSCG00000033266","C7orf57","C7orf57","Significant"
"ENSSSCT00000045123.3",1.81349564766254,-0.684238720936036,2.79268358659147,0.00823846056104879,0.0241379194942878,-2.53782583048835,"ENSSSCT00000045123.3","ENSSSCG00000027144","LMNTD1","LMNTD1","Significant"
"ENSSSCT00000087347.2",-1.50274492576588,-4.55717114241298,-2.76988119277502,0.00872916159553729,0.0253681776148407,-2.54137767780819,"ENSSSCT00000087347.2","ENSSSCG00000032298","ABCC11","ABCC11","Significant"
"ENSSSCT00000074611.2",1.00433746313198,-0.223478931919822,2.82383170206623,0.0076095907978642,0.0225931061273449,-2.54231128770856,"ENSSSCT00000074611.2","ENSSSCG00000046594",NA,"ENSSSCG00000046594","Significant"
"ENSSSCT00000044755.3",2.22218705008102,-3.85621085710942,2.76914607163242,0.00874542457724468,0.025408645777623,-2.54276468085179,"ENSSSCT00000044755.3","ENSSSCG00000063066","TMOD1","TMOD1","Significant"
"ENSSSCT00000103880.1",-1.1470354086821,0.254837539803529,-2.82549108982096,0.00757737803333128,0.0225043572052043,-2.54432430017895,"ENSSSCT00000103880.1","ENSSSCG00000039551","RNF126","RNF126","Significant"
"ENSSSCT00000043686.3",-1.79788897768321,-2.40264454029124,-2.77074907089072,0.00870999785446189,0.0253215131562082,-2.54496306179292,"ENSSSCT00000043686.3","ENSSSCG00000039854","TLCD4","TLCD4","Significant"
"ENSSSCT00000043795.2",-3.16546808443826,-0.916529580562232,-2.78896817709344,0.00831662327466309,0.0243253956443093,-2.54585746028544,"ENSSSCT00000043795.2","ENSSSCG00000008068","IARS1","IARS1","Significant"
"ENSSSCT00000075920.2",-1.33972293356098,3.26588327383356,-3.14012739016785,0.00332021960874127,0.0111969838770584,-2.54588777051007,"ENSSSCT00000075920.2","ENSSSCG00000014195","MAN2A1","MAN2A1","Significant"
"ENSSSCT00000001740.5",2.87325166182756,-1.65954674578366,2.79133994780923,0.00826664798492355,0.0242096282134598,-2.54605878970178,"ENSSSCT00000001740.5","ENSSSCG00000001561","ETV7","ETV7","Significant"
"ENSSSCT00000057719.3",-1.09178597217733,0.627464279408271,-2.87032114561038,0.00675381373457323,0.0204211576557568,-2.54764375254338,"ENSSSCT00000057719.3","ENSSSCG00000027812","IQSEC1","IQSEC1","Significant"
"ENSSSCT00000000775.6",1.56140331909677,-5.23396381298832,2.76614558217007,0.0088120966252963,0.0255772810799573,-2.54947905122587,"ENSSSCT00000000775.6","ENSSSCG00000063591","VWF","VWF","Significant"
"ENSSSCT00000053310.3",2.98774744791331,-3.17154840930017,2.76857702308425,0.00875803290110589,0.0254430103098687,-2.55034559342105,"ENSSSCT00000053310.3","ENSSSCG00000006071","VPS13B","VPS13B","Significant"
"ENSSSCT00000061079.3",-2.11576942357864,1.36725880302428,-2.90517643303657,0.00617217638301579,0.0189177809586678,-2.55044038635471,"ENSSSCT00000061079.3","ENSSSCG00000008635","NOL10","NOL10","Significant"
"ENSSSCT00000091102.2",-1.34836433347223,0.460934184263194,-2.86516335097179,0.00684411718866718,0.0206425158944778,-2.55193811928361,"ENSSSCT00000091102.2","ENSSSCG00000024748","THUMPD1","THUMPD1","Significant"
"ENSSSCT00000089393.1",-1.09825610806839,-0.521369196720401,-2.8127652774772,0.00782770534426646,0.0231214445592013,-2.55375635647692,"ENSSSCT00000089393.1","ENSSSCG00000025087","ASPH","ASPH","Significant"
"ENSSSCT00000092422.1",1.5099086962415,-4.68476430472608,2.76217881893639,0.00890096515970004,0.0258007706318332,-2.55694413002129,"ENSSSCT00000092422.1","ENSSSCG00000005307",NA,"ENSSSCG00000005307","Significant"
"ENSSSCT00000062925.2",-1.64410376579948,-4.73430342743921,-2.76176143629818,0.00891036418872788,0.0258234234674919,-2.55753739442692,"ENSSSCT00000062925.2","ENSSSCG00000010893",NA,"ENSSSCG00000010893","Significant"
"ENSSSCT00000029227.4",-1.18094320424682,-0.795766333207531,-2.79862199662264,0.00811495078578998,0.0238426617854345,-2.55801931878059,"ENSSSCT00000029227.4","ENSSSCG00000037384","BLOC1S6","BLOC1S6","Significant"
"ENSSSCT00000025989.4",-1.15090747226617,1.58436331737041,-2.94217853092626,0.0056062809561612,0.017449850529325,-2.55882924971283,"ENSSSCT00000025989.4","ENSSSCG00000026969","KRAS","KRAS","Significant"
"ENSSSCT00000002037.5",1.93278948509439,-2.67109729382883,2.76358939125917,0.00886926867977353,0.0257249031256415,-2.56146914236251,"ENSSSCT00000002037.5","ENSSSCG00000001818","FES","FES","Significant"
"ENSSSCT00000088015.2",1.16678688968958,-3.62846541349033,2.75834045613394,0.008987749560483,0.0260093364490944,-2.56432753215964,"ENSSSCT00000088015.2","ENSSSCG00000003218","MYBPC2","MYBPC2","Significant"
"ENSSSCT00000090711.2",-1.36795001931556,2.61793826955133,-2.97809276738501,0.00510391105963559,0.0161420037043708,-2.56525902885836,"ENSSSCT00000090711.2","ENSSSCG00000023408","SAMD4A","SAMD4A","Significant"
"ENSSSCT00000077040.1",2.65987902697361,-2.03109615288584,2.7718425918024,0.00868590737288053,0.0252627407658695,-2.56744100946473,"ENSSSCT00000077040.1","ENSSSCG00000046003","TSC1","TSC1","Significant"
"ENSSSCT00000012285.5",2.12306311863969,-4.74684461919237,2.75592117841213,0.00904285215075601,0.0261469627104691,-2.56909553527905,"ENSSSCT00000012285.5","ENSSSCG00000011218","SLC4A7","SLC4A7","Significant"
"ENSSSCT00000058845.2",-1.92732139471849,-2.36952212580144,-2.76020944846789,0.00894539435361463,0.0259157310738628,-2.56954164922547,"ENSSSCT00000058845.2","ENSSSCG00000026354","PRPF18","PRPF18","Significant"
"ENSSSCT00000087289.2",-1.95858041864135,-5.04535392663211,-2.75581162804399,0.00904535473467924,0.0261518795574605,-2.5696143680558,"ENSSSCT00000087289.2","ENSSSCG00000013285","API5","API5","Significant"
"ENSSSCT00000024676.4",-1.59614604758552,0.421944259753028,-2.84274501454628,0.00724989438744804,0.0216778756977582,-2.57043720441928,"ENSSSCT00000024676.4","ENSSSCG00000025114","FMNL3","FMNL3","Significant"
"ENSSSCT00000076868.2",-1.59523056986629,-1.94978929225986,-2.76193899889675,0.00890636453407675,0.02581412652405,-2.57507894570092,"ENSSSCT00000076868.2","ENSSSCG00000025653","THOC1","THOC1","Significant"
"ENSSSCT00000072361.2",-1.3120485584538,0.483921641243339,-2.84562945345965,0.00719645373979862,0.0215437680408038,-2.57681020554728,"ENSSSCT00000072361.2","ENSSSCG00000003729","RNF125","RNF125","Significant"
"ENSSSCT00000053857.3",-3.14938752630533,-0.420537505477763,-2.81174374899087,0.00784813041651132,0.0231712799148723,-2.57709415645113,"ENSSSCT00000053857.3","ENSSSCG00000010651","ABLIM1","ABLIM1","Significant"
"ENSSSCT00000085298.2",-1.86184504106641,-0.522695587669109,-2.79582507418019,0.00817290600877106,0.0239760147120723,-2.57793518866697,"ENSSSCT00000085298.2","ENSSSCG00000010502","CCNJ","CCNJ","Significant"
"ENSSSCT00000105524.1",1.70505510970878,-2.49757153018153,2.75920789374238,0.0089680685166511,0.0259697266264497,-2.57812214227187,"ENSSSCT00000105524.1","ENSSSCG00000007565","TTYH3","TTYH3","Significant"
"ENSSSCT00000094525.1",-1.60053993995008,-1.16640755670695,-2.7859699324211,0.00838020148172,0.0244893868522003,-2.5792056307498,"ENSSSCT00000094525.1","ENSSSCG00000056642",NA,"ENSSSCG00000056642","Significant"
"ENSSSCT00000044269.3",2.3510791375677,-4.27580344949923,2.75105005813625,0.00915475261455418,0.0264306698171367,-2.57947573810476,"ENSSSCT00000044269.3","ENSSSCG00000031538","RNASE4","RNASE4","Significant"
"ENSSSCT00000086501.2",1.40192263172589,-5.32311118090665,2.7506441005483,0.00916413619842454,0.0264507344735689,-2.58062633669577,"ENSSSCT00000086501.2","ENSSSCG00000006162","ZC2HC1A","ZC2HC1A","Significant"
"ENSSSCT00000073075.1",2.01379307677794,-5.13974493010413,2.74724478942824,0.00924306157101817,0.0266455154254179,-2.58648201943714,"ENSSSCT00000073075.1","ENSSSCG00000015443","DLD","DLD","Significant"
"ENSSSCT00000091123.2",2.07223136726903,-3.22856354006708,2.74745897762559,0.00923806996183364,0.0266334806822552,-2.58670969443357,"ENSSSCT00000091123.2","ENSSSCG00000025942","MCCC1","MCCC1","Significant"
"ENSSSCT00000001855.5",1.22493903424049,-3.51652117432191,2.74690366358461,0.00925101660620643,0.0266637327995717,-2.58800340715752,"ENSSSCT00000001855.5","ENSSSCG00000001664","TTBK1","TTBK1","Significant"
"ENSSSCT00000042554.3",2.22083784087887,1.59026314537342,2.87303619139255,0.00670672720017092,0.0202994925393959,-2.58832197166866,"ENSSSCT00000042554.3","ENSSSCG00000003872","EPS15","EPS15","Significant"
"ENSSSCT00000030046.3",2.3334684684328,-0.750851779072662,2.78557364470006,0.00838863859165542,0.0245096489508319,-2.59117914443818,"ENSSSCT00000030046.3","ENSSSCG00000005613","LRSAM1","LRSAM1","Significant"
"ENSSSCT00000027970.4",-1.12112357310544,3.12213313967842,-3.0727608476368,0.00397507543009205,0.0130488412526527,-2.59370513997688,"ENSSSCT00000027970.4","ENSSSCG00000004017","FRMD1","FRMD1","Significant"
"ENSSSCT00000081301.2",-1.23974170504814,-2.94416208438279,-2.74425606325573,0.00931297501928359,0.0268138676729709,-2.59456768947389,"ENSSSCT00000081301.2","ENSSSCG00000044016",NA,"ENSSSCG00000044016","Significant"
"ENSSSCT00000088702.2",-1.92218259829926,0.433396082006024,-2.84057045199849,0.00729042777698203,0.0217771055648852,-2.60090602870874,"ENSSSCT00000088702.2","ENSSSCG00000016175","MREG","MREG","Significant"
"ENSSSCT00000018091.5",1.38193302007477,0.24901927234382,2.82861857941325,0.00751701142410057,0.0223515403986662,-2.60110956564568,"ENSSSCT00000018091.5","ENSSSCG00000016617","WNT16","WNT16","Significant"
"ENSSSCT00000095114.1",-1.71786254381232,-4.33565392912166,-2.73950972254311,0.00942501308662484,0.0270862165426458,-2.60176662940143,"ENSSSCT00000095114.1","ENSSSCG00000013667","COL5A3","COL5A3","Significant"
"ENSSSCT00000049453.2",1.76709418448144,-5.11851996121547,2.73747593106124,0.00947340291490644,0.0271989105880248,-2.60553347185409,"ENSSSCT00000049453.2","ENSSSCG00000008118","PROM2","PROM2","Significant"
"ENSSSCT00000105788.1",-2.48999565966542,-0.98963256119592,-2.76588421223786,0.00881792668901988,0.0255896467974013,-2.60576720555099,"ENSSSCT00000105788.1","ENSSSCG00000004304","SLC35A1","SLC35A1","Significant"
"ENSSSCT00000049927.3",-1.78375816180516,-0.0559167080807365,-2.83704333567754,0.0073566227405612,0.0219426701887529,-2.6062875753862,"ENSSSCT00000049927.3","ENSSSCG00000003401","KIF1B","KIF1B","Significant"
"ENSSSCT00000027605.4",-1.82720154067067,1.27451593559808,-2.89816109631756,0.0062853315858997,0.0192113013055849,-2.60740019679533,"ENSSSCT00000027605.4","ENSSSCG00000011769","FXR1","FXR1","Significant"
"ENSSSCT00000048248.3",1.93838300104043,-4.73771569273881,2.7357938687758,0.00951359820176891,0.0272974879671278,-2.60878954676688,"ENSSSCT00000048248.3","ENSSSCG00000007291","EDEM2","EDEM2","Significant"
"ENSSSCT00000054774.3",1.56541331572874,-2.13909043927054,2.74075802530629,0.00939542606574491,0.0270178577745235,-2.60961844449742,"ENSSSCT00000054774.3","ENSSSCG00000039986","RGS8","RGS8","Significant"
"ENSSSCT00000056543.3",-1.05816276929462,-0.0891807499147986,-2.78047206562165,0.00849796148175663,0.0247828766348697,-2.61066634451332,"ENSSSCT00000056543.3","ENSSSCG00000038489","BHLHA15","BHLHA15","Significant"
"ENSSSCT00000107061.1",-1.1887458231781,2.38373049515422,-2.98054919988322,0.00507114496472383,0.0160572777732954,-2.61083843601306,"ENSSSCT00000107061.1","ENSSSCG00000012713","ATP11C","ATP11C","Significant"
"ENSSSCT00000033575.4",1.00996493795476,0.0919481700246599,2.81452300103119,0.00779267629706077,0.0230367592700489,-2.6114524028808,"ENSSSCT00000033575.4","ENSSSCG00000012233","SYTL5","SYTL5","Significant"
"ENSSSCT00000038337.2",2.12538512542329,-3.67628088453845,2.73486532052632,0.00953585494130849,0.0273541276180206,-2.6118448684349,"ENSSSCT00000038337.2","ENSSSCG00000005338","RECK","RECK","Significant"
"ENSSSCT00000035696.4",-1.19005349850994,1.99512945461015,-2.94304235360511,0.00559367094350637,0.0174155889459589,-2.61243407192387,"ENSSSCT00000035696.4","ENSSSCG00000006127","NBN","NBN","Significant"
"ENSSSCT00000062701.3",1.55437299920945,4.45674080723198,3.18103439288033,0.00297392814793223,0.0102194301575867,-2.61350859141461,"ENSSSCT00000062701.3","ENSSSCG00000032653","F11","F11","Significant"
"ENSSSCT00000091532.2",-1.520368624572,0.688368184045367,-2.82359450220465,0.00761420584837579,0.0226034387217012,-2.61406876976736,"ENSSSCT00000091532.2","ENSSSCG00000002307","ERH","ERH","Significant"
"ENSSSCT00000002600.5",-1.42847019534738,2.27853909398662,-2.9407094492199,0.00562778780313507,0.0175054630502104,-2.61413170598161,"ENSSSCT00000002600.5","ENSSSCG00000002337","ZFYVE1","ZFYVE1","Significant"
"ENSSSCT00000050526.3",1.77097064571264,-2.4758331325428,2.73843342404876,0.00945059270920352,0.0271429813857357,-2.61482086432443,"ENSSSCT00000050526.3","ENSSSCG00000004752","EXD1","EXD1","Significant"
"ENSSSCT00000095612.1",-2.52374736318889,-0.920269835502787,-2.77930527010639,0.0085231506116612,0.0248425534187915,-2.61599491563839,"ENSSSCT00000095612.1","ENSSSCG00000001927","HEXA","HEXA","Significant"
"ENSSSCT00000079677.2",2.61062647641089,-3.60766720610221,2.73204627594195,0.0096037221210738,0.027519887748553,-2.61668292216665,"ENSSSCT00000079677.2","ENSSSCG00000028186","FBXL19","FBXL19","Significant"
"ENSSSCT00000051186.3",2.98043724281743,-2.61274790500918,2.74534858772434,0.00928736151192382,0.0267542971138685,-2.61706160404819,"ENSSSCT00000051186.3","ENSSSCG00000005667","NUP188","NUP188","Significant"
"ENSSSCT00000051561.2",-1.16456020010494,3.02451298850099,-3.03870340761064,0.00435089042050433,0.014099635351369,-2.61790073907459,"ENSSSCT00000051561.2","ENSSSCG00000039290","MTPN","MTPN","Significant"
"ENSSSCT00000005069.5",1.82516505024271,0.10336708049948,2.81481823019782,0.00778680713587759,0.0230281714008097,-2.61843159608041,"ENSSSCT00000005069.5","ENSSSCG00000004588","CCNB2","CCNB2","Significant"
"ENSSSCT00000080432.2",-1.63408968653701,-2.79985198154317,-2.73845458016644,0.00945008928646815,0.0271429813857357,-2.61879151915716,"ENSSSCT00000080432.2","ENSSSCG00000031518","STARD4","STARD4","Significant"
"ENSSSCT00000055939.3",1.49476637233433,-1.06978812480338,2.75853115337314,0.00898341944621271,0.0260027883189204,-2.62014624096694,"ENSSSCT00000055939.3","ENSSSCG00000017803","TIMM22","TIMM22","Significant"
"ENSSSCT00000008097.5",1.7410032476131,0.962677594772186,2.8386892167823,0.00732566423008961,0.0218623301197109,-2.6212943452602,"ENSSSCT00000008097.5","ENSSSCG00000021861","PIGT","PIGT","Significant"
"ENSSSCT00000066188.3",1.05461067909725,-2.58723117124757,2.73332078742647,0.00957298353159954,0.0274461444833162,-2.62215939187752,"ENSSSCT00000066188.3","ENSSSCG00000003921","ZSWIM5","ZSWIM5","Significant"
"ENSSSCT00000091838.1",1.24103536830652,-3.30044993599158,2.72660642844872,0.00973595242446522,0.0278423816197933,-2.62834773008035,"ENSSSCT00000091838.1","ENSSSCG00000062690",NA,"ENSSSCG00000062690","Significant"
"ENSSSCT00000000458.4",-1.62835310881478,-4.04496732770726,-2.72396346597655,0.00980080459200477,0.0279983731637364,-2.6323563330207,"ENSSSCT00000000458.4","ENSSSCG00000000413","MYO1A","MYO1A","Significant"
"ENSSSCT00000062661.3",-1.00523455448027,1.54533733467425,-2.9049814978538,0.00617529467513665,0.0189246458866581,-2.63865175883687,"ENSSSCT00000062661.3","ENSSSCG00000033528","BPTF","BPTF","Significant"
"ENSSSCT00000095024.1",1.71990383185307,-3.2734672556391,2.72107258680798,0.00987219868220628,0.0281764386615287,-2.63938623067244,"ENSSSCT00000095024.1","ENSSSCG00000000232","ACVRL1","ACVRL1","Significant"
"ENSSSCT00000041868.3",1.14335276728213,0.0347567030822618,2.7966749661019,0.00815525469078887,0.0239328464391071,-2.63952826009785,"ENSSSCT00000041868.3","ENSSSCG00000033394","VWA3B","VWA3B","Significant"
"ENSSSCT00000097063.1",-2.59260787219002,-1.10560329355149,-2.74054297728743,0.0094005169351941,0.0270277296433041,-2.64059802517517,"ENSSSCT00000097063.1","ENSSSCG00000013931","GMIP","GMIP","Significant"
"ENSSSCT00000099462.1",-1.31719565905269,-3.23296870878931,-2.71910120860446,0.00992116070774756,0.0283025219805234,-2.64489725934701,"ENSSSCT00000099462.1","ENSSSCG00000005423","ABCA1","ABCA1","Significant"
"ENSSSCT00000008841.5",-1.25799633704731,3.43478250032522,-3.04685013215237,0.00425805725473802,0.0138456214854067,-2.64821784801435,"ENSSSCT00000008841.5","ENSSSCG00000008068","IARS1","IARS1","Significant"
"ENSSSCT00000060594.2",-1.44381335011659,1.92284010585362,-2.8904846841184,0.00641137478866717,0.0195361180943649,-2.64902751074624,"ENSSSCT00000060594.2","ENSSSCG00000017745","UTP6","UTP6","Significant"
"ENSSSCT00000045493.1",-2.5703950064899,0.200604756822666,-2.79201384267389,0.00825249952616294,0.0241703642248488,-2.65028760939661,"ENSSSCT00000045493.1","ENSSSCG00000039473",NA,"ENSSSCG00000039473","Significant"
"ENSSSCT00000103565.1",3.01509976886192,-4.1542986773094,2.71458348889606,0.0100342151450195,0.0285650528759466,-2.65061857949708,"ENSSSCT00000103565.1","ENSSSCG00000016027","ITGAV","ITGAV","Significant"
"ENSSSCT00000023029.3",-1.05623249104806,1.37095419110845,-2.88582875796797,0.00648897202108331,0.0197393584414443,-2.65120868307998,"ENSSSCT00000023029.3","ENSSSCG00000023165","SEMA7A","SEMA7A","Significant"
"ENSSSCT00000031934.4",-1.599543398344,1.8370453829218,-2.90105299346695,0.00623845274736503,0.0190948660697606,-2.65269482001604,"ENSSSCT00000031934.4","ENSSSCG00000022656","SRFBP1","SRFBP1","Significant"
"ENSSSCT00000090951.1",-1.39159655277239,-5.31337774847051,-2.71314066658923,0.0100705721230393,0.028641044443438,-2.65336388216325,"ENSSSCT00000090951.1","ENSSSCG00000037201","MPV17","MPV17","Significant"
"ENSSSCT00000086155.2",2.12067504014062,-3.72316672871084,2.71363187725612,0.0100581806590425,0.0286182845106397,-2.65485952627526,"ENSSSCT00000086155.2","ENSSSCG00000011802","KNG1","KNG1","Significant"
"ENSSSCT00000098970.1",-1.36044849361489,0.758295765800734,-2.82838607077943,0.00752148380385603,0.0223607602754556,-2.65560244216384,"ENSSSCT00000098970.1","ENSSSCG00000032554",NA,"ENSSSCG00000032554","Significant"
"ENSSSCT00000083921.2",1.05656915004436,-2.18828124918492,2.71578458410885,0.0100040421630915,0.0284965744090019,-2.65696007238181,"ENSSSCT00000083921.2","ENSSSCG00000043418",NA,"ENSSSCG00000043418","Significant"
"ENSSSCT00000104593.1",-1.71110447971532,1.23236995400377,-2.85768524347889,0.00697705182223816,0.0209774804142616,-2.65862890557887,"ENSSSCT00000104593.1","ENSSSCG00000004899","RELCH","RELCH","Significant"
"ENSSSCT00000014991.5",-1.71415220076208,-3.16039598711153,-2.71817613880574,0.00994421367843312,0.0283484430157938,-2.65874361903388,"ENSSSCT00000014991.5","ENSSSCG00000029347",NA,"ENSSSCG00000029347","Significant"
"ENSSSCT00000084744.1",1.33341888364204,-5.34514976468507,2.71031410992883,0.0101421512642303,0.0288094354259422,-2.65875866213179,"ENSSSCT00000084744.1","ENSSSCG00000011795","IGF2BP2","IGF2BP2","Significant"
"ENSSSCT00000055838.3",1.01544900640044,-0.523675575561592,2.74756951045099,0.00923549499793989,0.0266284116477567,-2.65915664970012,"ENSSSCT00000055838.3","ENSSSCG00000010593","CNNM2","CNNM2","Significant"
"ENSSSCT00000012754.5",-1.48043472418319,-4.80691464050085,-2.70845276130007,0.0101895448150832,0.028923900326569,-2.6624333592434,"ENSSSCT00000012754.5","ENSSSCG00000011652","STAG1","STAG1","Significant"
"ENSSSCT00000045895.3",1.53320651263602,-1.67254425515801,2.7158185584768,0.0100031899097504,0.0284965744090019,-2.66318951189664,"ENSSSCT00000045895.3","ENSSSCG00000009747","STX2","STX2","Significant"
"ENSSSCT00000084861.1",-1.57963056117143,1.28167860584798,-2.87344324784913,0.00669969422450477,0.0202838546286335,-2.66551868504426,"ENSSSCT00000084861.1","ENSSSCG00000011051","HSPA14","HSPA14","Significant"
"ENSSSCT00000089156.2",2.11054273922751,-1.09430326685821,2.77977582805052,0.00851298371806091,0.024817357040742,-2.6657282276746,"ENSSSCT00000089156.2","ENSSSCG00000014568","DENND2B","DENND2B","Significant"
"ENSSSCT00000036076.4",-1.068613021142,-2.61777785634764,-2.70951170203045,0.0101625570249863,0.0288573427314624,-2.6690280098611,"ENSSSCT00000036076.4","ENSSSCG00000036246","GP91-PHOX","GP91-PHOX","Significant"
"ENSSSCT00000041729.3",-1.89703754055176,0.796034292159961,-2.81301460856361,0.00782272759424778,0.0231109288222956,-2.6721144527248,"ENSSSCT00000041729.3","ENSSSCG00000003976","NFYC","NFYC","Significant"
"ENSSSCT00000080848.2",-1.64028629034619,1.49310779407985,-2.8677943869969,0.00679791246000507,0.020524042767479,-2.67370743948443,"ENSSSCT00000080848.2","ENSSSCG00000008629","ROCK2","ROCK2","Significant"
"ENSSSCT00000023639.3",1.34390031090814,0.506558156206776,2.8120213443141,0.00784257509295517,0.0231590723965864,-2.67380239310545,"ENSSSCT00000023639.3","ENSSSCG00000024476","CES3","CES3","Significant"
"ENSSSCT00000084309.1",2.71101563711139,-3.05752066073474,2.70453196506313,0.0102900479667233,0.0291727268111494,-2.6739646721364,"ENSSSCT00000084309.1","ENSSSCG00000028185","FGD3","FGD3","Significant"
"ENSSSCT00000088999.2",2.14547901810222,-3.00419450364991,2.72154518368419,0.00986049439706414,0.0281516251595341,-2.67481243771779,"ENSSSCT00000088999.2","ENSSSCG00000021746","MRPL35","MRPL35","Significant"
"ENSSSCT00000057767.3",-2.91663499300089,-1.29600086695926,-2.74076528331729,0.00939525429023628,0.0270178577745235,-2.67591062655086,"ENSSSCT00000057767.3","ENSSSCG00000010915","NAV1","NAV1","Significant"
"ENSSSCT00000012895.5",2.99809108133663,-1.05804813414251,2.73080424091592,0.00963376553445282,0.0275985670402689,-2.67610761358859,"ENSSSCT00000012895.5","ENSSSCG00000011783","EIF2B5","EIF2B5","Significant"
"ENSSSCT00000040793.3",-1.01266920873498,0.604645351534845,-2.81512168603858,0.00778077872412334,0.0230182841413045,-2.67634772353583,"ENSSSCT00000040793.3","ENSSSCG00000006338","DDR2","DDR2","Significant"
"ENSSSCT00000027068.2",-1.25998822963012,1.44319272105653,-2.96393899065739,0.00529661904974778,0.0166497269087907,-2.67702209205064,"ENSSSCT00000027068.2","ENSSSCG00000028341",NA,"ENSSSCG00000028341","Significant"
"ENSSSCT00000069794.2",-1.85079156584296,-3.44254023588573,-2.70186036238311,0.0103590552692671,0.0293437565594427,-2.67832489138062,"ENSSSCT00000069794.2","ENSSSCG00000015302","STEAP2","STEAP2","Significant"
"ENSSSCT00000059160.3",1.77597410047147,-0.911047666504009,2.72828956104992,0.00969485995360238,0.0277370317591481,-2.68014674423001,"ENSSSCT00000059160.3","ENSSSCG00000003943","MED8","MED8","Significant"
"ENSSSCT00000048931.3",1.83350405381315,-1.95596491777307,2.71153966430591,0.0101110578786927,0.0287386392709351,-2.68077225408341,"ENSSSCT00000048931.3","ENSSSCG00000009172","PPP3CA","PPP3CA","Significant"
"ENSSSCT00000048231.3",-1.50561858549633,0.30625932071168,-2.79422336697848,0.00820626846302007,0.0240565704880693,-2.68083017246651,"ENSSSCT00000048231.3","ENSSSCG00000037583","GNB4","GNB4","Significant"
"ENSSSCT00000081254.2",2.57472353034117,3.74057930686746,3.01365133934975,0.00464846784083279,0.0149069190009356,-2.68083190505567,"ENSSSCT00000081254.2","ENSSSCG00000009231","CDS1","CDS1","Significant"
"ENSSSCT00000046409.3",-1.88210895580857,-4.41521235383483,-2.6987211573415,0.0104406882972789,0.0295467582019339,-2.68137463668733,"ENSSSCT00000046409.3","ENSSSCG00000006835","SARS1","SARS1","Significant"
"ENSSSCT00000044412.3",-1.34615082326957,-5.04567187215562,-2.69855366368141,0.0104450605580656,0.0295543110427351,-2.68166415155514,"ENSSSCT00000044412.3","ENSSSCG00000014921","PRSS23","PRSS23","Significant"
"ENSSSCT00000094939.1",1.15801292897906,-3.0664614952942,2.70126811840137,0.0103744108132381,0.0293847007344986,-2.68202093285,"ENSSSCT00000094939.1","ENSSSCG00000053384",NA,"ENSSSCG00000053384","Significant"
"ENSSSCT00000042878.1",1.86528802020179,-2.92151511282621,2.7006371115485,0.0103907945833232,0.0294259937978519,-2.68270147501387,"ENSSSCT00000042878.1","ENSSSCG00000012637","KLHL13","KLHL13","Significant"
"ENSSSCT00000057442.3",-2.23905363601396,2.20534987649716,-2.90423180924175,0.00618730087451721,0.0189578759245145,-2.68448205209094,"ENSSSCT00000057442.3","ENSSSCG00000001499","DST","DST","Significant"
"ENSSSCT00000061615.3",2.51654126329837,-2.4184410942802,2.71856485101899,0.0099345208300005,0.0283307195960235,-2.68465327626056,"ENSSSCT00000061615.3","ENSSSCG00000028431","HSD17B4","HSD17B4","Significant"
"ENSSSCT00000058924.3",1.95113600235924,-1.66453868363763,2.71610960649604,0.00999589167336027,0.0284783338097027,-2.68482866560313,"ENSSSCT00000058924.3","ENSSSCG00000028052","OBSL1","OBSL1","Significant"
"ENSSSCT00000039458.4",1.18497610333787,-1.39569239774256,2.71388524197294,0.010051794711633,0.0286026108202202,-2.68671606795522,"ENSSSCT00000039458.4","ENSSSCG00000035891","ADGRB1","ADGRB1","Significant"
"ENSSSCT00000107665.1",2.26651959354991,-5.11964952393146,2.69283660694515,0.0105953192306625,0.029927210274324,-2.69276371047293,"ENSSSCT00000107665.1","ENSSSCG00000011243","GOLGA4","GOLGA4","Significant"
"ENSSSCT00000068918.1",-1.35971718091221,-3.10525053891341,-2.6949089458082,0.0105406232424519,0.0297907836509103,-2.69330865196871,"ENSSSCT00000068918.1","ENSSSCG00000030680","TCF7","TCF7","Significant"
"ENSSSCT00000063793.3",2.16606062763237,-4.75614392367515,2.69223976340114,0.0106111205955704,0.0299666501427438,-2.69394618493343,"ENSSSCT00000063793.3","ENSSSCG00000006894","FNBP1L","FNBP1L","Significant"
"ENSSSCT00000050427.3",-1.80656996330451,-2.48481580752338,-2.69410859216082,0.0105617162113314,0.0298452240729978,-2.69637625149133,"ENSSSCT00000050427.3","ENSSSCG00000036886","ZNF792","ZNF792","Significant"
"ENSSSCT00000054850.3",-1.13107524611527,2.22582360127793,-2.89053079470618,0.00641061065721469,0.0195356154657284,-2.69816243847698,"ENSSSCT00000054850.3","ENSSSCG00000000766","CECR2","CECR2","Significant"
"ENSSSCT00000104570.1",-2.33677130593457,-2.26553854283377,-2.69702066303977,0.0104851569056163,0.0296506057619211,-2.69858510493786,"ENSSSCT00000104570.1","ENSSSCG00000008540","PPP1CB","PPP1CB","Significant"
"ENSSSCT00000095323.1",1.44201103698137,-1.83757456160885,2.70898638984451,0.0101759366570442,0.028892818842312,-2.69976828567335,"ENSSSCT00000095323.1","ENSSSCG00000058940",NA,"ENSSSCG00000058940","Significant"
"ENSSSCT00000005925.4",-1.03206670936578,-1.33321141380894,-2.71790541612948,0.00995096954252088,0.028365222151106,-2.70014563300124,"ENSSSCT00000005925.4","ENSSSCG00000005385","NR4A3","NR4A3","Significant"
"ENSSSCT00000067148.2",1.57353962294893,-1.10618347820622,2.73665337679003,0.00949303929226802,0.0272504889139907,-2.70021267552907,"ENSSSCT00000067148.2","ENSSSCG00000049831",NA,"ENSSSCG00000049831","Significant"
"ENSSSCT00000078875.2",2.87282363556956,-1.49203204999592,2.71303566881061,0.0100732226709758,0.0286460839044478,-2.70192347933612,"ENSSSCT00000078875.2","ENSSSCG00000015030","DLAT","DLAT","Significant"
"ENSSSCT00000010772.4",-1.09874923489973,2.72185198203912,-2.94938705371639,0.00550186446671213,0.0171773234772271,-2.70216891655591,"ENSSSCT00000010772.4","ENSSSCG00000009828","PPP1CC","PPP1CC","Significant"
"ENSSSCT00000106127.1",-1.14701950761545,-3.01827607131271,-2.69073537446008,0.0106510459476458,0.0300638285519494,-2.7044909423176,"ENSSSCT00000106127.1","ENSSSCG00000055168",NA,"ENSSSCG00000055168","Significant"
"ENSSSCT00000053866.3",-2.19462691828952,-4.28200971618784,-2.68656311765418,0.0107625031148033,0.0303258708456527,-2.70559746300454,"ENSSSCT00000053866.3","ENSSSCG00000021906","SYT7","SYT7","Significant"
"ENSSSCT00000084273.2",-3.28507182707168,-1.46432157593327,-2.71328598374324,0.0100669048252688,0.0286356102707261,-2.70583171191491,"ENSSSCT00000084273.2","ENSSSCG00000010755","PTPRE","PTPRE","Significant"
"ENSSSCT00000083142.3",-2.30011798440359,-0.148343789205275,-2.75678688059646,0.00902309854828568,0.0261037360309056,-2.70631178754975,"ENSSSCT00000083142.3","ENSSSCG00000015815","FGFR1","FGFR1","Significant"
"ENSSSCT00000090085.2",2.65181463093419,-2.53113830073604,2.68948186983324,0.0106844191544665,0.030140302449153,-2.70745465597419,"ENSSSCT00000090085.2","ENSSSCG00000006559",NA,"ENSSSCG00000006559","Significant"
"ENSSSCT00000049114.3",-1.09188461072884,-2.92645998597991,-2.68828798880058,0.0107162948974252,0.0302113340973325,-2.7076206784092,"ENSSSCT00000049114.3","ENSSSCG00000016115","ICA1L","ICA1L","Significant"
"ENSSSCT00000106307.1",-1.18480643037756,-3.33781301114362,-2.68669893450166,0.0107588579907618,0.0303234617851657,-2.70856543568286,"ENSSSCT00000106307.1","ENSSSCG00000007564","AMZ1","AMZ1","Significant"
"ENSSSCT00000016437.5",2.1736530177553,0.512301788829722,2.76678520719008,0.00879784439563922,0.02554046110546,-2.70930484483859,"ENSSSCT00000016437.5","ENSSSCG00000015071","SIK3","SIK3","Significant"
"ENSSSCT00000042351.3",-1.85038797480877,-0.586413911081085,-2.72984983369135,0.00965691078133025,0.0276551531940704,-2.70947495571834,"ENSSSCT00000042351.3","ENSSSCG00000003628","CLSPN","CLSPN","Significant"
"ENSSSCT00000103153.1",1.31716622539507,-5.37453075532585,2.68399930874172,0.0108315266899711,0.0304887417939927,-2.70999906696649,"ENSSSCT00000103153.1","ENSSSCG00000014894","TENM4","TENM4","Significant"
"ENSSSCT00000038881.3",-1.61332940071965,-0.460503459729199,-2.75250231477476,0.00912125718205386,0.0263386298081378,-2.71236165823515,"ENSSSCT00000038881.3","ENSSSCG00000009431","DGKH","DGKH","Significant"
"ENSSSCT00000072949.2",2.17287777512691,-3.28749389414668,2.68392320037022,0.0108335819457326,0.0304892624737734,-2.7127255076613,"ENSSSCT00000072949.2","ENSSSCG00000009768","TCTN2","TCTN2","Significant"
"ENSSSCT00000085972.2",1.09458233151872,-2.10669443892289,2.68902312882848,0.0106966568068612,0.0301664041632126,-2.71284119825751,"ENSSSCT00000085972.2","ENSSSCG00000041163",NA,"ENSSSCG00000041163","Significant"
"ENSSSCT00000044637.2",1.14761613240262,-0.693861439483129,2.72478435192712,0.0097806191864506,0.0279578562120845,-2.72114081182835,"ENSSSCT00000044637.2","ENSSSCG00000016135","CPO","CPO","Significant"
"ENSSSCT00000038101.2",-1.48699171494138,2.97657835348759,-2.97401155854821,0.00515879051579064,0.0162839777303551,-2.72260452574395,"ENSSSCT00000038101.2","ENSSSCG00000014985","MMP1","MMP1","Significant"
"ENSSSCT00000009797.5",2.34291931978634,-4.49918132076254,2.67975755165215,0.0109466242902118,0.0307728693186812,-2.72287319352728,"ENSSSCT00000009797.5","ENSSSCG00000008943","SLC4A4","SLC4A4","Significant"
"ENSSSCT00000105191.1",2.05114537469027,-2.94169857010674,2.68124104914624,0.0109062424382415,0.0306752181208098,-2.72321591730251,"ENSSSCT00000105191.1","ENSSSCG00000059171",NA,"ENSSSCG00000059171","Significant"
"ENSSSCT00000100928.1",-1.01083111465104,0.811850406361283,-2.80901638074381,0.00790290677623659,0.0233076772982739,-2.72398784441694,"ENSSSCT00000100928.1","ENSSSCG00000040185","TFAM","TFAM","Significant"
"ENSSSCT00000077928.2",1.15780121747384,-3.06590420718982,2.67943718651808,0.0109553629919092,0.0307854000611385,-2.72462715193761,"ENSSSCT00000077928.2","ENSSSCG00000023437","ITPR1","ITPR1","Significant"
"ENSSSCT00000060191.2",1.74883526430343,-3.56203317547847,2.67843141079287,0.01098283979531,0.0308427656060539,-2.72792767416001,"ENSSSCT00000060191.2","ENSSSCG00000031274","F12","F12","Significant"
"ENSSSCT00000042904.3",1.45882399723209,-4.38915189904621,2.67481807889751,0.0110820790425942,0.0310760003797691,-2.7282910635628,"ENSSSCT00000042904.3","ENSSSCG00000003854","ECHDC2","ECHDC2","Significant"
"ENSSSCT00000028389.4",1.92203104305325,-3.97399371988191,2.67477341673474,0.0110833108484391,0.0310760003797691,-2.72967057093052,"ENSSSCT00000028389.4","ENSSSCG00000031142","NMNAT3","NMNAT3","Significant"
"ENSSSCT00000048476.2",2.5113241156495,-0.53487265562956,2.73299048357235,0.00958094100348406,0.0274665436100936,-2.73043535018974,"ENSSSCT00000048476.2","ENSSSCG00000008337","AAK1","AAK1","Significant"
"ENSSSCT00000094738.1",-1.02002664669244,-2.7009958998235,-2.67831542791952,0.0109860124282584,0.0308485238720173,-2.73074248043708,"ENSSSCT00000094738.1","ENSSSCG00000060210",NA,"ENSSSCG00000060210","Significant"
"ENSSSCT00000081744.2",2.19657812174374,-2.86023643442709,2.67481484950417,0.011082168106709,0.0310760003797691,-2.73133752014442,"ENSSSCT00000081744.2","ENSSSCG00000029494","RBBP9","RBBP9","Significant"
"ENSSSCT00000035393.4",-1.46473640156967,-2.8863170657159,-2.67723454766979,0.0110156199539037,0.0309215043458526,-2.73196479163485,"ENSSSCT00000035393.4","ENSSSCG00000001423","NELFE","NELFE","Significant"
"ENSSSCT00000104428.1",1.0808730599925,2.66139743022716,2.98100340974411,0.00506510802565878,0.0160441836265985,-2.73290388610621,"ENSSSCT00000104428.1","ENSSSCG00000058200",NA,"ENSSSCG00000058200","Significant"
"ENSSSCT00000060387.3",2.11816060869956,-3.47160157889757,2.67327181704854,0.0111247995014435,0.0311662624974279,-2.73355276977761,"ENSSSCT00000060387.3","ENSSSCG00000015108","HMBS","HMBS","Significant"
"ENSSSCT00000074163.2",1.74800384269243,-4.71475705714794,2.67118353444761,0.0111827366911767,0.0312953922487508,-2.73482380388133,"ENSSSCT00000074163.2","ENSSSCG00000008979","NUP54","NUP54","Significant"
"ENSSSCT00000089819.2",-2.17147225116349,-3.71858988856951,-2.67305366531548,0.0111308388848568,0.031180502706579,-2.73515284603121,"ENSSSCT00000089819.2","ENSSSCG00000031236","GLIPR2","GLIPR2","Significant"
"ENSSSCT00000053551.2",-1.8930177162437,-4.11216623518613,-2.6726048273492,0.0111432741950059,0.0312046132314671,-2.73515977979467,"ENSSSCT00000053551.2","ENSSSCG00000022788","PPA2","PPA2","Significant"
"ENSSSCT00000047480.3",-1.91842816888713,-0.484027253644826,-2.73614240801312,0.00950525637911383,0.0272831568786537,-2.73556619001265,"ENSSSCT00000047480.3","ENSSSCG00000006135","CPNE3","CPNE3","Significant"
"ENSSSCT00000047273.2",3.42564751161137,0.0201264946510862,2.73365665153598,0.00956489839454749,0.0274277877973462,-2.73627786823804,"ENSSSCT00000047273.2","ENSSSCG00000006553","UBAP2L","UBAP2L","Significant"
"ENSSSCT00000016241.5",-2.44873313074504,-3.64109114402007,-2.6707089724056,0.0111959417458997,0.031323585935772,-2.73766855328523,"ENSSSCT00000016241.5","ENSSSCG00000014887","ALG8","ALG8","Significant"
"ENSSSCT00000103559.1",1.36386754404823,-0.594321544615516,2.71111450686549,0.0101218344737774,0.0287617475320757,-2.73960956189267,"ENSSSCT00000103559.1","ENSSSCG00000011627","ACP3","ACP3","Significant"
"ENSSSCT00000038210.3",2.18654487649371,-3.73840505044765,2.67330417963052,0.0111239038232881,0.0311662624974279,-2.74015443448302,"ENSSSCT00000038210.3","ENSSSCG00000011524","CHL1","CHL1","Significant"
"ENSSSCT00000066523.2",1.28986173120674,0.867371819313673,2.76536314091347,0.00882956030156609,0.0256188470296575,-2.74374656818953,"ENSSSCT00000066523.2","ENSSSCG00000012307","CCNB3","CCNB3","Significant"
"ENSSSCT00000102995.1",1.65683049759089,4.28993825049902,3.04541602954848,0.00427426234168348,0.0138941225711115,-2.74827449493194,"ENSSSCT00000102995.1","ENSSSCG00000011147",NA,"ENSSSCG00000011147","Significant"
"ENSSSCT00000077209.2",-1.86729035388578,-0.69921061795792,-2.72487923932067,0.00977828841392761,0.0279560957074444,-2.74883460657619,"ENSSSCT00000077209.2","ENSSSCG00000034742","MECP2","MECP2","Significant"
"ENSSSCT00000051029.3",-1.66174459915885,-0.201362813330015,-2.72541525047946,0.00976513174124588,0.0279209291670245,-2.75196345053102,"ENSSSCT00000051029.3","ENSSSCG00000027812","IQSEC1","IQSEC1","Significant"
"ENSSSCT00000000728.5",1.23087424751052,-4.13646303399361,2.66188568878627,0.0114440962423151,0.0319154318607853,-2.75311646622521,"ENSSSCT00000000728.5","ENSSSCG00000000672","CLSTN3","CLSTN3","Significant"
"ENSSSCT00000098422.1",1.02027485365911,-2.8733009070655,2.66433770078236,0.0113746284531164,0.0317461381685847,-2.75634617571225,"ENSSSCT00000098422.1","ENSSSCG00000063519",NA,"ENSSSCG00000063519","Significant"
"ENSSSCT00000040873.3",1.8679380511824,0.62893419939758,2.74829384424284,0.0092186374659164,0.0265915647119117,-2.75796141812864,"ENSSSCT00000040873.3","ENSSSCG00000000259","CSAD","CSAD","Significant"
"ENSSSCT00000082142.2",1.41757375696003,-1.24147349078671,2.68947403190997,0.0106846281348089,0.030140302449153,-2.75880052286141,"ENSSSCT00000082142.2","ENSSSCG00000040272","TTC29","TTC29","Significant"
"ENSSSCT00000100093.1",2.21247872643713,-1.5230159300802,2.69136424250452,0.0106343393803105,0.0300270201052777,-2.75967881212176,"ENSSSCT00000100093.1","ENSSSCG00000014894","TENM4","TENM4","Significant"
"ENSSSCT00000099333.1",1.03568379119992,-3.13082661773823,2.66160892777017,0.0114519617068554,0.0319319045146936,-2.76031038230025,"ENSSSCT00000099333.1","ENSSSCG00000063023",NA,"ENSSSCG00000063023","Significant"
"ENSSSCT00000048777.3",1.30437175934963,-1.17207499136926,2.70972893240668,0.0101570289614804,0.0288491830525402,-2.7610823996947,"ENSSSCT00000048777.3","ENSSSCG00000033262","CD74","CD74","Significant"
"ENSSSCT00000042060.3",-1.5568415738615,1.57604833481717,-2.83367149670888,0.00742042778866309,0.0221066911203921,-2.76137837412559,"ENSSSCT00000042060.3","ENSSSCG00000009541","ABHD13","ABHD13","Significant"
"ENSSSCT00000055606.3",1.26000424549155,-3.848760006062,2.65938847926161,0.0115152471622603,0.0320836710372873,-2.76201871577904,"ENSSSCT00000055606.3","ENSSSCG00000038434",NA,"ENSSSCG00000038434","Significant"
"ENSSSCT00000007347.4",1.7916622930354,-3.76819663819577,2.65950937719869,0.0115117931274193,0.0320767885758805,-2.76241306898302,"ENSSSCT00000007347.4","ENSSSCG00000024481","PDE4DIP","PDE4DIP","Significant"
"ENSSSCT00000028017.4",-2.19725687397126,0.747371603821949,-2.76268182682622,0.008889650184203,0.0257748470080707,-2.76334981854014,"ENSSSCT00000028017.4","ENSSSCG00000026697","BLTP3B","BLTP3B","Significant"
"ENSSSCT00000086059.2",1.29642632353853,-5.39158503806426,2.65515405662057,0.011636829495975,0.0323680951654562,-2.76535133636469,"ENSSSCT00000086059.2","ENSSSCG00000037772","ATP5PB","ATP5PB","Significant"
"ENSSSCT00000037839.3",-1.95307191363077,-2.79803005122157,-2.65884629086034,0.0115307491738842,0.032117167440976,-2.76556789694304,"ENSSSCT00000037839.3","ENSSSCG00000031147","ACAP2","ACAP2","Significant"
"ENSSSCT00000056200.3",1.20885881960854,-2.54898970551549,2.66062824756586,0.0114798725566583,0.0320015188814369,-2.76558100116155,"ENSSSCT00000056200.3","ENSSSCG00000058308",NA,"ENSSSCG00000058308","Significant"
"ENSSSCT00000095307.1",-2.72231571920211,-2.42518427817725,-2.66371318719937,0.0113922844337166,0.031792693800984,-2.76985453068071,"ENSSSCT00000095307.1","ENSSSCG00000004589","RNF111","RNF111","Significant"
"ENSSSCT00000105501.1",-2.50498392288319,-2.82408838459188,-2.65892985280054,0.0115283587520452,0.0321153764502815,-2.76986947802154,"ENSSSCT00000105501.1","ENSSSCG00000000536","ERGIC2","ERGIC2","Significant"
"ENSSSCT00000081717.2",2.14060478071609,-0.0680126669966683,2.71122753150503,0.0101189685656263,0.0287561100944547,-2.77059119144258,"ENSSSCT00000081717.2","ENSSSCG00000003877","FAF1","FAF1","Significant"
"ENSSSCT00000053452.3",-1.1368140368965,-0.0176111274598391,-2.73012343599613,0.00965027040619169,0.0276409923854409,-2.77202954966664,"ENSSSCT00000053452.3","ENSSSCG00000024235","NPLOC4","NPLOC4","Significant"
"ENSSSCT00000051519.3",1.34765707983494,1.53060081858225,2.85019700354442,0.00711258180706976,0.0213279331589904,-2.77367003762753,"ENSSSCT00000051519.3","ENSSSCG00000021490","PRDM16","PRDM16","Significant"
"ENSSSCT00000046758.3",2.19157799395024,-2.16463082834957,2.68663204090457,0.0107606531735554,0.0303245554595506,-2.77399540128602,"ENSSSCT00000046758.3","ENSSSCG00000012890","TCIRG1","TCIRG1","Significant"
"ENSSSCT00000008281.4",2.44040576800472,-2.96865946318059,2.65349184437639,0.0116848794912101,0.0324675141410785,-2.7743582409175,"ENSSSCT00000008281.4","ENSSSCG00000007549","CYP2W1","CYP2W1","Significant"
"ENSSSCT00000046564.3",-1.68502951017016,-4.27634101729104,-2.65087998218614,0.0117607514352938,0.0326421673445405,-2.7748592470176,"ENSSSCT00000046564.3","ENSSSCG00000011120","USP6NL","USP6NL","Significant"
"ENSSSCT00000050290.3",-2.10605554814477,-3.0160597958908,-2.66043823546786,0.011485287696243,0.0320111403700041,-2.77536497760986,"ENSSSCT00000050290.3","ENSSSCG00000010571","ARMH3","ARMH3","Significant"
"ENSSSCT00000033541.3",-1.97057211111511,1.25256821086841,-2.80523026826713,0.00797953780708406,0.0234954258703304,-2.77632131817449,"ENSSSCT00000033541.3","ENSSSCG00000005425","SLC44A1","SLC44A1","Significant"
"ENSSSCT00000033275.4",2.30750322158239,-4.33125567820428,2.64973514682321,0.0117941508785934,0.0327209407118499,-2.77654823354178,"ENSSSCT00000033275.4","ENSSSCG00000012569","ATG4A","ATG4A","Significant"
"ENSSSCT00000045871.3",2.07387224112831,-4.52477870035811,2.65099542562853,0.0117573883370438,0.0326383898970605,-2.77712005812128,"ENSSSCT00000045871.3","ENSSSCG00000038873","SLMAP","SLMAP","Significant"
"ENSSSCT00000094286.1",2.7518791296701,-3.48489719929778,2.65095856443119,0.0117584620809199,0.0326385916640823,-2.77758067208968,"ENSSSCT00000094286.1","ENSSSCG00000039469","DNAL1","DNAL1","Significant"
"ENSSSCT00000080017.2",1.73358793523666,-1.18704884425543,2.71850374589282,0.00993604395449761,0.0283325850177051,-2.77804121162653,"ENSSSCT00000080017.2","ENSSSCG00000008397","EFEMP1","EFEMP1","Significant"
"ENSSSCT00000019096.4",1.13577721663097,-3.57712729307514,2.65048655246225,0.0117722195007153,0.0326658304175252,-2.77975438407781,"ENSSSCT00000019096.4","ENSSSCG00000017542","TTLL6","TTLL6","Significant"
"ENSSSCT00000040939.3",3.06468394399137,-1.76653727839017,2.66715768183316,0.011295217543766,0.0315542175303699,-2.78073913665813,"ENSSSCT00000040939.3","ENSSSCG00000016743","OGDH","OGDH","Significant"
"ENSSSCT00000000773.5",-1.66299278643679,-4.03234598949583,-2.65279011213896,0.0117052195812361,0.0325101779731342,-2.78085750151409,"ENSSSCT00000000773.5","ENSSSCG00000022230","CD9","CD9","Significant"
"ENSSSCT00000022513.4",-1.17981787777112,-3.2931270674619,-2.65442207055288,0.0116579666798858,0.0324120700631872,-2.7811117766347,"ENSSSCT00000022513.4","ENSSSCG00000021911","NDRG4","NDRG4","Significant"
"ENSSSCT00000090445.2",1.09393525374844,2.91498099347198,2.98634571960647,0.00499460853264977,0.0158532142327213,-2.78123724105508,"ENSSSCT00000090445.2","ENSSSCG00000022797","PPP1R3B","PPP1R3B","Significant"
"ENSSSCT00000015315.5",-2.4579820765234,-3.45713561587431,-2.65238901802054,0.0117168601884685,0.0325341943097281,-2.78160565916169,"ENSSSCT00000015315.5","ENSSSCG00000014020","CANX","CANX","Significant"
"ENSSSCT00000081098.2",1.55968063161738,-3.72073409306882,2.64720878164999,0.011868165090009,0.0328898983930856,-2.78182918538211,"ENSSSCT00000081098.2","ENSSSCG00000029080","SPTSSB","SPTSSB","Significant"
"ENSSSCT00000059433.3",-1.40619962519991,-4.37228092874197,-2.64686820270589,0.0118781756599577,0.0329092487438189,-2.78262627977976,"ENSSSCT00000059433.3","ENSSSCG00000016397","NEB","NEB","Significant"
"ENSSSCT00000019469.5",2.85178132581764,-4.05358922386683,2.64612816638132,0.011899954268894,0.0329639854700952,-2.78394269898803,"ENSSSCT00000019469.5","ENSSSCG00000017890","PITPNM3","PITPNM3","Significant"
"ENSSSCT00000087247.1",1.85917127082131,-5.1007161934458,2.64360072826648,0.0119746126447266,0.0331426375779852,-2.78754738894056,"ENSSSCT00000087247.1","ENSSSCG00000012434","ATRX","ATRX","Significant"
"ENSSSCT00000010440.4",1.7387956839419,1.45972472119541,2.81268229121472,0.00782936277160686,0.0231242452944533,-2.79077798885357,"ENSSSCT00000010440.4","ENSSSCG00000009522","PCCA","PCCA","Significant"
"ENSSSCT00000023274.3",1.71351630661728,-1.1528674680143,2.67942106646483,0.0109558028741685,0.0307854000611385,-2.79457363862815,"ENSSSCT00000023274.3","ENSSSCG00000025353","TNNT1","TNNT1","Significant"
"ENSSSCT00000045769.2",1.05358106459304,1.63352550503324,2.82985122440336,0.00749334251779029,0.0222913265921564,-2.79620064859499,"ENSSSCT00000045769.2","ENSSSCG00000013772","ASF1B","ASF1B","Significant"
"ENSSSCT00000068581.1",2.84100006026777,-1.060488419517,2.6839321108393,0.0108333413058191,0.0304892624737734,-2.80298787016048,"ENSSSCT00000068581.1","ENSSSCG00000008496","EIF2AK2","EIF2AK2","Significant"
"ENSSSCT00000072669.1",-1.83805114413968,-3.42610557088831,-2.6426182202781,0.0120037515714241,0.0332000202572021,-2.80323228353314,"ENSSSCT00000072669.1","ENSSSCG00000044345",NA,"ENSSSCG00000044345","Significant"
"ENSSSCT00000083993.2",1.27309080077619,-3.73018133460635,2.63732739007209,0.0121617931366115,0.0335808861302575,-2.80438341349746,"ENSSSCT00000083993.2","ENSSSCG00000017676","BCAS3","BCAS3","Significant"
"ENSSSCT00000042776.1",-2.19691230042127,-3.50631560822536,-2.6352232750662,0.0122251764869983,0.0337273357744197,-2.80777091032748,"ENSSSCT00000042776.1","ENSSSCG00000004199","EPB41L2","EPB41L2","Significant"
"ENSSSCT00000069216.2",1.76506539450778,-5.12467996241263,2.63264029468042,0.0123034014046507,0.03391158165502,-2.80845325952,"ENSSSCT00000069216.2","ENSSSCG00000023437","ITPR1","ITPR1","Significant"
"ENSSSCT00000092482.1",-2.76795902110386,-2.43815935692147,-2.6794859749042,0.0109540317592624,0.0307854000611385,-2.80903396120341,"ENSSSCT00000092482.1","ENSSSCG00000006562","GATAD2B","GATAD2B","Significant"
"ENSSSCT00000078251.2",-2.47180489568095,-3.69124312066677,-2.63490911429838,0.0122346662090589,0.0337449502647964,-2.81016882783917,"ENSSSCT00000078251.2","ENSSSCG00000007454","ZMYND8","ZMYND8","Significant"
"ENSSSCT00000004647.5",-2.42263554365678,-0.405574724698675,-2.6855546678244,0.0107896041828165,0.0303812293614775,-2.81066144848719,"ENSSSCT00000004647.5","ENSSSCG00000004205","ARHGAP18","ARHGAP18","Significant"
"ENSSSCT00000028911.3",1.6140950743054,3.31291073856178,2.96685344082861,0.00525638718290285,0.0165423984277379,-2.81371924564591,"ENSSSCT00000028911.3","ENSSSCG00000062441","ADH7","ADH7","Significant"
"ENSSSCT00000027919.4",-2.03129803198406,-3.57634162181433,-2.63350456143553,0.0122771760726573,0.0338478816736781,-2.81400574033154,"ENSSSCT00000027919.4","ENSSSCG00000022559","USP14","USP14","Significant"
"ENSSSCT00000091427.1",1.02808661639016,-0.0312404687230901,2.72077178912547,0.00987965491389389,0.0281939841411463,-2.81462775631921,"ENSSSCT00000091427.1","ENSSSCG00000009519","CLYBL","CLYBL","Significant"
"ENSSSCT00000107004.1",-1.36873537129822,-1.33269380181937,-2.6544221520797,0.0116579643237052,0.0324120700631872,-2.81476568912269,"ENSSSCT00000107004.1","ENSSSCG00000025593","TAP2","TAP2","Significant"
"ENSSSCT00000061014.3",1.45768292210581,-4.0687796677993,2.62932066233707,0.0124046133123686,0.0341501319291114,-2.81545513186887,"ENSSSCT00000061014.3","ENSSSCG00000035912","ABCG5","ABCG5","Significant"
"ENSSSCT00000012079.5",-2.12512444901192,-0.154439333385223,-2.68858012049648,0.0107084870749731,0.030194544027711,-2.81560060003873,"ENSSSCT00000012079.5","ENSSSCG00000011036","STAM","STAM","Significant"
"ENSSSCT00000069740.2",2.31400803741212,-1.12639284770686,2.66293310321053,0.0114143742001592,0.0318434377018902,-2.81649537083126,"ENSSSCT00000069740.2","ENSSSCG00000040678","TYMS","TYMS","Significant"
"ENSSSCT00000050707.2",2.3628487508455,-1.94438725898133,2.67243544952412,0.0111479702403169,0.0312124020365215,-2.81656684713009,"ENSSSCT00000050707.2","ENSSSCG00000023408","SAMD4A","SAMD4A","Significant"
"ENSSSCT00000092666.1",-1.75093599596734,-0.17157779282269,-2.72473147874921,0.0097819181636596,0.0279591180685507,-2.81964935419691,"ENSSSCT00000092666.1","ENSSSCG00000029200","TRIM2","TRIM2","Significant"
"ENSSSCT00000045532.3",2.15283133821745,-2.44826853277094,2.63651099856147,0.0121863496535887,0.0336287553199835,-2.82131854646051,"ENSSSCT00000045532.3","ENSSSCG00000011689","PLOD2","PLOD2","Significant"
"ENSSSCT00000004575.5",-1.47714763595473,0.291927124375564,-2.72161692716796,0.00985871873074164,0.0281490205356949,-2.82400446015396,"ENSSSCT00000004575.5","ENSSSCG00000004140","VTA1","VTA1","Significant"
"ENSSSCT00000055578.2",1.50587980144545,-3.18809129483989,2.62575242238719,0.0125142604225533,0.0344233985187334,-2.82621446526908,"ENSSSCT00000055578.2","ENSSSCG00000001531","SNRPC","SNRPC","Significant"
"ENSSSCT00000047046.3",1.36255951615367,-2.93330423838785,2.62854231694186,0.0124284550088231,0.0342071034195229,-2.82831569571908,"ENSSSCT00000047046.3","ENSSSCG00000037652",NA,"ENSSSCG00000037652","Significant"
"ENSSSCT00000027948.4",-2.14817407557041,0.194759788653515,-2.7708354689718,0.00870809222908964,0.0253182306970964,-2.82884114245468,"ENSSSCT00000027948.4","ENSSSCG00000002505","PAPOLA","PAPOLA","Significant"
"ENSSSCT00000063444.3",1.43990355307751,-3.37400401747333,2.62403112812423,0.0125674721628844,0.0345372439648249,-2.83146804202534,"ENSSSCT00000063444.3","ENSSSCG00000011287","HHATL","HHATL","Significant"
"ENSSSCT00000014129.5",2.1031639727695,-4.39909044253137,2.62074513886381,0.0126696338860687,0.0347769610390119,-2.83301265439652,"ENSSSCT00000014129.5","ENSSSCG00000012926","PC","PC","Significant"
"ENSSSCT00000090864.2",-1.53399801444356,-0.363072038544831,-2.71842126863616,0.00993810015038113,0.0283359700308724,-2.83622156397454,"ENSSSCT00000090864.2","ENSSSCG00000037267","MAX","MAX","Significant"
"ENSSSCT00000043652.3",-2.04689557258293,2.24165793954213,-2.80523861560134,0.00797936809767941,0.0234954258703304,-2.83629953519484,"ENSSSCT00000043652.3","ENSSSCG00000008467","EML4","EML4","Significant"
"ENSSSCT00000076078.2",3.30535180551293,3.14294575376335,2.85044947893626,0.00710797245135378,0.0213160719098545,-2.83727402689271,"ENSSSCT00000076078.2","ENSSSCG00000028996","ALDH1A1","ALDH1A1","Significant"
"ENSSSCT00000086862.2",2.51141932513336,-3.21073410379625,2.6283164775038,0.012435380655721,0.034220387483046,-2.83807885533084,"ENSSSCT00000086862.2","ENSSSCG00000033424","PARL","PARL","Significant"
"ENSSSCT00000070020.1",1.5834777887226,-3.36752642546851,2.62519488917158,0.0125314731142154,0.0344528332419158,-2.83855114982406,"ENSSSCT00000070020.1","ENSSSCG00000037652",NA,"ENSSSCG00000037652","Significant"
"ENSSSCT00000055649.3",-1.00288207332389,8.02051189733949,-3.26768160182575,0.00235032416417956,0.00839136761376591,-2.83968038663945,"ENSSSCT00000055649.3","ENSSSCG00000015073","TAGLN","TAGLN","Significant"
"ENSSSCT00000047575.3",2.21356328225103,-2.37723756839211,2.62117521191638,0.0126562194954285,0.0347459902685206,-2.84200654191885,"ENSSSCT00000047575.3","ENSSSCG00000032949","APH1B","APH1B","Significant"
"ENSSSCT00000036717.3",1.09370087400781,-2.16927872685666,2.63059664914295,0.0123656194242868,0.0340629144735931,-2.84319826261704,"ENSSSCT00000036717.3","ENSSSCG00000021657","SATB2","SATB2","Significant"
"ENSSSCT00000070645.2",1.40631680743163,-1.35737868711789,2.65883019301628,0.0115312097308326,0.032117167440976,-2.84344750254594,"ENSSSCT00000070645.2","ENSSSCG00000028512","LDLR","LDLR","Significant"
"ENSSSCT00000083206.1",-2.01574502282584,-1.66162976616903,-2.66847487446952,0.0112583010938579,0.0314689963281744,-2.84425596175127,"ENSSSCT00000083206.1","ENSSSCG00000008337","AAK1","AAK1","Significant"
"ENSSSCT00000085049.2",-1.63488206096402,-4.66857851776348,-2.61116869450345,0.0129717459284974,0.0354867263175641,-2.85073676295773,"ENSSSCT00000085049.2","ENSSSCG00000042281",NA,"ENSSSCG00000042281","Significant"
"ENSSSCT00000048606.3",1.47937288846183,-0.0123620514463522,2.67059231313995,0.0111991900861507,0.0313289054971134,-2.8513027459562,"ENSSSCT00000048606.3","ENSSSCG00000017788","TP53I13","TP53I13","Significant"
"ENSSSCT00000071891.2",-1.77221270289601,-3.18325961545546,-2.61727488725153,0.0127783545420175,0.0350370424260312,-2.85191207929753,"ENSSSCT00000071891.2","ENSSSCG00000012836","AP2A2","AP2A2","Significant"
"ENSSSCT00000101664.1",-1.82251464884545,-3.73933964260128,-2.61126171888985,0.0129687796154879,0.0354815885359878,-2.85280383766423,"ENSSSCT00000101664.1","ENSSSCG00000052289","ZNF605","ZNF605","Significant"
"ENSSSCT00000033482.4",-1.58886046163666,2.69877204818054,-2.90239755376209,0.00621676861020437,0.0190338551758009,-2.85420309974746,"ENSSSCT00000033482.4","ENSSSCG00000012534","MORF4L2","MORF4L2","Significant"
"ENSSSCT00000068066.2",-1.8633341723755,0.323811442460332,-2.72168591362626,0.0098570115810186,0.0281466111041803,-2.85462653587487,"ENSSSCT00000068066.2","ENSSSCG00000029803",NA,"ENSSSCG00000029803","Significant"
"ENSSSCT00000005032.5",1.23811175441237,0.251546808670313,2.68727227863718,0.0107434828646319,0.0302827453374649,-2.8558646516102,"ENSSSCT00000005032.5","ENSSSCG00000004554","PCLAF","PCLAF","Significant"
"ENSSSCT00000084374.1",2.48184956887474,-3.81150615264153,2.61431715664203,0.0128716958533403,0.0352633200237213,-2.85708487921048,"ENSSSCT00000084374.1","ENSSSCG00000017296","ACE","ACE","Significant"
"ENSSSCT00000105739.1",2.1121318251701,0.0130568075411351,2.71396576021904,0.0100497660712823,0.0285993342924053,-2.85853399235759,"ENSSSCT00000105739.1","ENSSSCG00000010896","ASPM","ASPM","Significant"
"ENSSSCT00000027214.5",2.42133642994005,-2.82648826195771,2.62208834913662,0.0126277812441094,0.0346766764661791,-2.85857963842731,"ENSSSCT00000027214.5","ENSSSCG00000012486","CSTF2","CSTF2","Significant"
"ENSSSCT00000059521.1",1.34876544370388,-3.73344150306379,2.6046544404554,0.0131810291172615,0.0359568034704137,-2.86438472015794,"ENSSSCT00000059521.1","ENSSSCG00000017460","KRT12","KRT12","Significant"
"ENSSSCT00000097022.1",2.70502300743801,-3.23054829221236,2.60580927373501,0.013143702685131,0.0358728681019598,-2.86475998891515,"ENSSSCT00000097022.1","ENSSSCG00000038053","TK2","TK2","Significant"
"ENSSSCT00000064737.2",1.39704658701849,-4.68585195731331,2.60168455182057,0.0132774700687903,0.0361683210061692,-2.86804845502996,"ENSSSCT00000064737.2","ENSSSCG00000027002","KLHL32","KLHL32","Significant"
"ENSSSCT00000079679.1",1.69238646158288,0.210549295445767,2.66542100646827,0.011344061650013,0.0316743843484649,-2.86908642023015,"ENSSSCT00000079679.1","ENSSSCG00000004113","STXBP5","STXBP5","Significant"
"ENSSSCT00000024259.4",-1.23091707720443,1.16019286118443,-2.7669535737324,0.00879409638975638,0.0255318538460923,-2.86916356066501,"ENSSSCT00000024259.4","ENSSSCG00000023408","SAMD4A","SAMD4A","Significant"
"ENSSSCT00000091011.2",-1.23091707720443,1.16019286118443,-2.7669535737324,0.00879409638975638,0.0255318538460923,-2.86916356066501,"ENSSSCT00000091011.2","ENSSSCG00000023408","SAMD4A","SAMD4A","Significant"
"ENSSSCT00000072024.1",1.45321395130495,-1.22757584347087,2.62748012615255,0.0124610593986825,0.0342881577039955,-2.86945804369182,"ENSSSCT00000072024.1","ENSSSCG00000028602","GTPBP4","GTPBP4","Significant"
"ENSSSCT00000052080.3",1.81585881202405,-4.07827343544672,2.601282817487,0.0132905652891394,0.0361918976603275,-2.86968421400095,"ENSSSCT00000052080.3","ENSSSCG00000000892","HAL","HAL","Significant"
"ENSSSCT00000104795.1",-1.93506743991924,1.03962015344668,-2.76746441682524,0.00878273360112886,0.0255079499671482,-2.87134784747206,"ENSSSCT00000104795.1","ENSSSCG00000011710","EIF2A","EIF2A","Significant"
"ENSSSCT00000016269.5",-2.87881275902466,1.13629748609785,-2.72406119332322,0.00979839947358269,0.0279939551732115,-2.87140312278406,"ENSSSCT00000016269.5","ENSSSCG00000014913","PICALM","PICALM","Significant"
"ENSSSCT00000025568.4",1.23238093793106,-3.10257314806511,2.60652947892479,0.0131204735446951,0.0358184643264873,-2.87178728110268,"ENSSSCT00000025568.4","ENSSSCG00000053249",NA,"ENSSSCG00000053249","Significant"
"ENSSSCT00000066639.1",-1.06199773942494,2.47956910968346,-2.86727936514959,0.00680693394961308,0.0205436706926951,-2.87193126012504,"ENSSSCT00000066639.1","ENSSSCG00000005066","EXOC5","EXOC5","Significant"
"ENSSSCT00000060116.2",1.1397896219565,0.792222495806514,2.71671272413306,0.00998078377808898,0.0284377763087314,-2.8748188975478,"ENSSSCT00000060116.2","ENSSSCG00000036932","WNT6","WNT6","Significant"
"ENSSSCT00000031647.4",1.00787175766907,1.88488768734661,2.82945986808443,0.00750084968707553,0.0223095879581655,-2.87579575869644,"ENSSSCT00000031647.4","ENSSSCG00000024687","FANCA","FANCA","Significant"
"ENSSSCT00000095672.1",-1.36480280862974,-1.23852819440957,-2.61986555584667,0.012697109720024,0.0348465122316214,-2.87596477017779,"ENSSSCT00000095672.1","ENSSSCG00000038160","CNGA1","CNGA1","Significant"
"ENSSSCT00000053922.3",-1.57619679970567,2.54758249571417,-2.84501809331252,0.00720774972503547,0.021569662417169,-2.87640990470127,"ENSSSCT00000053922.3","ENSSSCG00000016981","CPEB4","CPEB4","Significant"
"ENSSSCT00000065516.3",1.00491204081123,-4.36015236049681,2.59683188521995,0.0134364482625259,0.0365403252274079,-2.8772042496233,"ENSSSCT00000065516.3","ENSSSCG00000037471","LLCFC1","LLCFC1","Significant"
"ENSSSCT00000077125.1",2.85559186573802,-1.55500980874138,2.61518630652058,0.0128442019171841,0.0351939120352862,-2.87821311163942,"ENSSSCT00000077125.1","ENSSSCG00000039161","MEIS1","MEIS1","Significant"
"ENSSSCT00000086851.2",1.51329223184308,0.777188098684152,2.73582584612933,0.00951283258339009,0.0272974879671278,-2.8784408055566,"ENSSSCT00000086851.2","ENSSSCG00000012520","GPRASP3","GPRASP3","Significant"
"ENSSSCT00000099379.1",2.13432711512206,-1.70421138467104,2.6434518003045,0.0119790253049456,0.0331492226313399,-2.8787328064816,"ENSSSCT00000099379.1","ENSSSCG00000058121","OCIAD1","OCIAD1","Significant"
"ENSSSCT00000076874.1",2.48537837961246,-3.54542756474165,2.59929112665947,0.0133556635279808,0.0363479176683042,-2.87889731657519,"ENSSSCT00000076874.1","ENSSSCG00000011312","LARS2","LARS2","Significant"
"ENSSSCT00000077430.1",2.08566271000964,-3.86555753018343,2.59707512179129,0.0134284380926016,0.0365246346518048,-2.88101262543832,"ENSSSCT00000077430.1","ENSSSCG00000015931","BBS5","BBS5","Significant"
"ENSSSCT00000059188.3",-1.28079964768724,-3.72926975636978,-2.59550883192584,0.0134800955413509,0.0366284719585137,-2.88298171694402,"ENSSSCT00000059188.3","ENSSSCG00000063392","GAL3ST2","GAL3ST2","Significant"
"ENSSSCT00000040754.3",1.83985548268549,-4.91834128943809,2.5919057721594,0.013599621696074,0.0368764193096139,-2.88645147723251,"ENSSSCT00000040754.3","ENSSSCG00000010052","BCR","BCR","Significant"
"ENSSSCT00000034250.4",1.42244309485457,-4.00129086712457,2.59160409557286,0.0136096734492709,0.0368975380957949,-2.88942681509912,"ENSSSCT00000034250.4","ENSSSCG00000012363","HEPH","HEPH","Significant"
"ENSSSCT00000022463.4",1.50923677968905,-0.122767487905356,2.65240036121189,0.0117165308380555,0.0325341943097281,-2.88991237911475,"ENSSSCT00000022463.4","ENSSSCG00000038969","DMPK","DMPK","Significant"
"ENSSSCT00000073256.2",1.42336315701852,-2.63498682986965,2.59389165791336,0.0135336228903521,0.0367495311899839,-2.89388426207757,"ENSSSCT00000073256.2","ENSSSCG00000010523","HOGA1","HOGA1","Significant"
"ENSSSCT00000075331.2",-2.3047305497907,-0.448663448349916,-2.6529321336132,0.0117011003751994,0.0325015059322714,-2.89444084825937,"ENSSSCT00000075331.2","ENSSSCG00000010665","SHTN1","SHTN1","Significant"
"ENSSSCT00000084423.1",2.95503993283488,-1.59715200331345,2.60097491775567,0.013300609851836,0.0362162254559264,-2.89446965716456,"ENSSSCT00000084423.1","ENSSSCG00000020898","ELP2","ELP2","Significant"
"ENSSSCT00000081886.2",1.83205178010194,-3.65542034953911,2.58934031565362,0.01368531998128,0.0370687191716916,-2.89677059450446,"ENSSSCT00000081886.2","ENSSSCG00000003101","HIF3A","HIF3A","Significant"
"ENSSSCT00000090323.2",-1.01295463602799,2.58509285970691,-2.87743333942654,0.00663111919802751,0.0200911634915425,-2.89790174415754,"ENSSSCT00000090323.2","ENSSSCG00000032096","LETMD1","LETMD1","Significant"
"ENSSSCT00000093818.1",1.03160264354229,-3.01197706359617,2.58948122283173,0.0136806001656885,0.0370590136093477,-2.89840332029683,"ENSSSCT00000093818.1","ENSSSCG00000049125",NA,"ENSSSCG00000049125","Significant"
"ENSSSCT00000026506.3",-1.54714643716183,-2.54661288351709,-2.59280224873273,0.0135697916919561,0.0368200306528411,-2.89841581653089,"ENSSSCT00000026506.3","ENSSSCG00000022333","C16orf87","C16orf87","Significant"
"ENSSSCT00000101837.1",1.27229899645635,-1.8915939337534,2.59618714081185,0.0134577019962974,0.0365859181095039,-2.89894018043429,"ENSSSCT00000101837.1","ENSSSCG00000031970","RASSF5","RASSF5","Significant"
"ENSSSCT00000038511.3",-1.45704468824171,2.00555810697972,-2.83049977443791,0.0074809171816969,0.0222645206565081,-2.89907777910585,"ENSSSCT00000038511.3","ENSSSCG00000008799","LIMCH1","LIMCH1","Significant"
"ENSSSCT00000031257.5",1.23022251617061,-5.38011104454884,2.58391578161651,0.0138681617052802,0.03746437519587,-2.9007693296326,"ENSSSCT00000031257.5","ENSSSCG00000026914","PLAAT3","PLAAT3","Significant"
"ENSSSCT00000100004.1",1.08325710774081,-3.13670387228602,2.58722866914942,0.013756231053427,0.037220593963978,-2.90159045070563,"ENSSSCT00000100004.1","ENSSSCG00000055253",NA,"ENSSSCG00000055253","Significant"
"ENSSSCT00000008833.5",-1.69963475890215,-4.42409852103421,-2.58412120624033,0.0138611968744599,0.0374517662132171,-2.90200705554721,"ENSSSCT00000008833.5","ENSSSCG00000037719","PDPK1","PDPK1","Significant"
"ENSSSCT00000081830.2",2.03235417417006,-4.29510549242797,2.58499860247615,0.0138314853118715,0.0373869795314423,-2.90207976488577,"ENSSSCT00000081830.2","ENSSSCG00000046747","DNAH3","DNAH3","Significant"
"ENSSSCT00000091986.1",1.1947908717933,-2.60848873154808,2.58835661631026,0.0137183116192348,0.0371413542213732,-2.90463809373599,"ENSSSCT00000091986.1","ENSSSCG00000057278",NA,"ENSSSCG00000057278","Significant"
"ENSSSCT00000046326.3",-1.81095788344253,-1.77807937469077,-2.60419879350256,0.0131957833209521,0.0359848878718905,-2.90533413826589,"ENSSSCT00000046326.3","ENSSSCG00000000925","RLIG1","RLIG1","Significant"
"ENSSSCT00000019633.5",-1.40760187223856,-4.90715752509358,-2.58098236203738,0.0139679694475099,0.0376996420419381,-2.90725143226086,"ENSSSCT00000019633.5","ENSSSCG00000023747","TTC19","TTC19","Significant"
"ENSSSCT00000013301.6",-1.85507093420927,-2.78533806674622,-2.5930883724316,0.0135602836792506,0.0368003570066828,-2.90729974391826,"ENSSSCT00000013301.6","ENSSSCG00000012160","SH3KBP1","SH3KBP1","Significant"
"ENSSSCT00000106425.1",-2.49309391832192,0.931387765767945,-2.64263270145084,0.0120033216185721,0.0332000202572021,-2.90765329222543,"ENSSSCT00000106425.1","ENSSSCG00000014204","DCP2","DCP2","Significant"
"ENSSSCT00000097537.1",1.87300162912432,-3.05033060735656,2.58738138147666,0.0137510915234089,0.037212864212253,-2.90852386548856,"ENSSSCT00000097537.1","ENSSSCG00000056793",NA,"ENSSSCG00000056793","Significant"
"ENSSSCT00000054557.3",1.78287504349308,-3.82795776213993,2.5823718215768,0.0139206119878877,0.0375873816358668,-2.90965385278433,"ENSSSCT00000054557.3","ENSSSCG00000012181","PDK3","PDK3","Significant"
"ENSSSCT00000030157.4",-2.35458090741664,-3.98208348309851,-2.58175010009586,0.0139417840830711,0.0376383148335225,-2.90992803794748,"ENSSSCT00000030157.4","ENSSSCG00000022496","STK39","STK39","Significant"
"ENSSSCT00000097271.1",-1.27700084090965,-5.38615869774917,-2.57911058570785,0.014031999897002,0.0378411352061087,-2.90997109540271,"ENSSSCT00000097271.1","ENSSSCG00000016835","SKP2","SKP2","Significant"
"ENSSSCT00000028050.4",1.40812016449621,2.4335681069521,2.84372189726241,0.00723175409344937,0.0216335544970018,-2.91065718720227,"ENSSSCT00000028050.4","ENSSSCG00000004684","SPG11","SPG11","Significant"
"ENSSSCT00000039888.2",-1.74935037598538,2.62632649693795,-2.83484539063736,0.00739815589685065,0.0220509504095353,-2.91154059719205,"ENSSSCT00000039888.2","ENSSSCG00000011942","CD47","CD47","Significant"
"ENSSSCT00000106730.1",2.19696646755382,-1.93883303012415,2.59509787998263,0.0134936792860733,0.0366592716809543,-2.91205860461163,"ENSSSCT00000106730.1","ENSSSCG00000013040","TRPT1","TRPT1","Significant"
"ENSSSCT00000001967.4",1.17341872370293,-5.15666631301099,2.57928279097954,0.0140260977897853,0.0378312897100392,-2.91221160355425,"ENSSSCT00000001967.4","ENSSSCG00000001760","ACSBG1","ACSBG1","Significant"
"ENSSSCT00000082595.1",2.54411516697033,0.261756938513719,2.68300211871228,0.0108584837596378,0.0305518873312181,-2.91255077152649,"ENSSSCT00000082595.1","ENSSSCG00000029649","IFT46","IFT46","Significant"
"ENSSSCT00000098614.1",-1.93203821047905,-4.17852995556448,-2.57925095574029,0.0140271887285199,0.0378312897100392,-2.9139609740038,"ENSSSCT00000098614.1","ENSSSCG00000004294","SYNCRIP","SYNCRIP","Significant"
"ENSSSCT00000030549.4",2.00553461823742,-0.784494567655097,2.61609607181439,0.0128154811275888,0.0351211184907039,-2.91455859332894,"ENSSSCT00000030549.4","ENSSSCG00000000874","GAS2L3","GAS2L3","Significant"
"ENSSSCT00000039396.3",2.73647267140497,-3.52915487443426,2.58121686951026,0.0139599662747274,0.0376811607269817,-2.91668933395471,"ENSSSCT00000039396.3","ENSSSCG00000004018","AFDN","AFDN","Significant"
"ENSSSCT00000082537.1",1.65803370413243,-4.92325434155731,2.57544150188465,0.0141582962525886,0.0381092290117559,-2.91695932952906,"ENSSSCT00000082537.1","ENSSSCG00000025005","B4GALT6","B4GALT6","Significant"
"ENSSSCT00000093324.1",3.2990008999041,-2.85365871477759,2.59287351617732,0.0135674228712425,0.0368166671072818,-2.91801364507321,"ENSSSCT00000093324.1","ENSSSCG00000033299","FLNA","FLNA","Significant"
"ENSSSCT00000088748.2",1.12473270626451,2.88732580574601,2.85970914711811,0.00694083763229885,0.0208878595314262,-2.91865080480697,"ENSSSCT00000088748.2","ENSSSCG00000002285","GPHN","GPHN","Significant"
"ENSSSCT00000095305.1",1.93540355881864,1.33299338169667,2.6943296053155,0.0105558876049463,0.0298313391238336,-2.92014343449292,"ENSSSCT00000095305.1","ENSSSCG00000011589","IFT122","IFT122","Significant"
"ENSSSCT00000100872.1",-1.2912543427686,-1.7268216006081,-2.5915038347496,0.0136130156151324,0.0369035304827286,-2.92323733379057,"ENSSSCT00000100872.1","ENSSSCG00000016573","IRF5","IRF5","Significant"
"ENSSSCT00000044078.3",1.74014515342458,-4.54874525622758,2.57329172839196,0.0142327794398872,0.0382875858793796,-2.92480186204087,"ENSSSCT00000044078.3","ENSSSCG00000037032","DNASE1L1","DNASE1L1","Significant"
"ENSSSCT00000107815.1",-1.83691530386074,0.536338129650551,-2.72878307875855,0.0096828416129031,0.0277148071237901,-2.92577268925799,"ENSSSCT00000107815.1","ENSSSCG00000001427","C4A","C4A","Significant"
"ENSSSCT00000077372.3",-1.18245371562958,0.733676414138453,-2.69799147014253,0.0104597484777726,0.029590424240286,-2.92799265269015,"ENSSSCT00000077372.3","ENSSSCG00000022823","MCM5","MCM5","Significant"
"ENSSSCT00000086536.2",1.40406402527887,-5.31315835415862,2.5689548311268,0.0143841360555107,0.0386473912454939,-2.92854155587933,"ENSSSCT00000086536.2","ENSSSCG00000017119","CLPTM1L","CLPTM1L","Significant"
"ENSSSCT00000093443.1",1.32791458263402,2.0908697306123,2.83221793240704,0.0074480924993747,0.0221789759658063,-2.93198687306018,"ENSSSCT00000093443.1","ENSSSCG00000056284","XAF1","XAF1","Significant"
"ENSSSCT00000001542.6",-2.59895270617106,1.24203760474074,-2.68808061677327,0.0107218405393986,0.0302243549149709,-2.93205707009071,"ENSSSCT00000001542.6","ENSSSCG00000001410","BAG6","BAG6","Significant"
"ENSSSCT00000040415.3",1.9138169121409,0.462563612236839,2.70201836603633,0.0103549621511423,0.0293347107460112,-2.93224697603888,"ENSSSCT00000040415.3","ENSSSCG00000004199","EPB41L2","EPB41L2","Significant"
"ENSSSCT00000062543.3",1.60867699668169,-5.143664474186,2.56679518430282,0.0144600569823214,0.0388093264612781,-2.93268114377586,"ENSSSCT00000062543.3","ENSSSCG00000014868","EMSY","EMSY","Significant"
"ENSSSCT00000009854.5",1.44595751223048,-2.61988937942972,2.5807209374023,0.0139768962065451,0.0377143692723823,-2.93367555457997,"ENSSSCT00000009854.5","ENSSSCG00000008997","FGB","FGB","Significant"
"ENSSSCT00000061151.3",2.44509736499312,-0.817530077877175,2.62264099728701,0.0126105984789754,0.0346353258199404,-2.93375787886619,"ENSSSCT00000061151.3","ENSSSCG00000018049","PRPSAP2","PRPSAP2","Significant"
"ENSSSCT00000062204.3",1.17903988333238,-2.69148656732295,2.57249088163628,0.0142606182323374,0.038352537726701,-2.934008127405,"ENSSSCT00000062204.3","ENSSSCG00000031640",NA,"ENSSSCG00000031640","Significant"
"ENSSSCT00000046251.1",1.71249208984657,-3.58482911064304,2.57167273095914,0.0142891101587117,0.0384201012382185,-2.93518545876383,"ENSSSCT00000046251.1","ENSSSCG00000011890","NR1I2","NR1I2","Significant"
"ENSSSCT00000048806.3",1.21539386715017,4.66218517945655,3.09886762755696,0.00370798805760848,0.0123123783104458,-2.93569855741854,"ENSSSCT00000048806.3","ENSSSCG00000003763","IFI44","IFI44","Significant"
"ENSSSCT00000017266.5",-2.105288498754,-4.13607124443314,-2.57100844435442,0.0143122822356054,0.0384760595324604,-2.9363042438429,"ENSSSCT00000017266.5","ENSSSCG00000015857","UGGT1","UGGT1","Significant"
"ENSSSCT00000058929.3",-1.58521848799925,-1.31044510197395,-2.62473018163768,0.0125458366718494,0.034486506942836,-2.93754016757103,"ENSSSCT00000058929.3","ENSSSCG00000015402","CACNA2D1","CACNA2D1","Significant"
"ENSSSCT00000066101.2",1.27616769181818,-0.75908698375286,2.62336963293236,0.0125879768891208,0.0345848486132043,-2.93790529114382,"ENSSSCT00000066101.2","ENSSSCG00000010912","KIF14","KIF14","Significant"
"ENSSSCT00000106998.1",1.51828770617162,0.409615775732162,2.65971150445586,0.011506020521062,0.0320661845515604,-2.93821229118383,"ENSSSCT00000106998.1","ENSSSCG00000025593","TAP2","TAP2","Significant"
"ENSSSCT00000054790.2",-2.37366897247872,-1.41136193894979,-2.59244582555775,0.0135816443602237,0.0368429929878304,-2.93884584548001,"ENSSSCT00000054790.2","ENSSSCG00000058187",NA,"ENSSSCG00000058187","Significant"
"ENSSSCT00000049342.3",-1.89227825601287,-3.20674610407692,-2.56861080234192,0.0143962056030914,0.038672974168509,-2.93916239588098,"ENSSSCT00000049342.3","ENSSSCG00000031589","ZNF37A","ZNF37A","Significant"
"ENSSSCT00000030797.3",-1.94839989608431,-1.79597198103462,-2.60283106805506,0.0132401626600923,0.0360908171030558,-2.94093807510293,"ENSSSCT00000030797.3","ENSSSCG00000029183","SEC11A","SEC11A","Significant"
"ENSSSCT00000010966.5",-1.47666996062878,-0.922654318787722,-2.6101121040043,0.0130054818004811,0.0355640970077065,-2.94227045900475,"ENSSSCT00000010966.5","ENSSSCG00000010009","GAL3ST1","GAL3ST1","Significant"
"ENSSSCT00000099165.1",1.58756665912768,-5.04695998784984,2.56108779152242,0.0146624701517469,0.0392749898806732,-2.94435371249894,"ENSSSCT00000099165.1","ENSSSCG00000011353","PFKFB4","PFKFB4","Significant"
"ENSSSCT00000064354.3",-1.47644161897189,2.31210823643034,-2.81146723616659,0.00785366772377963,0.023185529017214,-2.94578903028805,"ENSSSCT00000064354.3","ENSSSCG00000010604","SH3PXD2A","SH3PXD2A","Significant"
"ENSSSCT00000009518.3",1.04145761695123,-2.45206991984865,2.56894982784219,0.0143843115189568,0.0386473912454939,-2.94592797279076,"ENSSSCT00000009518.3","ENSSSCG00000008700","HGFAC","HGFAC","Significant"
"ENSSSCT00000019026.5",2.14639651980162,-1.18282593757825,2.60858171778969,0.0130544887259854,0.035677162650631,-2.94725064877694,"ENSSSCT00000019026.5","ENSSSCG00000017475","RARA","RARA","Significant"
"ENSSSCT00000043132.3",-1.4659512018006,-5.07137470316316,-2.55948234687359,0.0147198740271079,0.0393866863175893,-2.94728398617527,"ENSSSCT00000043132.3","ENSSSCG00000021581","CLCN2","CLCN2","Significant"
"ENSSSCT00000060578.3",-1.27187413497856,3.51340796310498,-2.88051772951914,0.00657856051768969,0.0199653157515363,-2.94803464698578,"ENSSSCT00000060578.3","ENSSSCG00000016845","NUP155","NUP155","Significant"
"ENSSSCT00000088855.2",-1.68141125634536,0.333235813348597,-2.66759492591776,0.0112829506872584,0.0315253512903738,-2.95072010008975,"ENSSSCT00000088855.2","ENSSSCG00000012889","CHKA","CHKA","Significant"
"ENSSSCT00000106908.1",1.38275035792398,3.89609861627575,2.98013616695118,0.00507664049343061,0.0160682250895847,-2.95790059983635,"ENSSSCT00000106908.1","ENSSSCG00000011643","AMOTL2","AMOTL2","Significant"
"ENSSSCT00000090476.1",2.09634677216814,-1.38974925183717,2.59914460802275,0.0133604640404278,0.0363579475481269,-2.95794183446291,"ENSSSCT00000090476.1","ENSSSCG00000008548","SUPT7L","SUPT7L","Significant"
"ENSSSCT00000009048.4",-2.00300394356375,-1.0431650802208,-2.59603145258549,0.0134628388269628,0.0365968315086121,-2.95909371865436,"ENSSSCT00000009048.4","ENSSSCG00000008262","SEMA4F","SEMA4F","Significant"
"ENSSSCT00000061558.2",2.74582283980761,-2.24151447433309,2.59328892098692,0.0135536230170532,0.0367884053320017,-2.96032861554717,"ENSSSCT00000061558.2","ENSSSCG00000010585","ACTR1A","ACTR1A","Significant"
"ENSSSCT00000037226.3",1.04737281957727,0.979108296736945,2.70450956430436,0.0102906248023258,0.0291727268111494,-2.96039465665918,"ENSSSCT00000037226.3","ENSSSCG00000008018","MAPK8IP3","MAPK8IP3","Significant"
"ENSSSCT00000037310.3",-1.74340751869448,2.07654949817695,-2.76308412845677,0.0088806101836826,0.025753216617343,-2.96396052333624,"ENSSSCT00000037310.3","ENSSSCG00000009925","GIT2","GIT2","Significant"
"ENSSSCT00000068686.1",2.60720542175292,-1.11320942003571,2.61066891312195,0.0129876933915372,0.0355273727106032,-2.96422351017298,"ENSSSCT00000068686.1","ENSSSCG00000003643","SF3A3","SF3A3","Significant"
"ENSSSCT00000083796.1",1.0865899524953,-1.9190777227323,2.56833908730615,0.0144057447401108,0.0386922235362528,-2.9653942748995,"ENSSSCT00000083796.1","ENSSSCG00000022256","DEPP1","DEPP1","Significant"
"ENSSSCT00000062360.3",1.92085192995626,-3.79265041363836,2.55168183442872,0.0150017324254875,0.040009528343607,-2.96929209163562,"ENSSSCT00000062360.3","ENSSSCG00000038646","ENAH","ENAH","Significant"
"ENSSSCT00000045740.2",-1.24123537822525,-2.72233291955384,-2.55610383636086,0.0148413491653138,0.0396498974259169,-2.96931873493549,"ENSSSCT00000045740.2","ENSSSCG00000006764","PTPN22","PTPN22","Significant"
"ENSSSCT00000101848.1",-1.01334790881604,-3.42091292221323,-2.55114289504032,0.0150213876821309,0.0400553957625088,-2.96972908165012,"ENSSSCT00000101848.1","ENSSSCG00000059419",NA,"ENSSSCG00000059419","Significant"
"ENSSSCT00000059823.3",-1.58027772248948,-3.58308413604254,-2.5541861862597,0.0149107070676705,0.0397993199536905,-2.97101421768814,"ENSSSCT00000059823.3","ENSSSCG00000017521","SCRN2","SCRN2","Significant"
"ENSSSCT00000060270.2",1.26332962941776,3.329339341621,2.92887005879057,0.00580396115155496,0.0179656649943319,-2.97155766024795,"ENSSSCT00000060270.2","ENSSSCG00000006624","SELENBP1","SELENBP1","Significant"
"ENSSSCT00000107713.1",1.30836478256867,-5.04252193526533,2.54462180620303,0.0152610916348068,0.0406148585145082,-2.97414937823044,"ENSSSCT00000107713.1","ENSSSCG00000002012","CARMIL3","CARMIL3","Significant"
"ENSSSCT00000000709.6",1.02643211165055,-4.26707201869977,2.54814845828751,0.0151310261968674,0.0403016075584237,-2.97446680153956,"ENSSSCT00000000709.6","ENSSSCG00000000653","CD69","CD69","Significant"
"ENSSSCT00000105290.1",2.01896622854436,-4.45270868858582,2.54651137572014,0.0151912760996961,0.0404488661457322,-2.97669925775872,"ENSSSCT00000105290.1","ENSSSCG00000027986","ABCB8","ABCB8","Significant"
"ENSSSCT00000043029.3",1.67688555783365,1.43390764195144,2.73605938818728,0.0095072427319852,0.0272864561649336,-2.9786323234926,"ENSSSCT00000043029.3","ENSSSCG00000005716","POMT1","POMT1","Significant"
"ENSSSCT00000091073.2",-1.83364522370354,-4.30034449578926,-2.54356448495807,0.0153002855516392,0.0406892748878992,-2.98017318560912,"ENSSSCT00000091073.2","ENSSSCG00000016073","PGAP1","PGAP1","Significant"
"ENSSSCT00000062151.3",2.23074247985057,-1.99994827946938,2.56064321436621,0.0146783457449593,0.0393045979524189,-2.98053062023297,"ENSSSCT00000062151.3","ENSSSCG00000014868","EMSY","EMSY","Significant"
"ENSSSCT00000008776.5",2.00580908970694,1.56744703696701,2.73668078039894,0.00949238449339953,0.0272504889139907,-2.9824254196819,"ENSSSCT00000008776.5","ENSSSCG00000008008","STUB1","STUB1","Significant"
"ENSSSCT00000047546.3",1.44547537359939,-1.63785723670539,2.57252408991898,0.014259462863179,0.038352537726701,-2.98252042514869,"ENSSSCT00000047546.3","ENSSSCG00000036008","TACR1","TACR1","Significant"
"ENSSSCT00000082836.2",1.01583285861217,-3.2656277219587,2.54483476717446,0.0152532085092153,0.0405971926722005,-2.98279250305195,"ENSSSCT00000082836.2","ENSSSCG00000046728",NA,"ENSSSCG00000046728","Significant"
"ENSSSCT00000104702.1",-1.52542882577808,-1.56414285099824,-2.574638248685,0.0141860845732854,0.0381714204363619,-2.98287155829092,"ENSSSCT00000104702.1","ENSSSCG00000001549","FKBP5","FKBP5","Significant"
"ENSSSCT00000039348.3",1.20533844344265,-5.06242577617236,2.53935175743166,0.0154573649461205,0.0410500877008481,-2.98385405906261,"ENSSSCT00000039348.3","ENSSSCG00000013239","PSMC3","PSMC3","Significant"
"ENSSSCT00000071601.2",-1.07357691970461,-3.18581119933015,-2.54926194654968,0.015090171479754,0.0402059288163683,-2.98502704327901,"ENSSSCT00000071601.2","ENSSSCG00000051441",NA,"ENSSSCG00000051441","Significant"
"ENSSSCT00000027568.3",-2.40800538646435,-3.12448924142011,-2.55968963602682,0.0147124506750691,0.0393797505795874,-2.98619078318695,"ENSSSCT00000027568.3","ENSSSCG00000026851","RMC1","RMC1","Significant"
"ENSSSCT00000099003.1",1.89930052619378,-5.0218946429672,2.53819590125542,0.015500720710236,0.041150257581027,-2.98656076922552,"ENSSSCT00000099003.1","ENSSSCG00000026644","DDX46","DDX46","Significant"
"ENSSSCT00000095427.1",-2.06668975262199,-3.73244795345007,-2.54041146176374,0.0154177134359781,0.0409681441619095,-2.9880459751982,"ENSSSCT00000095427.1","ENSSSCG00000038533","NAPG","NAPG","Significant"
"ENSSSCT00000049417.3",-1.01049126502444,1.06410320059871,-2.72483728868783,0.00977931880742633,0.0279565901269029,-2.9926830851132,"ENSSSCT00000049417.3","ENSSSCG00000000292","ZNF385A","ZNF385A","Significant"
"ENSSSCT00000053287.2",1.33370662700754,0.962362758766243,2.6653480310689,0.0113461183542052,0.0316774141822663,-2.99545709453308,"ENSSSCT00000053287.2","ENSSSCG00000037201","MPV17","MPV17","Significant"
"ENSSSCT00000044402.2",-1.25381640570015,3.16586898348184,-2.89849033598724,0.00627997787755738,0.0191967371760623,-2.99661076939516,"ENSSSCT00000044402.2","ENSSSCG00000012163","RPS6KA3","RPS6KA3","Significant"
"ENSSSCT00000000201.5",1.76032569403795,6.20990515102478,3.03749024407851,0.00436487686825176,0.014136529791644,-2.99674449759969,"ENSSSCT00000000201.5","ENSSSCG00000061347","TUBA1A","TUBA1A","Significant"
"ENSSSCT00000039433.2",1.4984937064721,-4.53358677028067,2.53363597892421,0.0156728503970627,0.0414804460058311,-2.99726200264872,"ENSSSCT00000039433.2","ENSSSCG00000034954","C5orf24","C5orf24","Significant"
"ENSSSCT00000063272.2",-1.053049293349,-1.6147287050127,-2.55516471190708,0.0148752785298315,0.0397217872529675,-2.99853988558284,"ENSSSCT00000063272.2","ENSSSCG00000015568","RNF2","RNF2","Significant"
"ENSSSCT00000063504.3",-1.65761315644,0.524198601392261,-2.63856388992081,0.0121246869338042,0.0334897740418291,-2.99878532191901,"ENSSSCT00000063504.3","ENSSSCG00000017360","UBTF","UBTF","Significant"
"ENSSSCT00000072977.1",-1.56439845504083,-5.04588660960309,-2.53210386370507,0.0157310769350762,0.0416079598709585,-2.99893976087497,"ENSSSCT00000072977.1","ENSSSCG00000037682","HFE","HFE","Significant"
"ENSSSCT00000070008.2",3.08872494408918,-0.429415085172959,2.61455721954746,0.0128640964986694,0.0352454623733292,-2.99918863217165,"ENSSSCT00000070008.2","ENSSSCG00000017207","NUP85","NUP85","Significant"
"ENSSSCT00000066917.1",-1.43204287642762,-4.64056240668278,-2.53234871767505,0.0157217582234613,0.0415896312468748,-3.00038181247155,"ENSSSCT00000066917.1","ENSSSCG00000008486","GALM","GALM","Significant"
"ENSSSCT00000071386.2",2.44014289407583,-3.1939140861314,2.53581279801609,0.0155904618360534,0.0413328523095368,-3.00130356258293,"ENSSSCT00000071386.2","ENSSSCG00000017238","TTYH2","TTYH2","Significant"
"ENSSSCT00000061356.2",-1.20573269828331,-1.57436951403413,-2.55953775179386,0.0147178895530151,0.0393846085839219,-3.0030764854106,"ENSSSCT00000061356.2","ENSSSCG00000034776","TAFA5","TAFA5","Significant"
"ENSSSCT00000098000.1",1.31289842510396,-4.47409896970558,2.52947115995937,0.0158315929736295,0.0418089468096725,-3.00379285949355,"ENSSSCT00000098000.1","ENSSSCG00000060904",NA,"ENSSSCG00000060904","Significant"
"ENSSSCT00000106887.1",2.99833320578757,-2.30862341220522,2.56074568374503,0.0146746852248746,0.0393044801669114,-3.00478217558135,"ENSSSCT00000106887.1","ENSSSCG00000012617","UPF3B","UPF3B","Significant"
"ENSSSCT00000089798.2",-1.13755453700022,-2.11220756654478,-2.54426284995222,0.0152743874829364,0.0406402912921217,-3.00586280664573,"ENSSSCT00000089798.2","ENSSSCG00000023749","MIOX","MIOX","Significant"
"ENSSSCT00000052392.3",-1.41932945599092,-1.20506657277523,-2.60229695181846,0.0132575306789192,0.0361290981490706,-3.00635603739647,"ENSSSCT00000052392.3","ENSSSCG00000038327",NA,"ENSSSCG00000038327","Significant"
"ENSSSCT00000054749.3",1.19712093106834,2.30959441769395,2.82236821082374,0.00763810671080363,0.0226620103011231,-3.00646270705149,"ENSSSCT00000054749.3","ENSSSCG00000016725","TNS3","TNS3","Significant"
"ENSSSCT00000074043.1",2.56559502750339,-3.84137948497261,2.53004941884078,0.0158094649294053,0.0417640410434557,-3.00770534594168,"ENSSSCT00000074043.1","ENSSSCG00000025049","CYBRD1","CYBRD1","Significant"
"ENSSSCT00000107650.1",-1.6345898511142,-4.89955703863783,-2.53021109119188,0.0158032833323334,0.0417510938957457,-3.00855544296484,"ENSSSCT00000107650.1","ENSSSCG00000001384","VARS2","VARS2","Significant"
"ENSSSCT00000024675.3",-2.17366313324519,2.14981320785991,-2.76917089222112,0.00874487501553702,0.025408645777623,-3.01182964668238,"ENSSSCT00000024675.3","ENSSSCG00000009440","ELF1","ELF1","Significant"
"ENSSSCT00000040303.1",-1.41551929274574,-4.55288086262297,-2.52496328787498,0.0160050685132,0.0421714283016302,-3.0125576832115,"ENSSSCT00000040303.1","ENSSSCG00000036272",NA,"ENSSSCG00000036272","Significant"
"ENSSSCT00000069640.2",-1.37238033103387,-2.03362867049894,-2.53474565643661,0.015630801480273,0.0414094947154319,-3.01294098477659,"ENSSSCT00000069640.2","ENSSSCG00000039635",NA,"ENSSSCG00000039635","Significant"
"ENSSSCT00000062692.3",1.68749863730199,-4.37318605465743,2.5283195007017,0.0158757476181422,0.0419051874467219,-3.01548859765412,"ENSSSCT00000062692.3","ENSSSCG00000036659",NA,"ENSSSCG00000036659","Significant"
"ENSSSCT00000092659.1",-1.8562629965486,-4.76175324677781,-2.52242992238103,0.016103321236844,0.0423926270170418,-3.01757793751764,"ENSSSCT00000092659.1","ENSSSCG00000010563","BTRC","BTRC","Significant"
"ENSSSCT00000091596.2",-1.85944196891416,-3.86626474535206,-2.52814847219964,0.0158823144588068,0.0419191273872693,-3.01769990154667,"ENSSSCT00000091596.2","ENSSSCG00000038745","SERPINF2","SERPINF2","Significant"
"ENSSSCT00000027194.3",-1.14941437217319,5.54637580420697,-3.07896324389622,0.00391002232439607,0.0128783076941721,-3.01822185491412,"ENSSSCT00000027194.3","ENSSSCG00000016535","CALD1","CALD1","Significant"
"ENSSSCT00000007844.5",1.18851827053197,0.116465865216965,2.57978645680991,0.0140088483983509,0.0377943312519513,-3.01874128777174,"ENSSSCT00000007844.5","ENSSSCG00000007171","EBF4","EBF4","Significant"
"ENSSSCT00000085378.2",-1.2122332504052,-5.22247845133238,-2.52065549928589,0.0161724678020758,0.042547175035817,-3.02084338787269,"ENSSSCT00000085378.2","ENSSSCG00000013351","NAV2","NAV2","Significant"
"ENSSSCT00000041640.3",1.59319668263914,-0.0612567703152467,2.61345588693375,0.0128989939648206,0.0353232655156233,-3.02091554551336,"ENSSSCT00000041640.3","ENSSSCG00000015332","PON1","PON1","Significant"
"ENSSSCT00000072926.2",1.02737536661073,-2.86846184445706,2.52523712329317,0.015994481138741,0.0421517561049908,-3.02300335700866,"ENSSSCT00000072926.2","ENSSSCG00000042854",NA,"ENSSSCG00000042854","Significant"
"ENSSSCT00000051221.3",-1.5247895387695,-1.65883356227379,-2.56782161888351,0.0144239276228028,0.0387346788743812,-3.02334405884439,"ENSSSCT00000051221.3","ENSSSCG00000011163","DIP2C","DIP2C","Significant"
"ENSSSCT00000052750.3",-2.00965704571567,-1.78408680767647,-2.53802593055763,0.0155071056375637,0.0411553660730263,-3.02419427617722,"ENSSSCT00000052750.3","ENSSSCG00000016572","TNPO3","TNPO3","Significant"
"ENSSSCT00000106194.1",-1.82658992939061,-4.46654267814779,-2.51860433531213,0.0162527369063215,0.0427238760052975,-3.02444358090088,"ENSSSCT00000106194.1","ENSSSCG00000013856","AP1M1","AP1M1","Significant"
"ENSSSCT00000061113.3",-1.13718141538823,2.31939724337382,-2.78330044282427,0.00843718884889468,0.0246316354968985,-3.02476783076025,"ENSSSCT00000061113.3","ENSSSCG00000016778","NLN","NLN","Significant"
"ENSSSCT00000050281.3",-1.59393002703658,-4.41264787631545,-2.52052733895655,0.016177472516405,0.0425534742980936,-3.02487720284122,"ENSSSCT00000050281.3","ENSSSCG00000006893","BCAR3","BCAR3","Significant"
"ENSSSCT00000064853.3",-1.6241820667053,2.44981282165757,-2.77329124536335,0.0086540886750046,0.0251814285729451,-3.02618636026184,"ENSSSCT00000064853.3","ENSSSCG00000038873","SLMAP","SLMAP","Significant"
"ENSSSCT00000010010.3",-1.70042109651321,2.7120466021432,-2.84141445974941,0.0072746705860749,0.0217340199567842,-3.02834691340669,"ENSSSCT00000010010.3","ENSSSCG00000009142","SEC24B","SEC24B","Significant"
"ENSSSCT00000025850.4",1.31038507890053,-4.38340829254733,2.51552337787006,0.0163739902317947,0.0429975497356181,-3.02980247858539,"ENSSSCT00000025850.4","ENSSSCG00000022361","BANK1","BANK1","Significant"
"ENSSSCT00000059400.3",2.68248982759783,-3.12868638414857,2.51987226502548,0.0162030755602176,0.0426139449516282,-3.03056479726702,"ENSSSCT00000059400.3","ENSSSCG00000020878","HNRNPLL","HNRNPLL","Significant"
"ENSSSCT00000046513.3",1.21095933272913,-5.40799230848933,2.51337607714906,0.0164589873538377,0.0431824916459745,-3.03198157946055,"ENSSSCT00000046513.3","ENSSSCG00000002280","RAB15","RAB15","Significant"
"ENSSSCT00000039052.3",-2.44587730392165,-2.87826723694041,-2.52401121402078,0.016041928733177,0.0422480649771004,-3.03245509325725,"ENSSSCT00000039052.3","ENSSSCG00000002276","PLEKHG3","PLEKHG3","Significant"
"ENSSSCT00000096691.1",1.16805727209561,-3.36479433030124,2.52146255059046,0.0161409846382833,0.0424746297939134,-3.03324342416262,"ENSSSCT00000096691.1","ENSSSCG00000057692",NA,"ENSSSCG00000057692","Significant"
"ENSSSCT00000063373.2",-1.73129873541479,-2.59609878651118,-2.5361024157363,0.0155795302867536,0.0413148187524664,-3.03606161070207,"ENSSSCT00000063373.2","ENSSSCG00000028338","PAMR1","PAMR1","Significant"
"ENSSSCT00000100037.1",1.08498174645793,-3.33242091760864,2.51402885725006,0.0164331056232547,0.0431319413734179,-3.03823518346466,"ENSSSCT00000100037.1","ENSSSCG00000059210",NA,"ENSSSCG00000059210","Significant"
"ENSSSCT00000100067.1",2.82491229370318,-0.949880940335797,2.55107591520033,0.0150238321026516,0.0400586377064813,-3.04161001793901,"ENSSSCT00000100067.1","ENSSSCG00000006274","PRKDC","PRKDC","Significant"
"ENSSSCT00000096318.1",-1.30666771305203,-5.08417143630807,-2.50818046262341,0.0166663179215643,0.0436491790115417,-3.04189994045713,"ENSSSCT00000096318.1","ENSSSCG00000028060","SLC4A8","SLC4A8","Significant"
"ENSSSCT00000103698.1",-1.28670278951672,-5.0845508391162,-2.50878329835368,0.0166421399973046,0.0435893583284156,-3.04276698214527,"ENSSSCT00000103698.1","ENSSSCG00000013919","HOMER3","HOMER3","Significant"
"ENSSSCT00000068073.2",1.26297557784316,-3.93694920566479,2.50966117153488,0.01660698847649,0.0435077743903159,-3.04285626057123,"ENSSSCT00000068073.2","ENSSSCG00000038150",NA,"ENSSSCG00000038150","Significant"
"ENSSSCT00000090645.1",-1.37831120613034,-3.34633052109045,-2.5101753341466,0.0165864320642614,0.0434643972852578,-3.04433327017413,"ENSSSCT00000090645.1","ENSSSCG00000027894","FAM76A","FAM76A","Significant"
"ENSSSCT00000015047.5",1.28591863567471,0.160976574057446,2.58581698198717,0.013803825017815,0.0373217426349921,-3.04452769789846,"ENSSSCT00000015047.5","ENSSSCG00000013772","ASF1B","ASF1B","Significant"
"ENSSSCT00000062448.3",-2.1789188417441,0.872836109818841,-2.66510994840922,0.0113528307593225,0.0316930859092723,-3.04563604393127,"ENSSSCT00000062448.3","ENSSSCG00000005935","AGO2","AGO2","Significant"
"ENSSSCT00000089698.1",-1.0192715858556,-3.22202283763046,-2.51293996399689,0.016476299331841,0.0432209561038976,-3.04757070454214,"ENSSSCT00000089698.1","ENSSSCG00000044427",NA,"ENSSSCG00000044427","Significant"
"ENSSSCT00000059880.2",2.57352501777304,-1.26027864287244,2.53414477491983,0.0156535577923347,0.0414529400797011,-3.04942887831002,"ENSSSCT00000059880.2","ENSSSCG00000009836","ACAD10","ACAD10","Significant"
"ENSSSCT00000066775.2",-1.06391249260359,-2.86442729077996,-2.51436112426719,0.0164199460404078,0.0431008711618594,-3.05203617014209,"ENSSSCT00000066775.2","ENSSSCG00000013658","S1PR2","S1PR2","Significant"
"ENSSSCT00000010335.4",1.37184942477007,-5.33814215818315,2.50208820242165,0.0169124676833423,0.0441838218227319,-3.05240132007195,"ENSSSCT00000010335.4","ENSSSCG00000009428","FAM216B","FAM216B","Significant"
"ENSSSCT00000051814.3",-1.36886818372049,1.6168062441153,-2.71160265305919,0.0101094621882126,0.0287366089960316,-3.05266226514018,"ENSSSCT00000051814.3","ENSSSCG00000017877","ANKFY1","ANKFY1","Significant"
"ENSSSCT00000002960.5",-1.42805964469268,-4.79276508460934,-2.50326698524157,0.0168645829340549,0.0440940546898095,-3.05275268413221,"ENSSSCT00000002960.5","ENSSSCG00000002669","CRISPLD2","CRISPLD2","Significant"
"ENSSSCT00000048590.4",-1.54673874477928,2.3616462864146,-2.73803046884278,0.00946018602810229,0.0271657482173901,-3.05435954073908,"ENSSSCT00000048590.4","ENSSSCG00000027686","YTHDF2","YTHDF2","Significant"
"ENSSSCT00000058124.3",-1.61377191483038,-4.59881951938055,-2.50205173733761,0.0169139509536768,0.0441841564693277,-3.05500911693348,"ENSSSCT00000058124.3","ENSSSCG00000004524","SMAD4","SMAD4","Significant"
"ENSSSCT00000074709.2",-1.21350182646845,-3.65974188937751,-2.50498151738248,0.0167951559326343,0.04393719522006,-3.05667584792909,"ENSSSCT00000074709.2","ENSSSCG00000033624","SRGAP3","SRGAP3","Significant"
"ENSSSCT00000074076.2",-1.38756727123071,-4.27954407607978,-2.50122092980173,0.0169477774700138,0.0442618821397252,-3.05747206786048,"ENSSSCT00000074076.2","ENSSSCG00000004081",NA,"ENSSSCG00000004081","Significant"
"ENSSSCT00000103025.1",-2.14119882581321,-2.60819111443049,-2.53690764237784,0.0155491740835975,0.041243513815621,-3.05810863189031,"ENSSSCT00000103025.1","ENSSSCG00000008303","CCT7","CCT7","Significant"
"ENSSSCT00000076853.2",1.09407218725979,-5.47376883102076,2.49895769403765,0.0170402392971909,0.0444641826367038,-3.05861559734297,"ENSSSCT00000076853.2","ENSSSCG00000010503","ZNF518A","ZNF518A","Significant"
"ENSSSCT00000077776.1",-1.37972717539947,-4.89169082562436,-2.49864544793028,0.0170530318444477,0.0444904417265243,-3.06068162677354,"ENSSSCT00000077776.1","ENSSSCG00000007797","ITGAL","ITGAL","Significant"
"ENSSSCT00000029871.4",1.01164784792699,-3.51154058472421,2.50342173283522,0.0168583059518478,0.0440864900164266,-3.0622319436727,"ENSSSCT00000029871.4","ENSSSCG00000025345","GUCY2D","GUCY2D","Significant"
"ENSSSCT00000094456.1",-1.73126052195353,-2.78065824023896,-2.51865458310471,0.0162507661912878,0.0427221400500521,-3.06370765763159,"ENSSSCT00000094456.1","ENSSSCG00000004249","CEP85L","CEP85L","Significant"
"ENSSSCT00000018479.5",-1.57417388860706,-1.71618202179824,-2.53991624786404,0.0154362315014758,0.0410039778810289,-3.06654863785649,"ENSSSCT00000018479.5","ENSSSCG00000016970",NA,"ENSSSCG00000016970","Significant"
"ENSSSCT00000063634.3",-2.43894025258138,-2.05575045171238,-2.52761234117555,0.0159029159551866,0.0419547472955772,-3.06842654452974,"ENSSSCT00000063634.3","ENSSSCG00000015310","AKAP9","AKAP9","Significant"
"ENSSSCT00000086256.1",-1.16409033200389,0.165370334615424,-2.5980038158485,0.0133978950908661,0.0364476405125238,-3.06898814127932,"ENSSSCT00000086256.1","ENSSSCG00000002646","TRAPPC2L","TRAPPC2L","Significant"
"ENSSSCT00000077521.2",-1.82861834317309,-4.43057145883245,-2.49567346482761,0.0171752320397229,0.0447626910809853,-3.06978524059116,"ENSSSCT00000077521.2","ENSSSCG00000040608","AKR1B1","AKR1B1","Significant"
"ENSSSCT00000011751.3",-1.17573364906338,-1.87079093471922,-2.51284403663971,0.0164801095037187,0.043223995676876,-3.07120140708223,"ENSSSCT00000011751.3","ENSSSCG00000010739",NA,"ENSSSCG00000010739","Significant"
"ENSSSCT00000090553.1",-1.10318704020659,-5.43826596299083,-2.49158010057682,0.0173448495357183,0.0451181964466699,-3.07153743519691,"ENSSSCT00000090553.1","ENSSSCG00000000981","CRELD2","CRELD2","Significant"
"ENSSSCT00000060117.3",1.27294726352386,-3.71974752931992,2.49508791230001,0.0171994025093348,0.0448077762216822,-3.07328986773776,"ENSSSCT00000060117.3","ENSSSCG00000004702","STRC","STRC","Significant"
"ENSSSCT00000009203.4",-1.7743464022237,-4.49065032301677,-2.49407849996379,0.0172411420076829,0.0448949919350285,-3.0736222733765,"ENSSSCT00000009203.4","ENSSSCG00000008406","CCDC88A","CCDC88A","Significant"
"ENSSSCT00000082621.1",-1.04618829163142,-3.43214222405915,-2.49543665707558,0.0171850032659207,0.0447809979605243,-3.07424841608693,"ENSSSCT00000082621.1","ENSSSCG00000041254",NA,"ENSSSCG00000041254","Significant"
"ENSSSCT00000045479.3",-1.48099364749887,1.31086034512101,-2.71721549456128,0.00996820572732206,0.0284093863228679,-3.07709544571934,"ENSSSCT00000045479.3","ENSSSCG00000022968","ARFGEF3","ARFGEF3","Significant"
"ENSSSCT00000097952.1",1.20577495485287,0.683682904981335,2.60591537813376,0.0131402780709305,0.0358665237525841,-3.07824018470798,"ENSSSCT00000097952.1","ENSSSCG00000017231","NAT9","NAT9","Significant"
"ENSSSCT00000070141.1",-1.70378662380315,-4.53876760536859,-2.49336711427902,0.0172706135423237,0.0449609616683107,-3.07831851760545,"ENSSSCT00000070141.1","ENSSSCG00000008980","SCARB2","SCARB2","Significant"
"ENSSSCT00000087652.2",-1.39346430064703,-5.28960245144261,-2.48679215174683,0.0175451879153613,0.0455557304127133,-3.0808853152955,"ENSSSCT00000087652.2","ENSSSCG00000006333","NUF2","NUF2","Significant"
"ENSSSCT00000091841.1",2.53954827662028,2.17149602679481,2.63889150492859,0.0121148730276152,0.0334740101857936,-3.08249927903543,"ENSSSCT00000091841.1","ENSSSCG00000022774","NOP53","NOP53","Significant"
"ENSSSCT00000024549.4",1.078038828462,2.21104809424105,2.77837735690821,0.00854323225634356,0.0248944091952655,-3.08264699922683,"ENSSSCT00000024549.4","ENSSSCG00000025870","HEPACAM2","HEPACAM2","Significant"
"ENSSSCT00000107077.1",1.16802273858031,-1.19763173803265,2.53552545150035,0.0156013146004939,0.0413481760067065,-3.08305073353428,"ENSSSCT00000107077.1","ENSSSCG00000027487","LAT2","LAT2","Significant"
"ENSSSCT00000033040.4",1.16616946527606,-3.45530915441188,2.49164818101593,0.0173420160148172,0.0451144251294262,-3.0846358787811,"ENSSSCT00000033040.4","ENSSSCG00000010718",NA,"ENSSSCG00000010718","Significant"
"ENSSSCT00000075553.2",-1.58565851660319,-5.00681894959884,-2.48490368606773,0.0176247844308704,0.0457364046708402,-3.08522715908331,"ENSSSCT00000075553.2","ENSSSCG00000021774","B3GALNT1","B3GALNT1","Significant"
"ENSSSCT00000107837.1",2.01984469109413,-4.48402714700502,2.48614818245903,0.0175722935066559,0.0456188436572186,-3.08550052675708,"ENSSSCT00000107837.1","ENSSSCG00000001413","GPANK1","GPANK1","Significant"
"ENSSSCT00000012273.4",1.07378749762969,0.731230034375629,2.61619360470973,0.0128124055805782,0.0351156415222908,-3.08630076088285,"ENSSSCT00000012273.4","ENSSSCG00000011207","SGO1","SGO1","Significant"
"ENSSSCT00000037284.3",1.32592545093962,-4.95993909298648,2.48532595675348,0.0176069576971631,0.0456942807258065,-3.08689452726845,"ENSSSCT00000037284.3","ENSSSCG00000000152","RBFOX2","RBFOX2","Significant"
"ENSSSCT00000099474.1",1.50932736525628,-4.58991363453241,2.48487503667574,0.0176259945003407,0.0457364046708402,-3.08736766230421,"ENSSSCT00000099474.1","ENSSSCG00000024379","PCSK4","PCSK4","Significant"
"ENSSSCT00000041465.1",1.22609263940138,0.737155691327399,2.59525023486961,0.0134886418283698,0.0366486398476807,-3.08739178733354,"ENSSSCT00000041465.1","ENSSSCG00000039368","SLC35D2","SLC35D2","Significant"
"ENSSSCT00000067927.2",1.37122607973529,-3.13198807985064,2.48796213685856,0.0174960391594824,0.0454564594658374,-3.09040603995385,"ENSSSCT00000067927.2","ENSSSCG00000045879",NA,"ENSSSCG00000045879","Significant"
"ENSSSCT00000045287.3",2.52351399292026,-1.4817419381139,2.5125862717908,0.016490351745512,0.0432463943190487,-3.09284525817687,"ENSSSCT00000045287.3","ENSSSCG00000025401","CDK10","CDK10","Significant"
"ENSSSCT00000031494.2",2.73851165588193,-0.950468645128191,2.51998691047148,0.0161985920601747,0.0426055901524634,-3.09340243128863,"ENSSSCT00000031494.2","ENSSSCG00000021418","LSS","LSS","Significant"
"ENSSSCT00000040157.3",-1.62716529784933,-3.849446829157,-2.48790134451098,0.0174985898281108,0.0454564594658374,-3.09508288172074,"ENSSSCT00000040157.3","ENSSSCG00000006648","CTSS","CTSS","Significant"
"ENSSSCT00000102743.1",-1.46689803173101,0.121498057456556,-2.58277030626948,0.0139070575346148,0.0375570035499529,-3.09539294175094,"ENSSSCT00000102743.1","ENSSSCG00000014076","FAM169A","FAM169A","Significant"
"ENSSSCT00000052650.3",-2.01755795991096,-4.62403914517914,-2.48040873859155,0.0178155678189427,0.046165853852234,-3.09881175208959,"ENSSSCT00000052650.3","ENSSSCG00000008475","MAP4K3","MAP4K3","Significant"
"ENSSSCT00000078692.2",-1.26896162635558,-3.29230528872774,-2.48414961627858,0.0176566594773381,0.0458050386377411,-3.10041414924041,"ENSSSCT00000078692.2","ENSSSCG00000004962","CORO2B","CORO2B","Significant"
"ENSSSCT00000070853.2",-2.22220844207799,-3.3151545640435,-2.48606775954798,0.0175756813046327,0.0456240058325035,-3.10332284246345,"ENSSSCT00000070853.2","ENSSSCG00000030435","USP39","USP39","Significant"
"ENSSSCT00000044555.3",1.35519976120918,-3.72481034590041,2.47961291776808,0.017849541201772,0.0462249902078579,-3.10376617758673,"ENSSSCT00000044555.3","ENSSSCG00000036772","CAMTA1","CAMTA1","Significant"
"ENSSSCT00000097528.1",2.09981702703832,0.50585103222321,2.5689504700148,0.0143842889980776,0.0386473912454939,-3.10385322131011,"ENSSSCT00000097528.1","ENSSSCG00000005343","RNF38","RNF38","Significant"
"ENSSSCT00000063631.3",1.09887541687634,0.637290689853026,2.58248902724231,0.0139166239787003,0.0375797257082611,-3.10388570065336,"ENSSSCT00000063631.3","ENSSSCG00000036208","SHMT1","SHMT1","Significant"
"ENSSSCT00000067516.2",-1.56289954730527,-1.0232819082797,-2.53095597714638,0.015774830936184,0.0417029585537454,-3.10533266527784,"ENSSSCT00000067516.2","ENSSSCG00000005282","VPS13A","VPS13A","Significant"
"ENSSSCT00000030235.4",-1.04690444382104,0.415175376670779,-2.60657693310797,0.0131189443086134,0.0358172885813122,-3.10557272664339,"ENSSSCT00000030235.4","ENSSSCG00000022107","CHTOP","CHTOP","Significant"
"ENSSSCT00000060512.3",-2.25220857507116,-0.487168658115701,-2.57013634535087,0.0143427557351577,0.0385516247311691,-3.10695479362671,"ENSSSCT00000060512.3","ENSSSCG00000035852","CSNK1D","CSNK1D","Significant"
"ENSSSCT00000078787.1",1.31510703177664,-4.22448044707371,2.47388149175955,0.0180959642677248,0.046736440033658,-3.1074367501835,"ENSSSCT00000078787.1","ENSSSCG00000011646","KY","KY","Significant"
"ENSSSCT00000095677.1",-1.3288254221874,3.70670688824609,-2.86728291437811,0.00680687174050216,0.0205436706926951,-3.10839376564947,"ENSSSCT00000095677.1","ENSSSCG00000009978","AP1B1","AP1B1","Significant"
"ENSSSCT00000027299.4",-2.26407755555784,-3.78297877897327,-2.47435121723642,0.0180756523304633,0.0466987772252318,-3.10886952059558,"ENSSSCT00000027299.4","ENSSSCG00000028126","MPPE1","MPPE1","Significant"
"ENSSSCT00000031809.4",-1.09281405578879,-0.735381288402027,-2.5315383680098,0.0157526180353876,0.0416543680799496,-3.10905644850942,"ENSSSCT00000031809.4","ENSSSCG00000024127","ABI1","ABI1","Significant"
"ENSSSCT00000013681.5",1.10918935918032,-3.01011991645822,2.47847251599284,0.0178983276454508,0.0463287610790948,-3.10966832094274,"ENSSSCT00000013681.5","ENSSSCG00000012512","ZMAT1","ZMAT1","Significant"
"ENSSSCT00000043256.3",-2.28264192244009,-2.97508871472551,-2.48119385268246,0.0177821092977065,0.0460864778650574,-3.11014158855943,"ENSSSCT00000043256.3","ENSSSCG00000021581","CLCN2","CLCN2","Significant"
"ENSSSCT00000094731.1",1.02484163175729,-1.96939763058435,2.49353227852341,0.0172637669641394,0.0449467266708298,-3.11112823718878,"ENSSSCT00000094731.1","ENSSSCG00000059937",NA,"ENSSSCG00000059937","Significant"
"ENSSSCT00000096330.1",-1.82551359169109,-3.05938981754254,-2.47834774532046,0.0179036727133298,0.0463389176109712,-3.11297342817348,"ENSSSCT00000096330.1","ENSSSCG00000009808","TMEM120B","TMEM120B","Significant"
"ENSSSCT00000083946.2",3.207759186841,-2.48616480927248,2.49287428822604,0.0172910574692104,0.0450045910825409,-3.11365002514972,"ENSSSCT00000083946.2","ENSSSCG00000004018","AFDN","AFDN","Significant"
"ENSSSCT00000089489.1",-1.22678590147807,-2.77831796207355,-2.48360777441486,0.017679595963441,0.0458535953219339,-3.11402323984618,"ENSSSCT00000089489.1","ENSSSCG00000049794",NA,"ENSSSCG00000049794","Significant"
"ENSSSCT00000050548.3",-1.87526310790357,-1.85303714690664,-2.49924785305794,0.0170283595020271,0.0444438547233502,-3.11441562779468,"ENSSSCT00000050548.3","ENSSSCG00000003768","NEXN","NEXN","Significant"
"ENSSSCT00000079185.2",-1.96407404092187,-1.8074221824355,-2.52522326575213,0.0159950167626962,0.0421517561049908,-3.11575343402135,"ENSSSCT00000079185.2","ENSSSCG00000004254","DCBLD1","DCBLD1","Significant"
"ENSSSCT00000062398.3",2.37058033062422,-1.92313223965457,2.48818930926351,0.0174865106738614,0.0454359415054652,-3.11686320604451,"ENSSSCT00000062398.3","ENSSSCG00000034059","ST3GAL3","ST3GAL3","Significant"
"ENSSSCT00000086404.2",-1.09217302468026,1.63925725277645,-2.69254740594525,0.0106029730723801,0.029946234758479,-3.11817463941771,"ENSSSCT00000086404.2","ENSSSCG00000027063","DPY19L1","DPY19L1","Significant"
"ENSSSCT00000034768.4",-1.49487184314394,-4.92362333139932,-2.46852857798323,0.018328909565006,0.0472370379778244,-3.11818816806595,"ENSSSCT00000034768.4","ENSSSCG00000009747","STX2","STX2","Significant"
"ENSSSCT00000086145.2",1.91825300817524,-3.73273264097233,2.46880540426878,0.0183167961050425,0.0472132832800068,-3.12096263446242,"ENSSSCT00000086145.2","ENSSSCG00000013513","PLIN5","PLIN5","Significant"
"ENSSSCT00000015452.5",-1.9341676126743,-3.84816445135604,-2.47694271800273,0.0179639634243512,0.0464783165229666,-3.12181608505024,"ENSSSCT00000015452.5","ENSSSCG00000014148","TMEM161B","TMEM161B","Significant"
"ENSSSCT00000003356.3",1.39258661220111,-4.06486286387005,2.46898633715235,0.018308882723819,0.0471966170404328,-3.12376489713339,"ENSSSCT00000003356.3","ENSSSCG00000003022","TMEM145","TMEM145","Significant"
"ENSSSCT00000096317.1",-1.4565809605001,-2.28596947046027,-2.52635696494398,0.0159512510499591,0.0420602174874943,-3.12717812361395,"ENSSSCT00000096317.1","ENSSSCG00000033144","YTHDF3","YTHDF3","Significant"
"ENSSSCT00000062820.3",-1.17378561205435,-3.59107589230912,-2.46817837441251,0.0183442443507069,0.0472690858144668,-3.1283142959793,"ENSSSCT00000062820.3","ENSSSCG00000009222","SPARCL1","SPARCL1","Significant"
"ENSSSCT00000060128.1",-1.21145359055271,-0.532450727668611,-2.52854278219851,0.0158671782021433,0.0418927425785635,-3.12882376521965,"ENSSSCT00000060128.1","ENSSSCG00000006151","SNX16","SNX16","Significant"
"ENSSSCT00000005447.5",-1.04910275921491,0.111061037243199,-2.54318474853836,0.0153143845239669,0.0407234477627776,-3.13265422719182,"ENSSSCT00000005447.5","ENSSSCG00000004936","INTS14","INTS14","Significant"
"ENSSSCT00000090093.1",-1.10617855225745,-3.57980880204662,-2.46764906781989,0.018367443921818,0.0473251257805401,-3.13304827117171,"ENSSSCT00000090093.1","ENSSSCG00000051505",NA,"ENSSSCG00000051505","Significant"
"ENSSSCT00000041847.3",-1.02213574523473,-0.498854487058351,-2.53817796370935,0.0155013944181749,0.041150257581027,-3.13369086857298,"ENSSSCT00000041847.3","ENSSSCG00000028905","TNIK","TNIK","Significant"
"ENSSSCT00000104649.1",-1.44410837342358,-1.90261279949374,-2.48772395444852,0.01750603453459,0.0454721757461577,-3.13518697102764,"ENSSSCT00000104649.1","ENSSSCG00000014269","FNIP1","FNIP1","Significant"
"ENSSSCT00000046435.3",1.03831682918992,-1.68037545959729,2.47939104743808,0.0178590233137063,0.0462417087134753,-3.14324010458925,"ENSSSCT00000046435.3","ENSSSCG00000038067",NA,"ENSSSCG00000038067","Significant"
"ENSSSCT00000049878.3",1.20193498430823,-0.359825549164896,2.55715345716881,0.0148035117106478,0.0395617783454067,-3.14407919054615,"ENSSSCT00000049878.3","ENSSSCG00000003828","FGGY","FGGY","Significant"
"ENSSSCT00000045149.2",1.45099827412011,1.30789801706704,2.64419473151059,0.011957027545027,0.0330995861842469,-3.14435793658855,"ENSSSCT00000045149.2","ENSSSCG00000000259","CSAD","CSAD","Significant"
"ENSSSCT00000043936.3",1.10861496611866,4.84744993716116,2.99433784320069,0.00489086281236392,0.0155693898783746,-3.14467680483354,"ENSSSCT00000043936.3","ENSSSCG00000013890","SLC5A5","SLC5A5","Significant"
"ENSSSCT00000057660.3",1.29551657810083,-3.62758075738921,2.45673527169879,0.0188517929208533,0.0484276596589586,-3.14547801381732,"ENSSSCT00000057660.3","ENSSSCG00000003690","DLGAP1","DLGAP1","Significant"
"ENSSSCT00000084485.2",1.01956522773651,-3.16095628238278,2.45885609072001,0.0187567714224759,0.0482101517901776,-3.14584878781415,"ENSSSCT00000084485.2","ENSSSCG00000041350",NA,"ENSSSCG00000041350","Significant"
"ENSSSCT00000039740.3",-1.48351764532546,-5.33225726944949,-2.45129088078226,0.0190977337689229,0.0489822617842954,-3.14604693439985,"ENSSSCT00000039740.3","ENSSSCG00000006127","NBN","NBN","Significant"
"ENSSSCT00000068304.2",1.58157423706637,-2.37340510490888,2.46873210545828,0.0183200028294497,0.0472178159882513,-3.14615681348465,"ENSSSCT00000068304.2","ENSSSCG00000033392","SCML4","SCML4","Significant"
"ENSSSCT00000086196.1",-1.45556545604409,2.04144244451181,-2.72791021457383,0.00970410735558626,0.0277610525771286,-3.14675933535548,"ENSSSCT00000086196.1","ENSSSCG00000046003","TSC1","TSC1","Significant"
"ENSSSCT00000104913.1",-1.30632183401543,0.0229440155124069,-2.57846840530447,0.0140540299010551,0.0378848772959074,-3.14716244524804,"ENSSSCT00000104913.1","ENSSSCG00000003895","EFCAB14","EFCAB14","Significant"
"ENSSSCT00000071337.1",-1.00916682389535,-2.91990596421512,-2.46179771173635,0.018625696384388,0.0479080213432974,-3.14779902828426,"ENSSSCT00000071337.1","ENSSSCG00000005582","STRBP","STRBP","Significant"
"ENSSSCT00000043473.3",-1.60816552502721,-4.02410392518632,-2.4566362872959,0.018856238517568,0.0484352635804606,-3.14852840232947,"ENSSSCT00000043473.3","ENSSSCG00000007074","TASP1","TASP1","Significant"
"ENSSSCT00000037253.2",2.39933049227883,-3.40829966006373,2.45595156455209,0.018887016990534,0.0485105011784599,-3.15027633239945,"ENSSSCT00000037253.2","ENSSSCG00000015273","ATP2B4","ATP2B4","Significant"
"ENSSSCT00000080865.2",1.15923216724922,-3.63474921644847,2.45331421422251,0.019005994328906,0.0487815035109543,-3.15053401035519,"ENSSSCT00000080865.2","ENSSSCG00000042317","C4orf51","C4orf51","Significant"
"ENSSSCT00000018364.5",1.23196409132012,-4.33635083816373,2.45086998250966,0.019116868160702,0.0490125228796404,-3.15156506987996,"ENSSSCT00000018364.5","ENSSSCG00000016861","C6","C6","Significant"
"ENSSSCT00000018224.4",1.5830579528888,-1.98270775577898,2.47054137249692,0.0182409991604958,0.0470476652661028,-3.15258433522251,"ENSSSCT00000018224.4","ENSSSCG00000016742","MYO1G","MYO1G","Significant"
"ENSSSCT00000102612.1",2.56584679520332,-2.52777051621237,2.46515863714579,0.018476958954029,0.0475778506766274,-3.15366418366593,"ENSSSCT00000102612.1","ENSSSCG00000003334","UBE2J2","UBE2J2","Significant"
"ENSSSCT00000077829.2",-1.14869573198977,-4.16987133800903,-2.44936151279185,0.0191855878345017,0.0491534579409157,-3.15500233196069,"ENSSSCT00000077829.2","ENSSSCG00000043205",NA,"ENSSSCG00000043205","Significant"
"ENSSSCT00000048649.3",-2.16013269492697,-1.54731369753825,-2.49807459817721,0.0170764419132855,0.0445372619903016,-3.15612639233396,"ENSSSCT00000048649.3","ENSSSCG00000010180","TTC13","TTC13","Significant"
"ENSSSCT00000101650.1",1.14608218572553,-2.62744488886007,2.46156215530323,0.0186361616884965,0.0479303790874608,-3.157682094697,"ENSSSCT00000101650.1","ENSSSCG00000061465",NA,"ENSSSCG00000061465","Significant"
"ENSSSCT00000026427.4",1.71117223763079,-1.55349754862137,2.47957529698921,0.0178511486844295,0.0462249902078579,-3.15812557198263,"ENSSSCT00000026427.4","ENSSSCG00000029902","TOP6BL","TOP6BL","Significant"
"ENSSSCT00000072340.2",-1.1691299373696,-3.98030178857928,-2.44777013137035,0.019258328155927,0.0493010781403772,-3.15816717537793,"ENSSSCT00000072340.2","ENSSSCG00000029805","RHOBTB3","RHOBTB3","Significant"
"ENSSSCT00000098191.1",-1.42048662139056,-3.42678188063264,-2.45938772667148,0.0187330203763182,0.0481642927489535,-3.16162260792315,"ENSSSCT00000098191.1","ENSSSCG00000035820","TXNDC17","TXNDC17","Significant"
"ENSSSCT00000042290.3",1.03109095755017,5.29398822451755,3.0305596737474,0.00444559542748118,0.0143637095746305,-3.16180657797215,"ENSSSCT00000042290.3","ENSSSCG00000020906","GHSR","GHSR","Significant"
"ENSSSCT00000041373.3",-1.19959438324063,1.33935697877632,-2.65698199022521,0.0115841996303701,0.0322427219351704,-3.16256122218117,"ENSSSCT00000041373.3","ENSSSCG00000009713","CLCN3","CLCN3","Significant"
"ENSSSCT00000095456.1",2.67530567238966,-3.00316083539856,2.44992959952454,0.0191596818028205,0.0490948023812605,-3.16406674829744,"ENSSSCT00000095456.1","ENSSSCG00000013094","DDB1","DDB1","Significant"
"ENSSSCT00000064121.3",1.08500017854877,-2.6801756564598,2.45086601460904,0.0191170486277876,0.0490125228796404,-3.16568337237197,"ENSSSCT00000064121.3","ENSSSCG00000009181","C4orf17","C4orf17","Significant"
"ENSSSCT00000059124.3",-1.42357469113701,0.517409884859319,-2.57938609148541,0.0140225583963845,0.0378250594817342,-3.16795035790706,"ENSSSCT00000059124.3","ENSSSCG00000011474","PXK","PXK","Significant"
"ENSSSCT00000107654.1",2.0187893380017,-3.84902667091852,2.44785442431924,0.0192544689332432,0.0492986862906472,-3.16799952625392,"ENSSSCT00000107654.1","ENSSSCG00000001391","CCHCR1","CCHCR1","Significant"
"ENSSSCT00000011127.4",1.3370357530111,-0.793817849235428,2.49822242519827,0.0170703768371417,0.0445250053118533,-3.16832310872081,"ENSSSCT00000011127.4","ENSSSCG00000010162","SLC35F3","SLC35F3","Significant"
"ENSSSCT00000068100.2",-1.21989542947069,-2.43531565396776,-2.45417251655187,0.0189671995473545,0.0486857639774797,-3.17135056821927,"ENSSSCT00000068100.2","ENSSSCG00000043491",NA,"ENSSSCG00000043491","Significant"
"ENSSSCT00000014548.5",1.21227121143979,-2.29669263155004,2.45215373681761,0.019058562072273,0.0488933321114478,-3.17244088785853,"ENSSSCT00000014548.5","ENSSSCG00000013322","IMMP1L","IMMP1L","Significant"
"ENSSSCT00000058437.2",2.13537749247197,-0.383845660708,2.50647839117189,0.0167347562462278,0.0438002723490417,-3.1763612967248,"ENSSSCT00000058437.2","ENSSSCG00000002996","RAB4B","RAB4B","Significant"
"ENSSSCT00000043837.3",1.78371515518869,-2.18444145592045,2.46559501945897,0.0184577264550391,0.0475389614772174,-3.17769935230374,"ENSSSCT00000043837.3","ENSSSCG00000027565","ARHGAP45","ARHGAP45","Significant"
"ENSSSCT00000056300.1",-1.0208564738478,0.438560072625212,-2.58590143224566,0.0138009735908939,0.0373199753634823,-3.1793003402775,"ENSSSCT00000056300.1","ENSSSCG00000035016",NA,"ENSSSCG00000035016","Significant"
"ENSSSCT00000011996.4",-1.61207484546948,-0.908423639712912,-2.48969981421039,0.0174232746034463,0.0452896791174968,-3.18172826029151,"ENSSSCT00000011996.4","ENSSSCG00000010959","NTRK2","NTRK2","Significant"
"ENSSSCT00000084220.3",-1.53337536441691,5.3789542103933,-2.95337404725778,0.00544489959357266,0.0170419032685843,-3.18308026399916,"ENSSSCT00000084220.3","ENSSSCG00000000039","POLDIP3","POLDIP3","Significant"
"ENSSSCT00000107765.1",-1.5740363137536,-0.808485287717374,-2.48253832851022,0.0177249460166187,0.0459565916442017,-3.18353896496192,"ENSSSCT00000107765.1","ENSSSCG00000025892",NA,"ENSSSCG00000025892","Significant"
"ENSSSCT00000042165.3",1.37306201904419,-1.65725170625359,2.47418127768473,0.0180829984807729,0.0467127131738362,-3.1844632073786,"ENSSSCT00000042165.3","ENSSSCG00000000584","SLCO1A2","SLCO1A2","Significant"
"ENSSSCT00000080578.1",-1.02850574641302,7.7069847485261,-3.12504218458082,0.00345731178608057,0.0116029020559311,-3.18504823861932,"ENSSSCT00000080578.1","ENSSSCG00000017204","ITGB4","ITGB4","Significant"
"ENSSSCT00000025077.4",1.87324045359111,1.09439351577967,2.61832544698337,0.0127453508549126,0.0349553683776557,-3.18574833606485,"ENSSSCT00000025077.4","ENSSSCG00000011236","CLASP2","CLASP2","Significant"
"ENSSSCT00000101002.1",2.37591483587763,-2.15228726397108,2.45087509054311,0.0191166358406561,0.0490125228796404,-3.1865603089961,"ENSSSCT00000101002.1","ENSSSCG00000012077","MX1","MX1","Significant"
"ENSSSCT00000086767.2",1.89835741763258,-1.9592820723517,2.49530094853396,0.0171906051962834,0.0447915257794994,-3.18743257049068,"ENSSSCT00000086767.2","ENSSSCG00000010826","MTARC2","MTARC2","Significant"
"ENSSSCT00000046804.3",1.20024759912086,-2.54498530809347,2.44130919971517,0.0195562340524989,0.0499578042033749,-3.18758291918883,"ENSSSCT00000046804.3","ENSSSCG00000040582",NA,"ENSSSCG00000040582","Significant"
"ENSSSCT00000087739.2",1.79174473690702,0.966558465415641,2.58969395781645,0.0136734772464977,0.037052032259376,-3.1934055693292,"ENSSSCT00000087739.2","ENSSSCG00000050540",NA,"ENSSSCG00000050540","Significant"
"ENSSSCT00000107799.1",-1.48014948800663,-0.0655939614426214,-2.53074265856898,0.015782974266864,0.041710958336454,-3.19503010230762,"ENSSSCT00000107799.1","ENSSSCG00000001433","PPT2","PPT2","Significant"
"ENSSSCT00000093666.1",-1.19617871856499,2.10457700305348,-2.70715701826064,0.0102226579994245,0.0290040452590336,-3.19713960033508,"ENSSSCT00000093666.1","ENSSSCG00000006648","CTSS","CTSS","Significant"
"ENSSSCT00000031044.4",1.77923998437959,1.02733120570724,2.5593913702779,0.014723133127481,0.0393921740102076,-3.20026053784852,"ENSSSCT00000031044.4","ENSSSCG00000015949","SLC25A12","SLC25A12","Significant"
"ENSSSCT00000102490.1",1.88713167521931,0.383679971154051,2.58899380078303,0.013696933183088,0.0370940119197111,-3.20108678545113,"ENSSSCT00000102490.1","ENSSSCG00000062444","ACAD8","ACAD8","Significant"
"ENSSSCT00000075480.1",-1.37913762026605,2.84334620840896,-2.75949128693793,0.00896164737491514,0.025955898641888,-3.20299203059613,"ENSSSCT00000075480.1","ENSSSCG00000010606","SLK","SLK","Significant"
"ENSSSCT00000092928.1",1.22775253295888,-0.360659928581583,2.47689354795201,0.0179660766942253,0.0464783165229666,-3.20395933187959,"ENSSSCT00000092928.1","ENSSSCG00000011589","IFT122","IFT122","Significant"
"ENSSSCT00000070672.2",1.71497723918765,-0.928059057055368,2.48015958691477,0.0178261976927505,0.04618605765849,-3.20558193594867,"ENSSSCT00000070672.2","ENSSSCG00000017498","PPP1R1B","PPP1R1B","Significant"
"ENSSSCT00000070344.2",2.53623145681696,-2.96216959672118,2.44686522353024,0.0192998023084816,0.0493917389690528,-3.2064230894263,"ENSSSCT00000070344.2","ENSSSCG00000003909","PIK3R3","PIK3R3","Significant"
"ENSSSCT00000064425.2",-1.301674366724,2.25798580935503,-2.65364718265977,0.0116803813402701,0.0324605483479514,-3.20659979659719,"ENSSSCT00000064425.2","ENSSSCG00000038987","CCDC59","CCDC59","Significant"
"ENSSSCT00000040860.3",-1.97021352566354,1.37655049656409,-2.57246181795104,0.0142616294748657,0.038352537726701,-3.2066347260615,"ENSSSCT00000040860.3","ENSSSCG00000028132","NAA20","NAA20","Significant"
"ENSSSCT00000002031.5",1.93391860339651,-3.07097343325041,2.45060686048215,0.0191288387696303,0.0490311839029109,-3.20897610923517,"ENSSSCT00000002031.5","ENSSSCG00000001810","PDE8A","PDE8A","Significant"
"ENSSSCT00000082241.2",-1.41928598676721,0.209047445972799,-2.61348179932643,0.012898171889284,0.0353232655156233,-3.21429321822085,"ENSSSCT00000082241.2","ENSSSCG00000006418",NA,"ENSSSCG00000006418","Significant"
"ENSSSCT00000097759.1",1.27088938360991,1.73325831439609,2.6033260989907,0.0132240842856507,0.0360530181494568,-3.21433252794446,"ENSSSCT00000097759.1","ENSSSCG00000053702","FAM131A","FAM131A","Significant"
"ENSSSCT00000075015.1",-1.2224180744833,1.36635601712701,-2.63102391693175,0.0123525874852023,0.0340298912013127,-3.214761774217,"ENSSSCT00000075015.1","ENSSSCG00000000039","POLDIP3","POLDIP3","Significant"
"ENSSSCT00000094356.1",1.403607612989,-0.93073682727743,2.48244944163003,0.0177287200531452,0.0459627217408355,-3.21561320307462,"ENSSSCT00000094356.1","ENSSSCG00000033388",NA,"ENSSSCG00000033388","Significant"
"ENSSSCT00000075971.2",-1.97596181439068,0.904665578678309,-2.58958244324611,0.0136772106183503,0.0370572445992055,-3.21831957407526,"ENSSSCT00000075971.2","ENSSSCG00000008901","PAICS","PAICS","Significant"
"ENSSSCT00000040474.2",1.14875417222781,1.52664052430091,2.60183575471362,0.0132725444264529,0.0361579243382413,-3.22351250120394,"ENSSSCT00000040474.2","ENSSSCG00000021041","PM20D1","PM20D1","Significant"
"ENSSSCT00000068039.2",-2.10753182524902,1.30340171339717,-2.57766441976348,0.0140816554162949,0.0379467966933532,-3.22949269703161,"ENSSSCT00000068039.2","ENSSSCG00000029756","ADGRG2","ADGRG2","Significant"
"ENSSSCT00000059544.4",1.26206353381148,1.95274373390041,2.68640029316481,0.0107668745902122,0.030332945574983,-3.23840212860192,"ENSSSCT00000059544.4","ENSSSCG00000001402","NFKBIL1","NFKBIL1","Significant"
"ENSSSCT00000027433.4",-1.15367021301628,1.21343456585681,-2.61892743907236,0.012726474474538,0.034909471122988,-3.23864536126842,"ENSSSCT00000027433.4","ENSSSCG00000002372","YLPM1","YLPM1","Significant"
"ENSSSCT00000032409.4",-1.47168984550386,3.69017121616462,-2.7771186676658,0.00857054283386067,0.0249583760767411,-3.24315765413352,"ENSSSCT00000032409.4","ENSSSCG00000026230","SRP19","SRP19","Significant"
"ENSSSCT00000009461.6",1.42208324164862,3.87592862085879,2.82674976029435,0.0075530290686057,0.0224422637157405,-3.24624887623072,"ENSSSCT00000009461.6","ENSSSCG00000008648","RSAD2","RSAD2","Significant"
"ENSSSCT00000072265.2",1.28839641552826,1.34154030562735,2.60445949352264,0.0131873397919352,0.0359703301087796,-3.25419938567424,"ENSSSCT00000072265.2","ENSSSCG00000003913","MAST2","MAST2","Significant"
"ENSSSCT00000009152.5",-1.98197972550989,2.57878027588327,-2.5987890046158,0.0133721215733991,0.0363835977450642,-3.25695244121186,"ENSSSCT00000009152.5","ENSSSCG00000008358","ACTR2","ACTR2","Significant"
"ENSSSCT00000102900.1",-2.03276481190013,0.778738754645924,-2.53957810254114,0.0154488878362474,0.041030917156485,-3.26538466725637,"ENSSSCT00000102900.1","ENSSSCG00000027293","TNPO1","TNPO1","Significant"
"ENSSSCT00000008090.5",1.05116279934649,3.46981767882196,2.79092497373978,0.00827537162122618,0.0242242966725138,-3.26728885994623,"ENSSSCT00000008090.5","ENSSSCG00000007391","MATN4","MATN4","Significant"
"ENSSSCT00000046214.2",1.39272785397969,-0.617034044565566,2.4591585497575,0.0187432555857748,0.0481830091554523,-3.27991030234388,"ENSSSCT00000046214.2","ENSSSCG00000023596",NA,"ENSSSCG00000023596","Significant"
"ENSSSCT00000063936.2",-1.54550788519651,-0.910420307806818,-2.45035333897621,0.0191403790582234,0.0490530513138118,-3.28160149208069,"ENSSSCT00000063936.2","ENSSSCG00000021106","GRIPAP1","GRIPAP1","Significant"
"ENSSSCT00000076705.2",-1.67695119008328,0.436594665593502,-2.51705754662582,0.0163135088813884,0.0428594394495398,-3.28447555717599,"ENSSSCT00000076705.2","ENSSSCG00000014568","DENND2B","DENND2B","Significant"
"ENSSSCT00000066896.2",-1.46665347568844,1.05084939468334,-2.57227725454714,0.0142680527149198,0.0383666466570923,-3.28466638344659,"ENSSSCT00000066896.2","ENSSSCG00000050540",NA,"ENSSSCG00000050540","Significant"
"ENSSSCT00000040247.3",-1.23910308217125,-0.280308006144018,-2.48947887386063,0.0174325110442511,0.0453064639367686,-3.29222632086471,"ENSSSCT00000040247.3","ENSSSCG00000005518",NA,"ENSSSCG00000005518","Significant"
"ENSSSCT00000038596.2",-2.50282531682839,-0.523482566853371,-2.45100596457083,0.0191106843945727,0.0490077673431374,-3.29291264591895,"ENSSSCT00000038596.2","ENSSSCG00000016147","PIKFYVE","PIKFYVE","Significant"
"ENSSSCT00000081646.1",1.0255212105508,0.436183581129147,2.49443055435563,0.0172265739643925,0.044860640378199,-3.30016643580256,"ENSSSCT00000081646.1","ENSSSCG00000004466","TTK","TTK","Significant"
"ENSSSCT00000078629.1",1.800742863311,0.934695119741824,2.55025659508943,0.0150537626104539,0.0401318786714015,-3.30346429728083,"ENSSSCT00000078629.1","ENSSSCG00000009018","SH3D19","SH3D19","Significant"
"ENSSSCT00000043165.3",1.6422417793854,1.12901281243902,2.5606547961324,0.01467793196681,0.0393045979524189,-3.30738821151659,"ENSSSCT00000043165.3","ENSSSCG00000034630","ABI2","ABI2","Significant"
"ENSSSCT00000102837.1",1.7844279627807,0.466922918302417,2.50091433093224,0.0169602763136064,0.04429097708681,-3.31146398553693,"ENSSSCT00000102837.1","ENSSSCG00000063011",NA,"ENSSSCG00000063011","Significant"
"ENSSSCT00000032237.4",-1.68548866831567,-0.493236992953161,-2.44615639977375,0.0193323461681725,0.0494672590226884,-3.31352742519964,"ENSSSCT00000032237.4","ENSSSCG00000026110","SRPK2","SRPK2","Significant"
"ENSSSCT00000042238.3",1.7310002624496,1.97694321556991,2.62540630517081,0.012524943513593,0.0344435946623809,-3.31375460362139,"ENSSSCT00000042238.3","ENSSSCG00000000534","IPO8","IPO8","Significant"
"ENSSSCT00000063080.2",-1.57557463392907,1.58326199976988,-2.57678906817272,0.0141117898280313,0.0380122930893204,-3.31667852770198,"ENSSSCT00000063080.2","ENSSSCG00000002457","ITPK1","ITPK1","Significant"
"ENSSSCT00000009091.5",-1.41944744944735,2.21104289554189,-2.63040222364152,0.0123715537205,0.0340735037593496,-3.32946916195463,"ENSSSCT00000009091.5","ENSSSCG00000008300","STAMBP","STAMBP","Significant"
"ENSSSCT00000057721.2",-2.50839656740955,0.0857955081721765,-2.47258697985568,0.0181520494571357,0.0468516007362613,-3.33500270515993,"ENSSSCT00000057721.2","ENSSSCG00000039426","FSTL1","FSTL1","Significant"
"ENSSSCT00000018852.5",-2.19214094493055,-0.946311525135462,-2.44559552300254,0.0193581327770258,0.0495176966155773,-3.33663891942507,"ENSSSCT00000018852.5","ENSSSCG00000017316","NSF","NSF","Significant"
"ENSSSCT00000069150.2",1.22533867253211,1.71785273800353,2.60842514282804,0.0130595122347839,0.0356879001678731,-3.33751917093541,"ENSSSCT00000069150.2","ENSSSCG00000011296","ANO10","ANO10","Significant"
"ENSSSCT00000024522.4",1.19141611269871,2.24764338694925,2.60693322594718,0.0131074678224423,0.0357949477245086,-3.3380458928096,"ENSSSCT00000024522.4","ENSSSCG00000009676","ZNF395","ZNF395","Significant"
"ENSSSCT00000077072.2",-1.16533842301834,2.04642771999179,-2.59313078585226,0.0135588747846049,0.0367995965601647,-3.34592971517688,"ENSSSCT00000077072.2","ENSSSCG00000003090",NA,"ENSSSCG00000003090","Significant"
"ENSSSCT00000017456.5",-1.19224790257596,1.52451343555828,-2.60830765648477,0.013063282803325,0.0356952122460283,-3.34922002603392,"ENSSSCT00000017456.5","ENSSSCG00000016031","CALCRL","CALCRL","Significant"
"ENSSSCT00000075663.2",-1.70618311400958,2.59227009685839,-2.56621416966148,0.014480544849643,0.0388419320672777,-3.35165088174074,"ENSSSCT00000075663.2","ENSSSCG00000005656",NA,"ENSSSCG00000005656","Significant"
"ENSSSCT00000042731.2",1.09758666401589,2.06309549425627,2.64928158371588,0.0118074073325293,0.0327549313936685,-3.35847447758727,"ENSSSCT00000042731.2","ENSSSCG00000028979","UVRAG","UVRAG","Significant"
"ENSSSCT00000104014.1",1.18456162907569,0.689900718025117,2.4629064801396,0.0185765078534719,0.0478086760500817,-3.36507996608174,"ENSSSCT00000104014.1","ENSSSCG00000006604","CRNN","CRNN","Significant"
"ENSSSCT00000018828.4",-1.23838657637092,1.38416983641386,-2.53059755096123,0.0157885158766453,0.0417188403956678,-3.37399829950963,"ENSSSCT00000018828.4","ENSSSCG00000017296","ACE","ACE","Significant"
"ENSSSCT00000004436.5",-1.52399988454105,3.42898936516651,-2.69664117302672,0.0104951046256216,0.029672423795852,-3.37539542190943,"ENSSSCT00000004436.5","ENSSSCG00000004012","THBS2","THBS2","Significant"
"ENSSSCT00000019464.5",1.28867570466046,0.553326842267676,2.47861833477706,0.0178920827385643,0.0463199512155113,-3.37746951676553,"ENSSSCT00000019464.5","ENSSSCG00000017886","FBXO39","FBXO39","Significant"
"ENSSSCT00000076616.2",-1.23322575033339,2.53130471840453,-2.62571264143298,0.0125154878555105,0.0344233985187334,-3.37881446509345,"ENSSSCT00000076616.2","ENSSSCG00000031630","DPH7","DPH7","Significant"
"ENSSSCT00000100938.1",1.40541478744648,1.20552161675174,2.53485846353488,0.0156265326798415,0.0414015497719449,-3.3910080841386,"ENSSSCT00000100938.1","ENSSSCG00000034976",NA,"ENSSSCG00000034976","Significant"
"ENSSSCT00000004271.5",-1.68550224769382,1.79521961256414,-2.59087182662931,0.0136341008012472,0.0369576174363039,-3.39752763856032,"ENSSSCT00000004271.5","ENSSSCG00000003859","TUT4","TUT4","Significant"
"ENSSSCT00000017676.4",-1.07681673117959,0.188414312616027,-2.46617635533556,0.0184321338041808,0.0474842991902269,-3.39823496974426,"ENSSSCT00000017676.4","ENSSSCG00000016233","SERPINE2","SERPINE2","Significant"
"ENSSSCT00000078505.2",1.08313628088141,1.03896063954722,2.48673972035997,0.0175473934002942,0.0455578288280929,-3.39904625171146,"ENSSSCT00000078505.2","ENSSSCG00000050184",NA,"ENSSSCG00000050184","Significant"
"ENSSSCT00000011231.5",-2.26335886995801,0.754908202985075,-2.47138624608124,0.0182042132535144,0.0469713650615372,-3.4015267350133,"ENSSSCT00000011231.5","ENSSSCG00000010261","PPA1","PPA1","Significant"
"ENSSSCT00000023699.4",-1.4269588516034,2.68093943451709,-2.64531321978084,0.0119239800491016,0.0330193176083665,-3.40718011109918,"ENSSSCT00000023699.4","ENSSSCG00000023807","ACO1","ACO1","Significant"
"ENSSSCT00000107298.1",1.61353944830448,2.45597468484015,2.59628068791082,0.0134546163382881,0.0365822837582279,-3.40810828962395,"ENSSSCT00000107298.1","ENSSSCG00000024259","PPP1R11","PPP1R11","Significant"
"ENSSSCT00000016205.4",1.39596660716226,0.100714990554296,2.47316598341155,0.0181269443674147,0.0467944390965611,-3.41617065901864,"ENSSSCT00000016205.4","ENSSSCG00000014853","GDPD5","GDPD5","Significant"
"ENSSSCT00000071564.2",-2.23162351290674,0.84453360652856,-2.48021906905163,0.0178236594054897,0.0461831511767135,-3.43986825832504,"ENSSSCT00000071564.2","ENSSSCG00000030415","DPP3","DPP3","Significant"
"ENSSSCT00000068635.1",-1.31759169831395,3.18085705240263,-2.65410187127164,0.0116672240497747,0.0324278062872967,-3.44222921945296,"ENSSSCT00000068635.1","ENSSSCG00000006871","SLC35A3","SLC35A3","Significant"
"ENSSSCT00000044940.3",-1.43362464515693,0.561983180335923,-2.44535968188397,0.0193689850374904,0.0495376834140521,-3.46222619651029,"ENSSSCT00000044940.3","ENSSSCG00000013857","EPS15L1","EPS15L1","Significant"
"ENSSSCT00000039054.3",-1.14490558299774,1.74217480492381,-2.58529003977462,0.0138216292291455,0.0373634358168527,-3.47416121872455,"ENSSSCT00000039054.3","ENSSSCG00000004962","CORO2B","CORO2B","Significant"
"ENSSSCT00000009460.4",1.01599189083268,4.40319705896306,2.83268027860151,0.0074392825523226,0.0221608376734515,-3.4829420176981,"ENSSSCT00000009460.4","ENSSSCG00000008647","CMPK2","CMPK2","Significant"
"ENSSSCT00000049402.3",-1.11587615731245,2.015241398661,-2.56164512622881,0.0146425903042529,0.0392281852325277,-3.48308489885962,"ENSSSCT00000049402.3","ENSSSCG00000015013","RDX","RDX","Significant"
"ENSSSCT00000060396.3",-1.62530868363312,1.76156352404333,-2.51821028746347,0.0162681990159749,0.0427576268211886,-3.48765046199342,"ENSSSCT00000060396.3","ENSSSCG00000023445","AVL9","AVL9","Significant"
"ENSSSCT00000084330.1",-1.66070784515689,0.764550575298727,-2.49750974879485,0.0170996347940776,0.0445906176778458,-3.4901766145186,"ENSSSCT00000084330.1","ENSSSCG00000000274","PCBP2","PCBP2","Significant"
"ENSSSCT00000043288.3",-1.59767444540808,1.47155230260851,-2.47324476189257,0.0181235310479905,0.0467928101273902,-3.49051819090558,"ENSSSCT00000043288.3","ENSSSCG00000029380","ZFP2","ZFP2","Significant"
"ENSSSCT00000056841.3",-1.47423054135666,2.560113586537,-2.57798800138414,0.0140705309295507,0.0379262227535607,-3.49406609001071,"ENSSSCT00000056841.3","ENSSSCG00000007606","TRRAP","TRRAP","Significant"
"ENSSSCT00000103342.1",-1.16843156754973,1.18912820194346,-2.47640022333513,0.017987291743248,0.0465184151659283,-3.51110806646128,"ENSSSCT00000103342.1","ENSSSCG00000008358","ACTR2","ACTR2","Significant"
"ENSSSCT00000040156.3",-1.64134915930006,1.32078849198826,-2.47142475605782,0.0182025381361564,0.0469707600626231,-3.51205887092802,"ENSSSCT00000040156.3","ENSSSCG00000008068","IARS1","IARS1","Significant"
"ENSSSCT00000063183.3",1.54369505527194,2.97770887176623,2.67496861659544,0.0110779280662706,0.0310696573481882,-3.51780761323265,"ENSSSCT00000063183.3","ENSSSCG00000011524","CHL1","CHL1","Significant"
"ENSSSCT00000037091.3",-1.61933952296912,1.25653163973106,-2.49453972991702,0.017222058552877,0.0448524640193308,-3.53850993322246,"ENSSSCT00000037091.3","ENSSSCG00000027765","TOGARAM1","TOGARAM1","Significant"
"ENSSSCT00000064553.3",-1.02554771846463,1.98398506272745,-2.60490962170503,0.0131727727824825,0.035942156716804,-3.53863063322387,"ENSSSCT00000064553.3","ENSSSCG00000032947","SRRM1","SRRM1","Significant"
"ENSSSCT00000070012.1",-1.16029989940496,2.09593867740228,-2.53375991309549,0.0156681490374966,0.0414713696394333,-3.54457854278967,"ENSSSCT00000070012.1","ENSSSCG00000029230","ECM1","ECM1","Significant"
"ENSSSCT00000039931.3",-1.50683171765723,2.54614062638042,-2.51384452416296,0.0164404103749558,0.0431476406556435,-3.58359842509258,"ENSSSCT00000039931.3","ENSSSCG00000053466","CIRBP","CIRBP","Significant"
"ENSSSCT00000068598.2",-1.29754778053935,2.14857599129166,-2.50128776521819,0.0169450539671444,0.044258314471263,-3.63100567289696,"ENSSSCT00000068598.2","ENSSSCG00000028973","PHACTR4","PHACTR4","Significant"
"ENSSSCT00000050160.3",-1.07031605047468,2.57443415946087,-2.51171207175202,0.0165251312818373,0.0433211691173936,-3.6582392265273,"ENSSSCT00000050160.3","ENSSSCG00000003761","ADGRL2","ADGRL2","Significant"
"ENSSSCT00000038656.3",1.63044725619506,2.82510394619554,2.46628750411056,0.0184272442883714,0.0474754541902853,-3.65856185351466,"ENSSSCT00000038656.3","ENSSSCG00000037670","TMEM164","TMEM164","Significant"
"ENSSSCT00000105151.1",1.5407499094878,2.11649686092363,2.50599550048863,0.0167542194317157,0.0438406557264573,-3.6852374127963,"ENSSSCT00000105151.1","ENSSSCG00000014672","TRIM34","TRIM34","Significant"
"ENSSSCT00000017550.5",-1.52091628560262,2.28857430727279,-2.46993521031078,0.0182674332613868,0.047108391525291,-3.68926634203538,"ENSSSCT00000017550.5","ENSSSCG00000016119",NA,"ENSSSCG00000016119","Significant"
"ENSSSCT00000044659.2",-1.04568473769214,4.11663123125472,-2.68234827156857,0.0108761929026539,0.0305933390905123,-3.69129652754717,"ENSSSCT00000044659.2","ENSSSCG00000011229","STT3B","STT3B","Significant"
"ENSSSCT00000049377.2",-1.1854970084216,2.35826326917268,-2.5088990475985,0.0166375013139259,0.0435807096359959,-3.6987255713446,"ENSSSCT00000049377.2","ENSSSCG00000035318","NUP58","NUP58","Significant"
"ENSSSCT00000107678.1",1.32200958081708,1.39333314702907,2.44679371528557,0.0193030831683174,0.0493962580346772,-3.71064317174089,"ENSSSCT00000107678.1","ENSSSCG00000001362","MDC1","MDC1","Significant"
"ENSSSCT00000017048.6",-1.659488480939,5.16185997802163,-2.74460176105929,0.00930486327953535,0.0267952448653922,-3.71617976099772,"ENSSSCT00000017048.6","ENSSSCG00000015657","PIGR","PIGR","Significant"
"ENSSSCT00000046783.2",1.08030406647367,7.43884612821049,2.90245080541661,0.00621591125993381,0.0190331723033401,-3.71991202187048,"ENSSSCT00000046783.2","ENSSSCG00000040575","ISG15","ISG15","Significant"
"ENSSSCT00000039531.3",1.31603335297263,1.86906564400231,2.44379512314197,0.0194411186278521,0.0496987793431465,-3.7362790261936,"ENSSSCT00000039531.3","ENSSSCG00000024429","SIDT1","SIDT1","Significant"
"ENSSSCT00000028225.4",-1.10479988930509,3.09644960822138,-2.53060041528397,0.0157884064719122,0.0417188403956678,-3.73702303542416,"ENSSSCT00000028225.4","ENSSSCG00000026004","MSRB3","MSRB3","Significant"
"ENSSSCT00000038999.2",1.23499819882087,3.59100212287786,2.51836139170451,0.0162622682216955,0.0427454847710544,-3.82632757482464,"ENSSSCT00000038999.2","ENSSSCG00000006232","RAB2A","RAB2A","Significant"
"ENSSSCT00000039815.3",-1.93459143197434,3.94524800222374,-2.55154683347397,0.0150066537300139,0.0400193798636816,-3.84339358329745,"ENSSSCT00000039815.3","ENSSSCG00000022227","BRD4","BRD4","Significant"
"ENSSSCT00000054442.2",-1.13458255233177,3.1834623677826,-2.47751105988096,0.0179395532148907,0.0464207296046266,-3.86814782507894,"ENSSSCT00000054442.2","ENSSSCG00000011070","MPP7","MPP7","Significant"
"ENSSSCT00000037675.3",1.02937679124568,4.54245991027924,2.64471808768686,0.0119415536568409,0.0330651732847254,-3.95203610830894,"ENSSSCT00000037675.3","ENSSSCG00000033453","BST2","BST2","Significant"
"ENSSSCT00000069076.2",1.05595084805171,5.86691399394503,2.49578489834936,0.0171706357946063,0.044754289667227,-4.41826446293183,"ENSSSCT00000069076.2","ENSSSCG00000002825",NA,"ENSSSCG00000002825","Significant"
